{
  "jobID" : "job_1572946766556_1045",
  "user" : "hadoop",
  "computonsPerMapInputByte" : -1,
  "computonsPerMapOutputByte" : -1,
  "computonsPerReduceInputByte" : -1,
  "computonsPerReduceOutputByte" : -1,
  "submitTime" : 1575687354388,
  "launchTime" : 1575687358204,
  "finishTime" : 1575688136223,
  "heapMegabytes" : -1,
  "totalMaps" : 2,
  "totalReduces" : 2,
  "outcome" : "SUCCESS",
  "jobtype" : "JAVA",
  "priority" : "NORMAL",
  "directDependantJobs" : [ ],
  "mapTasks" : [ {
    "inputBytes" : 13858263,
    "inputRecords" : 5885,
    "outputBytes" : 15296442956,
    "outputRecords" : 157234191,
    "taskID" : "task_1572946766556_1045_m_000000",
    "startTime" : 1575687358248,
    "finishTime" : 1575687907606,
    "taskType" : "MAP",
    "taskStatus" : "SUCCESS",
    "attempts" : [ {
      "attemptID" : "attempt_1572946766556_1045_m_000000_0",
      "result" : "SUCCESS",
      "startTime" : 1575687360424,
      "finishTime" : 1575687907606,
      "hostName" : "/default-rack/slave5",
      "hdfsBytesRead" : 13858263,
      "hdfsBytesWritten" : 0,
      "fileBytesRead" : 10183218062,
      "fileBytesWritten" : 15296442956,
      "mapInputRecords" : 5885,
      "mapInputBytes" : -1,
      "mapOutputBytes" : 4804377587,
      "mapOutputRecords" : 157234191,
      "combineInputRecords" : 0,
      "reduceInputGroups" : -1,
      "reduceInputRecords" : -1,
      "reduceShuffleBytes" : -1,
      "reduceOutputRecords" : -1,
      "spilledRecords" : 470012162,
      "shuffleFinished" : -1,
      "sortFinished" : -1,
      "location" : {
        "layers" : [ "default-rack", "slave5" ]
      },
      "clockSplits" : [ 17572, 10238, 139775, 35686, 110261, 18896, 9564, 20105, 42831, 47175, 44061, 51004 ],
      "cpuUsages" : [ 29842, 16482, 233155, 60376, 169498, 33480, 14945, 30996, 56949, 59090, 58349, 64478 ],
      "physMemKbytes" : [ 202379, 286525, 300603, 304730, 307018, 307893, 308130, 308210, 312324, 312515, 313002, 313406 ],
      "resourceUsageMetrics" : {
        "cumulativeCpuUsage" : 827640,
        "virtualMemoryUsage" : 2126082048,
        "physicalMemoryUsage" : 321372160,
        "heapUsage" : 209190912
      },
      "vmemKbytes" : [ 1499346, 2069431, 2069820, 2070075, 2070464, 2070675, 2070676, 2070701, 2075151, 2075224, 2075223, 2075225 ]
    }, {
      "attemptID" : "attempt_1572946766556_1045_m_000000_1",
      "result" : "KILLED",
      "startTime" : 1575687652779,
      "finishTime" : 1575687907638,
      "hostName" : "/default-rack/slave5",
      "hdfsBytesRead" : 7602332,
      "hdfsBytesWritten" : 0,
      "fileBytesRead" : 0,
      "fileBytesWritten" : 3395176949,
      "mapInputRecords" : 3665,
      "mapInputBytes" : -1,
      "mapOutputBytes" : 3218835140,
      "mapOutputRecords" : 106166425,
      "combineInputRecords" : 0,
      "reduceInputGroups" : -1,
      "reduceInputRecords" : -1,
      "reduceShuffleBytes" : -1,
      "reduceOutputRecords" : -1,
      "spilledRecords" : 105024299,
      "shuffleFinished" : -1,
      "sortFinished" : -1,
      "location" : {
        "layers" : [ "default-rack", "slave5" ]
      },
      "clockSplits" : [ 20368, 7275, 145691, 35682, 45016, 114, 114, 113, 114, 114, 114, 114 ],
      "cpuUsages" : [ 33907, 12231, 239555, 64188, 69759, 0, 0, 0, 0, 0, 0, 0 ],
      "physMemKbytes" : [ 203317, 285990, 300570, 305484, 304077, 303239, 303240, 303239, 303240, 303240, 303239, 303240 ],
      "resourceUsageMetrics" : {
        "cumulativeCpuUsage" : 419640,
        "virtualMemoryUsage" : 2124427264,
        "physicalMemoryUsage" : 310517760,
        "heapUsage" : 209190912
      },
      "vmemKbytes" : [ 1500192, 2070599, 2073482, 2074635, 2074636, 2074635, 2074636, 2074635, 2074636, 2074636, 2074635, 2074636 ]
    } ],
    "preferredLocations" : [ ]
  }, {
    "inputBytes" : 12405314,
    "inputRecords" : 5958,
    "outputBytes" : 8258857620,
    "outputRecords" : 81823829,
    "taskID" : "task_1572946766556_1045_m_000001",
    "startTime" : 1575687358249,
    "finishTime" : 1575687650877,
    "taskType" : "MAP",
    "taskStatus" : "SUCCESS",
    "attempts" : [ {
      "attemptID" : "attempt_1572946766556_1045_m_000001_0",
      "result" : "SUCCESS",
      "startTime" : 1575687360417,
      "finishTime" : 1575687650877,
      "hostName" : "/default-rack/slave5",
      "hdfsBytesRead" : 12405314,
      "hdfsBytesWritten" : 0,
      "fileBytesRead" : 5405519562,
      "fileBytesWritten" : 8258857620,
      "mapInputRecords" : 5958,
      "mapInputBytes" : -1,
      "mapOutputBytes" : 2692726170,
      "mapOutputRecords" : 81823829,
      "combineInputRecords" : 0,
      "reduceInputGroups" : -1,
      "reduceInputRecords" : -1,
      "reduceShuffleBytes" : -1,
      "reduceOutputRecords" : -1,
      "spilledRecords" : 237682790,
      "shuffleFinished" : -1,
      "sortFinished" : -1,
      "location" : {
        "layers" : [ "default-rack", "slave5" ]
      },
      "clockSplits" : [ 19813, 17032, 59267, 19298, 20635, 5582, 47794, 10110, 21726, 22737, 22043, 24389 ],
      "cpuUsages" : [ 32530, 28952, 96912, 29976, 36017, 8101, 74317, 15007, 29176, 28478, 27269, 30745 ],
      "physMemKbytes" : [ 166789, 277432, 296499, 300445, 300643, 301743, 301837, 302735, 312350, 313951, 312753, 311683 ],
      "resourceUsageMetrics" : {
        "cumulativeCpuUsage" : 437480,
        "virtualMemoryUsage" : 2128187392,
        "physicalMemoryUsage" : 324882432,
        "heapUsage" : 209190912
      },
      "vmemKbytes" : [ 1268279, 2069739, 2069740, 2069739, 2069740, 2069739, 2069740, 2070545, 2076966, 2077280, 2077279, 2077321 ]
    } ],
    "preferredLocations" : [ ]
  } ],
  "reduceTasks" : [ {
    "inputBytes" : 3987610327,
    "inputRecords" : 119529630,
    "outputBytes" : 2413073888,
    "outputRecords" : 101394168,
    "taskID" : "task_1572946766556_1045_r_000000",
    "startTime" : 1575687358250,
    "finishTime" : 1575688115584,
    "taskType" : "REDUCE",
    "taskStatus" : "SUCCESS",
    "attempts" : [ {
      "attemptID" : "attempt_1572946766556_1045_r_000000_0",
      "result" : "SUCCESS",
      "startTime" : 1575687653794,
      "finishTime" : 1575688115584,
      "hostName" : "/default-rack/slave5",
      "hdfsBytesRead" : 0,
      "hdfsBytesWritten" : 2413073888,
      "fileBytesRead" : 3987610327,
      "fileBytesWritten" : 3987734424,
      "mapInputRecords" : -1,
      "mapInputBytes" : -1,
      "mapOutputBytes" : -1,
      "mapOutputRecords" : -1,
      "combineInputRecords" : 0,
      "reduceInputGroups" : 101394168,
      "reduceInputRecords" : 119529630,
      "reduceShuffleBytes" : 3987610327,
      "reduceOutputRecords" : 101394168,
      "spilledRecords" : 119529630,
      "shuffleFinished" : 1575687910702,
      "sortFinished" : 1575687910726,
      "location" : {
        "layers" : [ "default-rack", "slave5" ]
      },
      "clockSplits" : [ 3934, 3934, 249082, 40, 41, 40, 41, 40, 51123, 50743, 51167, 51593 ],
      "cpuUsages" : [ 969, 970, 10097, 717, 716, 717, 716, 717, 92556, 87222, 88018, 90615 ],
      "physMemKbytes" : [ 42133, 126401, 149946, 155527, 161109, 166690, 172271, 177852, 221639, 225720, 231629, 235927 ],
      "resourceUsageMetrics" : {
        "cumulativeCpuUsage" : 374030,
        "virtualMemoryUsage" : 2134163456,
        "physicalMemoryUsage" : 242647040,
        "heapUsage" : 154664960
      },
      "vmemKbytes" : [ 518234, 1554704, 2073744, 2076025, 2078306, 2080587, 2082868, 2085149, 2084541, 2084144, 2084143, 2084144 ]
    } ],
    "preferredLocations" : [ ]
  }, {
    "inputBytes" : 3987609494,
    "inputRecords" : 119528390,
    "outputBytes" : 2413007568,
    "outputRecords" : 101390972,
    "taskID" : "task_1572946766556_1045_r_000001",
    "startTime" : 1575687358250,
    "finishTime" : 1575688136160,
    "taskType" : "REDUCE",
    "taskStatus" : "SUCCESS",
    "attempts" : [ {
      "attemptID" : "attempt_1572946766556_1045_r_000001_0",
      "result" : "SUCCESS",
      "startTime" : 1575687653801,
      "finishTime" : 1575688136160,
      "hostName" : "/default-rack/slave1",
      "hdfsBytesRead" : 0,
      "hdfsBytesWritten" : 2413007568,
      "fileBytesRead" : 3987609494,
      "fileBytesWritten" : 3987733591,
      "mapInputRecords" : -1,
      "mapInputBytes" : -1,
      "mapOutputBytes" : -1,
      "mapOutputRecords" : -1,
      "combineInputRecords" : 0,
      "reduceInputGroups" : 101390972,
      "reduceInputRecords" : 119528390,
      "reduceShuffleBytes" : 3987609494,
      "reduceOutputRecords" : 101390972,
      "spilledRecords" : 119528390,
      "shuffleFinished" : 1575687932151,
      "sortFinished" : 1575687932177,
      "location" : {
        "layers" : [ "default-rack", "slave1" ]
      },
      "clockSplits" : [ 15547, 1519, 261326, 37, 37, 37, 37, 36, 51914, 51214, 50101, 50453 ],
      "cpuUsages" : [ 6034, 195, 22774, 533, 533, 534, 533, 533, 96369, 92207, 91741, 88854 ],
      "physMemKbytes" : [ 164607, 164623, 148481, 152484, 156488, 160491, 164495, 168498, 218651, 222017, 228428, 232806 ],
      "resourceUsageMetrics" : {
        "cumulativeCpuUsage" : 401060,
        "virtualMemoryUsage" : 2140160000,
        "physicalMemoryUsage" : 240054272,
        "heapUsage" : 136839168
      },
      "vmemKbytes" : [ 2071450, 2071383, 2079673, 2080892, 2082113, 2083332, 2084553, 2085772, 2093113, 2087952, 2087951, 2087952 ]
    } ],
    "preferredLocations" : [ ]
  } ],
  "otherTasks" : [ ],
  "successfulMapAttemptCDFs" : [ {
    "numberValues" : 0,
    "minimum" : -9223372036854775808,
    "rankings" : [ ],
    "maximum" : 9223372036854775807
  }, {
    "numberValues" : 0,
    "minimum" : -9223372036854775808,
    "rankings" : [ ],
    "maximum" : 9223372036854775807
  }, {
    "numberValues" : 0,
    "minimum" : -9223372036854775808,
    "rankings" : [ ],
    "maximum" : 9223372036854775807
  }, {
    "numberValues" : 2,
    "minimum" : 290460,
    "rankings" : [ {
      "relativeRanking" : 0.05,
      "datum" : 290460
    }, {
      "relativeRanking" : 0.1,
      "datum" : 290460
    }, {
      "relativeRanking" : 0.15,
      "datum" : 290460
    }, {
      "relativeRanking" : 0.2,
      "datum" : 290460
    }, {
      "relativeRanking" : 0.25,
      "datum" : 290460
    }, {
      "relativeRanking" : 0.3,
      "datum" : 290460
    }, {
      "relativeRanking" : 0.35,
      "datum" : 290460
    }, {
      "relativeRanking" : 0.4,
      "datum" : 290460
    }, {
      "relativeRanking" : 0.45,
      "datum" : 290460
    }, {
      "relativeRanking" : 0.5,
      "datum" : 290460
    }, {
      "relativeRanking" : 0.55,
      "datum" : 290460
    }, {
      "relativeRanking" : 0.6,
      "datum" : 290460
    }, {
      "relativeRanking" : 0.65,
      "datum" : 290460
    }, {
      "relativeRanking" : 0.7,
      "datum" : 290460
    }, {
      "relativeRanking" : 0.75,
      "datum" : 290460
    }, {
      "relativeRanking" : 0.8,
      "datum" : 290460
    }, {
      "relativeRanking" : 0.85,
      "datum" : 290460
    }, {
      "relativeRanking" : 0.9,
      "datum" : 290460
    }, {
      "relativeRanking" : 0.95,
      "datum" : 290460
    } ],
    "maximum" : 547182
  } ],
  "failedMapAttemptCDFs" : [ {
    "numberValues" : 0,
    "minimum" : -9223372036854775808,
    "rankings" : [ ],
    "maximum" : 9223372036854775807
  }, {
    "numberValues" : 0,
    "minimum" : -9223372036854775808,
    "rankings" : [ ],
    "maximum" : 9223372036854775807
  }, {
    "numberValues" : 0,
    "minimum" : -9223372036854775808,
    "rankings" : [ ],
    "maximum" : 9223372036854775807
  }, {
    "numberValues" : 0,
    "minimum" : -9223372036854775808,
    "rankings" : [ ],
    "maximum" : 9223372036854775807
  } ],
  "successfulReduceAttemptCDF" : {
    "numberValues" : 2,
    "minimum" : 461790,
    "rankings" : [ {
      "relativeRanking" : 0.05,
      "datum" : 461790
    }, {
      "relativeRanking" : 0.1,
      "datum" : 461790
    }, {
      "relativeRanking" : 0.15,
      "datum" : 461790
    }, {
      "relativeRanking" : 0.2,
      "datum" : 461790
    }, {
      "relativeRanking" : 0.25,
      "datum" : 461790
    }, {
      "relativeRanking" : 0.3,
      "datum" : 461790
    }, {
      "relativeRanking" : 0.35,
      "datum" : 461790
    }, {
      "relativeRanking" : 0.4,
      "datum" : 461790
    }, {
      "relativeRanking" : 0.45,
      "datum" : 461790
    }, {
      "relativeRanking" : 0.5,
      "datum" : 461790
    }, {
      "relativeRanking" : 0.55,
      "datum" : 461790
    }, {
      "relativeRanking" : 0.6,
      "datum" : 461790
    }, {
      "relativeRanking" : 0.65,
      "datum" : 461790
    }, {
      "relativeRanking" : 0.7,
      "datum" : 461790
    }, {
      "relativeRanking" : 0.75,
      "datum" : 461790
    }, {
      "relativeRanking" : 0.8,
      "datum" : 461790
    }, {
      "relativeRanking" : 0.85,
      "datum" : 461790
    }, {
      "relativeRanking" : 0.9,
      "datum" : 461790
    }, {
      "relativeRanking" : 0.95,
      "datum" : 461790
    } ],
    "maximum" : 482359
  },
  "failedReduceAttemptCDF" : {
    "numberValues" : 0,
    "minimum" : -9223372036854775808,
    "rankings" : [ ],
    "maximum" : 9223372036854775807
  },
  "queue" : "default",
  "jobName" : "CAC_Count-[1575687191712-Similarity2-END]",
  "clusterMapMB" : -1,
  "clusterReduceMB" : -1,
  "jobMapMB" : -1,
  "jobReduceMB" : -1,
  "relativeTime" : 0,
  "mapperTriesToSucceed" : [ 1.0 ],
  "failedMapperFraction" : 0.0,
  "jobProperties" : { }
}