{
  "jobID" : "job_1572946766556_1044",
  "user" : "hadoop",
  "computonsPerMapInputByte" : -1,
  "computonsPerMapOutputByte" : -1,
  "computonsPerReduceInputByte" : -1,
  "computonsPerReduceOutputByte" : -1,
  "submitTime" : 1575687194856,
  "launchTime" : 1575687198363,
  "finishTime" : 1575687352407,
  "heapMegabytes" : -1,
  "totalMaps" : 2,
  "totalReduces" : 2,
  "outcome" : "SUCCESS",
  "jobtype" : "JAVA",
  "priority" : "NORMAL",
  "directDependantJobs" : [ ],
  "mapTasks" : [ {
    "inputBytes" : 7745257,
    "inputRecords" : 246569,
    "outputBytes" : 32289381,
    "outputRecords" : 934712,
    "taskID" : "task_1572946766556_1044_m_000000",
    "startTime" : 1575687198413,
    "finishTime" : 1575687270870,
    "taskType" : "MAP",
    "taskStatus" : "SUCCESS",
    "attempts" : [ {
      "attemptID" : "attempt_1572946766556_1044_m_000000_0",
      "result" : "SUCCESS",
      "startTime" : 1575687200570,
      "finishTime" : 1575687270870,
      "hostName" : "/default-rack/slave1",
      "hdfsBytesRead" : 7745257,
      "hdfsBytesWritten" : 0,
      "fileBytesRead" : 0,
      "fileBytesWritten" : 32289381,
      "mapInputRecords" : 246569,
      "mapInputBytes" : -1,
      "mapOutputBytes" : 30296128,
      "mapOutputRecords" : 934712,
      "combineInputRecords" : 0,
      "reduceInputGroups" : -1,
      "reduceInputRecords" : -1,
      "reduceShuffleBytes" : -1,
      "reduceOutputRecords" : -1,
      "spilledRecords" : 934712,
      "shuffleFinished" : -1,
      "sortFinished" : -1,
      "location" : {
        "layers" : [ "default-rack", "slave1" ]
      },
      "clockSplits" : [ 12273, 8443, 8214, 8235, 7703, 7578, 7786, 8280, 443, 444, 443, 444 ],
      "cpuUsages" : [ 131214, 119163, 101863, 100739, 95615, 90752, 88468, 94697, 4180, 4179, 4180, 4180 ],
      "physMemKbytes" : [ 253005, 358369, 360730, 361429, 373258, 373043, 372480, 366255, 363611, 359328, 355045, 350762 ],
      "resourceUsageMetrics" : {
        "cumulativeCpuUsage" : 839230,
        "virtualMemoryUsage" : 2122821632,
        "physicalMemoryUsage" : 356986880,
        "heapUsage" : 175112192
      },
      "vmemKbytes" : [ 1532340, 2073067, 2073068, 2073067, 2073068, 2073067, 2073068, 2073067, 2073068, 2073068, 2073067, 2073068 ]
    }, {
      "attemptID" : "attempt_1572946766556_1044_m_000000_1",
      "result" : "KILLED",
      "startTime" : 1575687216467,
      "finishTime" : 1575687270897,
      "hostName" : "/default-rack/slave1",
      "hdfsBytesRead" : 6029457,
      "hdfsBytesWritten" : 0,
      "fileBytesRead" : 0,
      "fileBytesWritten" : 123761,
      "mapInputRecords" : 193381,
      "mapInputBytes" : -1,
      "mapOutputBytes" : 23468329,
      "mapOutputRecords" : 723807,
      "combineInputRecords" : 0,
      "reduceInputGroups" : -1,
      "reduceInputRecords" : -1,
      "reduceShuffleBytes" : -1,
      "reduceOutputRecords" : -1,
      "spilledRecords" : 0,
      "shuffleFinished" : -1,
      "sortFinished" : -1,
      "location" : {
        "layers" : [ "default-rack", "slave1" ]
      },
      "clockSplits" : [ 11504, 8281, 7688, 7453, 7778, 7502, 2063, 427, 427, 427, 427, 427 ],
      "cpuUsages" : [ 116317, 99340, 84461, 88475, 93856, 85275, 21526, 0, 0, 0, 0, 0 ],
      "physMemKbytes" : [ 235905, 354951, 362389, 362771, 368562, 368532, 368609, 368611, 368612, 368612, 368611, 368612 ],
      "resourceUsageMetrics" : {
        "cumulativeCpuUsage" : 589250,
        "virtualMemoryUsage" : 2124468224,
        "physicalMemoryUsage" : 377458688,
        "heapUsage" : 193462272
      },
      "vmemKbytes" : [ 1451634, 2074675, 2074676, 2074675, 2074676, 2074675, 2074676, 2074675, 2074676, 2074676, 2074675, 2074676 ]
    } ],
    "preferredLocations" : [ ]
  }, {
    "inputBytes" : 1279951,
    "inputRecords" : 32202,
    "outputBytes" : 4613222,
    "outputRecords" : 203769,
    "taskID" : "task_1572946766556_1044_m_000001",
    "startTime" : 1575687198415,
    "finishTime" : 1575687214643,
    "taskType" : "MAP",
    "taskStatus" : "SUCCESS",
    "attempts" : [ {
      "attemptID" : "attempt_1572946766556_1044_m_000001_0",
      "result" : "SUCCESS",
      "startTime" : 1575687200577,
      "finishTime" : 1575687214643,
      "hostName" : "/default-rack/slave1",
      "hdfsBytesRead" : 1279951,
      "hdfsBytesWritten" : 0,
      "fileBytesRead" : 0,
      "fileBytesWritten" : 4613222,
      "mapInputRecords" : 32202,
      "mapInputBytes" : -1,
      "mapOutputBytes" : 4081855,
      "mapOutputRecords" : 203769,
      "combineInputRecords" : 0,
      "reduceInputGroups" : -1,
      "reduceInputRecords" : -1,
      "reduceShuffleBytes" : -1,
      "reduceOutputRecords" : -1,
      "spilledRecords" : 203769,
      "shuffleFinished" : -1,
      "sortFinished" : -1,
      "location" : {
        "layers" : [ "default-rack", "slave1" ]
      },
      "clockSplits" : [ 1740, 1741, 1741, 1740, 1641, 1504, 3331, 122, 122, 122, 122, 122 ],
      "cpuUsages" : [ 19879, 19879, 19880, 19879, 22255, 25509, 20311, 7120, 7119, 7120, 7119, 7120 ],
      "physMemKbytes" : [ 37182, 111547, 185912, 260277, 328362, 343952, 347502, 346695, 344293, 341891, 339488, 337085 ],
      "resourceUsageMetrics" : {
        "cumulativeCpuUsage" : 183190,
        "virtualMemoryUsage" : 2123890688,
        "physicalMemoryUsage" : 343945216,
        "heapUsage" : 193462272
      },
      "vmemKbytes" : [ 226524, 679573, 1132623, 1585672, 1998403, 2074111, 2074112, 2074111, 2074112, 2074112, 2074111, 2074112 ]
    } ],
    "preferredLocations" : [ ]
  } ],
  "reduceTasks" : [ {
    "inputBytes" : 19125688,
    "inputRecords" : 600639,
    "outputBytes" : 13858107,
    "outputRecords" : 5885,
    "taskID" : "task_1572946766556_1044_r_000000",
    "startTime" : 1575687198415,
    "finishTime" : 1575687352348,
    "taskType" : "REDUCE",
    "taskStatus" : "SUCCESS",
    "attempts" : [ {
      "attemptID" : "attempt_1572946766556_1044_r_000000_0",
      "result" : "SUCCESS",
      "startTime" : 1575687217499,
      "finishTime" : 1575687352348,
      "hostName" : "/default-rack/slave1",
      "hdfsBytesRead" : 0,
      "hdfsBytesWritten" : 13858107,
      "fileBytesRead" : 19125682,
      "fileBytesWritten" : 19249420,
      "mapInputRecords" : -1,
      "mapInputBytes" : -1,
      "mapOutputBytes" : -1,
      "mapOutputRecords" : -1,
      "combineInputRecords" : 0,
      "reduceInputGroups" : 5885,
      "reduceInputRecords" : 600639,
      "reduceShuffleBytes" : 19125688,
      "reduceOutputRecords" : 5885,
      "spilledRecords" : 600639,
      "shuffleFinished" : 1575687271861,
      "sortFinished" : 1575687272145,
      "location" : {
        "layers" : [ "default-rack", "slave1" ]
      },
      "clockSplits" : [ 4072, 4072, 46860, 357, 356, 357, 356, 357, 8360, 27938, 29819, 11934 ],
      "cpuUsages" : [ 329, 330, 4530, 1629, 1629, 1629, 1629, 1629, 34657, 118264, 121912, 44363 ],
      "physMemKbytes" : [ 40120, 120362, 169730, 179809, 189888, 199966, 210045, 220123, 236978, 252864, 262870, 263674 ],
      "resourceUsageMetrics" : {
        "cumulativeCpuUsage" : 332530,
        "virtualMemoryUsage" : 2134851584,
        "physicalMemoryUsage" : 269012992,
        "heapUsage" : 144703488
      },
      "vmemKbytes" : [ 518298, 1554896, 2074121, 2075973, 2077826, 2079677, 2081530, 2083382, 2084746, 2084816, 2084815, 2084816 ]
    } ],
    "preferredLocations" : [ ]
  }, {
    "inputBytes" : 17529281,
    "inputRecords" : 537842,
    "outputBytes" : 12405158,
    "outputRecords" : 5958,
    "taskID" : "task_1572946766556_1044_r_000001",
    "startTime" : 1575687198415,
    "finishTime" : 1575687336423,
    "taskType" : "REDUCE",
    "taskStatus" : "SUCCESS",
    "attempts" : [ {
      "attemptID" : "attempt_1572946766556_1044_r_000001_0",
      "result" : "SUCCESS",
      "startTime" : 1575687217500,
      "finishTime" : 1575687336423,
      "hostName" : "/default-rack/slave2",
      "hdfsBytesRead" : 0,
      "hdfsBytesWritten" : 12405158,
      "fileBytesRead" : 17529275,
      "fileBytesWritten" : 17653013,
      "mapInputRecords" : -1,
      "mapInputBytes" : -1,
      "mapOutputBytes" : -1,
      "mapOutputRecords" : -1,
      "combineInputRecords" : 0,
      "reduceInputGroups" : 5958,
      "reduceInputRecords" : 537842,
      "reduceShuffleBytes" : 17529281,
      "reduceOutputRecords" : 5958,
      "spilledRecords" : 537842,
      "shuffleFinished" : 1575687271808,
      "sortFinished" : 1575687272088,
      "location" : {
        "layers" : [ "default-rack", "slave2" ]
      },
      "clockSplits" : [ 3998, 3999, 46938, 323, 323, 324, 323, 323, 4771, 29398, 11489, 16702 ],
      "cpuUsages" : [ 244, 245, 3310, 1340, 1340, 1339, 1340, 1340, 13265, 84332, 29720, 45275 ],
      "physMemKbytes" : [ 41172, 123518, 177303, 187080, 196857, 206633, 216410, 226186, 237669, 253243, 260425, 261691 ],
      "resourceUsageMetrics" : {
        "cumulativeCpuUsage" : 183090,
        "virtualMemoryUsage" : 2130292736,
        "physicalMemoryUsage" : 268980224,
        "heapUsage" : 155189248
      },
      "vmemKbytes" : [ 518258, 1554776, 2073604, 2074743, 2075882, 2077021, 2078160, 2079299, 2080256, 2080364, 2080363, 2080364 ]
    } ],
    "preferredLocations" : [ ]
  } ],
  "otherTasks" : [ ],
  "successfulMapAttemptCDFs" : [ {
    "numberValues" : 0,
    "minimum" : -9223372036854775808,
    "rankings" : [ ],
    "maximum" : 9223372036854775807
  }, {
    "numberValues" : 0,
    "minimum" : -9223372036854775808,
    "rankings" : [ ],
    "maximum" : 9223372036854775807
  }, {
    "numberValues" : 0,
    "minimum" : -9223372036854775808,
    "rankings" : [ ],
    "maximum" : 9223372036854775807
  }, {
    "numberValues" : 2,
    "minimum" : 14066,
    "rankings" : [ {
      "relativeRanking" : 0.05,
      "datum" : 14066
    }, {
      "relativeRanking" : 0.1,
      "datum" : 14066
    }, {
      "relativeRanking" : 0.15,
      "datum" : 14066
    }, {
      "relativeRanking" : 0.2,
      "datum" : 14066
    }, {
      "relativeRanking" : 0.25,
      "datum" : 14066
    }, {
      "relativeRanking" : 0.3,
      "datum" : 14066
    }, {
      "relativeRanking" : 0.35,
      "datum" : 14066
    }, {
      "relativeRanking" : 0.4,
      "datum" : 14066
    }, {
      "relativeRanking" : 0.45,
      "datum" : 14066
    }, {
      "relativeRanking" : 0.5,
      "datum" : 14066
    }, {
      "relativeRanking" : 0.55,
      "datum" : 14066
    }, {
      "relativeRanking" : 0.6,
      "datum" : 14066
    }, {
      "relativeRanking" : 0.65,
      "datum" : 14066
    }, {
      "relativeRanking" : 0.7,
      "datum" : 14066
    }, {
      "relativeRanking" : 0.75,
      "datum" : 14066
    }, {
      "relativeRanking" : 0.8,
      "datum" : 14066
    }, {
      "relativeRanking" : 0.85,
      "datum" : 14066
    }, {
      "relativeRanking" : 0.9,
      "datum" : 14066
    }, {
      "relativeRanking" : 0.95,
      "datum" : 14066
    } ],
    "maximum" : 70300
  } ],
  "failedMapAttemptCDFs" : [ {
    "numberValues" : 0,
    "minimum" : -9223372036854775808,
    "rankings" : [ ],
    "maximum" : 9223372036854775807
  }, {
    "numberValues" : 0,
    "minimum" : -9223372036854775808,
    "rankings" : [ ],
    "maximum" : 9223372036854775807
  }, {
    "numberValues" : 0,
    "minimum" : -9223372036854775808,
    "rankings" : [ ],
    "maximum" : 9223372036854775807
  }, {
    "numberValues" : 0,
    "minimum" : -9223372036854775808,
    "rankings" : [ ],
    "maximum" : 9223372036854775807
  } ],
  "successfulReduceAttemptCDF" : {
    "numberValues" : 2,
    "minimum" : 118923,
    "rankings" : [ {
      "relativeRanking" : 0.05,
      "datum" : 118923
    }, {
      "relativeRanking" : 0.1,
      "datum" : 118923
    }, {
      "relativeRanking" : 0.15,
      "datum" : 118923
    }, {
      "relativeRanking" : 0.2,
      "datum" : 118923
    }, {
      "relativeRanking" : 0.25,
      "datum" : 118923
    }, {
      "relativeRanking" : 0.3,
      "datum" : 118923
    }, {
      "relativeRanking" : 0.35,
      "datum" : 118923
    }, {
      "relativeRanking" : 0.4,
      "datum" : 118923
    }, {
      "relativeRanking" : 0.45,
      "datum" : 118923
    }, {
      "relativeRanking" : 0.5,
      "datum" : 118923
    }, {
      "relativeRanking" : 0.55,
      "datum" : 118923
    }, {
      "relativeRanking" : 0.6,
      "datum" : 118923
    }, {
      "relativeRanking" : 0.65,
      "datum" : 118923
    }, {
      "relativeRanking" : 0.7,
      "datum" : 118923
    }, {
      "relativeRanking" : 0.75,
      "datum" : 118923
    }, {
      "relativeRanking" : 0.8,
      "datum" : 118923
    }, {
      "relativeRanking" : 0.85,
      "datum" : 118923
    }, {
      "relativeRanking" : 0.9,
      "datum" : 118923
    }, {
      "relativeRanking" : 0.95,
      "datum" : 118923
    } ],
    "maximum" : 134849
  },
  "failedReduceAttemptCDF" : {
    "numberValues" : 0,
    "minimum" : -9223372036854775808,
    "rankings" : [ ],
    "maximum" : 9223372036854775807
  },
  "queue" : "default",
  "jobName" : "CAC_Count-[1575687191712-Indexing1]",
  "clusterMapMB" : -1,
  "clusterReduceMB" : -1,
  "jobMapMB" : -1,
  "jobReduceMB" : -1,
  "relativeTime" : 0,
  "mapperTriesToSucceed" : [ 1.0 ],
  "failedMapperFraction" : 0.0,
  "jobProperties" : { }
}