{
  "jobID" : "job_1600222256971_1100",
  "user" : "hadoop",
  "computonsPerMapInputByte" : -1,
  "computonsPerMapOutputByte" : -1,
  "computonsPerReduceInputByte" : -1,
  "computonsPerReduceOutputByte" : -1,
  "submitTime" : 1601022862403,
  "launchTime" : 1601022865964,
  "finishTime" : 1601022888969,
  "heapMegabytes" : -1,
  "totalMaps" : 2,
  "totalReduces" : 4,
  "outcome" : "SUCCESS",
  "jobtype" : "JAVA",
  "priority" : "NORMAL",
  "directDependantJobs" : [ ],
  "mapTasks" : [ {
    "inputBytes" : 79565870,
    "inputRecords" : 2570811,
    "outputBytes" : 140958886,
    "outputRecords" : 2570810,
    "taskID" : "task_1600222256971_1100_m_000000",
    "startTime" : 1601022866019,
    "finishTime" : 1601022877612,
    "taskType" : "MAP",
    "taskStatus" : "SUCCESS",
    "attempts" : [ {
      "attemptID" : "attempt_1600222256971_1100_m_000000_0",
      "result" : "SUCCESS",
      "startTime" : 1601022868158,
      "finishTime" : 1601022877612,
      "hostName" : "/default-rack/slave3",
      "hdfsBytesRead" : 79565870,
      "hdfsBytesWritten" : 0,
      "fileBytesRead" : 70695634,
      "fileBytesWritten" : 140958886,
      "mapInputRecords" : 2570811,
      "mapInputBytes" : -1,
      "mapOutputBytes" : 65275490,
      "mapOutputRecords" : 2570810,
      "combineInputRecords" : 0,
      "reduceInputGroups" : -1,
      "reduceInputRecords" : -1,
      "reduceShuffleBytes" : -1,
      "reduceOutputRecords" : -1,
      "spilledRecords" : 5141620,
      "shuffleFinished" : -1,
      "sortFinished" : -1,
      "location" : {
        "layers" : [ "default-rack", "slave3" ]
      },
      "clockSplits" : [ 6846, 169, 168, 169, 169, 168, 169, 169, 352, 352, 353, 353 ],
      "cpuUsages" : [ 1719, 1719, 1719, 1719, 1719, 1719, 1719, 1720, 719, 716, 716, 716 ],
      "physMemKbytes" : [ 17291, 51874, 86457, 121040, 155624, 190207, 224790, 259373, 277047, 277539, 278030, 278522 ],
      "resourceUsageMetrics" : {
        "cumulativeCpuUsage" : 16620,
        "virtualMemoryUsage" : 2063937536,
        "physicalMemoryUsage" : 285458432,
        "heapUsage" : 208666624
      },
      "vmemKbytes" : [ 125717, 377151, 628585, 880019, 1131454, 1382887, 1634322, 1885756, 2012860, 2013634, 2014405, 2015178 ]
    }, {
      "attemptID" : "attempt_1600222256971_1100_m_000000_1",
      "result" : "KILLED",
      "startTime" : 1601022877091,
      "finishTime" : 1601022877643,
      "hostName" : "/default-rack/slave3",
      "hdfsBytesRead" : -1,
      "hdfsBytesWritten" : -1,
      "fileBytesRead" : -1,
      "fileBytesWritten" : -1,
      "mapInputRecords" : -1,
      "mapInputBytes" : -1,
      "mapOutputBytes" : -1,
      "mapOutputRecords" : -1,
      "combineInputRecords" : -1,
      "reduceInputGroups" : -1,
      "reduceInputRecords" : -1,
      "reduceShuffleBytes" : -1,
      "reduceOutputRecords" : -1,
      "spilledRecords" : -1,
      "shuffleFinished" : -1,
      "sortFinished" : -1,
      "location" : {
        "layers" : [ "default-rack", "slave3" ]
      },
      "clockSplits" : [ 43, 44, 43, 44, 43, 44, 44, 43, 44, 43, 44, 44 ],
      "cpuUsages" : [ 0, 0, 0, 0, 0, 0, 0, 0, 0, 0, 0, 0 ],
      "physMemKbytes" : [ 0, 0, 0, 0, 0, 0, 0, 0, 0, 0, 0, 0 ],
      "resourceUsageMetrics" : {
        "cumulativeCpuUsage" : 0,
        "virtualMemoryUsage" : 0,
        "physicalMemoryUsage" : 0,
        "heapUsage" : 0
      },
      "vmemKbytes" : [ 0, 0, 0, 0, 0, 0, 0, 0, 0, 0, 0, 0 ]
    } ],
    "preferredLocations" : [ ]
  }, {
    "inputBytes" : 63092039,
    "inputRecords" : 1299730,
    "outputBytes" : 144540630,
    "outputRecords" : 1299729,
    "taskID" : "task_1600222256971_1100_m_000001",
    "startTime" : 1601022866021,
    "finishTime" : 1601022874933,
    "taskType" : "MAP",
    "taskStatus" : "SUCCESS",
    "attempts" : [ {
      "attemptID" : "attempt_1600222256971_1100_m_000001_0",
      "result" : "SUCCESS",
      "startTime" : 1601022868155,
      "finishTime" : 1601022874933,
      "hostName" : "/default-rack/slave3",
      "hdfsBytesRead" : 63092039,
      "hdfsBytesWritten" : 0,
      "fileBytesRead" : 72537855,
      "fileBytesWritten" : 144540630,
      "mapInputRecords" : 1299730,
      "mapInputBytes" : -1,
      "mapOutputBytes" : 69599284,
      "mapOutputRecords" : 1299729,
      "combineInputRecords" : 0,
      "reduceInputGroups" : -1,
      "reduceInputRecords" : -1,
      "reduceShuffleBytes" : -1,
      "reduceOutputRecords" : -1,
      "spilledRecords" : 2599458,
      "shuffleFinished" : -1,
      "sortFinished" : -1,
      "location" : {
        "layers" : [ "default-rack", "slave3" ]
      },
      "clockSplits" : [ 4294, 223, 223, 223, 223, 223, 222, 223, 223, 223, 223, 223 ],
      "cpuUsages" : [ 942, 943, 942, 943, 942, 943, 942, 943, 942, 943, 942, 943 ],
      "physMemKbytes" : [ 11889, 35667, 59446, 83224, 107003, 130782, 154561, 178339, 202118, 225897, 249675, 273454 ],
      "resourceUsageMetrics" : {
        "cumulativeCpuUsage" : 11310,
        "virtualMemoryUsage" : 2064363520,
        "physicalMemoryUsage" : 292192256,
        "heapUsage" : 207618048
      },
      "vmemKbytes" : [ 83999, 251997, 419995, 587993, 755992, 923990, 1091989, 1259986, 1427985, 1595984, 1763981, 1931980 ]
    } ],
    "preferredLocations" : [ ]
  } ],
  "reduceTasks" : [ {
    "inputBytes" : 35475711,
    "inputRecords" : 960696,
    "outputBytes" : 117366671,
    "outputRecords" : 1892904,
    "taskID" : "task_1600222256971_1100_r_000000",
    "startTime" : 1601022866021,
    "finishTime" : 1601022888109,
    "taskType" : "REDUCE",
    "taskStatus" : "SUCCESS",
    "attempts" : [ {
      "attemptID" : "attempt_1600222256971_1100_r_000000_0",
      "result" : "SUCCESS",
      "startTime" : 1601022877088,
      "finishTime" : 1601022888109,
      "hostName" : "/default-rack/slave5",
      "hdfsBytesRead" : 0,
      "hdfsBytesWritten" : 117366671,
      "fileBytesRead" : 35475705,
      "fileBytesWritten" : 35600172,
      "mapInputRecords" : -1,
      "mapInputBytes" : -1,
      "mapOutputBytes" : -1,
      "mapOutputRecords" : -1,
      "combineInputRecords" : 0,
      "reduceInputGroups" : 107400,
      "reduceInputRecords" : 960696,
      "reduceShuffleBytes" : 35475711,
      "reduceOutputRecords" : 1892904,
      "spilledRecords" : 960696,
      "shuffleFinished" : 1601022880164,
      "sortFinished" : 1601022880742,
      "location" : {
        "layers" : [ "default-rack", "slave5" ]
      },
      "clockSplits" : [ 4059, 409, 409, 409, 410, 409, 409, 409, 409, 410, 1359, 1821 ],
      "cpuUsages" : [ 1139, 1140, 1140, 1139, 1140, 1140, 1140, 1139, 1140, 1140, 2452, 3091 ],
      "physMemKbytes" : [ 9401, 28205, 47008, 65811, 84616, 103419, 122223, 141026, 159830, 178634, 192920, 192833 ],
      "resourceUsageMetrics" : {
        "cumulativeCpuUsage" : 17230,
        "virtualMemoryUsage" : 2074279936,
        "physicalMemoryUsage" : 198197248,
        "heapUsage" : 136839168
      },
      "vmemKbytes" : [ 97958, 293874, 489791, 685708, 881625, 1077542, 1273459, 1469376, 1665293, 1861210, 2012818, 2023465 ]
    } ],
    "preferredLocations" : [ ]
  }, {
    "inputBytes" : 35795216,
    "inputRecords" : 972611,
    "outputBytes" : 117030796,
    "outputRecords" : 1896626,
    "taskID" : "task_1600222256971_1100_r_000001",
    "startTime" : 1601022866021,
    "finishTime" : 1601022888130,
    "taskType" : "REDUCE",
    "taskStatus" : "SUCCESS",
    "attempts" : [ {
      "attemptID" : "attempt_1600222256971_1100_r_000001_0",
      "result" : "SUCCESS",
      "startTime" : 1601022877102,
      "finishTime" : 1601022888130,
      "hostName" : "/default-rack/slave1",
      "hdfsBytesRead" : 0,
      "hdfsBytesWritten" : 117030796,
      "fileBytesRead" : 35795210,
      "fileBytesWritten" : 35919677,
      "mapInputRecords" : -1,
      "mapInputBytes" : -1,
      "mapOutputBytes" : -1,
      "mapOutputRecords" : -1,
      "combineInputRecords" : 0,
      "reduceInputGroups" : 108684,
      "reduceInputRecords" : 972611,
      "reduceShuffleBytes" : 35795216,
      "reduceOutputRecords" : 1896626,
      "spilledRecords" : 972611,
      "shuffleFinished" : 1601022880182,
      "sortFinished" : 1601022880729,
      "location" : {
        "layers" : [ "default-rack", "slave1" ]
      },
      "clockSplits" : [ 4047, 415, 415, 415, 415, 415, 415, 415, 415, 415, 1381, 1774 ],
      "cpuUsages" : [ 1081, 1082, 1082, 1082, 1081, 1082, 1082, 1082, 1081, 1082, 2740, 3413 ],
      "physMemKbytes" : [ 9229, 27687, 46145, 64602, 83061, 101518, 119977, 138434, 156893, 175351, 190128, 194637 ],
      "resourceUsageMetrics" : {
        "cumulativeCpuUsage" : 17200,
        "virtualMemoryUsage" : 2066432000,
        "physicalMemoryUsage" : 202080256,
        "heapUsage" : 138412032
      },
      "vmemKbytes" : [ 98067, 294201, 490336, 686471, 882606, 1078741, 1274876, 1471010, 1667145, 1863280, 2009818, 2018000 ]
    } ],
    "preferredLocations" : [ ]
  }, {
    "inputBytes" : 35337632,
    "inputRecords" : 957865,
    "outputBytes" : 115266600,
    "outputRecords" : 1864815,
    "taskID" : "task_1600222256971_1100_r_000002",
    "startTime" : 1601022866022,
    "finishTime" : 1601022887449,
    "taskType" : "REDUCE",
    "taskStatus" : "SUCCESS",
    "attempts" : [ {
      "attemptID" : "attempt_1600222256971_1100_r_000002_0",
      "result" : "SUCCESS",
      "startTime" : 1601022877101,
      "finishTime" : 1601022887449,
      "hostName" : "/default-rack/slave4",
      "hdfsBytesRead" : 0,
      "hdfsBytesWritten" : 115266600,
      "fileBytesRead" : 35337626,
      "fileBytesWritten" : 35462093,
      "mapInputRecords" : -1,
      "mapInputBytes" : -1,
      "mapOutputBytes" : -1,
      "mapOutputRecords" : -1,
      "combineInputRecords" : 0,
      "reduceInputGroups" : 107402,
      "reduceInputRecords" : 957865,
      "reduceShuffleBytes" : 35337632,
      "reduceOutputRecords" : 1864815,
      "spilledRecords" : 957865,
      "shuffleFinished" : 1601022880036,
      "sortFinished" : 1601022880579,
      "location" : {
        "layers" : [ "default-rack", "slave4" ]
      },
      "clockSplits" : [ 3885, 413, 412, 413, 413, 412, 413, 413, 412, 413, 981, 1754 ],
      "cpuUsages" : [ 1088, 1088, 1088, 1089, 1088, 1088, 1089, 1088, 1088, 1089, 1862, 2915 ],
      "physMemKbytes" : [ 9281, 27844, 46408, 64971, 83534, 102097, 120661, 139224, 157788, 176351, 193318, 197062 ],
      "resourceUsageMetrics" : {
        "cumulativeCpuUsage" : 15660,
        "virtualMemoryUsage" : 2075557888,
        "physicalMemoryUsage" : 202199040,
        "heapUsage" : 137363456
      },
      "vmemKbytes" : [ 95824, 287474, 479124, 670773, 862424, 1054073, 1245724, 1437373, 1629024, 1820674, 1995106, 2026912 ]
    } ],
    "preferredLocations" : [ ]
  }, {
    "inputBytes" : 36016581,
    "inputRecords" : 979367,
    "outputBytes" : 118228254,
    "outputRecords" : 1913423,
    "taskID" : "task_1600222256971_1100_r_000003",
    "startTime" : 1601022866022,
    "finishTime" : 1601022888883,
    "taskType" : "REDUCE",
    "taskStatus" : "SUCCESS",
    "attempts" : [ {
      "attemptID" : "attempt_1600222256971_1100_r_000003_0",
      "result" : "SUCCESS",
      "startTime" : 1601022877096,
      "finishTime" : 1601022888883,
      "hostName" : "/default-rack/slave2",
      "hdfsBytesRead" : 0,
      "hdfsBytesWritten" : 118228254,
      "fileBytesRead" : 36016575,
      "fileBytesWritten" : 36141042,
      "mapInputRecords" : -1,
      "mapInputBytes" : -1,
      "mapOutputBytes" : -1,
      "mapOutputRecords" : -1,
      "combineInputRecords" : 0,
      "reduceInputGroups" : 108985,
      "reduceInputRecords" : 979367,
      "reduceShuffleBytes" : 36016581,
      "reduceOutputRecords" : 1913423,
      "spilledRecords" : 979367,
      "shuffleFinished" : 1601022880253,
      "sortFinished" : 1601022880895,
      "location" : {
        "layers" : [ "default-rack", "slave2" ]
      },
      "clockSplits" : [ 4218, 423, 423, 423, 423, 423, 423, 423, 423, 423, 1726, 2023 ],
      "cpuUsages" : [ 1171, 1171, 1172, 1171, 1172, 1171, 1171, 1172, 1171, 1172, 2639, 3307 ],
      "physMemKbytes" : [ 9759, 29277, 48795, 68312, 87831, 107348, 126867, 146385, 165904, 185422, 196181, 195581 ],
      "resourceUsageMetrics" : {
        "cumulativeCpuUsage" : 17660,
        "virtualMemoryUsage" : 2067562496,
        "physicalMemoryUsage" : 205692928,
        "heapUsage" : 138412032
      },
      "vmemKbytes" : [ 100051, 300154, 500258, 700361, 900464, 1100567, 1300671, 1500774, 1700878, 1900981, 2018288, 2019104 ]
    } ],
    "preferredLocations" : [ ]
  } ],
  "otherTasks" : [ ],
  "successfulMapAttemptCDFs" : [ {
    "numberValues" : 0,
    "minimum" : -9223372036854775808,
    "rankings" : [ ],
    "maximum" : 9223372036854775807
  }, {
    "numberValues" : 0,
    "minimum" : -9223372036854775808,
    "rankings" : [ ],
    "maximum" : 9223372036854775807
  }, {
    "numberValues" : 0,
    "minimum" : -9223372036854775808,
    "rankings" : [ ],
    "maximum" : 9223372036854775807
  }, {
    "numberValues" : 2,
    "minimum" : 6778,
    "rankings" : [ {
      "relativeRanking" : 0.05,
      "datum" : 6778
    }, {
      "relativeRanking" : 0.1,
      "datum" : 6778
    }, {
      "relativeRanking" : 0.15,
      "datum" : 6778
    }, {
      "relativeRanking" : 0.2,
      "datum" : 6778
    }, {
      "relativeRanking" : 0.25,
      "datum" : 6778
    }, {
      "relativeRanking" : 0.3,
      "datum" : 6778
    }, {
      "relativeRanking" : 0.35,
      "datum" : 6778
    }, {
      "relativeRanking" : 0.4,
      "datum" : 6778
    }, {
      "relativeRanking" : 0.45,
      "datum" : 6778
    }, {
      "relativeRanking" : 0.5,
      "datum" : 6778
    }, {
      "relativeRanking" : 0.55,
      "datum" : 6778
    }, {
      "relativeRanking" : 0.6,
      "datum" : 6778
    }, {
      "relativeRanking" : 0.65,
      "datum" : 6778
    }, {
      "relativeRanking" : 0.7,
      "datum" : 6778
    }, {
      "relativeRanking" : 0.75,
      "datum" : 6778
    }, {
      "relativeRanking" : 0.8,
      "datum" : 6778
    }, {
      "relativeRanking" : 0.85,
      "datum" : 6778
    }, {
      "relativeRanking" : 0.9,
      "datum" : 6778
    }, {
      "relativeRanking" : 0.95,
      "datum" : 6778
    } ],
    "maximum" : 9454
  } ],
  "failedMapAttemptCDFs" : [ {
    "numberValues" : 0,
    "minimum" : -9223372036854775808,
    "rankings" : [ ],
    "maximum" : 9223372036854775807
  }, {
    "numberValues" : 0,
    "minimum" : -9223372036854775808,
    "rankings" : [ ],
    "maximum" : 9223372036854775807
  }, {
    "numberValues" : 0,
    "minimum" : -9223372036854775808,
    "rankings" : [ ],
    "maximum" : 9223372036854775807
  }, {
    "numberValues" : 0,
    "minimum" : -9223372036854775808,
    "rankings" : [ ],
    "maximum" : 9223372036854775807
  } ],
  "successfulReduceAttemptCDF" : {
    "numberValues" : 4,
    "minimum" : 10348,
    "rankings" : [ {
      "relativeRanking" : 0.05,
      "datum" : 10348
    }, {
      "relativeRanking" : 0.1,
      "datum" : 10348
    }, {
      "relativeRanking" : 0.15,
      "datum" : 10348
    }, {
      "relativeRanking" : 0.2,
      "datum" : 10348
    }, {
      "relativeRanking" : 0.25,
      "datum" : 10348
    }, {
      "relativeRanking" : 0.3,
      "datum" : 10348
    }, {
      "relativeRanking" : 0.35,
      "datum" : 10348
    }, {
      "relativeRanking" : 0.4,
      "datum" : 10348
    }, {
      "relativeRanking" : 0.45,
      "datum" : 10348
    }, {
      "relativeRanking" : 0.5,
      "datum" : 11021
    }, {
      "relativeRanking" : 0.55,
      "datum" : 11021
    }, {
      "relativeRanking" : 0.6,
      "datum" : 11021
    }, {
      "relativeRanking" : 0.65,
      "datum" : 11021
    }, {
      "relativeRanking" : 0.7,
      "datum" : 11021
    }, {
      "relativeRanking" : 0.75,
      "datum" : 11028
    }, {
      "relativeRanking" : 0.8,
      "datum" : 11028
    }, {
      "relativeRanking" : 0.85,
      "datum" : 11028
    }, {
      "relativeRanking" : 0.9,
      "datum" : 11028
    }, {
      "relativeRanking" : 0.95,
      "datum" : 11028
    } ],
    "maximum" : 11787
  },
  "failedReduceAttemptCDF" : {
    "numberValues" : 0,
    "minimum" : -9223372036854775808,
    "rankings" : [ ],
    "maximum" : 9223372036854775807
  },
  "queue" : "default",
  "jobName" : "ReduceJoin-[1601022863348]",
  "clusterMapMB" : -1,
  "clusterReduceMB" : -1,
  "jobMapMB" : -1,
  "jobReduceMB" : -1,
  "relativeTime" : 0,
  "mapperTriesToSucceed" : [ 1.0 ],
  "failedMapperFraction" : 0.0,
  "jobProperties" : { }
}