{
  "jobID" : "job_1600222256971_1095",
  "user" : "hadoop",
  "computonsPerMapInputByte" : -1,
  "computonsPerMapOutputByte" : -1,
  "computonsPerReduceInputByte" : -1,
  "computonsPerReduceOutputByte" : -1,
  "submitTime" : 1601022664929,
  "launchTime" : 1601022668404,
  "finishTime" : 1601022698076,
  "heapMegabytes" : -1,
  "totalMaps" : 2,
  "totalReduces" : 2,
  "outcome" : "SUCCESS",
  "jobtype" : "JAVA",
  "priority" : "NORMAL",
  "directDependantJobs" : [ ],
  "mapTasks" : [ {
    "inputBytes" : 79565870,
    "inputRecords" : 2570811,
    "outputBytes" : 140958814,
    "outputRecords" : 2570810,
    "taskID" : "task_1600222256971_1095_m_000000",
    "startTime" : 1601022668511,
    "finishTime" : 1601022680045,
    "taskType" : "MAP",
    "taskStatus" : "SUCCESS",
    "attempts" : [ {
      "attemptID" : "attempt_1600222256971_1095_m_000000_0",
      "result" : "SUCCESS",
      "startTime" : 1601022670612,
      "finishTime" : 1601022680045,
      "hostName" : "/default-rack/slave3",
      "hdfsBytesRead" : 79565870,
      "hdfsBytesWritten" : 0,
      "fileBytesRead" : 70579111,
      "fileBytesWritten" : 140958814,
      "mapInputRecords" : 2570811,
      "mapInputBytes" : -1,
      "mapOutputBytes" : 65275490,
      "mapOutputRecords" : 2570810,
      "combineInputRecords" : 0,
      "reduceInputGroups" : -1,
      "reduceInputRecords" : -1,
      "reduceShuffleBytes" : -1,
      "reduceOutputRecords" : -1,
      "spilledRecords" : 5141620,
      "shuffleFinished" : -1,
      "sortFinished" : -1,
      "location" : {
        "layers" : [ "default-rack", "slave3" ]
      },
      "clockSplits" : [ 6394, 236, 236, 236, 236, 236, 236, 237, 341, 342, 342, 343 ],
      "cpuUsages" : [ 1766, 1767, 1766, 1767, 1766, 1767, 1767, 1766, 641, 635, 636, 636 ],
      "physMemKbytes" : [ 17152, 51456, 85761, 120066, 154371, 188676, 222981, 257286, 274727, 275026, 275323, 275622 ],
      "resourceUsageMetrics" : {
        "cumulativeCpuUsage" : 16680,
        "virtualMemoryUsage" : 2063712256,
        "physicalMemoryUsage" : 282390528,
        "heapUsage" : 208666624
      },
      "vmemKbytes" : [ 125829, 377490, 629151, 880812, 1132473, 1384133, 1635794, 1887455, 2014441, 2014700, 2014957, 2015215 ]
    }, {
      "attemptID" : "attempt_1600222256971_1095_m_000000_1",
      "result" : "KILLED",
      "startTime" : 1601022679524,
      "finishTime" : 1601022680074,
      "hostName" : "/default-rack/slave5",
      "hdfsBytesRead" : -1,
      "hdfsBytesWritten" : -1,
      "fileBytesRead" : -1,
      "fileBytesWritten" : -1,
      "mapInputRecords" : -1,
      "mapInputBytes" : -1,
      "mapOutputBytes" : -1,
      "mapOutputRecords" : -1,
      "combineInputRecords" : -1,
      "reduceInputGroups" : -1,
      "reduceInputRecords" : -1,
      "reduceShuffleBytes" : -1,
      "reduceOutputRecords" : -1,
      "spilledRecords" : -1,
      "shuffleFinished" : -1,
      "sortFinished" : -1,
      "location" : {
        "layers" : [ "default-rack", "slave5" ]
      },
      "clockSplits" : [ 43, 44, 43, 44, 43, 44, 44, 43, 44, 43, 44, 44 ],
      "cpuUsages" : [ 0, 0, 0, 0, 0, 0, 0, 0, 0, 0, 0, 0 ],
      "physMemKbytes" : [ 0, 0, 0, 0, 0, 0, 0, 0, 0, 0, 0, 0 ],
      "resourceUsageMetrics" : {
        "cumulativeCpuUsage" : 0,
        "virtualMemoryUsage" : 0,
        "physicalMemoryUsage" : 0,
        "heapUsage" : 0
      },
      "vmemKbytes" : [ 0, 0, 0, 0, 0, 0, 0, 0, 0, 0, 0, 0 ]
    } ],
    "preferredLocations" : [ ]
  }, {
    "inputBytes" : 63092039,
    "inputRecords" : 1299730,
    "outputBytes" : 144540546,
    "outputRecords" : 1299729,
    "taskID" : "task_1600222256971_1095_m_000001",
    "startTime" : 1601022668513,
    "finishTime" : 1601022677381,
    "taskType" : "MAP",
    "taskStatus" : "SUCCESS",
    "attempts" : [ {
      "attemptID" : "attempt_1600222256971_1095_m_000001_0",
      "result" : "SUCCESS",
      "startTime" : 1601022670606,
      "finishTime" : 1601022677381,
      "hostName" : "/default-rack/slave3",
      "hdfsBytesRead" : 63092039,
      "hdfsBytesWritten" : 0,
      "fileBytesRead" : 72404788,
      "fileBytesWritten" : 144540546,
      "mapInputRecords" : 1299730,
      "mapInputBytes" : -1,
      "mapOutputBytes" : 69599284,
      "mapOutputRecords" : 1299729,
      "combineInputRecords" : 0,
      "reduceInputGroups" : -1,
      "reduceInputRecords" : -1,
      "reduceShuffleBytes" : -1,
      "reduceOutputRecords" : -1,
      "spilledRecords" : 2599458,
      "shuffleFinished" : -1,
      "sortFinished" : -1,
      "location" : {
        "layers" : [ "default-rack", "slave3" ]
      },
      "clockSplits" : [ 4598, 195, 195, 195, 195, 196, 195, 195, 195, 195, 195, 196 ],
      "cpuUsages" : [ 1090, 1091, 1091, 1091, 1091, 1091, 1090, 1091, 1091, 1091, 1091, 1091 ],
      "physMemKbytes" : [ 12251, 36755, 61259, 85762, 110266, 134769, 159273, 183776, 208281, 232784, 257287, 281792 ],
      "resourceUsageMetrics" : {
        "cumulativeCpuUsage" : 13090,
        "virtualMemoryUsage" : 2071138304,
        "physicalMemoryUsage" : 301101056,
        "heapUsage" : 207618048
      },
      "vmemKbytes" : [ 84274, 252823, 421374, 589923, 758473, 927022, 1095572, 1264121, 1432672, 1601221, 1769770, 1938321 ]
    } ],
    "preferredLocations" : [ ]
  } ],
  "reduceTasks" : [ {
    "inputBytes" : 70813331,
    "inputRecords" : 1918561,
    "outputBytes" : 232633271,
    "outputRecords" : 3757719,
    "taskID" : "task_1600222256971_1095_r_000000",
    "startTime" : 1601022668513,
    "finishTime" : 1601022697971,
    "taskType" : "REDUCE",
    "taskStatus" : "SUCCESS",
    "attempts" : [ {
      "attemptID" : "attempt_1600222256971_1095_r_000000_0",
      "result" : "SUCCESS",
      "startTime" : 1601022679517,
      "finishTime" : 1601022697971,
      "hostName" : "/default-rack/slave2",
      "hdfsBytesRead" : 0,
      "hdfsBytesWritten" : 232633271,
      "fileBytesRead" : 70813331,
      "fileBytesWritten" : 70937798,
      "mapInputRecords" : -1,
      "mapInputBytes" : -1,
      "mapOutputBytes" : -1,
      "mapOutputRecords" : -1,
      "combineInputRecords" : 0,
      "reduceInputGroups" : 214802,
      "reduceInputRecords" : 1918561,
      "reduceShuffleBytes" : 70813331,
      "reduceOutputRecords" : 3757719,
      "spilledRecords" : 1918561,
      "shuffleFinished" : 1601022682570,
      "sortFinished" : 1601022682594,
      "location" : {
        "layers" : [ "default-rack", "slave2" ]
      },
      "clockSplits" : [ 3617, 533, 533, 533, 533, 532, 533, 533, 533, 2949, 3668, 3942 ],
      "cpuUsages" : [ 1360, 1360, 1360, 1360, 1361, 1360, 1360, 1360, 1361, 4616, 5628, 5224 ],
      "physMemKbytes" : [ 10033, 30099, 50165, 70231, 90298, 110363, 130430, 150496, 170563, 186850, 204675, 209819 ],
      "resourceUsageMetrics" : {
        "cumulativeCpuUsage" : 27710,
        "virtualMemoryUsage" : 2072293376,
        "physicalMemoryUsage" : 210894848,
        "heapUsage" : 138936320
      },
      "vmemKbytes" : [ 108718, 326156, 543593, 761030, 978469, 1195906, 1413344, 1630781, 1848219, 2013467, 2023723, 2023724 ]
    } ],
    "preferredLocations" : [ ]
  }, {
    "inputBytes" : 71811785,
    "inputRecords" : 1951978,
    "outputBytes" : 235259050,
    "outputRecords" : 3810049,
    "taskID" : "task_1600222256971_1095_r_000001",
    "startTime" : 1601022668514,
    "finishTime" : 1601022696091,
    "taskType" : "REDUCE",
    "taskStatus" : "SUCCESS",
    "attempts" : [ {
      "attemptID" : "attempt_1600222256971_1095_r_000001_0",
      "result" : "SUCCESS",
      "startTime" : 1601022679526,
      "finishTime" : 1601022696091,
      "hostName" : "/default-rack/slave4",
      "hdfsBytesRead" : 0,
      "hdfsBytesWritten" : 235259050,
      "fileBytesRead" : 71811785,
      "fileBytesWritten" : 71936252,
      "mapInputRecords" : -1,
      "mapInputBytes" : -1,
      "mapOutputBytes" : -1,
      "mapOutputRecords" : -1,
      "combineInputRecords" : 0,
      "reduceInputGroups" : 217669,
      "reduceInputRecords" : 1951978,
      "reduceShuffleBytes" : 71811785,
      "reduceOutputRecords" : 3810049,
      "spilledRecords" : 1951978,
      "shuffleFinished" : 1601022682281,
      "sortFinished" : 1601022682308,
      "location" : {
        "layers" : [ "default-rack", "slave4" ]
      },
      "clockSplits" : [ 3313, 528, 528, 528, 528, 528, 528, 528, 528, 2207, 3258, 3548 ],
      "cpuUsages" : [ 1401, 1402, 1401, 1402, 1402, 1401, 1402, 1401, 1402, 4639, 5975, 5842 ],
      "physMemKbytes" : [ 10994, 32984, 54974, 76963, 98953, 120942, 142933, 164922, 186912, 209003, 226621, 227026 ],
      "resourceUsageMetrics" : {
        "cumulativeCpuUsage" : 29070,
        "virtualMemoryUsage" : 2089402368,
        "physicalMemoryUsage" : 229036032,
        "heapUsage" : 137363456
      },
      "vmemKbytes" : [ 107612, 322837, 538063, 753288, 968514, 1183739, 1398964, 1614189, 1829415, 2011835, 2045279, 2044156 ]
    } ],
    "preferredLocations" : [ ]
  } ],
  "otherTasks" : [ ],
  "successfulMapAttemptCDFs" : [ {
    "numberValues" : 0,
    "minimum" : -9223372036854775808,
    "rankings" : [ ],
    "maximum" : 9223372036854775807
  }, {
    "numberValues" : 0,
    "minimum" : -9223372036854775808,
    "rankings" : [ ],
    "maximum" : 9223372036854775807
  }, {
    "numberValues" : 0,
    "minimum" : -9223372036854775808,
    "rankings" : [ ],
    "maximum" : 9223372036854775807
  }, {
    "numberValues" : 2,
    "minimum" : 6775,
    "rankings" : [ {
      "relativeRanking" : 0.05,
      "datum" : 6775
    }, {
      "relativeRanking" : 0.1,
      "datum" : 6775
    }, {
      "relativeRanking" : 0.15,
      "datum" : 6775
    }, {
      "relativeRanking" : 0.2,
      "datum" : 6775
    }, {
      "relativeRanking" : 0.25,
      "datum" : 6775
    }, {
      "relativeRanking" : 0.3,
      "datum" : 6775
    }, {
      "relativeRanking" : 0.35,
      "datum" : 6775
    }, {
      "relativeRanking" : 0.4,
      "datum" : 6775
    }, {
      "relativeRanking" : 0.45,
      "datum" : 6775
    }, {
      "relativeRanking" : 0.5,
      "datum" : 6775
    }, {
      "relativeRanking" : 0.55,
      "datum" : 6775
    }, {
      "relativeRanking" : 0.6,
      "datum" : 6775
    }, {
      "relativeRanking" : 0.65,
      "datum" : 6775
    }, {
      "relativeRanking" : 0.7,
      "datum" : 6775
    }, {
      "relativeRanking" : 0.75,
      "datum" : 6775
    }, {
      "relativeRanking" : 0.8,
      "datum" : 6775
    }, {
      "relativeRanking" : 0.85,
      "datum" : 6775
    }, {
      "relativeRanking" : 0.9,
      "datum" : 6775
    }, {
      "relativeRanking" : 0.95,
      "datum" : 6775
    } ],
    "maximum" : 9433
  } ],
  "failedMapAttemptCDFs" : [ {
    "numberValues" : 0,
    "minimum" : -9223372036854775808,
    "rankings" : [ ],
    "maximum" : 9223372036854775807
  }, {
    "numberValues" : 0,
    "minimum" : -9223372036854775808,
    "rankings" : [ ],
    "maximum" : 9223372036854775807
  }, {
    "numberValues" : 0,
    "minimum" : -9223372036854775808,
    "rankings" : [ ],
    "maximum" : 9223372036854775807
  }, {
    "numberValues" : 0,
    "minimum" : -9223372036854775808,
    "rankings" : [ ],
    "maximum" : 9223372036854775807
  } ],
  "successfulReduceAttemptCDF" : {
    "numberValues" : 2,
    "minimum" : 16565,
    "rankings" : [ {
      "relativeRanking" : 0.05,
      "datum" : 16565
    }, {
      "relativeRanking" : 0.1,
      "datum" : 16565
    }, {
      "relativeRanking" : 0.15,
      "datum" : 16565
    }, {
      "relativeRanking" : 0.2,
      "datum" : 16565
    }, {
      "relativeRanking" : 0.25,
      "datum" : 16565
    }, {
      "relativeRanking" : 0.3,
      "datum" : 16565
    }, {
      "relativeRanking" : 0.35,
      "datum" : 16565
    }, {
      "relativeRanking" : 0.4,
      "datum" : 16565
    }, {
      "relativeRanking" : 0.45,
      "datum" : 16565
    }, {
      "relativeRanking" : 0.5,
      "datum" : 16565
    }, {
      "relativeRanking" : 0.55,
      "datum" : 16565
    }, {
      "relativeRanking" : 0.6,
      "datum" : 16565
    }, {
      "relativeRanking" : 0.65,
      "datum" : 16565
    }, {
      "relativeRanking" : 0.7,
      "datum" : 16565
    }, {
      "relativeRanking" : 0.75,
      "datum" : 16565
    }, {
      "relativeRanking" : 0.8,
      "datum" : 16565
    }, {
      "relativeRanking" : 0.85,
      "datum" : 16565
    }, {
      "relativeRanking" : 0.9,
      "datum" : 16565
    }, {
      "relativeRanking" : 0.95,
      "datum" : 16565
    } ],
    "maximum" : 18454
  },
  "failedReduceAttemptCDF" : {
    "numberValues" : 0,
    "minimum" : -9223372036854775808,
    "rankings" : [ ],
    "maximum" : 9223372036854775807
  },
  "queue" : "default",
  "jobName" : "ReduceJoin-[1601022665760]",
  "clusterMapMB" : -1,
  "clusterReduceMB" : -1,
  "jobMapMB" : -1,
  "jobReduceMB" : -1,
  "relativeTime" : 0,
  "mapperTriesToSucceed" : [ 1.0 ],
  "failedMapperFraction" : 0.0,
  "jobProperties" : { }
}