{
  "jobID" : "job_1572946766556_1065",
  "user" : "hadoop",
  "computonsPerMapInputByte" : -1,
  "computonsPerMapOutputByte" : -1,
  "computonsPerReduceInputByte" : -1,
  "computonsPerReduceOutputByte" : -1,
  "submitTime" : 1575695434509,
  "launchTime" : 1575695438170,
  "finishTime" : 1575695944471,
  "heapMegabytes" : -1,
  "totalMaps" : 3,
  "totalReduces" : 3,
  "outcome" : "SUCCESS",
  "jobtype" : "JAVA",
  "priority" : "NORMAL",
  "directDependantJobs" : [ ],
  "mapTasks" : [ {
    "inputBytes" : 9599084,
    "inputRecords" : 3960,
    "outputBytes" : 9861964448,
    "outputRecords" : 99038183,
    "taskID" : "task_1572946766556_1065_m_000000",
    "startTime" : 1575695438225,
    "finishTime" : 1575695783454,
    "taskType" : "MAP",
    "taskStatus" : "SUCCESS",
    "attempts" : [ {
      "attemptID" : "attempt_1572946766556_1065_m_000000_0",
      "result" : "SUCCESS",
      "startTime" : 1575695440364,
      "finishTime" : 1575695783454,
      "hostName" : "/default-rack/slave1",
      "hdfsBytesRead" : 9599084,
      "hdfsBytesWritten" : 0,
      "fileBytesRead" : 6550379206,
      "fileBytesWritten" : 9861964448,
      "mapInputRecords" : 3960,
      "mapInputBytes" : -1,
      "mapOutputBytes" : 3120344950,
      "mapOutputRecords" : 99038183,
      "combineInputRecords" : 0,
      "reduceInputGroups" : -1,
      "reduceInputRecords" : -1,
      "reduceShuffleBytes" : -1,
      "reduceOutputRecords" : -1,
      "spilledRecords" : 294795473,
      "shuffleFinished" : -1,
      "sortFinished" : -1,
      "location" : {
        "layers" : [ "default-rack", "slave1" ]
      },
      "clockSplits" : [ 11759, 8142, 26921, 28835, 81117, 5875, 50092, 10776, 28854, 29180, 30073, 31455 ],
      "cpuUsages" : [ 23356, 19058, 49467, 54333, 145185, 13081, 86153, 18082, 37013, 35439, 36322, 38471 ],
      "physMemKbytes" : [ 210446, 280015, 297439, 304764, 310084, 310474, 311068, 311366, 315445, 315557, 314966, 314963 ],
      "resourceUsageMetrics" : {
        "cumulativeCpuUsage" : 555960,
        "virtualMemoryUsage" : 2136477696,
        "physicalMemoryUsage" : 322830336,
        "heapUsage" : 209190912
      },
      "vmemKbytes" : [ 1595935, 2069641, 2082694, 2083319, 2083320, 2083319, 2083320, 2083319, 2085280, 2085376, 2085375, 2085383 ]
    } ],
    "preferredLocations" : [ ]
  }, {
    "inputBytes" : 8988445,
    "inputRecords" : 3919,
    "outputBytes" : 5685799518,
    "outputRecords" : 58455405,
    "taskID" : "task_1572946766556_1065_m_000001",
    "startTime" : 1575695438226,
    "finishTime" : 1575695635612,
    "taskType" : "MAP",
    "taskStatus" : "SUCCESS",
    "attempts" : [ {
      "attemptID" : "attempt_1572946766556_1065_m_000001_0",
      "result" : "SUCCESS",
      "startTime" : 1575695440357,
      "finishTime" : 1575695635612,
      "hostName" : "/default-rack/slave1",
      "hdfsBytesRead" : 8988445,
      "hdfsBytesWritten" : 0,
      "fileBytesRead" : 3706999650,
      "fileBytesWritten" : 5685799518,
      "mapInputRecords" : 3919,
      "mapInputBytes" : -1,
      "mapOutputBytes" : 1868574631,
      "mapOutputRecords" : 58455405,
      "combineInputRecords" : 0,
      "reduceInputGroups" : -1,
      "reduceInputRecords" : -1,
      "reduceShuffleBytes" : -1,
      "reduceOutputRecords" : -1,
      "spilledRecords" : 167738402,
      "shuffleFinished" : -1,
      "sortFinished" : -1,
      "location" : {
        "layers" : [ "default-rack", "slave1" ]
      },
      "clockSplits" : [ 20995, 9225, 13825, 26987, 35657, 9489, 5911, 7241, 17143, 15912, 16232, 16612 ],
      "cpuUsages" : [ 41124, 17761, 25901, 48325, 61749, 17191, 12226, 11542, 25314, 21662, 22796, 22669 ],
      "physMemKbytes" : [ 168638, 283278, 293277, 301075, 301531, 302659, 303126, 303471, 308160, 307451, 306452, 306162 ],
      "resourceUsageMetrics" : {
        "cumulativeCpuUsage" : 328260,
        "virtualMemoryUsage" : 2128605184,
        "physicalMemoryUsage" : 289366016,
        "heapUsage" : 209190912
      },
      "vmemKbytes" : [ 1252853, 2068979, 2076022, 2073994, 2073712, 2073711, 2073712, 2073711, 2077389, 2077688, 2077687, 2077738 ]
    } ],
    "preferredLocations" : [ ]
  }, {
    "inputBytes" : 7676204,
    "inputRecords" : 3964,
    "outputBytes" : 7832590947,
    "outputRecords" : 81564432,
    "taskID" : "task_1572946766556_1065_m_000002",
    "startTime" : 1575695438227,
    "finishTime" : 1575695768823,
    "taskType" : "MAP",
    "taskStatus" : "SUCCESS",
    "attempts" : [ {
      "attemptID" : "attempt_1572946766556_1065_m_000002_0",
      "result" : "SUCCESS",
      "startTime" : 1575695440365,
      "finishTime" : 1575695768823,
      "hostName" : "/default-rack/slave3",
      "hdfsBytesRead" : 7676204,
      "hdfsBytesWritten" : 0,
      "fileBytesRead" : 5172327017,
      "fileBytesWritten" : 7832590947,
      "mapInputRecords" : 3964,
      "mapInputBytes" : -1,
      "mapOutputBytes" : 2508184176,
      "mapOutputRecords" : 81564432,
      "combineInputRecords" : 0,
      "reduceInputGroups" : -1,
      "reduceInputRecords" : -1,
      "reduceShuffleBytes" : -1,
      "reduceOutputRecords" : -1,
      "spilledRecords" : 239676086,
      "shuffleFinished" : -1,
      "sortFinished" : -1,
      "location" : {
        "layers" : [ "default-rack", "slave3" ]
      },
      "clockSplits" : [ 9008, 11327, 157593, 26275, 10917, 3809, 3532, 13485, 22723, 22567, 22891, 24315 ],
      "cpuUsages" : [ 16486, 24923, 329813, 52440, 21123, 10103, 7298, 24589, 33343, 32939, 32647, 33966 ],
      "physMemKbytes" : [ 154678, 276259, 285696, 301426, 301394, 302420, 302626, 302694, 313809, 314907, 312252, 310417 ],
      "resourceUsageMetrics" : {
        "cumulativeCpuUsage" : 619670,
        "virtualMemoryUsage" : 2127785984,
        "physicalMemoryUsage" : 319045632,
        "heapUsage" : 209190912
      },
      "vmemKbytes" : [ 1175818, 2070203, 2070204, 2070203, 2070204, 2070203, 2070204, 2070203, 2076429, 2076888, 2076887, 2076904 ]
    }, {
      "attemptID" : "attempt_1572946766556_1065_m_000002_1",
      "result" : "KILLED",
      "startTime" : 1575695637613,
      "finishTime" : 1575695768850,
      "hostName" : "/default-rack/slave1",
      "hdfsBytesRead" : 2621596,
      "hdfsBytesWritten" : 0,
      "fileBytesRead" : 0,
      "fileBytesWritten" : 1972497632,
      "mapInputRecords" : 1499,
      "mapInputBytes" : -1,
      "mapOutputBytes" : 1914813141,
      "mapOutputRecords" : 63517160,
      "combineInputRecords" : 0,
      "reduceInputGroups" : -1,
      "reduceInputRecords" : -1,
      "reduceShuffleBytes" : -1,
      "reduceOutputRecords" : -1,
      "spilledRecords" : 61341596,
      "shuffleFinished" : -1,
      "sortFinished" : -1,
      "location" : {
        "layers" : [ "default-rack", "slave1" ]
      },
      "clockSplits" : [ 7283, 7194, 114868, 207, 208, 207, 208, 207, 208, 207, 208, 208 ],
      "cpuUsages" : [ 12979, 12624, 206127, 0, 0, 0, 0, 0, 0, 0, 0, 0 ],
      "physMemKbytes" : [ 131139, 279116, 288155, 303039, 303040, 303039, 303040, 303039, 303040, 303040, 303039, 303040 ],
      "resourceUsageMetrics" : {
        "cumulativeCpuUsage" : 231730,
        "virtualMemoryUsage" : 2119393280,
        "physicalMemoryUsage" : 310312960,
        "heapUsage" : 209190912
      },
      "vmemKbytes" : [ 974769, 2066015, 2069720, 2069719, 2069720, 2069719, 2069720, 2069719, 2069720, 2069720, 2069719, 2069720 ]
    } ],
    "preferredLocations" : [ ]
  } ],
  "reduceTasks" : [ {
    "inputBytes" : 2658198729,
    "inputRecords" : 79679848,
    "outputBytes" : 1608561436,
    "outputRecords" : 67589773,
    "taskID" : "task_1572946766556_1065_r_000000",
    "startTime" : 1575695438227,
    "finishTime" : 1575695923049,
    "taskType" : "REDUCE",
    "taskStatus" : "SUCCESS",
    "attempts" : [ {
      "attemptID" : "attempt_1572946766556_1065_r_000000_0",
      "result" : "SUCCESS",
      "startTime" : 1575695638640,
      "finishTime" : 1575695923049,
      "hostName" : "/default-rack/slave1",
      "hdfsBytesRead" : 0,
      "hdfsBytesWritten" : 1608561436,
      "fileBytesRead" : 2658198729,
      "fileBytesWritten" : 2658322826,
      "mapInputRecords" : -1,
      "mapInputBytes" : -1,
      "mapOutputBytes" : -1,
      "mapOutputRecords" : -1,
      "combineInputRecords" : 0,
      "reduceInputGroups" : 67589773,
      "reduceInputRecords" : 79679848,
      "reduceShuffleBytes" : 2658198729,
      "reduceOutputRecords" : 67589773,
      "spilledRecords" : 79679848,
      "shuffleFinished" : 1575695784858,
      "sortFinished" : 1575695784885,
      "location" : {
        "layers" : [ "default-rack", "slave1" ]
      },
      "clockSplits" : [ 5857, 140536, 221, 221, 221, 221, 221, 221, 33700, 34424, 34425, 34127 ],
      "cpuUsages" : [ 944, 11737, 1023, 1022, 1023, 1022, 1023, 1022, 60218, 60033, 64224, 61139 ],
      "physMemKbytes" : [ 65794, 164263, 173883, 178981, 184080, 189178, 194277, 199374, 219803, 232006, 236150, 240024 ],
      "resourceUsageMetrics" : {
        "cumulativeCpuUsage" : 264430,
        "virtualMemoryUsage" : 2147098624,
        "physicalMemoryUsage" : 246927360,
        "heapUsage" : 135790592
      },
      "vmemKbytes" : [ 780016, 1993575, 2081097, 2082000, 2082904, 2083807, 2084711, 2085614, 2095786, 2096776, 2096775, 2096776 ]
    } ],
    "preferredLocations" : [ ]
  }, {
    "inputBytes" : 2658695084,
    "inputRecords" : 79694574,
    "outputBytes" : 1608820777,
    "outputRecords" : 67600228,
    "taskID" : "task_1572946766556_1065_r_000001",
    "startTime" : 1575695438227,
    "finishTime" : 1575695942614,
    "taskType" : "REDUCE",
    "taskStatus" : "SUCCESS",
    "attempts" : [ {
      "attemptID" : "attempt_1572946766556_1065_r_000001_0",
      "result" : "SUCCESS",
      "startTime" : 1575695638633,
      "finishTime" : 1575695942614,
      "hostName" : "/default-rack/slave3",
      "hdfsBytesRead" : 0,
      "hdfsBytesWritten" : 1608820777,
      "fileBytesRead" : 2658695084,
      "fileBytesWritten" : 2658819181,
      "mapInputRecords" : -1,
      "mapInputBytes" : -1,
      "mapOutputBytes" : -1,
      "mapOutputRecords" : -1,
      "combineInputRecords" : 0,
      "reduceInputGroups" : 67600228,
      "reduceInputRecords" : 79694574,
      "reduceShuffleBytes" : 2658695084,
      "reduceOutputRecords" : 67600228,
      "spilledRecords" : 79694574,
      "shuffleFinished" : 1575695804612,
      "sortFinished" : 1575695804637,
      "location" : {
        "layers" : [ "default-rack", "slave3" ]
      },
      "clockSplits" : [ 13169, 117738, 35276, 545, 544, 545, 545, 545, 31981, 34358, 34157, 34567 ],
      "cpuUsages" : [ 4932, 5112, 9868, 1449, 1449, 1448, 1449, 1448, 57393, 59015, 58396, 62021 ],
      "physMemKbytes" : [ 163066, 159632, 156014, 160692, 170269, 179846, 189424, 199001, 215847, 217324, 220143, 227546 ],
      "resourceUsageMetrics" : {
        "cumulativeCpuUsage" : 263980,
        "virtualMemoryUsage" : 2138488832,
        "physicalMemoryUsage" : 236494848,
        "heapUsage" : 136839168
      },
      "vmemKbytes" : [ 2072880, 2073079, 2073289, 2074825, 2076801, 2078776, 2080752, 2082727, 2089777, 2088368, 2088367, 2088368 ]
    } ],
    "preferredLocations" : [ ]
  }, {
    "inputBytes" : 2658326038,
    "inputRecords" : 79683598,
    "outputBytes" : 1608699243,
    "outputRecords" : 67595139,
    "taskID" : "task_1572946766556_1065_r_000002",
    "startTime" : 1575695438227,
    "finishTime" : 1575695944400,
    "taskType" : "REDUCE",
    "taskStatus" : "SUCCESS",
    "attempts" : [ {
      "attemptID" : "attempt_1572946766556_1065_r_000002_0",
      "result" : "SUCCESS",
      "startTime" : 1575695638638,
      "finishTime" : 1575695944400,
      "hostName" : "/default-rack/slave5",
      "hdfsBytesRead" : 0,
      "hdfsBytesWritten" : 1608699243,
      "fileBytesRead" : 2658326038,
      "fileBytesWritten" : 2658450135,
      "mapInputRecords" : -1,
      "mapInputBytes" : -1,
      "mapOutputBytes" : -1,
      "mapOutputRecords" : -1,
      "combineInputRecords" : 0,
      "reduceInputGroups" : 67595139,
      "reduceInputRecords" : 79683598,
      "reduceShuffleBytes" : 2658326038,
      "reduceOutputRecords" : 67595139,
      "spilledRecords" : 79683598,
      "shuffleFinished" : 1575695804677,
      "sortFinished" : 1575695804705,
      "location" : {
        "layers" : [ "default-rack", "slave5" ]
      },
      "clockSplits" : [ 13295, 130198, 22595, 54, 55, 55, 55, 54, 35146, 35271, 34309, 34665 ],
      "cpuUsages" : [ 6547, 11847, 10417, 726, 725, 725, 725, 726, 63929, 58706, 58810, 58767 ],
      "physMemKbytes" : [ 165701, 165464, 164558, 167699, 174185, 180670, 187156, 193641, 215097, 217114, 220424, 222469 ],
      "resourceUsageMetrics" : {
        "cumulativeCpuUsage" : 272650,
        "virtualMemoryUsage" : 2137804800,
        "physicalMemoryUsage" : 228732928,
        "heapUsage" : 134217728
      },
      "vmemKbytes" : [ 2075028, 2075028, 2075138, 2076683, 2078672, 2080660, 2082649, 2084636, 2087607, 2087700, 2087699, 2087700 ]
    } ],
    "preferredLocations" : [ ]
  } ],
  "otherTasks" : [ ],
  "successfulMapAttemptCDFs" : [ {
    "numberValues" : 0,
    "minimum" : -9223372036854775808,
    "rankings" : [ ],
    "maximum" : 9223372036854775807
  }, {
    "numberValues" : 0,
    "minimum" : -9223372036854775808,
    "rankings" : [ ],
    "maximum" : 9223372036854775807
  }, {
    "numberValues" : 0,
    "minimum" : -9223372036854775808,
    "rankings" : [ ],
    "maximum" : 9223372036854775807
  }, {
    "numberValues" : 3,
    "minimum" : 195255,
    "rankings" : [ {
      "relativeRanking" : 0.05,
      "datum" : 195255
    }, {
      "relativeRanking" : 0.1,
      "datum" : 195255
    }, {
      "relativeRanking" : 0.15,
      "datum" : 195255
    }, {
      "relativeRanking" : 0.2,
      "datum" : 195255
    }, {
      "relativeRanking" : 0.25,
      "datum" : 195255
    }, {
      "relativeRanking" : 0.3,
      "datum" : 195255
    }, {
      "relativeRanking" : 0.35,
      "datum" : 195255
    }, {
      "relativeRanking" : 0.4,
      "datum" : 195255
    }, {
      "relativeRanking" : 0.45,
      "datum" : 195255
    }, {
      "relativeRanking" : 0.5,
      "datum" : 195255
    }, {
      "relativeRanking" : 0.55,
      "datum" : 195255
    }, {
      "relativeRanking" : 0.6,
      "datum" : 195255
    }, {
      "relativeRanking" : 0.65,
      "datum" : 195255
    }, {
      "relativeRanking" : 0.7,
      "datum" : 328458
    }, {
      "relativeRanking" : 0.75,
      "datum" : 328458
    }, {
      "relativeRanking" : 0.8,
      "datum" : 328458
    }, {
      "relativeRanking" : 0.85,
      "datum" : 328458
    }, {
      "relativeRanking" : 0.9,
      "datum" : 328458
    }, {
      "relativeRanking" : 0.95,
      "datum" : 328458
    } ],
    "maximum" : 343090
  } ],
  "failedMapAttemptCDFs" : [ {
    "numberValues" : 0,
    "minimum" : -9223372036854775808,
    "rankings" : [ ],
    "maximum" : 9223372036854775807
  }, {
    "numberValues" : 0,
    "minimum" : -9223372036854775808,
    "rankings" : [ ],
    "maximum" : 9223372036854775807
  }, {
    "numberValues" : 0,
    "minimum" : -9223372036854775808,
    "rankings" : [ ],
    "maximum" : 9223372036854775807
  }, {
    "numberValues" : 0,
    "minimum" : -9223372036854775808,
    "rankings" : [ ],
    "maximum" : 9223372036854775807
  } ],
  "successfulReduceAttemptCDF" : {
    "numberValues" : 3,
    "minimum" : 284409,
    "rankings" : [ {
      "relativeRanking" : 0.05,
      "datum" : 284409
    }, {
      "relativeRanking" : 0.1,
      "datum" : 284409
    }, {
      "relativeRanking" : 0.15,
      "datum" : 284409
    }, {
      "relativeRanking" : 0.2,
      "datum" : 284409
    }, {
      "relativeRanking" : 0.25,
      "datum" : 284409
    }, {
      "relativeRanking" : 0.3,
      "datum" : 284409
    }, {
      "relativeRanking" : 0.35,
      "datum" : 284409
    }, {
      "relativeRanking" : 0.4,
      "datum" : 284409
    }, {
      "relativeRanking" : 0.45,
      "datum" : 284409
    }, {
      "relativeRanking" : 0.5,
      "datum" : 284409
    }, {
      "relativeRanking" : 0.55,
      "datum" : 284409
    }, {
      "relativeRanking" : 0.6,
      "datum" : 284409
    }, {
      "relativeRanking" : 0.65,
      "datum" : 284409
    }, {
      "relativeRanking" : 0.7,
      "datum" : 303981
    }, {
      "relativeRanking" : 0.75,
      "datum" : 303981
    }, {
      "relativeRanking" : 0.8,
      "datum" : 303981
    }, {
      "relativeRanking" : 0.85,
      "datum" : 303981
    }, {
      "relativeRanking" : 0.9,
      "datum" : 303981
    }, {
      "relativeRanking" : 0.95,
      "datum" : 303981
    } ],
    "maximum" : 305762
  },
  "failedReduceAttemptCDF" : {
    "numberValues" : 0,
    "minimum" : -9223372036854775808,
    "rankings" : [ ],
    "maximum" : 9223372036854775807
  },
  "queue" : "default",
  "jobName" : "CAC_Count-[1575695296191-Similarity2-END]",
  "clusterMapMB" : -1,
  "clusterReduceMB" : -1,
  "jobMapMB" : -1,
  "jobReduceMB" : -1,
  "relativeTime" : 0,
  "mapperTriesToSucceed" : [ 1.0 ],
  "failedMapperFraction" : 0.0,
  "jobProperties" : { }
}