{
  "jobID" : "job_1572946766556_1064",
  "user" : "hadoop",
  "computonsPerMapInputByte" : -1,
  "computonsPerMapOutputByte" : -1,
  "computonsPerReduceInputByte" : -1,
  "computonsPerReduceOutputByte" : -1,
  "submitTime" : 1575695298909,
  "launchTime" : 1575695302639,
  "finishTime" : 1575695432074,
  "heapMegabytes" : -1,
  "totalMaps" : 2,
  "totalReduces" : 3,
  "outcome" : "SUCCESS",
  "jobtype" : "JAVA",
  "priority" : "NORMAL",
  "directDependantJobs" : [ ],
  "mapTasks" : [ {
    "inputBytes" : 7745257,
    "inputRecords" : 246569,
    "outputBytes" : 32289411,
    "outputRecords" : 934712,
    "taskID" : "task_1572946766556_1064_m_000000",
    "startTime" : 1575695302687,
    "finishTime" : 1575695366809,
    "taskType" : "MAP",
    "taskStatus" : "SUCCESS",
    "attempts" : [ {
      "attemptID" : "attempt_1572946766556_1064_m_000000_0",
      "result" : "SUCCESS",
      "startTime" : 1575695304848,
      "finishTime" : 1575695366809,
      "hostName" : "/default-rack/slave2",
      "hdfsBytesRead" : 7745257,
      "hdfsBytesWritten" : 0,
      "fileBytesRead" : 0,
      "fileBytesWritten" : 32289411,
      "mapInputRecords" : 246569,
      "mapInputBytes" : -1,
      "mapOutputBytes" : 30296128,
      "mapOutputRecords" : 934712,
      "combineInputRecords" : 0,
      "reduceInputGroups" : -1,
      "reduceInputRecords" : -1,
      "reduceShuffleBytes" : -1,
      "reduceOutputRecords" : -1,
      "spilledRecords" : 934712,
      "shuffleFinished" : -1,
      "sortFinished" : -1,
      "location" : {
        "layers" : [ "default-rack", "slave2" ]
      },
      "clockSplits" : [ 11052, 7302, 7156, 7166, 7178, 6887, 7024, 7213, 244, 241, 241, 241 ],
      "cpuUsages" : [ 145282, 106792, 104865, 105382, 103043, 99484, 103939, 100751, 1214, 776, 776, 776 ],
      "physMemKbytes" : [ 222763, 347181, 357710, 361396, 366732, 365870, 365940, 366003, 363855, 359434, 355012, 350591 ],
      "resourceUsageMetrics" : {
        "cumulativeCpuUsage" : 873080,
        "virtualMemoryUsage" : 2122354688,
        "physicalMemoryUsage" : 356741120,
        "heapUsage" : 192937984
      },
      "vmemKbytes" : [ 1378901, 2075243, 2072612, 2072611, 2072612, 2072611, 2072612, 2072611, 2072612, 2072612, 2072611, 2072612 ]
    }, {
      "attemptID" : "attempt_1572946766556_1064_m_000000_1",
      "result" : "KILLED",
      "startTime" : 1575695318789,
      "finishTime" : 1575695366841,
      "hostName" : "/default-rack/slave4",
      "hdfsBytesRead" : 5243025,
      "hdfsBytesWritten" : 0,
      "fileBytesRead" : 0,
      "fileBytesWritten" : 123761,
      "mapInputRecords" : 167388,
      "mapInputBytes" : -1,
      "mapOutputBytes" : 20119629,
      "mapOutputRecords" : 620390,
      "combineInputRecords" : 0,
      "reduceInputGroups" : -1,
      "reduceInputRecords" : -1,
      "reduceShuffleBytes" : -1,
      "reduceOutputRecords" : -1,
      "spilledRecords" : 0,
      "shuffleFinished" : -1,
      "sortFinished" : -1,
      "location" : {
        "layers" : [ "default-rack", "slave4" ]
      },
      "clockSplits" : [ 10922, 8092, 7980, 7877, 8249, 2991, 318, 319, 318, 319, 318, 319 ],
      "cpuUsages" : [ 150830, 141593, 135358, 131650, 136615, 47644, 0, 0, 0, 0, 0, 0 ],
      "physMemKbytes" : [ 232848, 360731, 359299, 364274, 368710, 368523, 368524, 368523, 368524, 368524, 368523, 368524 ],
      "resourceUsageMetrics" : {
        "cumulativeCpuUsage" : 743690,
        "virtualMemoryUsage" : 2123546624,
        "physicalMemoryUsage" : 377368576,
        "heapUsage" : 192413696
      },
      "vmemKbytes" : [ 1385676, 2075699, 2073776, 2073775, 2073776, 2073775, 2073776, 2073775, 2073776, 2073776, 2073775, 2073776 ]
    } ],
    "preferredLocations" : [ ]
  }, {
    "inputBytes" : 1279951,
    "inputRecords" : 32202,
    "outputBytes" : 4613252,
    "outputRecords" : 203769,
    "taskID" : "task_1572946766556_1064_m_000001",
    "startTime" : 1575695302689,
    "finishTime" : 1575695316553,
    "taskType" : "MAP",
    "taskStatus" : "SUCCESS",
    "attempts" : [ {
      "attemptID" : "attempt_1572946766556_1064_m_000001_0",
      "result" : "SUCCESS",
      "startTime" : 1575695304844,
      "finishTime" : 1575695316553,
      "hostName" : "/default-rack/slave5",
      "hdfsBytesRead" : 1279951,
      "hdfsBytesWritten" : 0,
      "fileBytesRead" : 0,
      "fileBytesWritten" : 4613252,
      "mapInputRecords" : 32202,
      "mapInputBytes" : -1,
      "mapOutputBytes" : 4081855,
      "mapOutputRecords" : 203769,
      "combineInputRecords" : 0,
      "reduceInputGroups" : -1,
      "reduceInputRecords" : -1,
      "reduceShuffleBytes" : -1,
      "reduceOutputRecords" : -1,
      "spilledRecords" : 203769,
      "shuffleFinished" : -1,
      "sortFinished" : -1,
      "location" : {
        "layers" : [ "default-rack", "slave5" ]
      },
      "clockSplits" : [ 1400, 1401, 1400, 1401, 1400, 1437, 1478, 1391, 93, 93, 93, 93 ],
      "cpuUsages" : [ 17914, 17915, 17914, 17915, 17915, 23562, 30151, 21789, 1813, 1814, 1814, 1814 ],
      "physMemKbytes" : [ 31574, 94723, 157872, 221021, 284171, 341197, 355184, 360418, 358893, 354994, 351095, 347197 ],
      "resourceUsageMetrics" : {
        "cumulativeCpuUsage" : 172330,
        "virtualMemoryUsage" : 2124976128,
        "physicalMemoryUsage" : 353533952,
        "heapUsage" : 174063616
      },
      "vmemKbytes" : [ 187340, 562022, 936703, 1311384, 1686066, 2020847, 2075172, 2075171, 2075172, 2075172, 2075171, 2075172 ]
    } ],
    "preferredLocations" : [ ]
  } ],
  "reduceTasks" : [ {
    "inputBytes" : 13316912,
    "inputRecords" : 412432,
    "outputBytes" : 9598928,
    "outputRecords" : 3960,
    "taskID" : "task_1572946766556_1064_r_000000",
    "startTime" : 1575695302690,
    "finishTime" : 1575695431953,
    "taskType" : "REDUCE",
    "taskStatus" : "SUCCESS",
    "attempts" : [ {
      "attemptID" : "attempt_1572946766556_1064_r_000000_0",
      "result" : "SUCCESS",
      "startTime" : 1575695318789,
      "finishTime" : 1575695431953,
      "hostName" : "/default-rack/slave2",
      "hdfsBytesRead" : 0,
      "hdfsBytesWritten" : 9598928,
      "fileBytesRead" : 13316906,
      "fileBytesWritten" : 13440644,
      "mapInputRecords" : -1,
      "mapInputBytes" : -1,
      "mapOutputBytes" : -1,
      "mapOutputRecords" : -1,
      "combineInputRecords" : 0,
      "reduceInputGroups" : 3960,
      "reduceInputRecords" : 412432,
      "reduceShuffleBytes" : 13316912,
      "reduceOutputRecords" : 3960,
      "spilledRecords" : 412432,
      "shuffleFinished" : 1575695367057,
      "sortFinished" : 1575695367328,
      "location" : {
        "layers" : [ "default-rack", "slave2" ]
      },
      "clockSplits" : [ 4030, 4031, 40830, 339, 338, 339, 338, 339, 2955, 22813, 19359, 17440 ],
      "cpuUsages" : [ 374, 375, 4031, 1351, 1350, 1351, 1351, 1350, 8506, 67487, 53143, 45631 ],
      "physMemKbytes" : [ 40369, 121109, 171587, 179634, 187683, 195730, 203779, 211826, 221934, 250352, 265581, 271126 ],
      "resourceUsageMetrics" : {
        "cumulativeCpuUsage" : 186300,
        "virtualMemoryUsage" : 2130014208,
        "physicalMemoryUsage" : 277786624,
        "heapUsage" : 157810688
      },
      "vmemKbytes" : [ 517897, 1553693, 2072263, 2073607, 2074952, 2076296, 2077641, 2078984, 2080021, 2080092, 2080091, 2080092 ]
    } ],
    "preferredLocations" : [ ]
  }, {
    "inputBytes" : 10820170,
    "inputRecords" : 331716,
    "outputBytes" : 7676048,
    "outputRecords" : 3964,
    "taskID" : "task_1572946766556_1064_r_000001",
    "startTime" : 1575695302690,
    "finishTime" : 1575695407425,
    "taskType" : "REDUCE",
    "taskStatus" : "SUCCESS",
    "attempts" : [ {
      "attemptID" : "attempt_1572946766556_1064_r_000001_0",
      "result" : "SUCCESS",
      "startTime" : 1575695318799,
      "finishTime" : 1575695407425,
      "hostName" : "/default-rack/slave3",
      "hdfsBytesRead" : 0,
      "hdfsBytesWritten" : 7676048,
      "fileBytesRead" : 10820164,
      "fileBytesWritten" : 10943902,
      "mapInputRecords" : -1,
      "mapInputBytes" : -1,
      "mapOutputBytes" : -1,
      "mapOutputRecords" : -1,
      "combineInputRecords" : 0,
      "reduceInputGroups" : 3964,
      "reduceInputRecords" : 331716,
      "reduceShuffleBytes" : 10820170,
      "reduceOutputRecords" : 3964,
      "spilledRecords" : 331716,
      "shuffleFinished" : 1575695367894,
      "sortFinished" : 1575695368070,
      "location" : {
        "layers" : [ "default-rack", "slave3" ]
      },
      "clockSplits" : [ 3908, 3909, 41635, 186, 186, 185, 186, 186, 4390, 20360, 7542, 5939 ],
      "cpuUsages" : [ 284, 285, 3368, 1178, 1178, 1178, 1178, 1178, 15200, 75142, 26166, 19885 ],
      "physMemKbytes" : [ 40622, 121868, 176795, 184818, 192842, 200865, 208889, 216912, 228053, 247995, 258684, 258959 ],
      "resourceUsageMetrics" : {
        "cumulativeCpuUsage" : 146220,
        "virtualMemoryUsage" : 2129125376,
        "physicalMemoryUsage" : 264605696,
        "heapUsage" : 146800640
      },
      "vmemKbytes" : [ 518482, 1555448, 2074562, 2075823, 2077084, 2078345, 2079606, 2080867, 2081706, 2079460, 2079223, 2079224 ]
    } ],
    "preferredLocations" : [ ]
  }, {
    "inputBytes" : 12517899,
    "inputRecords" : 394333,
    "outputBytes" : 8988289,
    "outputRecords" : 3919,
    "taskID" : "task_1572946766556_1064_r_000002",
    "startTime" : 1575695302690,
    "finishTime" : 1575695412605,
    "taskType" : "REDUCE",
    "taskStatus" : "SUCCESS",
    "attempts" : [ {
      "attemptID" : "attempt_1572946766556_1064_r_000002_0",
      "result" : "SUCCESS",
      "startTime" : 1575695318794,
      "finishTime" : 1575695412605,
      "hostName" : "/default-rack/slave1",
      "hdfsBytesRead" : 0,
      "hdfsBytesWritten" : 8988289,
      "fileBytesRead" : 12517893,
      "fileBytesWritten" : 12641631,
      "mapInputRecords" : -1,
      "mapInputBytes" : -1,
      "mapOutputBytes" : -1,
      "mapOutputRecords" : -1,
      "combineInputRecords" : 0,
      "reduceInputGroups" : 3919,
      "reduceInputRecords" : 394333,
      "reduceShuffleBytes" : 12517899,
      "reduceOutputRecords" : 3919,
      "spilledRecords" : 394333,
      "shuffleFinished" : 1575695366960,
      "sortFinished" : 1575695367157,
      "location" : {
        "layers" : [ "default-rack", "slave1" ]
      },
      "clockSplits" : [ 3940, 3941, 40817, 336, 336, 336, 336, 335, 2767, 19856, 12619, 8180 ],
      "cpuUsages" : [ 214, 215, 3831, 1670, 1671, 1670, 1671, 1670, 10207, 76177, 47843, 30101 ],
      "physMemKbytes" : [ 40305, 120917, 180416, 186939, 193462, 199984, 206507, 213029, 220447, 240553, 252045, 252489 ],
      "resourceUsageMetrics" : {
        "cumulativeCpuUsage" : 176940,
        "virtualMemoryUsage" : 2127187968,
        "physicalMemoryUsage" : 258732032,
        "heapUsage" : 144703488
      },
      "vmemKbytes" : [ 517862, 1553588, 2072261, 2073880, 2075501, 2077120, 2078741, 2080360, 2081694, 2078074, 2077331, 2077332 ]
    } ],
    "preferredLocations" : [ ]
  } ],
  "otherTasks" : [ ],
  "successfulMapAttemptCDFs" : [ {
    "numberValues" : 0,
    "minimum" : -9223372036854775808,
    "rankings" : [ ],
    "maximum" : 9223372036854775807
  }, {
    "numberValues" : 0,
    "minimum" : -9223372036854775808,
    "rankings" : [ ],
    "maximum" : 9223372036854775807
  }, {
    "numberValues" : 0,
    "minimum" : -9223372036854775808,
    "rankings" : [ ],
    "maximum" : 9223372036854775807
  }, {
    "numberValues" : 2,
    "minimum" : 11709,
    "rankings" : [ {
      "relativeRanking" : 0.05,
      "datum" : 11709
    }, {
      "relativeRanking" : 0.1,
      "datum" : 11709
    }, {
      "relativeRanking" : 0.15,
      "datum" : 11709
    }, {
      "relativeRanking" : 0.2,
      "datum" : 11709
    }, {
      "relativeRanking" : 0.25,
      "datum" : 11709
    }, {
      "relativeRanking" : 0.3,
      "datum" : 11709
    }, {
      "relativeRanking" : 0.35,
      "datum" : 11709
    }, {
      "relativeRanking" : 0.4,
      "datum" : 11709
    }, {
      "relativeRanking" : 0.45,
      "datum" : 11709
    }, {
      "relativeRanking" : 0.5,
      "datum" : 11709
    }, {
      "relativeRanking" : 0.55,
      "datum" : 11709
    }, {
      "relativeRanking" : 0.6,
      "datum" : 11709
    }, {
      "relativeRanking" : 0.65,
      "datum" : 11709
    }, {
      "relativeRanking" : 0.7,
      "datum" : 11709
    }, {
      "relativeRanking" : 0.75,
      "datum" : 11709
    }, {
      "relativeRanking" : 0.8,
      "datum" : 11709
    }, {
      "relativeRanking" : 0.85,
      "datum" : 11709
    }, {
      "relativeRanking" : 0.9,
      "datum" : 11709
    }, {
      "relativeRanking" : 0.95,
      "datum" : 11709
    } ],
    "maximum" : 61961
  } ],
  "failedMapAttemptCDFs" : [ {
    "numberValues" : 0,
    "minimum" : -9223372036854775808,
    "rankings" : [ ],
    "maximum" : 9223372036854775807
  }, {
    "numberValues" : 0,
    "minimum" : -9223372036854775808,
    "rankings" : [ ],
    "maximum" : 9223372036854775807
  }, {
    "numberValues" : 0,
    "minimum" : -9223372036854775808,
    "rankings" : [ ],
    "maximum" : 9223372036854775807
  }, {
    "numberValues" : 0,
    "minimum" : -9223372036854775808,
    "rankings" : [ ],
    "maximum" : 9223372036854775807
  } ],
  "successfulReduceAttemptCDF" : {
    "numberValues" : 3,
    "minimum" : 88626,
    "rankings" : [ {
      "relativeRanking" : 0.05,
      "datum" : 88626
    }, {
      "relativeRanking" : 0.1,
      "datum" : 88626
    }, {
      "relativeRanking" : 0.15,
      "datum" : 88626
    }, {
      "relativeRanking" : 0.2,
      "datum" : 88626
    }, {
      "relativeRanking" : 0.25,
      "datum" : 88626
    }, {
      "relativeRanking" : 0.3,
      "datum" : 88626
    }, {
      "relativeRanking" : 0.35,
      "datum" : 88626
    }, {
      "relativeRanking" : 0.4,
      "datum" : 88626
    }, {
      "relativeRanking" : 0.45,
      "datum" : 88626
    }, {
      "relativeRanking" : 0.5,
      "datum" : 88626
    }, {
      "relativeRanking" : 0.55,
      "datum" : 88626
    }, {
      "relativeRanking" : 0.6,
      "datum" : 88626
    }, {
      "relativeRanking" : 0.65,
      "datum" : 88626
    }, {
      "relativeRanking" : 0.7,
      "datum" : 93811
    }, {
      "relativeRanking" : 0.75,
      "datum" : 93811
    }, {
      "relativeRanking" : 0.8,
      "datum" : 93811
    }, {
      "relativeRanking" : 0.85,
      "datum" : 93811
    }, {
      "relativeRanking" : 0.9,
      "datum" : 93811
    }, {
      "relativeRanking" : 0.95,
      "datum" : 93811
    } ],
    "maximum" : 113164
  },
  "failedReduceAttemptCDF" : {
    "numberValues" : 0,
    "minimum" : -9223372036854775808,
    "rankings" : [ ],
    "maximum" : 9223372036854775807
  },
  "queue" : "default",
  "jobName" : "CAC_Count-[1575695296191-Indexing1]",
  "clusterMapMB" : -1,
  "clusterReduceMB" : -1,
  "jobMapMB" : -1,
  "jobReduceMB" : -1,
  "relativeTime" : 0,
  "mapperTriesToSucceed" : [ 1.0 ],
  "failedMapperFraction" : 0.0,
  "jobProperties" : { }
}