{
  "jobID" : "job_1600222256971_1111",
  "user" : "hadoop",
  "computonsPerMapInputByte" : -1,
  "computonsPerMapOutputByte" : -1,
  "computonsPerReduceInputByte" : -1,
  "computonsPerReduceOutputByte" : -1,
  "submitTime" : 1601023387891,
  "launchTime" : 1601023391569,
  "finishTime" : 1601023411739,
  "heapMegabytes" : -1,
  "totalMaps" : 8,
  "totalReduces" : 4,
  "outcome" : "SUCCESS",
  "jobtype" : "JAVA",
  "priority" : "NORMAL",
  "directDependantJobs" : [ ],
  "mapTasks" : [ {
    "inputBytes" : 134217938,
    "inputRecords" : 1342178,
    "outputBytes" : 279298038,
    "outputRecords" : 1342178,
    "taskID" : "task_1600222256971_1111_m_000000",
    "startTime" : 1601023391642,
    "finishTime" : 1601023401259,
    "taskType" : "MAP",
    "taskStatus" : "SUCCESS",
    "attempts" : [ {
      "attemptID" : "attempt_1600222256971_1111_m_000000_0",
      "result" : "SUCCESS",
      "startTime" : 1601023393804,
      "finishTime" : 1601023401259,
      "hostName" : "/default-rack/slave2",
      "hdfsBytesRead" : 134217938,
      "hdfsBytesWritten" : 0,
      "fileBytesRead" : 140480729,
      "fileBytesWritten" : 279298038,
      "mapInputRecords" : 1342178,
      "mapInputBytes" : -1,
      "mapOutputBytes" : 136902156,
      "mapOutputRecords" : 1342178,
      "combineInputRecords" : 0,
      "reduceInputGroups" : -1,
      "reduceInputRecords" : -1,
      "reduceShuffleBytes" : -1,
      "reduceOutputRecords" : -1,
      "spilledRecords" : 2684356,
      "shuffleFinished" : -1,
      "sortFinished" : -1,
      "location" : {
        "layers" : [ "default-rack", "slave2" ]
      },
      "clockSplits" : [ 5549, 172, 173, 172, 173, 172, 172, 173, 172, 173, 172, 173 ],
      "cpuUsages" : [ 897, 898, 897, 898, 897, 898, 897, 898, 897, 898, 897, 898 ],
      "physMemKbytes" : [ 11790, 35370, 58950, 82530, 106111, 129691, 153272, 176851, 200432, 224013, 247592, 271173 ],
      "vmemKbytes" : [ 83881, 251643, 419405, 587166, 754929, 922690, 1090453, 1258214, 1425977, 1593739, 1761500, 1929263 ],
      "resourceUsageMetrics" : {
        "cumulativeCpuUsage" : 10770,
        "virtualMemoryUsage" : 2061459456,
        "physicalMemoryUsage" : 289755136,
        "heapUsage" : 197656576
      }
    } ],
    "preferredLocations" : [ ]
  }, {
    "inputBytes" : 134217838,
    "inputRecords" : 1342177,
    "outputBytes" : 279297830,
    "outputRecords" : 1342177,
    "taskID" : "task_1600222256971_1111_m_000001",
    "startTime" : 1601023391643,
    "finishTime" : 1601023402774,
    "taskType" : "MAP",
    "taskStatus" : "SUCCESS",
    "attempts" : [ {
      "attemptID" : "attempt_1600222256971_1111_m_000001_0",
      "result" : "SUCCESS",
      "startTime" : 1601023393813,
      "finishTime" : 1601023402774,
      "hostName" : "/default-rack/slave3",
      "hdfsBytesRead" : 134217838,
      "hdfsBytesWritten" : 0,
      "fileBytesRead" : 140203089,
      "fileBytesWritten" : 279297830,
      "mapInputRecords" : 1342177,
      "mapInputBytes" : -1,
      "mapOutputBytes" : 136902054,
      "mapOutputRecords" : 1342177,
      "combineInputRecords" : 0,
      "reduceInputGroups" : -1,
      "reduceInputRecords" : -1,
      "reduceShuffleBytes" : -1,
      "reduceOutputRecords" : -1,
      "spilledRecords" : 2684354,
      "shuffleFinished" : -1,
      "sortFinished" : -1,
      "location" : {
        "layers" : [ "default-rack", "slave3" ]
      },
      "clockSplits" : [ 7115, 111, 112, 111, 112, 111, 112, 111, 213, 280, 280, 281 ],
      "cpuUsages" : [ 1513, 1513, 1514, 1513, 1514, 1513, 1513, 1514, 999, 658, 658, 658 ],
      "physMemKbytes" : [ 17165, 51495, 85826, 120157, 154488, 188818, 223149, 257480, 285592, 288303, 288290, 288278 ],
      "vmemKbytes" : [ 120122, 360368, 600614, 840859, 1081105, 1321350, 1561597, 1801842, 1998580, 2017624, 2017623, 2017624 ],
      "resourceUsageMetrics" : {
        "cumulativeCpuUsage" : 15080,
        "virtualMemoryUsage" : 2066046976,
        "physicalMemoryUsage" : 295190528,
        "heapUsage" : 197656576
      }
    } ],
    "preferredLocations" : [ ]
  }, {
    "inputBytes" : 134217838,
    "inputRecords" : 1342177,
    "outputBytes" : 279297830,
    "outputRecords" : 1342177,
    "taskID" : "task_1600222256971_1111_m_000002",
    "startTime" : 1601023391643,
    "finishTime" : 1601023400434,
    "taskType" : "MAP",
    "taskStatus" : "SUCCESS",
    "attempts" : [ {
      "attemptID" : "attempt_1600222256971_1111_m_000002_0",
      "result" : "SUCCESS",
      "startTime" : 1601023393811,
      "finishTime" : 1601023400434,
      "hostName" : "/default-rack/slave5",
      "hdfsBytesRead" : 134217838,
      "hdfsBytesWritten" : 0,
      "fileBytesRead" : 140337041,
      "fileBytesWritten" : 279297830,
      "mapInputRecords" : 1342177,
      "mapInputBytes" : -1,
      "mapOutputBytes" : 136902054,
      "mapOutputRecords" : 1342177,
      "combineInputRecords" : 0,
      "reduceInputGroups" : -1,
      "reduceInputRecords" : -1,
      "reduceShuffleBytes" : -1,
      "reduceOutputRecords" : -1,
      "spilledRecords" : 2684354,
      "shuffleFinished" : -1,
      "sortFinished" : -1,
      "location" : {
        "layers" : [ "default-rack", "slave5" ]
      },
      "clockSplits" : [ 5017, 145, 145, 144, 145, 145, 144, 145, 145, 144, 145, 145 ],
      "cpuUsages" : [ 790, 791, 791, 791, 791, 791, 790, 791, 791, 791, 791, 791 ],
      "physMemKbytes" : [ 12014, 36042, 60070, 84097, 108126, 132153, 156182, 180209, 204238, 228266, 252293, 276322 ],
      "vmemKbytes" : [ 84009, 252028, 420047, 588066, 756085, 924104, 1092123, 1260142, 1428161, 1596180, 1764199, 1932218 ],
      "resourceUsageMetrics" : {
        "cumulativeCpuUsage" : 9490,
        "virtualMemoryUsage" : 2064617472,
        "physicalMemoryUsage" : 295256064,
        "heapUsage" : 198180864
      }
    } ],
    "preferredLocations" : [ ]
  }, {
    "inputBytes" : 134217938,
    "inputRecords" : 1342178,
    "outputBytes" : 279298038,
    "outputRecords" : 1342178,
    "taskID" : "task_1600222256971_1111_m_000003",
    "startTime" : 1601023391643,
    "finishTime" : 1601023402062,
    "taskType" : "MAP",
    "taskStatus" : "SUCCESS",
    "attempts" : [ {
      "attemptID" : "attempt_1600222256971_1111_m_000003_0",
      "result" : "SUCCESS",
      "startTime" : 1601023393813,
      "finishTime" : 1601023402062,
      "hostName" : "/default-rack/slave1",
      "hdfsBytesRead" : 134217938,
      "hdfsBytesWritten" : 0,
      "fileBytesRead" : 140347545,
      "fileBytesWritten" : 279298038,
      "mapInputRecords" : 1342178,
      "mapInputBytes" : -1,
      "mapOutputBytes" : 136902156,
      "mapOutputRecords" : 1342178,
      "combineInputRecords" : 0,
      "reduceInputGroups" : -1,
      "reduceInputRecords" : -1,
      "reduceShuffleBytes" : -1,
      "reduceOutputRecords" : -1,
      "spilledRecords" : 2684356,
      "shuffleFinished" : -1,
      "sortFinished" : -1,
      "location" : {
        "layers" : [ "default-rack", "slave1" ]
      },
      "clockSplits" : [ 6560, 130, 130, 130, 130, 130, 130, 131, 130, 130, 205, 300 ],
      "cpuUsages" : [ 1245, 1245, 1246, 1245, 1245, 1246, 1245, 1246, 1245, 1245, 969, 618 ],
      "physMemKbytes" : [ 13579, 40737, 67896, 95054, 122213, 149372, 176531, 203689, 230848, 258007, 282460, 286146 ],
      "vmemKbytes" : [ 95373, 286120, 476867, 667614, 858362, 1049109, 1239857, 1430604, 1621351, 1812099, 1984296, 2014096 ],
      "resourceUsageMetrics" : {
        "cumulativeCpuUsage" : 14040,
        "virtualMemoryUsage" : 2062434304,
        "physicalMemoryUsage" : 292675584,
        "heapUsage" : 197132288
      }
    }, {
      "attemptID" : "attempt_1600222256971_1111_m_000003_1",
      "result" : "KILLED",
      "startTime" : 1601023401656,
      "finishTime" : 1601023402088,
      "hostName" : "/default-rack/slave3",
      "hdfsBytesRead" : -1,
      "hdfsBytesWritten" : -1,
      "fileBytesRead" : -1,
      "fileBytesWritten" : -1,
      "mapInputRecords" : -1,
      "mapInputBytes" : -1,
      "mapOutputBytes" : -1,
      "mapOutputRecords" : -1,
      "combineInputRecords" : -1,
      "reduceInputGroups" : -1,
      "reduceInputRecords" : -1,
      "reduceShuffleBytes" : -1,
      "reduceOutputRecords" : -1,
      "spilledRecords" : -1,
      "shuffleFinished" : -1,
      "sortFinished" : -1,
      "location" : {
        "layers" : [ "default-rack", "slave3" ]
      },
      "clockSplits" : [ 34, 34, 34, 34, 34, 34, 34, 34, 34, 34, 34, 34 ],
      "cpuUsages" : [ 0, 0, 0, 0, 0, 0, 0, 0, 0, 0, 0, 0 ],
      "physMemKbytes" : [ 0, 0, 0, 0, 0, 0, 0, 0, 0, 0, 0, 0 ],
      "vmemKbytes" : [ 0, 0, 0, 0, 0, 0, 0, 0, 0, 0, 0, 0 ],
      "resourceUsageMetrics" : {
        "cumulativeCpuUsage" : 0,
        "virtualMemoryUsage" : 0,
        "physicalMemoryUsage" : 0,
        "heapUsage" : 0
      }
    } ],
    "preferredLocations" : [ ]
  }, {
    "inputBytes" : 134217838,
    "inputRecords" : 1342177,
    "outputBytes" : 279297830,
    "outputRecords" : 1342177,
    "taskID" : "task_1600222256971_1111_m_000004",
    "startTime" : 1601023391644,
    "finishTime" : 1601023401623,
    "taskType" : "MAP",
    "taskStatus" : "SUCCESS",
    "attempts" : [ {
      "attemptID" : "attempt_1600222256971_1111_m_000004_0",
      "result" : "SUCCESS",
      "startTime" : 1601023393814,
      "finishTime" : 1601023401623,
      "hostName" : "/default-rack/slave1",
      "hdfsBytesRead" : 134217838,
      "hdfsBytesWritten" : 0,
      "fileBytesRead" : 140294361,
      "fileBytesWritten" : 279297830,
      "mapInputRecords" : 1342177,
      "mapInputBytes" : -1,
      "mapOutputBytes" : 136902054,
      "mapOutputRecords" : 1342177,
      "combineInputRecords" : 0,
      "reduceInputGroups" : -1,
      "reduceInputRecords" : -1,
      "reduceShuffleBytes" : -1,
      "reduceOutputRecords" : -1,
      "spilledRecords" : 2684354,
      "shuffleFinished" : -1,
      "sortFinished" : -1,
      "location" : {
        "layers" : [ "default-rack", "slave1" ]
      },
      "clockSplits" : [ 5849, 177, 177, 177, 177, 177, 177, 177, 177, 177, 177, 178 ],
      "cpuUsages" : [ 1027, 1028, 1027, 1028, 1027, 1028, 1027, 1028, 1027, 1028, 1027, 1028 ],
      "physMemKbytes" : [ 11970, 35910, 59851, 83791, 107732, 131673, 155614, 179554, 203495, 227436, 251376, 275317 ],
      "vmemKbytes" : [ 83981, 251944, 419907, 587870, 755833, 923796, 1091759, 1259722, 1427685, 1595648, 1763611, 1931574 ],
      "resourceUsageMetrics" : {
        "cumulativeCpuUsage" : 12330,
        "virtualMemoryUsage" : 2063929344,
        "physicalMemoryUsage" : 294182912,
        "heapUsage" : 197656576
      }
    } ],
    "preferredLocations" : [ ]
  }, {
    "inputBytes" : 134217838,
    "inputRecords" : 1342177,
    "outputBytes" : 279297830,
    "outputRecords" : 1342177,
    "taskID" : "task_1600222256971_1111_m_000005",
    "startTime" : 1601023391644,
    "finishTime" : 1601023401399,
    "taskType" : "MAP",
    "taskStatus" : "SUCCESS",
    "attempts" : [ {
      "attemptID" : "attempt_1600222256971_1111_m_000005_0",
      "result" : "SUCCESS",
      "startTime" : 1601023393810,
      "finishTime" : 1601023401399,
      "hostName" : "/default-rack/slave4",
      "hdfsBytesRead" : 134217838,
      "hdfsBytesWritten" : 0,
      "fileBytesRead" : 140440449,
      "fileBytesWritten" : 279297830,
      "mapInputRecords" : 1342177,
      "mapInputBytes" : -1,
      "mapOutputBytes" : 136902054,
      "mapOutputRecords" : 1342177,
      "combineInputRecords" : 0,
      "reduceInputGroups" : -1,
      "reduceInputRecords" : -1,
      "reduceShuffleBytes" : -1,
      "reduceOutputRecords" : -1,
      "spilledRecords" : 2684354,
      "shuffleFinished" : -1,
      "sortFinished" : -1,
      "location" : {
        "layers" : [ "default-rack", "slave4" ]
      },
      "clockSplits" : [ 5890, 153, 153, 154, 153, 153, 153, 154, 153, 153, 153, 154 ],
      "cpuUsages" : [ 963, 963, 964, 963, 963, 964, 963, 963, 964, 963, 963, 964 ],
      "physMemKbytes" : [ 11695, 35085, 58476, 81866, 105257, 128648, 152039, 175429, 198820, 222211, 245601, 268992 ],
      "vmemKbytes" : [ 83907, 251721, 419535, 587349, 755164, 922978, 1090793, 1258606, 1426421, 1594236, 1762049, 1929864 ],
      "resourceUsageMetrics" : {
        "cumulativeCpuUsage" : 11560,
        "virtualMemoryUsage" : 2062102528,
        "physicalMemoryUsage" : 287424512,
        "heapUsage" : 187695104
      }
    } ],
    "preferredLocations" : [ ]
  }, {
    "inputBytes" : 97346938,
    "inputRecords" : 973468,
    "outputBytes" : 202606334,
    "outputRecords" : 973468,
    "taskID" : "task_1600222256971_1111_m_000006",
    "startTime" : 1601023391644,
    "finishTime" : 1601023400051,
    "taskType" : "MAP",
    "taskStatus" : "SUCCESS",
    "attempts" : [ {
      "attemptID" : "attempt_1600222256971_1111_m_000006_0",
      "result" : "SUCCESS",
      "startTime" : 1601023393812,
      "finishTime" : 1601023400051,
      "hostName" : "/default-rack/slave2",
      "hdfsBytesRead" : 97346938,
      "hdfsBytesWritten" : 0,
      "fileBytesRead" : 101902235,
      "fileBytesWritten" : 202606334,
      "mapInputRecords" : 973468,
      "mapInputBytes" : -1,
      "mapOutputBytes" : 99293736,
      "mapOutputRecords" : 973468,
      "combineInputRecords" : 0,
      "reduceInputGroups" : -1,
      "reduceInputRecords" : -1,
      "reduceShuffleBytes" : -1,
      "reduceOutputRecords" : -1,
      "spilledRecords" : 1946936,
      "shuffleFinished" : -1,
      "sortFinished" : -1,
      "location" : {
        "layers" : [ "default-rack", "slave2" ]
      },
      "clockSplits" : [ 4127, 190, 190, 189, 190, 190, 189, 190, 190, 189, 190, 190 ],
      "cpuUsages" : [ 710, 711, 711, 711, 711, 711, 710, 711, 711, 711, 711, 711 ],
      "physMemKbytes" : [ 12120, 36362, 60604, 84845, 109087, 133328, 157570, 181811, 206054, 230295, 254536, 278779 ],
      "vmemKbytes" : [ 83943, 251830, 419718, 587605, 755492, 923379, 1091267, 1259154, 1427042, 1594929, 1762816, 1930704 ],
      "resourceUsageMetrics" : {
        "cumulativeCpuUsage" : 8530,
        "virtualMemoryUsage" : 2062999552,
        "physicalMemoryUsage" : 297881600,
        "heapUsage" : 198180864
      }
    } ],
    "preferredLocations" : [ ]
  }, {
    "inputBytes" : 97346938,
    "inputRecords" : 973468,
    "outputBytes" : 202606334,
    "outputRecords" : 973468,
    "taskID" : "task_1600222256971_1111_m_000007",
    "startTime" : 1601023391644,
    "finishTime" : 1601023400769,
    "taskType" : "MAP",
    "taskStatus" : "SUCCESS",
    "attempts" : [ {
      "attemptID" : "attempt_1600222256971_1111_m_000007_0",
      "result" : "SUCCESS",
      "startTime" : 1601023393813,
      "finishTime" : 1601023400769,
      "hostName" : "/default-rack/slave1",
      "hdfsBytesRead" : 97346938,
      "hdfsBytesWritten" : 0,
      "fileBytesRead" : 101825347,
      "fileBytesWritten" : 202606334,
      "mapInputRecords" : 973468,
      "mapInputBytes" : -1,
      "mapOutputBytes" : 99293736,
      "mapOutputRecords" : 973468,
      "combineInputRecords" : 0,
      "reduceInputGroups" : -1,
      "reduceInputRecords" : -1,
      "reduceShuffleBytes" : -1,
      "reduceOutputRecords" : -1,
      "spilledRecords" : 1946936,
      "shuffleFinished" : -1,
      "sortFinished" : -1,
      "location" : {
        "layers" : [ "default-rack", "slave1" ]
      },
      "clockSplits" : [ 5081, 169, 170, 169, 169, 170, 169, 169, 170, 169, 169, 170 ],
      "cpuUsages" : [ 937, 938, 937, 938, 937, 938, 937, 938, 937, 938, 937, 938 ],
      "physMemKbytes" : [ 12101, 36305, 60509, 84712, 108916, 133119, 157323, 181526, 205731, 229934, 254137, 278342 ],
      "vmemKbytes" : [ 84080, 252240, 420400, 588560, 756721, 924881, 1093042, 1261201, 1429362, 1597523, 1765682, 1933843 ],
      "resourceUsageMetrics" : {
        "cumulativeCpuUsage" : 11250,
        "virtualMemoryUsage" : 2066354176,
        "physicalMemoryUsage" : 297414656,
        "heapUsage" : 198180864
      }
    } ],
    "preferredLocations" : [ ]
  } ],
  "reduceTasks" : [ {
    "inputBytes" : 260313400,
    "inputRecords" : 2503013,
    "outputBytes" : 250301300,
    "outputRecords" : 2503013,
    "taskID" : "task_1600222256971_1111_r_000000",
    "startTime" : 1601023391644,
    "finishTime" : 1601023410765,
    "taskType" : "REDUCE",
    "taskStatus" : "SUCCESS",
    "attempts" : [ {
      "attemptID" : "attempt_1600222256971_1111_r_000000_0",
      "result" : "SUCCESS",
      "startTime" : 1601023402681,
      "finishTime" : 1601023410765,
      "hostName" : "/default-rack/slave1",
      "hdfsBytesRead" : 0,
      "hdfsBytesWritten" : 250301300,
      "fileBytesRead" : 260313394,
      "fileBytesWritten" : 260438161,
      "mapInputRecords" : -1,
      "mapInputBytes" : -1,
      "mapOutputBytes" : -1,
      "mapOutputRecords" : -1,
      "combineInputRecords" : 0,
      "reduceInputGroups" : 2503013,
      "reduceInputRecords" : 2503013,
      "reduceShuffleBytes" : 260313400,
      "reduceOutputRecords" : 2503013,
      "spilledRecords" : 2503013,
      "shuffleFinished" : 1601023407441,
      "sortFinished" : 1601023407690,
      "location" : {
        "layers" : [ "default-rack", "slave1" ]
      },
      "clockSplits" : [ 5259, 246, 246, 246, 246, 247, 246, 246, 246, 246, 246, 247 ],
      "cpuUsages" : [ 999, 999, 999, 999, 999, 1000, 999, 999, 999, 999, 999, 1000 ],
      "physMemKbytes" : [ 9788, 29365, 48942, 68519, 88096, 107673, 127250, 146827, 166404, 185981, 205558, 225135 ],
      "vmemKbytes" : [ 84814, 254443, 424074, 593703, 763333, 932962, 1102592, 1272221, 1441852, 1611481, 1781110, 1950741 ],
      "resourceUsageMetrics" : {
        "cumulativeCpuUsage" : 12490,
        "virtualMemoryUsage" : 2084409344,
        "physicalMemoryUsage" : 240709632,
        "heapUsage" : 130023424
      }
    } ],
    "preferredLocations" : [ ]
  }, {
    "inputBytes" : 260014816,
    "inputRecords" : 2500142,
    "outputBytes" : 250014200,
    "outputRecords" : 2500142,
    "taskID" : "task_1600222256971_1111_r_000001",
    "startTime" : 1601023391645,
    "finishTime" : 1601023411567,
    "taskType" : "REDUCE",
    "taskStatus" : "SUCCESS",
    "attempts" : [ {
      "attemptID" : "attempt_1600222256971_1111_r_000001_0",
      "result" : "SUCCESS",
      "startTime" : 1601023402690,
      "finishTime" : 1601023411567,
      "hostName" : "/default-rack/slave3",
      "hdfsBytesRead" : 0,
      "hdfsBytesWritten" : 250014200,
      "fileBytesRead" : 260014810,
      "fileBytesWritten" : 260139577,
      "mapInputRecords" : -1,
      "mapInputBytes" : -1,
      "mapOutputBytes" : -1,
      "mapOutputRecords" : -1,
      "combineInputRecords" : 0,
      "reduceInputGroups" : 2500142,
      "reduceInputRecords" : 2500142,
      "reduceShuffleBytes" : 260014816,
      "reduceOutputRecords" : 2500142,
      "spilledRecords" : 2500142,
      "shuffleFinished" : 1601023408626,
      "sortFinished" : 1601023408881,
      "location" : {
        "layers" : [ "default-rack", "slave3" ]
      },
      "clockSplits" : [ 6357, 163, 163, 163, 163, 163, 163, 163, 163, 163, 345, 697 ],
      "cpuUsages" : [ 994, 995, 994, 995, 994, 995, 994, 995, 994, 995, 1248, 1737 ],
      "physMemKbytes" : [ 11049, 33147, 55246, 77344, 99443, 121541, 143640, 165738, 187837, 209936, 230724, 235259 ],
      "vmemKbytes" : [ 95160, 285482, 475804, 666125, 856448, 1046769, 1237092, 1427413, 1617736, 1808058, 1987252, 2028460 ],
      "resourceUsageMetrics" : {
        "cumulativeCpuUsage" : 12930,
        "virtualMemoryUsage" : 2077143040,
        "physicalMemoryUsage" : 240742400,
        "heapUsage" : 128974848
      }
    } ],
    "preferredLocations" : [ ]
  }, {
    "inputBytes" : 258962856,
    "inputRecords" : 2490027,
    "outputBytes" : 249002700,
    "outputRecords" : 2490027,
    "taskID" : "task_1600222256971_1111_r_000002",
    "startTime" : 1601023391645,
    "finishTime" : 1601023410371,
    "taskType" : "REDUCE",
    "taskStatus" : "SUCCESS",
    "attempts" : [ {
      "attemptID" : "attempt_1600222256971_1111_r_000002_0",
      "result" : "SUCCESS",
      "startTime" : 1601023402682,
      "finishTime" : 1601023410371,
      "hostName" : "/default-rack/slave1",
      "hdfsBytesRead" : 0,
      "hdfsBytesWritten" : 249002700,
      "fileBytesRead" : 258962850,
      "fileBytesWritten" : 259087617,
      "mapInputRecords" : -1,
      "mapInputBytes" : -1,
      "mapOutputBytes" : -1,
      "mapOutputRecords" : -1,
      "combineInputRecords" : 0,
      "reduceInputGroups" : 2490027,
      "reduceInputRecords" : 2490027,
      "reduceShuffleBytes" : 258962856,
      "reduceOutputRecords" : 2490027,
      "spilledRecords" : 2490027,
      "shuffleFinished" : 1601023407441,
      "sortFinished" : 1601023407696,
      "location" : {
        "layers" : [ "default-rack", "slave1" ]
      },
      "clockSplits" : [ 5238, 222, 222, 222, 221, 222, 222, 222, 221, 222, 222, 222 ],
      "cpuUsages" : [ 1074, 1074, 1074, 1074, 1074, 1075, 1074, 1074, 1074, 1074, 1074, 1075 ],
      "physMemKbytes" : [ 9965, 29895, 49825, 69755, 89686, 109616, 129547, 149476, 169407, 189338, 209267, 229198 ],
      "vmemKbytes" : [ 84487, 253462, 422439, 591414, 760390, 929365, 1098341, 1267316, 1436293, 1605268, 1774243, 1943220 ],
      "resourceUsageMetrics" : {
        "cumulativeCpuUsage" : 12890,
        "virtualMemoryUsage" : 2076372992,
        "physicalMemoryUsage" : 244903936,
        "heapUsage" : 130023424
      }
    } ],
    "preferredLocations" : [ ]
  }, {
    "inputBytes" : 260709120,
    "inputRecords" : 2506818,
    "outputBytes" : 250681800,
    "outputRecords" : 2506818,
    "taskID" : "task_1600222256971_1111_r_000003",
    "startTime" : 1601023391645,
    "finishTime" : 1601023411656,
    "taskType" : "REDUCE",
    "taskStatus" : "SUCCESS",
    "attempts" : [ {
      "attemptID" : "attempt_1600222256971_1111_r_000003_0",
      "result" : "SUCCESS",
      "startTime" : 1601023402689,
      "finishTime" : 1601023411656,
      "hostName" : "/default-rack/slave3",
      "hdfsBytesRead" : 0,
      "hdfsBytesWritten" : 250681800,
      "fileBytesRead" : 260709114,
      "fileBytesWritten" : 260833881,
      "mapInputRecords" : -1,
      "mapInputBytes" : -1,
      "mapOutputBytes" : -1,
      "mapOutputRecords" : -1,
      "combineInputRecords" : 0,
      "reduceInputGroups" : 2506818,
      "reduceInputRecords" : 2506818,
      "reduceShuffleBytes" : 260709120,
      "reduceOutputRecords" : 2506818,
      "spilledRecords" : 2506818,
      "shuffleFinished" : 1601023408634,
      "sortFinished" : 1601023408882,
      "location" : {
        "layers" : [ "default-rack", "slave3" ]
      },
      "clockSplits" : [ 6353, 157, 158, 157, 157, 158, 157, 158, 157, 157, 519, 668 ],
      "cpuUsages" : [ 1101, 1102, 1102, 1101, 1102, 1102, 1102, 1101, 1102, 1102, 1370, 1483 ],
      "physMemKbytes" : [ 14311, 42933, 71556, 100179, 128802, 157425, 186048, 214671, 243294, 271917, 293116, 293309 ],
      "vmemKbytes" : [ 98747, 296241, 493735, 691228, 888723, 1086216, 1283711, 1481204, 1678699, 1876193, 2023957, 2031019 ],
      "resourceUsageMetrics" : {
        "cumulativeCpuUsage" : 13870,
        "virtualMemoryUsage" : 2079006720,
        "physicalMemoryUsage" : 299794432,
        "heapUsage" : 200278016
      }
    } ],
    "preferredLocations" : [ ]
  } ],
  "otherTasks" : [ ],
  "successfulMapAttemptCDFs" : [ {
    "numberValues" : 0,
    "minimum" : -9223372036854775808,
    "rankings" : [ ],
    "maximum" : 9223372036854775807
  }, {
    "numberValues" : 0,
    "minimum" : -9223372036854775808,
    "rankings" : [ ],
    "maximum" : 9223372036854775807
  }, {
    "numberValues" : 0,
    "minimum" : -9223372036854775808,
    "rankings" : [ ],
    "maximum" : 9223372036854775807
  }, {
    "numberValues" : 8,
    "minimum" : 6239,
    "rankings" : [ {
      "relativeRanking" : 0.05,
      "datum" : 6239
    }, {
      "relativeRanking" : 0.1,
      "datum" : 6239
    }, {
      "relativeRanking" : 0.15,
      "datum" : 6239
    }, {
      "relativeRanking" : 0.2,
      "datum" : 6239
    }, {
      "relativeRanking" : 0.25,
      "datum" : 6623
    }, {
      "relativeRanking" : 0.3,
      "datum" : 6623
    }, {
      "relativeRanking" : 0.35,
      "datum" : 6623
    }, {
      "relativeRanking" : 0.4,
      "datum" : 6956
    }, {
      "relativeRanking" : 0.45,
      "datum" : 6956
    }, {
      "relativeRanking" : 0.5,
      "datum" : 7455
    }, {
      "relativeRanking" : 0.55,
      "datum" : 7455
    }, {
      "relativeRanking" : 0.6,
      "datum" : 7455
    }, {
      "relativeRanking" : 0.65,
      "datum" : 7589
    }, {
      "relativeRanking" : 0.7,
      "datum" : 7589
    }, {
      "relativeRanking" : 0.75,
      "datum" : 7809
    }, {
      "relativeRanking" : 0.8,
      "datum" : 7809
    }, {
      "relativeRanking" : 0.85,
      "datum" : 7809
    }, {
      "relativeRanking" : 0.9,
      "datum" : 8249
    }, {
      "relativeRanking" : 0.95,
      "datum" : 8249
    } ],
    "maximum" : 8961
  } ],
  "failedMapAttemptCDFs" : [ {
    "numberValues" : 0,
    "minimum" : -9223372036854775808,
    "rankings" : [ ],
    "maximum" : 9223372036854775807
  }, {
    "numberValues" : 0,
    "minimum" : -9223372036854775808,
    "rankings" : [ ],
    "maximum" : 9223372036854775807
  }, {
    "numberValues" : 0,
    "minimum" : -9223372036854775808,
    "rankings" : [ ],
    "maximum" : 9223372036854775807
  }, {
    "numberValues" : 0,
    "minimum" : -9223372036854775808,
    "rankings" : [ ],
    "maximum" : 9223372036854775807
  } ],
  "successfulReduceAttemptCDF" : {
    "numberValues" : 4,
    "minimum" : 7689,
    "rankings" : [ {
      "relativeRanking" : 0.05,
      "datum" : 7689
    }, {
      "relativeRanking" : 0.1,
      "datum" : 7689
    }, {
      "relativeRanking" : 0.15,
      "datum" : 7689
    }, {
      "relativeRanking" : 0.2,
      "datum" : 7689
    }, {
      "relativeRanking" : 0.25,
      "datum" : 7689
    }, {
      "relativeRanking" : 0.3,
      "datum" : 7689
    }, {
      "relativeRanking" : 0.35,
      "datum" : 7689
    }, {
      "relativeRanking" : 0.4,
      "datum" : 7689
    }, {
      "relativeRanking" : 0.45,
      "datum" : 7689
    }, {
      "relativeRanking" : 0.5,
      "datum" : 8084
    }, {
      "relativeRanking" : 0.55,
      "datum" : 8084
    }, {
      "relativeRanking" : 0.6,
      "datum" : 8084
    }, {
      "relativeRanking" : 0.65,
      "datum" : 8084
    }, {
      "relativeRanking" : 0.7,
      "datum" : 8084
    }, {
      "relativeRanking" : 0.75,
      "datum" : 8877
    }, {
      "relativeRanking" : 0.8,
      "datum" : 8877
    }, {
      "relativeRanking" : 0.85,
      "datum" : 8877
    }, {
      "relativeRanking" : 0.9,
      "datum" : 8877
    }, {
      "relativeRanking" : 0.95,
      "datum" : 8877
    } ],
    "maximum" : 8967
  },
  "failedReduceAttemptCDF" : {
    "numberValues" : 0,
    "minimum" : -9223372036854775808,
    "rankings" : [ ],
    "maximum" : 9223372036854775807
  },
  "queue" : "default",
  "jobName" : "TeraSort-[1601023388223]",
  "clusterMapMB" : -1,
  "clusterReduceMB" : -1,
  "jobMapMB" : -1,
  "jobReduceMB" : -1,
  "relativeTime" : 0,
  "mapperTriesToSucceed" : [ 1.0 ],
  "failedMapperFraction" : 0.0,
  "jobProperties" : { }
}