{
  "jobID" : "job_1600222256971_1106",
  "user" : "hadoop",
  "computonsPerMapInputByte" : -1,
  "computonsPerMapOutputByte" : -1,
  "computonsPerReduceInputByte" : -1,
  "computonsPerReduceOutputByte" : -1,
  "submitTime" : 1601023211307,
  "launchTime" : 1601023215256,
  "finishTime" : 1601023236742,
  "heapMegabytes" : -1,
  "totalMaps" : 8,
  "totalReduces" : 2,
  "outcome" : "SUCCESS",
  "jobtype" : "JAVA",
  "priority" : "NORMAL",
  "directDependantJobs" : [ ],
  "mapTasks" : [ {
    "inputBytes" : 134217938,
    "inputRecords" : 1342178,
    "outputBytes" : 279297930,
    "outputRecords" : 1342178,
    "taskID" : "task_1600222256971_1106_m_000000",
    "startTime" : 1601023215353,
    "finishTime" : 1601023225041,
    "taskType" : "MAP",
    "taskStatus" : "SUCCESS",
    "attempts" : [ {
      "attemptID" : "attempt_1600222256971_1106_m_000000_0",
      "result" : "SUCCESS",
      "startTime" : 1601023217532,
      "finishTime" : 1601023225041,
      "hostName" : "/default-rack/slave2",
      "hdfsBytesRead" : 134217938,
      "hdfsBytesWritten" : 0,
      "fileBytesRead" : 139727915,
      "fileBytesWritten" : 279297930,
      "mapInputRecords" : 1342178,
      "mapInputBytes" : -1,
      "mapOutputBytes" : 136902156,
      "mapOutputRecords" : 1342178,
      "combineInputRecords" : 0,
      "reduceInputGroups" : -1,
      "reduceInputRecords" : -1,
      "reduceShuffleBytes" : -1,
      "reduceOutputRecords" : -1,
      "spilledRecords" : 2684356,
      "shuffleFinished" : -1,
      "sortFinished" : -1,
      "location" : {
        "layers" : [ "default-rack", "slave2" ]
      },
      "clockSplits" : [ 5470, 184, 184, 184, 184, 185, 184, 184, 184, 184, 184, 185 ],
      "cpuUsages" : [ 942, 943, 942, 943, 942, 943, 942, 943, 942, 943, 942, 943 ],
      "physMemKbytes" : [ 11885, 35656, 59428, 83199, 106970, 130741, 154513, 178284, 202056, 225827, 249598, 273370 ],
      "vmemKbytes" : [ 84040, 252120, 420200, 588280, 756361, 924441, 1092522, 1260601, 1428682, 1596763, 1764842, 1932923 ],
      "resourceUsageMetrics" : {
        "cumulativeCpuUsage" : 11310,
        "virtualMemoryUsage" : 2065371136,
        "physicalMemoryUsage" : 292102144,
        "heapUsage" : 197656576
      }
    } ],
    "preferredLocations" : [ ]
  }, {
    "inputBytes" : 134217838,
    "inputRecords" : 1342177,
    "outputBytes" : 279297722,
    "outputRecords" : 1342177,
    "taskID" : "task_1600222256971_1106_m_000001",
    "startTime" : 1601023215355,
    "finishTime" : 1601023224926,
    "taskType" : "MAP",
    "taskStatus" : "SUCCESS",
    "attempts" : [ {
      "attemptID" : "attempt_1600222256971_1106_m_000001_0",
      "result" : "SUCCESS",
      "startTime" : 1601023217532,
      "finishTime" : 1601023224926,
      "hostName" : "/default-rack/slave3",
      "hdfsBytesRead" : 134217838,
      "hdfsBytesWritten" : 0,
      "fileBytesRead" : 139820299,
      "fileBytesWritten" : 279297722,
      "mapInputRecords" : 1342177,
      "mapInputBytes" : -1,
      "mapOutputBytes" : 136902054,
      "mapOutputRecords" : 1342177,
      "combineInputRecords" : 0,
      "reduceInputGroups" : -1,
      "reduceInputRecords" : -1,
      "reduceShuffleBytes" : -1,
      "reduceOutputRecords" : -1,
      "spilledRecords" : 2684354,
      "shuffleFinished" : -1,
      "sortFinished" : -1,
      "location" : {
        "layers" : [ "default-rack", "slave3" ]
      },
      "clockSplits" : [ 5184, 200, 200, 199, 200, 200, 199, 200, 200, 199, 200, 200 ],
      "cpuUsages" : [ 955, 955, 955, 955, 955, 955, 955, 955, 955, 955, 955, 955 ],
      "physMemKbytes" : [ 12140, 36420, 60701, 84981, 109262, 133543, 157824, 182104, 206385, 230666, 254946, 279227 ],
      "vmemKbytes" : [ 84040, 252121, 420203, 588284, 756365, 924446, 1092528, 1260609, 1428691, 1596772, 1764853, 1932935 ],
      "resourceUsageMetrics" : {
        "cumulativeCpuUsage" : 11460,
        "virtualMemoryUsage" : 2065383424,
        "physicalMemoryUsage" : 298360832,
        "heapUsage" : 197656576
      }
    } ],
    "preferredLocations" : [ ]
  }, {
    "inputBytes" : 134217838,
    "inputRecords" : 1342177,
    "outputBytes" : 279297722,
    "outputRecords" : 1342177,
    "taskID" : "task_1600222256971_1106_m_000002",
    "startTime" : 1601023215355,
    "finishTime" : 1601023226155,
    "taskType" : "MAP",
    "taskStatus" : "SUCCESS",
    "attempts" : [ {
      "attemptID" : "attempt_1600222256971_1106_m_000002_0",
      "result" : "SUCCESS",
      "startTime" : 1601023217526,
      "finishTime" : 1601023226155,
      "hostName" : "/default-rack/slave5",
      "hdfsBytesRead" : 134217838,
      "hdfsBytesWritten" : 0,
      "fileBytesRead" : 139904955,
      "fileBytesWritten" : 279297722,
      "mapInputRecords" : 1342177,
      "mapInputBytes" : -1,
      "mapOutputBytes" : 136902054,
      "mapOutputRecords" : 1342177,
      "combineInputRecords" : 0,
      "reduceInputGroups" : -1,
      "reduceInputRecords" : -1,
      "reduceShuffleBytes" : -1,
      "reduceOutputRecords" : -1,
      "spilledRecords" : 2684354,
      "shuffleFinished" : -1,
      "sortFinished" : -1,
      "location" : {
        "layers" : [ "default-rack", "slave5" ]
      },
      "clockSplits" : [ 6530, 173, 173, 173, 174, 173, 173, 173, 173, 174, 231, 295 ],
      "cpuUsages" : [ 1201, 1202, 1201, 1202, 1201, 1202, 1202, 1201, 1202, 1201, 910, 595 ],
      "physMemKbytes" : [ 13549, 40647, 67745, 94842, 121941, 149039, 176138, 203235, 230334, 257432, 281329, 284449 ],
      "vmemKbytes" : [ 95802, 287406, 479010, 670613, 862218, 1053822, 1245427, 1437030, 1628635, 1820239, 1989713, 2015556 ],
      "resourceUsageMetrics" : {
        "cumulativeCpuUsage" : 13520,
        "virtualMemoryUsage" : 2063929344,
        "physicalMemoryUsage" : 290959360,
        "heapUsage" : 197656576
      }
    } ],
    "preferredLocations" : [ ]
  }, {
    "inputBytes" : 134217938,
    "inputRecords" : 1342178,
    "outputBytes" : 279297930,
    "outputRecords" : 1342178,
    "taskID" : "task_1600222256971_1106_m_000003",
    "startTime" : 1601023215355,
    "finishTime" : 1601023225431,
    "taskType" : "MAP",
    "taskStatus" : "SUCCESS",
    "attempts" : [ {
      "attemptID" : "attempt_1600222256971_1106_m_000003_0",
      "result" : "SUCCESS",
      "startTime" : 1601023217531,
      "finishTime" : 1601023225431,
      "hostName" : "/default-rack/slave5",
      "hdfsBytesRead" : 134217938,
      "hdfsBytesWritten" : 0,
      "fileBytesRead" : 139802379,
      "fileBytesWritten" : 279297930,
      "mapInputRecords" : 1342178,
      "mapInputBytes" : -1,
      "mapOutputBytes" : 136902156,
      "mapOutputRecords" : 1342178,
      "combineInputRecords" : 0,
      "reduceInputGroups" : -1,
      "reduceInputRecords" : -1,
      "reduceShuffleBytes" : -1,
      "reduceOutputRecords" : -1,
      "spilledRecords" : 2684356,
      "shuffleFinished" : -1,
      "sortFinished" : -1,
      "location" : {
        "layers" : [ "default-rack", "slave5" ]
      },
      "clockSplits" : [ 5879, 183, 183, 183, 182, 183, 183, 183, 182, 183, 183, 183 ],
      "cpuUsages" : [ 1058, 1058, 1059, 1058, 1058, 1059, 1058, 1058, 1059, 1058, 1058, 1059 ],
      "physMemKbytes" : [ 12006, 36020, 60034, 84047, 108061, 132074, 156088, 180101, 204116, 228129, 252142, 276157 ],
      "vmemKbytes" : [ 83992, 251976, 419961, 587945, 755930, 923915, 1091900, 1259884, 1427869, 1595854, 1763838, 1931823 ],
      "resourceUsageMetrics" : {
        "cumulativeCpuUsage" : 12700,
        "virtualMemoryUsage" : 2064195584,
        "physicalMemoryUsage" : 295079936,
        "heapUsage" : 198180864
      }
    } ],
    "preferredLocations" : [ ]
  }, {
    "inputBytes" : 134217838,
    "inputRecords" : 1342177,
    "outputBytes" : 279297722,
    "outputRecords" : 1342177,
    "taskID" : "task_1600222256971_1106_m_000004",
    "startTime" : 1601023215355,
    "finishTime" : 1601023223784,
    "taskType" : "MAP",
    "taskStatus" : "SUCCESS",
    "attempts" : [ {
      "attemptID" : "attempt_1600222256971_1106_m_000004_0",
      "result" : "SUCCESS",
      "startTime" : 1601023217532,
      "finishTime" : 1601023223784,
      "hostName" : "/default-rack/slave1",
      "hdfsBytesRead" : 134217838,
      "hdfsBytesWritten" : 0,
      "fileBytesRead" : 139895419,
      "fileBytesWritten" : 279297722,
      "mapInputRecords" : 1342177,
      "mapInputBytes" : -1,
      "mapOutputBytes" : 136902054,
      "mapOutputRecords" : 1342177,
      "combineInputRecords" : 0,
      "reduceInputGroups" : -1,
      "reduceInputRecords" : -1,
      "reduceShuffleBytes" : -1,
      "reduceOutputRecords" : -1,
      "spilledRecords" : 2684354,
      "shuffleFinished" : -1,
      "sortFinished" : -1,
      "location" : {
        "layers" : [ "default-rack", "slave1" ]
      },
      "clockSplits" : [ 4395, 168, 167, 168, 167, 168, 167, 168, 167, 168, 167, 168 ],
      "cpuUsages" : [ 836, 837, 837, 836, 837, 837, 836, 837, 837, 836, 837, 837 ],
      "physMemKbytes" : [ 12224, 36673, 61123, 85572, 110021, 134470, 158920, 183369, 207819, 232268, 256717, 281167 ],
      "vmemKbytes" : [ 83978, 251935, 419893, 587850, 755807, 923764, 1091722, 1259679, 1427637, 1595594, 1763551, 1931509 ],
      "resourceUsageMetrics" : {
        "cumulativeCpuUsage" : 10040,
        "virtualMemoryUsage" : 2063859712,
        "physicalMemoryUsage" : 300433408,
        "heapUsage" : 197656576
      }
    } ],
    "preferredLocations" : [ ]
  }, {
    "inputBytes" : 134217838,
    "inputRecords" : 1342177,
    "outputBytes" : 279297722,
    "outputRecords" : 1342177,
    "taskID" : "task_1600222256971_1106_m_000005",
    "startTime" : 1601023215356,
    "finishTime" : 1601023225175,
    "taskType" : "MAP",
    "taskStatus" : "SUCCESS",
    "attempts" : [ {
      "attemptID" : "attempt_1600222256971_1106_m_000005_0",
      "result" : "SUCCESS",
      "startTime" : 1601023217531,
      "finishTime" : 1601023225175,
      "hostName" : "/default-rack/slave4",
      "hdfsBytesRead" : 134217838,
      "hdfsBytesWritten" : 0,
      "fileBytesRead" : 139806851,
      "fileBytesWritten" : 279297722,
      "mapInputRecords" : 1342177,
      "mapInputBytes" : -1,
      "mapOutputBytes" : 136902054,
      "mapOutputRecords" : 1342177,
      "combineInputRecords" : 0,
      "reduceInputGroups" : -1,
      "reduceInputRecords" : -1,
      "reduceShuffleBytes" : -1,
      "reduceOutputRecords" : -1,
      "spilledRecords" : 2684354,
      "shuffleFinished" : -1,
      "sortFinished" : -1,
      "location" : {
        "layers" : [ "default-rack", "slave4" ]
      },
      "clockSplits" : [ 5716, 174, 174, 174, 174, 174, 174, 174, 174, 174, 174, 174 ],
      "cpuUsages" : [ 1025, 1026, 1026, 1026, 1026, 1026, 1025, 1026, 1026, 1026, 1026, 1026 ],
      "physMemKbytes" : [ 12067, 36202, 60338, 84473, 108608, 132743, 156879, 181014, 205150, 229285, 253420, 277556 ],
      "vmemKbytes" : [ 84110, 252330, 420550, 588769, 756990, 925209, 1093430, 1261649, 1429870, 1598090, 1766309, 1934530 ],
      "resourceUsageMetrics" : {
        "cumulativeCpuUsage" : 12310,
        "virtualMemoryUsage" : 2067087360,
        "physicalMemoryUsage" : 296574976,
        "heapUsage" : 197132288
      }
    }, {
      "attemptID" : "attempt_1600222256971_1106_m_000005_1",
      "result" : "KILLED",
      "startTime" : 1601023224352,
      "finishTime" : 1601023225204,
      "hostName" : "/default-rack/slave4",
      "hdfsBytesRead" : -1,
      "hdfsBytesWritten" : -1,
      "fileBytesRead" : -1,
      "fileBytesWritten" : -1,
      "mapInputRecords" : -1,
      "mapInputBytes" : -1,
      "mapOutputBytes" : -1,
      "mapOutputRecords" : -1,
      "combineInputRecords" : -1,
      "reduceInputGroups" : -1,
      "reduceInputRecords" : -1,
      "reduceShuffleBytes" : -1,
      "reduceOutputRecords" : -1,
      "spilledRecords" : -1,
      "shuffleFinished" : -1,
      "sortFinished" : -1,
      "location" : {
        "layers" : [ "default-rack", "slave4" ]
      },
      "clockSplits" : [ 68, 69, 69, 69, 68, 69, 69, 69, 68, 69, 69, 69 ],
      "cpuUsages" : [ 0, 0, 0, 0, 0, 0, 0, 0, 0, 0, 0, 0 ],
      "physMemKbytes" : [ 0, 0, 0, 0, 0, 0, 0, 0, 0, 0, 0, 0 ],
      "vmemKbytes" : [ 0, 0, 0, 0, 0, 0, 0, 0, 0, 0, 0, 0 ],
      "resourceUsageMetrics" : {
        "cumulativeCpuUsage" : 0,
        "virtualMemoryUsage" : 0,
        "physicalMemoryUsage" : 0,
        "heapUsage" : 0
      }
    } ],
    "preferredLocations" : [ ]
  }, {
    "inputBytes" : 97346938,
    "inputRecords" : 973468,
    "outputBytes" : 202606238,
    "outputRecords" : 973468,
    "taskID" : "task_1600222256971_1106_m_000006",
    "startTime" : 1601023215356,
    "finishTime" : 1601023223961,
    "taskType" : "MAP",
    "taskStatus" : "SUCCESS",
    "attempts" : [ {
      "attemptID" : "attempt_1600222256971_1106_m_000006_0",
      "result" : "SUCCESS",
      "startTime" : 1601023217531,
      "finishTime" : 1601023223961,
      "hostName" : "/default-rack/slave5",
      "hdfsBytesRead" : 97346938,
      "hdfsBytesWritten" : 0,
      "fileBytesRead" : 101380205,
      "fileBytesWritten" : 202606238,
      "mapInputRecords" : 973468,
      "mapInputBytes" : -1,
      "mapOutputBytes" : 99293736,
      "mapOutputRecords" : 973468,
      "combineInputRecords" : 0,
      "reduceInputGroups" : -1,
      "reduceInputRecords" : -1,
      "reduceShuffleBytes" : -1,
      "reduceOutputRecords" : -1,
      "spilledRecords" : 1946936,
      "shuffleFinished" : -1,
      "sortFinished" : -1,
      "location" : {
        "layers" : [ "default-rack", "slave5" ]
      },
      "clockSplits" : [ 4252, 197, 197, 197, 196, 197, 197, 197, 196, 197, 197, 197 ],
      "cpuUsages" : [ 840, 841, 841, 841, 841, 841, 840, 841, 841, 841, 841, 841 ],
      "physMemKbytes" : [ 12084, 36252, 60420, 84588, 108757, 132925, 157094, 181261, 205430, 229599, 253766, 277935 ],
      "vmemKbytes" : [ 84077, 252232, 420387, 588542, 756697, 924852, 1093007, 1261162, 1429317, 1597472, 1765627, 1933782 ],
      "resourceUsageMetrics" : {
        "cumulativeCpuUsage" : 10090,
        "virtualMemoryUsage" : 2066288640,
        "physicalMemoryUsage" : 296980480,
        "heapUsage" : 198180864
      }
    } ],
    "preferredLocations" : [ ]
  }, {
    "inputBytes" : 97346938,
    "inputRecords" : 973468,
    "outputBytes" : 202606238,
    "outputRecords" : 973468,
    "taskID" : "task_1600222256971_1106_m_000007",
    "startTime" : 1601023215356,
    "finishTime" : 1601023222978,
    "taskType" : "MAP",
    "taskStatus" : "SUCCESS",
    "attempts" : [ {
      "attemptID" : "attempt_1600222256971_1106_m_000007_0",
      "result" : "SUCCESS",
      "startTime" : 1601023217530,
      "finishTime" : 1601023222978,
      "hostName" : "/default-rack/slave1",
      "hdfsBytesRead" : 97346938,
      "hdfsBytesWritten" : 0,
      "fileBytesRead" : 101393901,
      "fileBytesWritten" : 202606238,
      "mapInputRecords" : 973468,
      "mapInputBytes" : -1,
      "mapOutputBytes" : 99293736,
      "mapOutputRecords" : 973468,
      "combineInputRecords" : 0,
      "reduceInputGroups" : -1,
      "reduceInputRecords" : -1,
      "reduceShuffleBytes" : -1,
      "reduceOutputRecords" : -1,
      "spilledRecords" : 1946936,
      "shuffleFinished" : -1,
      "sortFinished" : -1,
      "location" : {
        "layers" : [ "default-rack", "slave1" ]
      },
      "clockSplits" : [ 3288, 194, 195, 194, 194, 195, 194, 194, 195, 194, 194, 195 ],
      "cpuUsages" : [ 704, 704, 704, 704, 704, 705, 704, 704, 704, 704, 704, 705 ],
      "physMemKbytes" : [ 11799, 35398, 58998, 82597, 106196, 129795, 153395, 176994, 200594, 224193, 247792, 271392 ],
      "vmemKbytes" : [ 83958, 251874, 419790, 587706, 755623, 923539, 1091456, 1259371, 1427288, 1595205, 1763120, 1931037 ],
      "resourceUsageMetrics" : {
        "cumulativeCpuUsage" : 8450,
        "virtualMemoryUsage" : 2063355904,
        "physicalMemoryUsage" : 289988608,
        "heapUsage" : 197132288
      }
    } ],
    "preferredLocations" : [ ]
  } ],
  "reduceTasks" : [ {
    "inputBytes" : 520328168,
    "inputRecords" : 5003155,
    "outputBytes" : 500315500,
    "outputRecords" : 5003155,
    "taskID" : "task_1600222256971_1106_r_000000",
    "startTime" : 1601023215360,
    "finishTime" : 1601023236677,
    "taskType" : "REDUCE",
    "taskStatus" : "SUCCESS",
    "attempts" : [ {
      "attemptID" : "attempt_1600222256971_1106_r_000000_0",
      "result" : "SUCCESS",
      "startTime" : 1601023225367,
      "finishTime" : 1601023236677,
      "hostName" : "/default-rack/slave4",
      "hdfsBytesRead" : 0,
      "hdfsBytesWritten" : 500315500,
      "fileBytesRead" : 520328168,
      "fileBytesWritten" : 520452935,
      "mapInputRecords" : -1,
      "mapInputBytes" : -1,
      "mapOutputBytes" : -1,
      "mapOutputRecords" : -1,
      "combineInputRecords" : 0,
      "reduceInputGroups" : 5003155,
      "reduceInputRecords" : 5003155,
      "reduceShuffleBytes" : 520328168,
      "reduceOutputRecords" : 5003155,
      "spilledRecords" : 5003155,
      "shuffleFinished" : 1601023231383,
      "sortFinished" : 1601023231416,
      "location" : {
        "layers" : [ "default-rack", "slave4" ]
      },
      "clockSplits" : [ 6239, 196, 196, 197, 196, 196, 196, 197, 196, 901, 1188, 1400 ],
      "cpuUsages" : [ 1305, 1306, 1306, 1306, 1306, 1306, 1305, 1306, 1306, 2403, 2850, 3165 ],
      "physMemKbytes" : [ 11088, 33266, 55444, 77621, 99799, 121976, 144154, 166331, 188510, 205501, 208016, 209654 ],
      "vmemKbytes" : [ 108963, 326891, 544819, 762746, 980675, 1198602, 1416531, 1634458, 1852386, 2015228, 2024327, 2024328 ],
      "resourceUsageMetrics" : {
        "cumulativeCpuUsage" : 20170,
        "virtualMemoryUsage" : 2072911872,
        "physicalMemoryUsage" : 215257088,
        "heapUsage" : 132644864
      }
    } ],
    "preferredLocations" : [ ]
  }, {
    "inputBytes" : 519671928,
    "inputRecords" : 4996845,
    "outputBytes" : 499684500,
    "outputRecords" : 4996845,
    "taskID" : "task_1600222256971_1106_r_000001",
    "startTime" : 1601023215362,
    "finishTime" : 1601023236018,
    "taskType" : "REDUCE",
    "taskStatus" : "SUCCESS",
    "attempts" : [ {
      "attemptID" : "attempt_1600222256971_1106_r_000001_0",
      "result" : "SUCCESS",
      "startTime" : 1601023225368,
      "finishTime" : 1601023236018,
      "hostName" : "/default-rack/slave1",
      "hdfsBytesRead" : 0,
      "hdfsBytesWritten" : 499684500,
      "fileBytesRead" : 519671928,
      "fileBytesWritten" : 519796695,
      "mapInputRecords" : -1,
      "mapInputBytes" : -1,
      "mapOutputBytes" : -1,
      "mapOutputRecords" : -1,
      "combineInputRecords" : 0,
      "reduceInputGroups" : 4996845,
      "reduceInputRecords" : 4996845,
      "reduceShuffleBytes" : 519671928,
      "reduceOutputRecords" : 4996845,
      "spilledRecords" : 4996845,
      "shuffleFinished" : 1601023231174,
      "sortFinished" : 1601023231205,
      "location" : {
        "layers" : [ "default-rack", "slave1" ]
      },
      "clockSplits" : [ 6046, 206, 206, 205, 206, 206, 205, 206, 206, 581, 1183, 1183 ],
      "cpuUsages" : [ 1085, 1086, 1086, 1085, 1086, 1086, 1086, 1085, 1086, 1520, 2214, 2215 ],
      "physMemKbytes" : [ 10513, 31539, 52565, 73590, 94617, 115642, 136669, 157694, 178721, 198275, 203148, 204244 ],
      "vmemKbytes" : [ 105267, 315804, 526341, 736878, 947415, 1157952, 1368489, 1579026, 1789563, 1984550, 2024451, 2024452 ],
      "resourceUsageMetrics" : {
        "cumulativeCpuUsage" : 15720,
        "virtualMemoryUsage" : 2073038848,
        "physicalMemoryUsage" : 209707008,
        "heapUsage" : 135266304
      }
    } ],
    "preferredLocations" : [ ]
  } ],
  "otherTasks" : [ ],
  "successfulMapAttemptCDFs" : [ {
    "numberValues" : 0,
    "minimum" : -9223372036854775808,
    "rankings" : [ ],
    "maximum" : 9223372036854775807
  }, {
    "numberValues" : 0,
    "minimum" : -9223372036854775808,
    "rankings" : [ ],
    "maximum" : 9223372036854775807
  }, {
    "numberValues" : 0,
    "minimum" : -9223372036854775808,
    "rankings" : [ ],
    "maximum" : 9223372036854775807
  }, {
    "numberValues" : 8,
    "minimum" : 5448,
    "rankings" : [ {
      "relativeRanking" : 0.05,
      "datum" : 5448
    }, {
      "relativeRanking" : 0.1,
      "datum" : 5448
    }, {
      "relativeRanking" : 0.15,
      "datum" : 5448
    }, {
      "relativeRanking" : 0.2,
      "datum" : 5448
    }, {
      "relativeRanking" : 0.25,
      "datum" : 6252
    }, {
      "relativeRanking" : 0.3,
      "datum" : 6252
    }, {
      "relativeRanking" : 0.35,
      "datum" : 6252
    }, {
      "relativeRanking" : 0.4,
      "datum" : 6430
    }, {
      "relativeRanking" : 0.45,
      "datum" : 6430
    }, {
      "relativeRanking" : 0.5,
      "datum" : 7394
    }, {
      "relativeRanking" : 0.55,
      "datum" : 7394
    }, {
      "relativeRanking" : 0.6,
      "datum" : 7394
    }, {
      "relativeRanking" : 0.65,
      "datum" : 7509
    }, {
      "relativeRanking" : 0.7,
      "datum" : 7509
    }, {
      "relativeRanking" : 0.75,
      "datum" : 7644
    }, {
      "relativeRanking" : 0.8,
      "datum" : 7644
    }, {
      "relativeRanking" : 0.85,
      "datum" : 7644
    }, {
      "relativeRanking" : 0.9,
      "datum" : 7900
    }, {
      "relativeRanking" : 0.95,
      "datum" : 7900
    } ],
    "maximum" : 8629
  } ],
  "failedMapAttemptCDFs" : [ {
    "numberValues" : 0,
    "minimum" : -9223372036854775808,
    "rankings" : [ ],
    "maximum" : 9223372036854775807
  }, {
    "numberValues" : 0,
    "minimum" : -9223372036854775808,
    "rankings" : [ ],
    "maximum" : 9223372036854775807
  }, {
    "numberValues" : 0,
    "minimum" : -9223372036854775808,
    "rankings" : [ ],
    "maximum" : 9223372036854775807
  }, {
    "numberValues" : 0,
    "minimum" : -9223372036854775808,
    "rankings" : [ ],
    "maximum" : 9223372036854775807
  } ],
  "successfulReduceAttemptCDF" : {
    "numberValues" : 2,
    "minimum" : 10650,
    "rankings" : [ {
      "relativeRanking" : 0.05,
      "datum" : 10650
    }, {
      "relativeRanking" : 0.1,
      "datum" : 10650
    }, {
      "relativeRanking" : 0.15,
      "datum" : 10650
    }, {
      "relativeRanking" : 0.2,
      "datum" : 10650
    }, {
      "relativeRanking" : 0.25,
      "datum" : 10650
    }, {
      "relativeRanking" : 0.3,
      "datum" : 10650
    }, {
      "relativeRanking" : 0.35,
      "datum" : 10650
    }, {
      "relativeRanking" : 0.4,
      "datum" : 10650
    }, {
      "relativeRanking" : 0.45,
      "datum" : 10650
    }, {
      "relativeRanking" : 0.5,
      "datum" : 10650
    }, {
      "relativeRanking" : 0.55,
      "datum" : 10650
    }, {
      "relativeRanking" : 0.6,
      "datum" : 10650
    }, {
      "relativeRanking" : 0.65,
      "datum" : 10650
    }, {
      "relativeRanking" : 0.7,
      "datum" : 10650
    }, {
      "relativeRanking" : 0.75,
      "datum" : 10650
    }, {
      "relativeRanking" : 0.8,
      "datum" : 10650
    }, {
      "relativeRanking" : 0.85,
      "datum" : 10650
    }, {
      "relativeRanking" : 0.9,
      "datum" : 10650
    }, {
      "relativeRanking" : 0.95,
      "datum" : 10650
    } ],
    "maximum" : 11310
  },
  "failedReduceAttemptCDF" : {
    "numberValues" : 0,
    "minimum" : -9223372036854775808,
    "rankings" : [ ],
    "maximum" : 9223372036854775807
  },
  "queue" : "default",
  "jobName" : "TeraSort-[1601023210757]",
  "clusterMapMB" : -1,
  "clusterReduceMB" : -1,
  "jobMapMB" : -1,
  "jobReduceMB" : -1,
  "relativeTime" : 0,
  "mapperTriesToSucceed" : [ 1.0 ],
  "failedMapperFraction" : 0.0,
  "jobProperties" : { }
}