{
  "jobID" : "job_1600222256971_1096",
  "user" : "hadoop",
  "computonsPerMapInputByte" : -1,
  "computonsPerMapOutputByte" : -1,
  "computonsPerReduceInputByte" : -1,
  "computonsPerReduceOutputByte" : -1,
  "submitTime" : 1601022706894,
  "launchTime" : 1601022710793,
  "finishTime" : 1601022743448,
  "heapMegabytes" : -1,
  "totalMaps" : 2,
  "totalReduces" : 2,
  "outcome" : "SUCCESS",
  "jobtype" : "JAVA",
  "priority" : "NORMAL",
  "directDependantJobs" : [ ],
  "mapTasks" : [ {
    "inputBytes" : 79565870,
    "inputRecords" : 2570811,
    "outputBytes" : 140958802,
    "outputRecords" : 2570810,
    "taskID" : "task_1600222256971_1096_m_000000",
    "startTime" : 1601022710838,
    "finishTime" : 1601022727792,
    "taskType" : "MAP",
    "taskStatus" : "SUCCESS",
    "attempts" : [ {
      "attemptID" : "attempt_1600222256971_1096_m_000000_0",
      "result" : "SUCCESS",
      "startTime" : 1601022712994,
      "finishTime" : 1601022727792,
      "hostName" : "/default-rack/slave2",
      "hdfsBytesRead" : 79565870,
      "hdfsBytesWritten" : 0,
      "fileBytesRead" : 70579105,
      "fileBytesWritten" : 140958802,
      "mapInputRecords" : 2570811,
      "mapInputBytes" : -1,
      "mapOutputBytes" : 65275490,
      "mapOutputRecords" : 2570810,
      "combineInputRecords" : 0,
      "reduceInputGroups" : -1,
      "reduceInputRecords" : -1,
      "reduceShuffleBytes" : -1,
      "reduceOutputRecords" : -1,
      "spilledRecords" : 5141620,
      "shuffleFinished" : -1,
      "sortFinished" : -1,
      "location" : {
        "layers" : [ "default-rack", "slave2" ]
      },
      "clockSplits" : [ 1159, 1160, 1160, 1160, 1160, 1160, 1450, 3106, 1073, 1072, 672, 451 ],
      "cpuUsages" : [ 2237, 2238, 2237, 2238, 2238, 2237, 2873, 5686, 1959, 1960, 1378, 1059 ],
      "physMemKbytes" : [ 20019, 60058, 100099, 140138, 180179, 220218, 259815, 275706, 279109, 283079, 286463, 287792 ],
      "resourceUsageMetrics" : {
        "cumulativeCpuUsage" : 28340,
        "virtualMemoryUsage" : 2064044032,
        "physicalMemoryUsage" : 295288832,
        "heapUsage" : 208142336
      },
      "vmemKbytes" : [ 146871, 440613, 734355, 1028097, 1321840, 1615582, 1905863, 2011111, 2011747, 2012737, 2013784, 2015034 ]
    } ],
    "preferredLocations" : [ ]
  }, {
    "inputBytes" : 63092039,
    "inputRecords" : 1299730,
    "outputBytes" : 144540546,
    "outputRecords" : 1299729,
    "taskID" : "task_1600222256971_1096_m_000001",
    "startTime" : 1601022710840,
    "finishTime" : 1601022720931,
    "taskType" : "MAP",
    "taskStatus" : "SUCCESS",
    "attempts" : [ {
      "attemptID" : "attempt_1600222256971_1096_m_000001_0",
      "result" : "SUCCESS",
      "startTime" : 1601022712987,
      "finishTime" : 1601022720931,
      "hostName" : "/default-rack/slave2",
      "hdfsBytesRead" : 63092039,
      "hdfsBytesWritten" : 0,
      "fileBytesRead" : 72404788,
      "fileBytesWritten" : 144540546,
      "mapInputRecords" : 1299730,
      "mapInputBytes" : -1,
      "mapOutputBytes" : 69599284,
      "mapOutputRecords" : 1299729,
      "combineInputRecords" : 0,
      "reduceInputGroups" : -1,
      "reduceInputRecords" : -1,
      "reduceShuffleBytes" : -1,
      "reduceOutputRecords" : -1,
      "spilledRecords" : 2599458,
      "shuffleFinished" : -1,
      "sortFinished" : -1,
      "location" : {
        "layers" : [ "default-rack", "slave2" ]
      },
      "clockSplits" : [ 5647, 207, 206, 207, 206, 207, 207, 206, 207, 206, 207, 207 ],
      "cpuUsages" : [ 1215, 1215, 1215, 1215, 1215, 1215, 1215, 1215, 1215, 1215, 1215, 1215 ],
      "physMemKbytes" : [ 11718, 35154, 58591, 82027, 105464, 128901, 152338, 175774, 199211, 222648, 246084, 269521 ],
      "resourceUsageMetrics" : {
        "cumulativeCpuUsage" : 14580,
        "virtualMemoryUsage" : 2062946304,
        "physicalMemoryUsage" : 287989760,
        "heapUsage" : 207093760
      },
      "vmemKbytes" : [ 83941, 251824, 419707, 587590, 755473, 923356, 1091239, 1259122, 1427005, 1594888, 1762771, 1930654 ]
    } ],
    "preferredLocations" : [ ]
  } ],
  "reduceTasks" : [ {
    "inputBytes" : 70813331,
    "inputRecords" : 1918561,
    "outputBytes" : 232633271,
    "outputRecords" : 3757719,
    "taskID" : "task_1600222256971_1096_r_000000",
    "startTime" : 1601022710840,
    "finishTime" : 1601022743373,
    "taskType" : "REDUCE",
    "taskStatus" : "SUCCESS",
    "attempts" : [ {
      "attemptID" : "attempt_1600222256971_1096_r_000000_0",
      "result" : "SUCCESS",
      "startTime" : 1601022723902,
      "finishTime" : 1601022743373,
      "hostName" : "/default-rack/slave2",
      "hdfsBytesRead" : 0,
      "hdfsBytesWritten" : 232633271,
      "fileBytesRead" : 70813331,
      "fileBytesWritten" : 70937798,
      "mapInputRecords" : -1,
      "mapInputBytes" : -1,
      "mapOutputBytes" : -1,
      "mapOutputRecords" : -1,
      "combineInputRecords" : 0,
      "reduceInputGroups" : 214802,
      "reduceInputRecords" : 1918561,
      "reduceShuffleBytes" : 70813331,
      "reduceOutputRecords" : 3757719,
      "spilledRecords" : 1918561,
      "shuffleFinished" : 1601022727887,
      "sortFinished" : 1601022727911,
      "location" : {
        "layers" : [ "default-rack", "slave2" ]
      },
      "clockSplits" : [ 4444, 432, 432, 432, 432, 432, 432, 432, 455, 3818, 3760, 3956 ],
      "cpuUsages" : [ 980, 981, 981, 981, 980, 981, 981, 981, 1017, 6228, 5849, 6040 ],
      "physMemKbytes" : [ 10494, 31484, 52474, 73463, 94454, 115443, 136433, 157422, 178412, 191210, 209848, 206212 ],
      "resourceUsageMetrics" : {
        "cumulativeCpuUsage" : 26980,
        "virtualMemoryUsage" : 2081525760,
        "physicalMemoryUsage" : 209666048,
        "heapUsage" : 138936320
      },
      "vmemKbytes" : [ 112311, 336934, 561558, 786181, 1010805, 1235428, 1460052, 1684675, 1909293, 2021000, 2038679, 2034046 ]
    } ],
    "preferredLocations" : [ ]
  }, {
    "inputBytes" : 71811785,
    "inputRecords" : 1951978,
    "outputBytes" : 235259050,
    "outputRecords" : 3810049,
    "taskID" : "task_1600222256971_1096_r_000001",
    "startTime" : 1601022710840,
    "finishTime" : 1601022741461,
    "taskType" : "REDUCE",
    "taskStatus" : "SUCCESS",
    "attempts" : [ {
      "attemptID" : "attempt_1600222256971_1096_r_000001_0",
      "result" : "SUCCESS",
      "startTime" : 1601022723907,
      "finishTime" : 1601022741461,
      "hostName" : "/default-rack/slave3",
      "hdfsBytesRead" : 0,
      "hdfsBytesWritten" : 235259050,
      "fileBytesRead" : 71811785,
      "fileBytesWritten" : 71936252,
      "mapInputRecords" : -1,
      "mapInputBytes" : -1,
      "mapOutputBytes" : -1,
      "mapOutputRecords" : -1,
      "combineInputRecords" : 0,
      "reduceInputGroups" : 217669,
      "reduceInputRecords" : 1951978,
      "reduceShuffleBytes" : 71811785,
      "reduceOutputRecords" : 3810049,
      "spilledRecords" : 1951978,
      "shuffleFinished" : 1601022728219,
      "sortFinished" : 1601022728244,
      "location" : {
        "layers" : [ "default-rack", "slave3" ]
      },
      "clockSplits" : [ 4745, 398, 398, 399, 398, 398, 398, 399, 398, 3043, 3111, 3454 ],
      "cpuUsages" : [ 1157, 1157, 1157, 1158, 1157, 1157, 1157, 1158, 1157, 5218, 6279, 6018 ],
      "physMemKbytes" : [ 10842, 32528, 54214, 75899, 97586, 119271, 140958, 162643, 184330, 196699, 210643, 221822 ],
      "resourceUsageMetrics" : {
        "cumulativeCpuUsage" : 27930,
        "virtualMemoryUsage" : 2070654976,
        "physicalMemoryUsage" : 224964608,
        "heapUsage" : 138936320
      },
      "vmemKbytes" : [ 111540, 334622, 557703, 780784, 1003866, 1226947, 1450030, 1673111, 1896193, 2021659, 2022123, 2022124 ]
    } ],
    "preferredLocations" : [ ]
  } ],
  "otherTasks" : [ ],
  "successfulMapAttemptCDFs" : [ {
    "numberValues" : 0,
    "minimum" : -9223372036854775808,
    "rankings" : [ ],
    "maximum" : 9223372036854775807
  }, {
    "numberValues" : 0,
    "minimum" : -9223372036854775808,
    "rankings" : [ ],
    "maximum" : 9223372036854775807
  }, {
    "numberValues" : 0,
    "minimum" : -9223372036854775808,
    "rankings" : [ ],
    "maximum" : 9223372036854775807
  }, {
    "numberValues" : 2,
    "minimum" : 7944,
    "rankings" : [ {
      "relativeRanking" : 0.05,
      "datum" : 7944
    }, {
      "relativeRanking" : 0.1,
      "datum" : 7944
    }, {
      "relativeRanking" : 0.15,
      "datum" : 7944
    }, {
      "relativeRanking" : 0.2,
      "datum" : 7944
    }, {
      "relativeRanking" : 0.25,
      "datum" : 7944
    }, {
      "relativeRanking" : 0.3,
      "datum" : 7944
    }, {
      "relativeRanking" : 0.35,
      "datum" : 7944
    }, {
      "relativeRanking" : 0.4,
      "datum" : 7944
    }, {
      "relativeRanking" : 0.45,
      "datum" : 7944
    }, {
      "relativeRanking" : 0.5,
      "datum" : 7944
    }, {
      "relativeRanking" : 0.55,
      "datum" : 7944
    }, {
      "relativeRanking" : 0.6,
      "datum" : 7944
    }, {
      "relativeRanking" : 0.65,
      "datum" : 7944
    }, {
      "relativeRanking" : 0.7,
      "datum" : 7944
    }, {
      "relativeRanking" : 0.75,
      "datum" : 7944
    }, {
      "relativeRanking" : 0.8,
      "datum" : 7944
    }, {
      "relativeRanking" : 0.85,
      "datum" : 7944
    }, {
      "relativeRanking" : 0.9,
      "datum" : 7944
    }, {
      "relativeRanking" : 0.95,
      "datum" : 7944
    } ],
    "maximum" : 14798
  } ],
  "failedMapAttemptCDFs" : [ {
    "numberValues" : 0,
    "minimum" : -9223372036854775808,
    "rankings" : [ ],
    "maximum" : 9223372036854775807
  }, {
    "numberValues" : 0,
    "minimum" : -9223372036854775808,
    "rankings" : [ ],
    "maximum" : 9223372036854775807
  }, {
    "numberValues" : 0,
    "minimum" : -9223372036854775808,
    "rankings" : [ ],
    "maximum" : 9223372036854775807
  }, {
    "numberValues" : 0,
    "minimum" : -9223372036854775808,
    "rankings" : [ ],
    "maximum" : 9223372036854775807
  } ],
  "successfulReduceAttemptCDF" : {
    "numberValues" : 2,
    "minimum" : 17554,
    "rankings" : [ {
      "relativeRanking" : 0.05,
      "datum" : 17554
    }, {
      "relativeRanking" : 0.1,
      "datum" : 17554
    }, {
      "relativeRanking" : 0.15,
      "datum" : 17554
    }, {
      "relativeRanking" : 0.2,
      "datum" : 17554
    }, {
      "relativeRanking" : 0.25,
      "datum" : 17554
    }, {
      "relativeRanking" : 0.3,
      "datum" : 17554
    }, {
      "relativeRanking" : 0.35,
      "datum" : 17554
    }, {
      "relativeRanking" : 0.4,
      "datum" : 17554
    }, {
      "relativeRanking" : 0.45,
      "datum" : 17554
    }, {
      "relativeRanking" : 0.5,
      "datum" : 17554
    }, {
      "relativeRanking" : 0.55,
      "datum" : 17554
    }, {
      "relativeRanking" : 0.6,
      "datum" : 17554
    }, {
      "relativeRanking" : 0.65,
      "datum" : 17554
    }, {
      "relativeRanking" : 0.7,
      "datum" : 17554
    }, {
      "relativeRanking" : 0.75,
      "datum" : 17554
    }, {
      "relativeRanking" : 0.8,
      "datum" : 17554
    }, {
      "relativeRanking" : 0.85,
      "datum" : 17554
    }, {
      "relativeRanking" : 0.9,
      "datum" : 17554
    }, {
      "relativeRanking" : 0.95,
      "datum" : 17554
    } ],
    "maximum" : 19471
  },
  "failedReduceAttemptCDF" : {
    "numberValues" : 0,
    "minimum" : -9223372036854775808,
    "rankings" : [ ],
    "maximum" : 9223372036854775807
  },
  "queue" : "default",
  "jobName" : "ReduceJoin-[1601022707771]",
  "clusterMapMB" : -1,
  "clusterReduceMB" : -1,
  "jobMapMB" : -1,
  "jobReduceMB" : -1,
  "relativeTime" : 0,
  "mapperTriesToSucceed" : [ 1.0 ],
  "failedMapperFraction" : 0.0,
  "jobProperties" : { }
}