{
  "jobID" : "job_1572946766556_1075",
  "user" : "hadoop",
  "computonsPerMapInputByte" : -1,
  "computonsPerMapOutputByte" : -1,
  "computonsPerReduceInputByte" : -1,
  "computonsPerReduceOutputByte" : -1,
  "submitTime" : 1575699008751,
  "launchTime" : 1575699012300,
  "finishTime" : 1575699534089,
  "heapMegabytes" : -1,
  "totalMaps" : 3,
  "totalReduces" : 3,
  "outcome" : "SUCCESS",
  "jobtype" : "JAVA",
  "priority" : "NORMAL",
  "directDependantJobs" : [ ],
  "mapTasks" : [ {
    "inputBytes" : 9599084,
    "inputRecords" : 3960,
    "outputBytes" : 9861964448,
    "outputRecords" : 99038183,
    "taskID" : "task_1572946766556_1075_m_000000",
    "startTime" : 1575699012346,
    "finishTime" : 1575699357863,
    "taskType" : "MAP",
    "taskStatus" : "SUCCESS",
    "attempts" : [ {
      "attemptID" : "attempt_1572946766556_1075_m_000000_0",
      "result" : "SUCCESS",
      "startTime" : 1575699014510,
      "finishTime" : 1575699357863,
      "hostName" : "/default-rack/slave4",
      "hdfsBytesRead" : 9599084,
      "hdfsBytesWritten" : 0,
      "fileBytesRead" : 6550379206,
      "fileBytesWritten" : 9861964448,
      "mapInputRecords" : 3960,
      "mapInputBytes" : -1,
      "mapOutputBytes" : 3120344950,
      "mapOutputRecords" : 99038183,
      "combineInputRecords" : 0,
      "reduceInputGroups" : -1,
      "reduceInputRecords" : -1,
      "reduceShuffleBytes" : -1,
      "reduceOutputRecords" : -1,
      "spilledRecords" : 294795473,
      "shuffleFinished" : -1,
      "sortFinished" : -1,
      "location" : {
        "layers" : [ "default-rack", "slave4" ]
      },
      "clockSplits" : [ 12120, 8060, 26963, 28733, 78632, 8458, 49683, 14217, 28522, 29416, 28721, 29814 ],
      "cpuUsages" : [ 24970, 16100, 51015, 50899, 137227, 18081, 85747, 27432, 37325, 37178, 36666, 35420 ],
      "physMemKbytes" : [ 209882, 280729, 293703, 299087, 304312, 304933, 305072, 305402, 309845, 309864, 310479, 312170 ],
      "resourceUsageMetrics" : {
        "cumulativeCpuUsage" : 558060,
        "virtualMemoryUsage" : 2130481152,
        "physicalMemoryUsage" : 319524864,
        "heapUsage" : 209190912
      },
      "vmemKbytes" : [ 1597161, 2070380, 2077135, 2075687, 2075688, 2075687, 2075688, 2075903, 2079519, 2079520, 2079519, 2079523 ]
    }, {
      "attemptID" : "attempt_1572946766556_1075_m_000000_1",
      "result" : "KILLED",
      "startTime" : 1575699218799,
      "finishTime" : 1575699357896,
      "hostName" : "/default-rack/slave2",
      "hdfsBytesRead" : 5243036,
      "hdfsBytesWritten" : 0,
      "fileBytesRead" : 0,
      "fileBytesWritten" : 1643858810,
      "mapInputRecords" : 2503,
      "mapInputBytes" : -1,
      "mapOutputBytes" : 1600489564,
      "mapOutputRecords" : 50703987,
      "combineInputRecords" : 0,
      "reduceInputGroups" : -1,
      "reduceInputRecords" : -1,
      "reduceShuffleBytes" : -1,
      "reduceOutputRecords" : -1,
      "spilledRecords" : 48864630,
      "shuffleFinished" : -1,
      "sortFinished" : -1,
      "location" : {
        "layers" : [ "default-rack", "slave2" ]
      },
      "clockSplits" : [ 14297, 11847, 30121, 37714, 44776, 45, 44, 44, 45, 44, 44, 45 ],
      "cpuUsages" : [ 29206, 24042, 56796, 65219, 79177, 0, 0, 0, 0, 0, 0, 0 ],
      "physMemKbytes" : [ 213737, 288768, 299529, 305966, 310102, 310683, 310684, 310683, 310684, 310684, 310683, 310684 ],
      "resourceUsageMetrics" : {
        "cumulativeCpuUsage" : 254440,
        "virtualMemoryUsage" : 2123399168,
        "physicalMemoryUsage" : 318140416,
        "heapUsage" : 209190912
      },
      "vmemKbytes" : [ 1596832, 2070019, 2073608, 2073631, 2073632, 2073631, 2073632, 2073631, 2073632, 2073632, 2073631, 2073632 ]
    } ],
    "preferredLocations" : [ ]
  }, {
    "inputBytes" : 8988445,
    "inputRecords" : 3919,
    "outputBytes" : 5685799518,
    "outputRecords" : 58455405,
    "taskID" : "task_1572946766556_1075_m_000001",
    "startTime" : 1575699012348,
    "finishTime" : 1575699214741,
    "taskType" : "MAP",
    "taskStatus" : "SUCCESS",
    "attempts" : [ {
      "attemptID" : "attempt_1572946766556_1075_m_000001_0",
      "result" : "SUCCESS",
      "startTime" : 1575699014517,
      "finishTime" : 1575699214741,
      "hostName" : "/default-rack/slave4",
      "hdfsBytesRead" : 8988445,
      "hdfsBytesWritten" : 0,
      "fileBytesRead" : 3706999650,
      "fileBytesWritten" : 5685799518,
      "mapInputRecords" : 3919,
      "mapInputBytes" : -1,
      "mapOutputBytes" : 1868574631,
      "mapOutputRecords" : 58455405,
      "combineInputRecords" : 0,
      "reduceInputGroups" : -1,
      "reduceInputRecords" : -1,
      "reduceShuffleBytes" : -1,
      "reduceOutputRecords" : -1,
      "spilledRecords" : 167738402,
      "shuffleFinished" : -1,
      "sortFinished" : -1,
      "location" : {
        "layers" : [ "default-rack", "slave4" ]
      },
      "clockSplits" : [ 20829, 9664, 13829, 27030, 37851, 10417, 6177, 8937, 16581, 16340, 16071, 16462 ],
      "cpuUsages" : [ 40041, 18531, 23655, 48562, 67746, 18629, 12580, 15510, 21289, 20133, 19830, 21174 ],
      "physMemKbytes" : [ 166653, 280555, 284382, 291912, 296059, 296601, 296865, 297830, 308215, 308340, 308202, 308220 ],
      "resourceUsageMetrics" : {
        "cumulativeCpuUsage" : 327680,
        "virtualMemoryUsage" : 2127601664,
        "physicalMemoryUsage" : 316633088,
        "heapUsage" : 208666624
      },
      "vmemKbytes" : [ 1253119, 2069419, 2069420, 2069419, 2069420, 2069419, 2069420, 2069537, 2076675, 2076708, 2076707, 2076716 ]
    } ],
    "preferredLocations" : [ ]
  }, {
    "inputBytes" : 7676204,
    "inputRecords" : 3964,
    "outputBytes" : 7832590947,
    "outputRecords" : 81564432,
    "taskID" : "task_1572946766556_1075_m_000002",
    "startTime" : 1575699012349,
    "finishTime" : 1575699292457,
    "taskType" : "MAP",
    "taskStatus" : "SUCCESS",
    "attempts" : [ {
      "attemptID" : "attempt_1572946766556_1075_m_000002_0",
      "result" : "SUCCESS",
      "startTime" : 1575699014518,
      "finishTime" : 1575699292457,
      "hostName" : "/default-rack/slave4",
      "hdfsBytesRead" : 7676204,
      "hdfsBytesWritten" : 0,
      "fileBytesRead" : 5172327017,
      "fileBytesWritten" : 7832590947,
      "mapInputRecords" : 3964,
      "mapInputBytes" : -1,
      "mapOutputBytes" : 2508184176,
      "mapOutputRecords" : 81564432,
      "combineInputRecords" : 0,
      "reduceInputGroups" : -1,
      "reduceInputRecords" : -1,
      "reduceShuffleBytes" : -1,
      "reduceOutputRecords" : -1,
      "spilledRecords" : 239676086,
      "shuffleFinished" : -1,
      "sortFinished" : -1,
      "location" : {
        "layers" : [ "default-rack", "slave4" ]
      },
      "clockSplits" : [ 10328, 8951, 125348, 14547, 8879, 3893, 2577, 9701, 22916, 22869, 23572, 24345 ],
      "cpuUsages" : [ 22264, 18954, 228692, 25888, 17134, 7510, 6574, 16932, 32396, 31854, 31599, 30453 ],
      "physMemKbytes" : [ 161825, 278133, 286868, 301162, 301208, 301115, 301384, 302510, 302523, 302850, 303356, 304623 ],
      "resourceUsageMetrics" : {
        "cumulativeCpuUsage" : 470250,
        "virtualMemoryUsage" : 2121842688,
        "physicalMemoryUsage" : 311869440,
        "heapUsage" : 209190912
      },
      "vmemKbytes" : [ 1222984, 2068963, 2069293, 2070047, 2070048, 2070047, 2070048, 2070369, 2071306, 2071084, 2071083, 2071121 ]
    } ],
    "preferredLocations" : [ ]
  } ],
  "reduceTasks" : [ {
    "inputBytes" : 2658198729,
    "inputRecords" : 79679848,
    "outputBytes" : 1608561436,
    "outputRecords" : 67589773,
    "taskID" : "task_1572946766556_1075_r_000000",
    "startTime" : 1575699012349,
    "finishTime" : 1575699499395,
    "taskType" : "REDUCE",
    "taskStatus" : "SUCCESS",
    "attempts" : [ {
      "attemptID" : "attempt_1572946766556_1075_r_000000_0",
      "result" : "SUCCESS",
      "startTime" : 1575699216810,
      "finishTime" : 1575699499395,
      "hostName" : "/default-rack/slave4",
      "hdfsBytesRead" : 0,
      "hdfsBytesWritten" : 1608561436,
      "fileBytesRead" : 2658198729,
      "fileBytesWritten" : 2658322826,
      "mapInputRecords" : -1,
      "mapInputBytes" : -1,
      "mapOutputBytes" : -1,
      "mapOutputRecords" : -1,
      "combineInputRecords" : 0,
      "reduceInputGroups" : 67589773,
      "reduceInputRecords" : 79679848,
      "reduceShuffleBytes" : 2658198729,
      "reduceOutputRecords" : 67589773,
      "spilledRecords" : 79679848,
      "shuffleFinished" : 1575699358945,
      "sortFinished" : 1575699358967,
      "location" : {
        "layers" : [ "default-rack", "slave4" ]
      },
      "clockSplits" : [ 5807, 70345, 66154, 450, 449, 449, 449, 450, 33003, 34834, 34631, 35552 ],
      "cpuUsages" : [ 929, 3555, 3311, 1485, 1485, 1485, 1485, 1485, 57161, 59148, 58963, 60748 ],
      "physMemKbytes" : [ 61471, 160771, 167372, 170046, 180975, 191904, 202833, 213762, 229771, 234587, 239952, 243758 ],
      "resourceUsageMetrics" : {
        "cumulativeCpuUsage" : 251240,
        "virtualMemoryUsage" : 2146705408,
        "physicalMemoryUsage" : 251965440,
        "heapUsage" : 133169152
      },
      "vmemKbytes" : [ 777469, 1990327, 2078619, 2081075, 2084234, 2087392, 2090551, 2093710, 2098382, 2096392, 2096391, 2096392 ]
    } ],
    "preferredLocations" : [ ]
  }, {
    "inputBytes" : 2658695084,
    "inputRecords" : 79694574,
    "outputBytes" : 1608820777,
    "outputRecords" : 67600228,
    "taskID" : "task_1572946766556_1075_r_000001",
    "startTime" : 1575699012349,
    "finishTime" : 1575699533998,
    "taskType" : "REDUCE",
    "taskStatus" : "SUCCESS",
    "attempts" : [ {
      "attemptID" : "attempt_1572946766556_1075_r_000001_0",
      "result" : "SUCCESS",
      "startTime" : 1575699216814,
      "finishTime" : 1575699533998,
      "hostName" : "/default-rack/slave2",
      "hdfsBytesRead" : 0,
      "hdfsBytesWritten" : 1608820777,
      "fileBytesRead" : 2658695084,
      "fileBytesWritten" : 2658819181,
      "mapInputRecords" : -1,
      "mapInputBytes" : -1,
      "mapOutputBytes" : -1,
      "mapOutputRecords" : -1,
      "combineInputRecords" : 0,
      "reduceInputGroups" : 67600228,
      "reduceInputRecords" : 79694574,
      "reduceShuffleBytes" : 2658695084,
      "reduceOutputRecords" : 67600228,
      "spilledRecords" : 79694574,
      "shuffleFinished" : 1575699378779,
      "sortFinished" : 1575699378807,
      "location" : {
        "layers" : [ "default-rack", "slave2" ]
      },
      "clockSplits" : [ 13359, 78318, 70406, 205, 205, 206, 205, 205, 37755, 38675, 38381, 39253 ],
      "cpuUsages" : [ 5584, 9580, 11267, 1026, 1025, 1026, 1025, 1026, 58239, 54421, 55081, 54740 ],
      "physMemKbytes" : [ 165621, 171010, 169707, 168724, 175949, 183173, 190398, 197623, 214945, 219192, 221425, 227243 ],
      "resourceUsageMetrics" : {
        "cumulativeCpuUsage" : 254040,
        "virtualMemoryUsage" : 2134446080,
        "physicalMemoryUsage" : 235319296,
        "heapUsage" : 137887744
      },
      "vmemKbytes" : [ 2073156, 2073156, 2073272, 2074908, 2077013, 2079116, 2081221, 2083324, 2084419, 2084420, 2084419, 2084420 ]
    } ],
    "preferredLocations" : [ ]
  }, {
    "inputBytes" : 2658326038,
    "inputRecords" : 79683598,
    "outputBytes" : 1608699243,
    "outputRecords" : 67595139,
    "taskID" : "task_1572946766556_1075_r_000002",
    "startTime" : 1575699012349,
    "finishTime" : 1575699516648,
    "taskType" : "REDUCE",
    "taskStatus" : "SUCCESS",
    "attempts" : [ {
      "attemptID" : "attempt_1572946766556_1075_r_000002_0",
      "result" : "SUCCESS",
      "startTime" : 1575699216813,
      "finishTime" : 1575699516648,
      "hostName" : "/default-rack/slave1",
      "hdfsBytesRead" : 0,
      "hdfsBytesWritten" : 1608699243,
      "fileBytesRead" : 2658326038,
      "fileBytesWritten" : 2658450135,
      "mapInputRecords" : -1,
      "mapInputBytes" : -1,
      "mapOutputBytes" : -1,
      "mapOutputRecords" : -1,
      "combineInputRecords" : 0,
      "reduceInputGroups" : 67595139,
      "reduceInputRecords" : 79683598,
      "reduceShuffleBytes" : 2658326038,
      "reduceOutputRecords" : 67595139,
      "spilledRecords" : 79683598,
      "shuffleFinished" : 1575699378926,
      "sortFinished" : 1575699378946,
      "location" : {
        "layers" : [ "default-rack", "slave1" ]
      },
      "clockSplits" : [ 13345, 78399, 70458, 200, 200, 200, 199, 200, 33920, 34379, 34146, 34176 ],
      "cpuUsages" : [ 5249, 10745, 8660, 1035, 1035, 1034, 1035, 1034, 62005, 61217, 58205, 63226 ],
      "physMemKbytes" : [ 163803, 168418, 166886, 166129, 173432, 180735, 188039, 195342, 220957, 225607, 229308, 233032 ],
      "resourceUsageMetrics" : {
        "cumulativeCpuUsage" : 274480,
        "virtualMemoryUsage" : 2134708224,
        "physicalMemoryUsage" : 239874048,
        "heapUsage" : 138412032
      },
      "vmemKbytes" : [ 2071856, 2071856, 2071988, 2073850, 2076245, 2078638, 2081033, 2083426, 2084675, 2084676, 2084675, 2084676 ]
    } ],
    "preferredLocations" : [ ]
  } ],
  "otherTasks" : [ ],
  "successfulMapAttemptCDFs" : [ {
    "numberValues" : 0,
    "minimum" : -9223372036854775808,
    "rankings" : [ ],
    "maximum" : 9223372036854775807
  }, {
    "numberValues" : 0,
    "minimum" : -9223372036854775808,
    "rankings" : [ ],
    "maximum" : 9223372036854775807
  }, {
    "numberValues" : 0,
    "minimum" : -9223372036854775808,
    "rankings" : [ ],
    "maximum" : 9223372036854775807
  }, {
    "numberValues" : 3,
    "minimum" : 200224,
    "rankings" : [ {
      "relativeRanking" : 0.05,
      "datum" : 200224
    }, {
      "relativeRanking" : 0.1,
      "datum" : 200224
    }, {
      "relativeRanking" : 0.15,
      "datum" : 200224
    }, {
      "relativeRanking" : 0.2,
      "datum" : 200224
    }, {
      "relativeRanking" : 0.25,
      "datum" : 200224
    }, {
      "relativeRanking" : 0.3,
      "datum" : 200224
    }, {
      "relativeRanking" : 0.35,
      "datum" : 200224
    }, {
      "relativeRanking" : 0.4,
      "datum" : 200224
    }, {
      "relativeRanking" : 0.45,
      "datum" : 200224
    }, {
      "relativeRanking" : 0.5,
      "datum" : 200224
    }, {
      "relativeRanking" : 0.55,
      "datum" : 200224
    }, {
      "relativeRanking" : 0.6,
      "datum" : 200224
    }, {
      "relativeRanking" : 0.65,
      "datum" : 200224
    }, {
      "relativeRanking" : 0.7,
      "datum" : 277939
    }, {
      "relativeRanking" : 0.75,
      "datum" : 277939
    }, {
      "relativeRanking" : 0.8,
      "datum" : 277939
    }, {
      "relativeRanking" : 0.85,
      "datum" : 277939
    }, {
      "relativeRanking" : 0.9,
      "datum" : 277939
    }, {
      "relativeRanking" : 0.95,
      "datum" : 277939
    } ],
    "maximum" : 343353
  } ],
  "failedMapAttemptCDFs" : [ {
    "numberValues" : 0,
    "minimum" : -9223372036854775808,
    "rankings" : [ ],
    "maximum" : 9223372036854775807
  }, {
    "numberValues" : 0,
    "minimum" : -9223372036854775808,
    "rankings" : [ ],
    "maximum" : 9223372036854775807
  }, {
    "numberValues" : 0,
    "minimum" : -9223372036854775808,
    "rankings" : [ ],
    "maximum" : 9223372036854775807
  }, {
    "numberValues" : 0,
    "minimum" : -9223372036854775808,
    "rankings" : [ ],
    "maximum" : 9223372036854775807
  } ],
  "successfulReduceAttemptCDF" : {
    "numberValues" : 3,
    "minimum" : 282585,
    "rankings" : [ {
      "relativeRanking" : 0.05,
      "datum" : 282585
    }, {
      "relativeRanking" : 0.1,
      "datum" : 282585
    }, {
      "relativeRanking" : 0.15,
      "datum" : 282585
    }, {
      "relativeRanking" : 0.2,
      "datum" : 282585
    }, {
      "relativeRanking" : 0.25,
      "datum" : 282585
    }, {
      "relativeRanking" : 0.3,
      "datum" : 282585
    }, {
      "relativeRanking" : 0.35,
      "datum" : 282585
    }, {
      "relativeRanking" : 0.4,
      "datum" : 282585
    }, {
      "relativeRanking" : 0.45,
      "datum" : 282585
    }, {
      "relativeRanking" : 0.5,
      "datum" : 282585
    }, {
      "relativeRanking" : 0.55,
      "datum" : 282585
    }, {
      "relativeRanking" : 0.6,
      "datum" : 282585
    }, {
      "relativeRanking" : 0.65,
      "datum" : 282585
    }, {
      "relativeRanking" : 0.7,
      "datum" : 299835
    }, {
      "relativeRanking" : 0.75,
      "datum" : 299835
    }, {
      "relativeRanking" : 0.8,
      "datum" : 299835
    }, {
      "relativeRanking" : 0.85,
      "datum" : 299835
    }, {
      "relativeRanking" : 0.9,
      "datum" : 299835
    }, {
      "relativeRanking" : 0.95,
      "datum" : 299835
    } ],
    "maximum" : 317184
  },
  "failedReduceAttemptCDF" : {
    "numberValues" : 0,
    "minimum" : -9223372036854775808,
    "rankings" : [ ],
    "maximum" : 9223372036854775807
  },
  "queue" : "default",
  "jobName" : "CAC_Count-[1575698873527-Similarity2-END]",
  "clusterMapMB" : -1,
  "clusterReduceMB" : -1,
  "jobMapMB" : -1,
  "jobReduceMB" : -1,
  "relativeTime" : 0,
  "mapperTriesToSucceed" : [ 1.0 ],
  "failedMapperFraction" : 0.0,
  "jobProperties" : { }
}