{
  "jobID" : "job_1572946766556_1074",
  "user" : "hadoop",
  "computonsPerMapInputByte" : -1,
  "computonsPerMapOutputByte" : -1,
  "computonsPerReduceInputByte" : -1,
  "computonsPerReduceOutputByte" : -1,
  "submitTime" : 1575698876185,
  "launchTime" : 1575698879713,
  "finishTime" : 1575699006659,
  "heapMegabytes" : -1,
  "totalMaps" : 2,
  "totalReduces" : 3,
  "outcome" : "SUCCESS",
  "jobtype" : "JAVA",
  "priority" : "NORMAL",
  "directDependantJobs" : [ ],
  "mapTasks" : [ {
    "inputBytes" : 7745257,
    "inputRecords" : 246569,
    "outputBytes" : 32289411,
    "outputRecords" : 934712,
    "taskID" : "task_1572946766556_1074_m_000000",
    "startTime" : 1575698879761,
    "finishTime" : 1575698947096,
    "taskType" : "MAP",
    "taskStatus" : "SUCCESS",
    "attempts" : [ {
      "attemptID" : "attempt_1572946766556_1074_m_000000_0",
      "result" : "SUCCESS",
      "startTime" : 1575698881939,
      "finishTime" : 1575698947096,
      "hostName" : "/default-rack/slave2",
      "hdfsBytesRead" : 7745257,
      "hdfsBytesWritten" : 0,
      "fileBytesRead" : 0,
      "fileBytesWritten" : 32289411,
      "mapInputRecords" : 246569,
      "mapInputBytes" : -1,
      "mapOutputBytes" : 30296128,
      "mapOutputRecords" : 934712,
      "combineInputRecords" : 0,
      "reduceInputGroups" : -1,
      "reduceInputRecords" : -1,
      "reduceShuffleBytes" : -1,
      "reduceOutputRecords" : -1,
      "spilledRecords" : 934712,
      "shuffleFinished" : -1,
      "sortFinished" : -1,
      "location" : {
        "layers" : [ "default-rack", "slave2" ]
      },
      "clockSplits" : [ 10820, 7743, 8204, 7430, 7472, 7519, 7349, 7819, 202, 195, 195, 195 ],
      "cpuUsages" : [ 137354, 113554, 99132, 79398, 82771, 86132, 80057, 77679, 1065, 716, 716, 716 ],
      "physMemKbytes" : [ 224387, 352353, 361132, 361438, 367496, 365007, 364885, 364938, 362773, 358228, 353682, 349137 ],
      "resourceUsageMetrics" : {
        "cumulativeCpuUsage" : 759290,
        "virtualMemoryUsage" : 2124419072,
        "physicalMemoryUsage" : 355188736,
        "heapUsage" : 174063616
      },
      "vmemKbytes" : [ 1388883, 2074618, 2074628, 2074627, 2074628, 2074627, 2074628, 2074627, 2074628, 2074628, 2074627, 2074628 ]
    }, {
      "attemptID" : "attempt_1572946766556_1074_m_000000_1",
      "result" : "KILLED",
      "startTime" : 1575698897850,
      "finishTime" : 1575698947127,
      "hostName" : "/default-rack/slave2",
      "hdfsBytesRead" : 5898385,
      "hdfsBytesWritten" : 0,
      "fileBytesRead" : 0,
      "fileBytesWritten" : 123761,
      "mapInputRecords" : 186661,
      "mapInputBytes" : -1,
      "mapOutputBytes" : 22668005,
      "mapOutputRecords" : 699071,
      "combineInputRecords" : 0,
      "reduceInputGroups" : -1,
      "reduceInputRecords" : -1,
      "reduceShuffleBytes" : -1,
      "reduceOutputRecords" : -1,
      "spilledRecords" : 0,
      "shuffleFinished" : -1,
      "sortFinished" : -1,
      "location" : {
        "layers" : [ "default-rack", "slave2" ]
      },
      "clockSplits" : [ 11826, 7503, 7535, 7650, 7266, 6869, 106, 98, 99, 98, 99, 99 ],
      "cpuUsages" : [ 113033, 90996, 85022, 87197, 83190, 81213, 89, 0, 0, 0, 0, 0 ],
      "physMemKbytes" : [ 234891, 348645, 359968, 369213, 365567, 364916, 364951, 364951, 364952, 364952, 364951, 364952 ],
      "resourceUsageMetrics" : {
        "cumulativeCpuUsage" : 540740,
        "virtualMemoryUsage" : 2122534912,
        "physicalMemoryUsage" : 373710848,
        "heapUsage" : 193462272
      },
      "vmemKbytes" : [ 1458514, 2072787, 2072788, 2072787, 2072788, 2072787, 2072788, 2072787, 2072788, 2072788, 2072787, 2072788 ]
    } ],
    "preferredLocations" : [ ]
  }, {
    "inputBytes" : 1279951,
    "inputRecords" : 32202,
    "outputBytes" : 4613252,
    "outputRecords" : 203769,
    "taskID" : "task_1572946766556_1074_m_000001",
    "startTime" : 1575698879763,
    "finishTime" : 1575698896424,
    "taskType" : "MAP",
    "taskStatus" : "SUCCESS",
    "attempts" : [ {
      "attemptID" : "attempt_1572946766556_1074_m_000001_0",
      "result" : "SUCCESS",
      "startTime" : 1575698881947,
      "finishTime" : 1575698896424,
      "hostName" : "/default-rack/slave5",
      "hdfsBytesRead" : 1279951,
      "hdfsBytesWritten" : 0,
      "fileBytesRead" : 0,
      "fileBytesWritten" : 4613252,
      "mapInputRecords" : 32202,
      "mapInputBytes" : -1,
      "mapOutputBytes" : 4081855,
      "mapOutputRecords" : 203769,
      "combineInputRecords" : 0,
      "reduceInputGroups" : -1,
      "reduceInputRecords" : -1,
      "reduceShuffleBytes" : -1,
      "reduceOutputRecords" : -1,
      "spilledRecords" : 203769,
      "shuffleFinished" : -1,
      "sortFinished" : -1,
      "location" : {
        "layers" : [ "default-rack", "slave5" ]
      },
      "clockSplits" : [ 1918, 1918, 1918, 1918, 1547, 1442, 3362, 77, 76, 77, 76, 77 ],
      "cpuUsages" : [ 26115, 26115, 26115, 26116, 26538, 26659, 17421, 10138, 10138, 10138, 10138, 10139 ],
      "physMemKbytes" : [ 40932, 122797, 204663, 286528, 345216, 352373, 356717, 356634, 355975, 355316, 354657, 353998 ],
      "resourceUsageMetrics" : {
        "cumulativeCpuUsage" : 225880,
        "virtualMemoryUsage" : 2125709312,
        "physicalMemoryUsage" : 362070016,
        "heapUsage" : 164626432
      },
      "vmemKbytes" : [ 245550, 736652, 1227754, 1718855, 2061348, 2073455, 2073524, 2073918, 2074356, 2074794, 2075231, 2075669 ]
    } ],
    "preferredLocations" : [ ]
  } ],
  "reduceTasks" : [ {
    "inputBytes" : 13316912,
    "inputRecords" : 412432,
    "outputBytes" : 9598928,
    "outputRecords" : 3960,
    "taskID" : "task_1572946766556_1074_r_000000",
    "startTime" : 1575698879764,
    "finishTime" : 1575699006591,
    "taskType" : "REDUCE",
    "taskStatus" : "SUCCESS",
    "attempts" : [ {
      "attemptID" : "attempt_1572946766556_1074_r_000000_0",
      "result" : "SUCCESS",
      "startTime" : 1575698898871,
      "finishTime" : 1575699006591,
      "hostName" : "/default-rack/slave2",
      "hdfsBytesRead" : 0,
      "hdfsBytesWritten" : 9598928,
      "fileBytesRead" : 13316906,
      "fileBytesWritten" : 13440644,
      "mapInputRecords" : -1,
      "mapInputBytes" : -1,
      "mapOutputBytes" : -1,
      "mapOutputRecords" : -1,
      "combineInputRecords" : 0,
      "reduceInputGroups" : 3960,
      "reduceInputRecords" : 412432,
      "reduceShuffleBytes" : 13316912,
      "reduceOutputRecords" : 3960,
      "spilledRecords" : 412432,
      "shuffleFinished" : 1575698947277,
      "sortFinished" : 1575698947517,
      "location" : {
        "layers" : [ "default-rack", "slave2" ]
      },
      "clockSplits" : [ 4090, 4090, 40825, 337, 337, 337, 337, 337, 2953, 21720, 17445, 14900 ],
      "cpuUsages" : [ 254, 255, 3557, 1336, 1337, 1336, 1336, 1337, 8902, 63431, 51943, 40986 ],
      "physMemKbytes" : [ 40134, 120404, 168564, 177021, 185478, 193935, 202393, 210850, 220494, 246679, 270905, 279047 ],
      "resourceUsageMetrics" : {
        "cumulativeCpuUsage" : 176010,
        "virtualMemoryUsage" : 2128441344,
        "physicalMemoryUsage" : 285458432,
        "heapUsage" : 160956416
      },
      "vmemKbytes" : [ 517925, 1553777, 2073152, 2074489, 2075826, 2077163, 2078501, 2079838, 2080117, 2078559, 2078555, 2078556 ]
    } ],
    "preferredLocations" : [ ]
  }, {
    "inputBytes" : 10820170,
    "inputRecords" : 331716,
    "outputBytes" : 7676048,
    "outputRecords" : 3964,
    "taskID" : "task_1572946766556_1074_r_000001",
    "startTime" : 1575698879764,
    "finishTime" : 1575698988742,
    "taskType" : "REDUCE",
    "taskStatus" : "SUCCESS",
    "attempts" : [ {
      "attemptID" : "attempt_1572946766556_1074_r_000001_0",
      "result" : "SUCCESS",
      "startTime" : 1575698898877,
      "finishTime" : 1575698988742,
      "hostName" : "/default-rack/slave3",
      "hdfsBytesRead" : 0,
      "hdfsBytesWritten" : 7676048,
      "fileBytesRead" : 10820164,
      "fileBytesWritten" : 10943902,
      "mapInputRecords" : -1,
      "mapInputBytes" : -1,
      "mapOutputBytes" : -1,
      "mapOutputRecords" : -1,
      "combineInputRecords" : 0,
      "reduceInputGroups" : 3964,
      "reduceInputRecords" : 331716,
      "reduceShuffleBytes" : 10820170,
      "reduceOutputRecords" : 3964,
      "spilledRecords" : 331716,
      "shuffleFinished" : 1575698948101,
      "sortFinished" : 1575698948271,
      "location" : {
        "layers" : [ "default-rack", "slave3" ]
      },
      "clockSplits" : [ 3977, 3978, 41629, 188, 188, 188, 188, 188, 4392, 20474, 7450, 7012 ],
      "cpuUsages" : [ 214, 215, 3103, 1222, 1223, 1222, 1223, 1222, 16406, 83139, 28834, 26807 ],
      "physMemKbytes" : [ 41603, 124811, 184365, 192689, 201014, 209338, 217663, 225987, 236815, 253037, 259003, 260482 ],
      "resourceUsageMetrics" : {
        "cumulativeCpuUsage" : 164830,
        "virtualMemoryUsage" : 2128748544,
        "physicalMemoryUsage" : 268541952,
        "heapUsage" : 148373504
      },
      "vmemKbytes" : [ 518354, 1555064, 2086042, 2085398, 2084755, 2084110, 2083467, 2082822, 2082723, 2079280, 2078855, 2078856 ]
    } ],
    "preferredLocations" : [ ]
  }, {
    "inputBytes" : 12517899,
    "inputRecords" : 394333,
    "outputBytes" : 8988289,
    "outputRecords" : 3919,
    "taskID" : "task_1572946766556_1074_r_000002",
    "startTime" : 1575698879764,
    "finishTime" : 1575698993001,
    "taskType" : "REDUCE",
    "taskStatus" : "SUCCESS",
    "attempts" : [ {
      "attemptID" : "attempt_1572946766556_1074_r_000002_0",
      "result" : "SUCCESS",
      "startTime" : 1575698898872,
      "finishTime" : 1575698993001,
      "hostName" : "/default-rack/slave4",
      "hdfsBytesRead" : 0,
      "hdfsBytesWritten" : 8988289,
      "fileBytesRead" : 12517893,
      "fileBytesWritten" : 12641631,
      "mapInputRecords" : -1,
      "mapInputBytes" : -1,
      "mapOutputBytes" : -1,
      "mapOutputRecords" : -1,
      "combineInputRecords" : 0,
      "reduceInputGroups" : 3919,
      "reduceInputRecords" : 394333,
      "reduceShuffleBytes" : 12517899,
      "reduceOutputRecords" : 3919,
      "spilledRecords" : 394333,
      "shuffleFinished" : 1575698947796,
      "sortFinished" : 1575698948001,
      "location" : {
        "layers" : [ "default-rack", "slave4" ]
      },
      "clockSplits" : [ 3817, 3818, 41672, 177, 176, 177, 176, 177, 4264, 18707, 13642, 7315 ],
      "cpuUsages" : [ 259, 260, 3282, 1071, 1071, 1072, 1071, 1071, 14639, 69074, 48381, 25099 ],
      "physMemKbytes" : [ 42469, 127409, 185061, 192034, 199007, 205979, 212952, 219924, 225813, 244114, 257506, 260085 ],
      "resourceUsageMetrics" : {
        "cumulativeCpuUsage" : 166350,
        "virtualMemoryUsage" : 2129842176,
        "physicalMemoryUsage" : 266551296,
        "heapUsage" : 144179200
      },
      "vmemKbytes" : [ 518545, 1555637, 2074640, 2075553, 2076468, 2077381, 2078295, 2079208, 2079887, 2079924, 2079923, 2079924 ]
    } ],
    "preferredLocations" : [ ]
  } ],
  "otherTasks" : [ ],
  "successfulMapAttemptCDFs" : [ {
    "numberValues" : 0,
    "minimum" : -9223372036854775808,
    "rankings" : [ ],
    "maximum" : 9223372036854775807
  }, {
    "numberValues" : 0,
    "minimum" : -9223372036854775808,
    "rankings" : [ ],
    "maximum" : 9223372036854775807
  }, {
    "numberValues" : 0,
    "minimum" : -9223372036854775808,
    "rankings" : [ ],
    "maximum" : 9223372036854775807
  }, {
    "numberValues" : 2,
    "minimum" : 14477,
    "rankings" : [ {
      "relativeRanking" : 0.05,
      "datum" : 14477
    }, {
      "relativeRanking" : 0.1,
      "datum" : 14477
    }, {
      "relativeRanking" : 0.15,
      "datum" : 14477
    }, {
      "relativeRanking" : 0.2,
      "datum" : 14477
    }, {
      "relativeRanking" : 0.25,
      "datum" : 14477
    }, {
      "relativeRanking" : 0.3,
      "datum" : 14477
    }, {
      "relativeRanking" : 0.35,
      "datum" : 14477
    }, {
      "relativeRanking" : 0.4,
      "datum" : 14477
    }, {
      "relativeRanking" : 0.45,
      "datum" : 14477
    }, {
      "relativeRanking" : 0.5,
      "datum" : 14477
    }, {
      "relativeRanking" : 0.55,
      "datum" : 14477
    }, {
      "relativeRanking" : 0.6,
      "datum" : 14477
    }, {
      "relativeRanking" : 0.65,
      "datum" : 14477
    }, {
      "relativeRanking" : 0.7,
      "datum" : 14477
    }, {
      "relativeRanking" : 0.75,
      "datum" : 14477
    }, {
      "relativeRanking" : 0.8,
      "datum" : 14477
    }, {
      "relativeRanking" : 0.85,
      "datum" : 14477
    }, {
      "relativeRanking" : 0.9,
      "datum" : 14477
    }, {
      "relativeRanking" : 0.95,
      "datum" : 14477
    } ],
    "maximum" : 65157
  } ],
  "failedMapAttemptCDFs" : [ {
    "numberValues" : 0,
    "minimum" : -9223372036854775808,
    "rankings" : [ ],
    "maximum" : 9223372036854775807
  }, {
    "numberValues" : 0,
    "minimum" : -9223372036854775808,
    "rankings" : [ ],
    "maximum" : 9223372036854775807
  }, {
    "numberValues" : 0,
    "minimum" : -9223372036854775808,
    "rankings" : [ ],
    "maximum" : 9223372036854775807
  }, {
    "numberValues" : 0,
    "minimum" : -9223372036854775808,
    "rankings" : [ ],
    "maximum" : 9223372036854775807
  } ],
  "successfulReduceAttemptCDF" : {
    "numberValues" : 3,
    "minimum" : 89865,
    "rankings" : [ {
      "relativeRanking" : 0.05,
      "datum" : 89865
    }, {
      "relativeRanking" : 0.1,
      "datum" : 89865
    }, {
      "relativeRanking" : 0.15,
      "datum" : 89865
    }, {
      "relativeRanking" : 0.2,
      "datum" : 89865
    }, {
      "relativeRanking" : 0.25,
      "datum" : 89865
    }, {
      "relativeRanking" : 0.3,
      "datum" : 89865
    }, {
      "relativeRanking" : 0.35,
      "datum" : 89865
    }, {
      "relativeRanking" : 0.4,
      "datum" : 89865
    }, {
      "relativeRanking" : 0.45,
      "datum" : 89865
    }, {
      "relativeRanking" : 0.5,
      "datum" : 89865
    }, {
      "relativeRanking" : 0.55,
      "datum" : 89865
    }, {
      "relativeRanking" : 0.6,
      "datum" : 89865
    }, {
      "relativeRanking" : 0.65,
      "datum" : 89865
    }, {
      "relativeRanking" : 0.7,
      "datum" : 94129
    }, {
      "relativeRanking" : 0.75,
      "datum" : 94129
    }, {
      "relativeRanking" : 0.8,
      "datum" : 94129
    }, {
      "relativeRanking" : 0.85,
      "datum" : 94129
    }, {
      "relativeRanking" : 0.9,
      "datum" : 94129
    }, {
      "relativeRanking" : 0.95,
      "datum" : 94129
    } ],
    "maximum" : 107720
  },
  "failedReduceAttemptCDF" : {
    "numberValues" : 0,
    "minimum" : -9223372036854775808,
    "rankings" : [ ],
    "maximum" : 9223372036854775807
  },
  "queue" : "default",
  "jobName" : "CAC_Count-[1575698873527-Indexing1]",
  "clusterMapMB" : -1,
  "clusterReduceMB" : -1,
  "jobMapMB" : -1,
  "jobReduceMB" : -1,
  "relativeTime" : 0,
  "mapperTriesToSucceed" : [ 1.0 ],
  "failedMapperFraction" : 0.0,
  "jobProperties" : { }
}