{
  "jobID" : "job_1572946766556_1050",
  "user" : "hadoop",
  "computonsPerMapInputByte" : -1,
  "computonsPerMapOutputByte" : -1,
  "computonsPerReduceInputByte" : -1,
  "computonsPerReduceOutputByte" : -1,
  "submitTime" : 1575690170827,
  "launchTime" : 1575690175083,
  "finishTime" : 1575690317374,
  "heapMegabytes" : -1,
  "totalMaps" : 2,
  "totalReduces" : 2,
  "outcome" : "SUCCESS",
  "jobtype" : "JAVA",
  "priority" : "NORMAL",
  "directDependantJobs" : [ ],
  "mapTasks" : [ {
    "inputBytes" : 7745257,
    "inputRecords" : 246569,
    "outputBytes" : 32289381,
    "outputRecords" : 934712,
    "taskID" : "task_1572946766556_1050_m_000000",
    "startTime" : 1575690175130,
    "finishTime" : 1575690239001,
    "taskType" : "MAP",
    "taskStatus" : "SUCCESS",
    "attempts" : [ {
      "attemptID" : "attempt_1572946766556_1050_m_000000_0",
      "result" : "SUCCESS",
      "startTime" : 1575690177292,
      "finishTime" : 1575690239001,
      "hostName" : "/default-rack/slave2",
      "hdfsBytesRead" : 7745257,
      "hdfsBytesWritten" : 0,
      "fileBytesRead" : 0,
      "fileBytesWritten" : 32289381,
      "mapInputRecords" : 246569,
      "mapInputBytes" : -1,
      "mapOutputBytes" : 30296128,
      "mapOutputRecords" : 934712,
      "combineInputRecords" : 0,
      "reduceInputGroups" : -1,
      "reduceInputRecords" : -1,
      "reduceShuffleBytes" : -1,
      "reduceOutputRecords" : -1,
      "spilledRecords" : 934712,
      "shuffleFinished" : -1,
      "sortFinished" : -1,
      "location" : {
        "layers" : [ "default-rack", "slave2" ]
      },
      "clockSplits" : [ 10231, 8250, 7412, 7093, 6844, 6761, 6952, 7428, 186, 180, 179, 180 ],
      "cpuUsages" : [ 124997, 122945, 92102, 89084, 81216, 78586, 83599, 83442, 1034, 688, 688, 689 ],
      "physMemKbytes" : [ 214054, 341244, 352816, 356383, 360437, 359841, 357138, 354396, 352348, 347930, 343511, 339093 ],
      "resourceUsageMetrics" : {
        "cumulativeCpuUsage" : 759070,
        "virtualMemoryUsage" : 2121830400,
        "physicalMemoryUsage" : 344969216,
        "heapUsage" : 192937984
      },
      "vmemKbytes" : [ 1338632, 2072099, 2072100, 2072099, 2072100, 2072099, 2072100, 2072099, 2072100, 2072100, 2072099, 2072100 ]
    }, {
      "attemptID" : "attempt_1572946766556_1050_m_000000_1",
      "result" : "KILLED",
      "startTime" : 1575690190176,
      "finishTime" : 1575690239021,
      "hostName" : "/default-rack/slave2",
      "hdfsBytesRead" : 6291601,
      "hdfsBytesWritten" : 0,
      "fileBytesRead" : 0,
      "fileBytesWritten" : 123761,
      "mapInputRecords" : 201050,
      "mapInputBytes" : -1,
      "mapOutputBytes" : 24443157,
      "mapOutputRecords" : 753968,
      "combineInputRecords" : 0,
      "reduceInputGroups" : -1,
      "reduceInputRecords" : -1,
      "reduceShuffleBytes" : -1,
      "reduceOutputRecords" : -1,
      "spilledRecords" : 0,
      "shuffleFinished" : -1,
      "sortFinished" : -1,
      "location" : {
        "layers" : [ "default-rack", "slave2" ]
      },
      "clockSplits" : [ 10925, 7330, 6988, 6752, 6782, 6614, 3179, 52, 51, 51, 51, 52 ],
      "cpuUsages" : [ 104673, 80875, 78828, 73596, 74736, 74636, 39056, 0, 0, 0, 0, 0 ],
      "physMemKbytes" : [ 224041, 354912, 366818, 370360, 375544, 375758, 375857, 375859, 375860, 375860, 375859, 375860 ],
      "resourceUsageMetrics" : {
        "cumulativeCpuUsage" : 526400,
        "virtualMemoryUsage" : 2130403328,
        "physicalMemoryUsage" : 384880640,
        "heapUsage" : 193462272
      },
      "vmemKbytes" : [ 1390632, 2080437, 2080472, 2080471, 2080472, 2080471, 2080472, 2080471, 2080472, 2080472, 2080471, 2080472 ]
    } ],
    "preferredLocations" : [ ]
  }, {
    "inputBytes" : 1279951,
    "inputRecords" : 32202,
    "outputBytes" : 4613222,
    "outputRecords" : 203769,
    "taskID" : "task_1572946766556_1050_m_000001",
    "startTime" : 1575690175132,
    "finishTime" : 1575690188858,
    "taskType" : "MAP",
    "taskStatus" : "SUCCESS",
    "attempts" : [ {
      "attemptID" : "attempt_1572946766556_1050_m_000001_0",
      "result" : "SUCCESS",
      "startTime" : 1575690177299,
      "finishTime" : 1575690188858,
      "hostName" : "/default-rack/slave5",
      "hdfsBytesRead" : 1279951,
      "hdfsBytesWritten" : 0,
      "fileBytesRead" : 0,
      "fileBytesWritten" : 4613222,
      "mapInputRecords" : 32202,
      "mapInputBytes" : -1,
      "mapOutputBytes" : 4081855,
      "mapOutputRecords" : 203769,
      "combineInputRecords" : 0,
      "reduceInputGroups" : -1,
      "reduceInputRecords" : -1,
      "reduceShuffleBytes" : -1,
      "reduceOutputRecords" : -1,
      "spilledRecords" : 203769,
      "shuffleFinished" : -1,
      "sortFinished" : -1,
      "location" : {
        "layers" : [ "default-rack", "slave5" ]
      },
      "clockSplits" : [ 1421, 1422, 1422, 1422, 1422, 1391, 1339, 1324, 94, 94, 94, 94 ],
      "cpuUsages" : [ 18838, 18838, 18838, 18838, 18838, 20417, 23052, 22652, 657, 657, 657, 658 ],
      "physMemKbytes" : [ 30614, 91843, 153072, 214301, 275530, 332887, 349743, 355813, 356553, 352321, 348088, 343856 ],
      "resourceUsageMetrics" : {
        "cumulativeCpuUsage" : 162940,
        "virtualMemoryUsage" : 2120048640,
        "physicalMemoryUsage" : 349941760,
        "heapUsage" : 174587904
      },
      "vmemKbytes" : [ 184022, 552067, 920112, 1288157, 1656202, 1998409, 2070360, 2070359, 2070360, 2070360, 2070359, 2070360 ]
    } ],
    "preferredLocations" : [ ]
  } ],
  "reduceTasks" : [ {
    "inputBytes" : 19125688,
    "inputRecords" : 600639,
    "outputBytes" : 13858107,
    "outputRecords" : 5885,
    "taskID" : "task_1572946766556_1050_r_000000",
    "startTime" : 1575690175133,
    "finishTime" : 1575690317302,
    "taskType" : "REDUCE",
    "taskStatus" : "SUCCESS",
    "attempts" : [ {
      "attemptID" : "attempt_1572946766556_1050_r_000000_0",
      "result" : "SUCCESS",
      "startTime" : 1575690191187,
      "finishTime" : 1575690317302,
      "hostName" : "/default-rack/slave2",
      "hdfsBytesRead" : 0,
      "hdfsBytesWritten" : 13858107,
      "fileBytesRead" : 19125682,
      "fileBytesWritten" : 19249420,
      "mapInputRecords" : -1,
      "mapInputBytes" : -1,
      "mapOutputBytes" : -1,
      "mapOutputRecords" : -1,
      "combineInputRecords" : 0,
      "reduceInputGroups" : 5885,
      "reduceInputRecords" : 600639,
      "reduceShuffleBytes" : 19125688,
      "reduceOutputRecords" : 5885,
      "spilledRecords" : 600639,
      "shuffleFinished" : 1575690239628,
      "sortFinished" : 1575690239961,
      "location" : {
        "layers" : [ "default-rack", "slave2" ]
      },
      "clockSplits" : [ 4114, 4115, 40882, 333, 333, 333, 333, 333, 8084, 28160, 28809, 10274 ],
      "cpuUsages" : [ 279, 280, 3487, 1457, 1457, 1457, 1457, 1457, 22161, 83333, 82987, 27648 ],
      "physMemKbytes" : [ 39878, 119636, 177988, 186967, 195946, 204925, 213904, 222882, 241820, 260157, 276451, 277757 ],
      "resourceUsageMetrics" : {
        "cumulativeCpuUsage" : 227460,
        "virtualMemoryUsage" : 2126110720,
        "physicalMemoryUsage" : 283987968,
        "heapUsage" : 157286400
      },
      "vmemKbytes" : [ 517927, 1553783, 2072075, 2072803, 2073532, 2074259, 2074988, 2075715, 2076252, 2076280, 2076279, 2076280 ]
    } ],
    "preferredLocations" : [ ]
  }, {
    "inputBytes" : 17529281,
    "inputRecords" : 537842,
    "outputBytes" : 12405158,
    "outputRecords" : 5958,
    "taskID" : "task_1572946766556_1050_r_000001",
    "startTime" : 1575690175133,
    "finishTime" : 1575690313205,
    "taskType" : "REDUCE",
    "taskStatus" : "SUCCESS",
    "attempts" : [ {
      "attemptID" : "attempt_1572946766556_1050_r_000001_0",
      "result" : "SUCCESS",
      "startTime" : 1575690191195,
      "finishTime" : 1575690313205,
      "hostName" : "/default-rack/slave3",
      "hdfsBytesRead" : 0,
      "hdfsBytesWritten" : 12405158,
      "fileBytesRead" : 17529275,
      "fileBytesWritten" : 17653013,
      "mapInputRecords" : -1,
      "mapInputBytes" : -1,
      "mapOutputBytes" : -1,
      "mapOutputRecords" : -1,
      "combineInputRecords" : 0,
      "reduceInputGroups" : 5958,
      "reduceInputRecords" : 537842,
      "reduceShuffleBytes" : 17529281,
      "reduceOutputRecords" : 5958,
      "spilledRecords" : 537842,
      "shuffleFinished" : 1575690239514,
      "sortFinished" : 1575690239754,
      "location" : {
        "layers" : [ "default-rack", "slave3" ]
      },
      "clockSplits" : [ 3984, 3985, 40893, 325, 326, 325, 326, 325, 4748, 32420, 14494, 19846 ],
      "cpuUsages" : [ 379, 380, 3684, 1524, 1524, 1523, 1524, 1524, 16417, 119785, 50159, 73817 ],
      "physMemKbytes" : [ 40848, 122546, 177124, 185174, 193225, 201275, 209326, 217375, 226349, 254205, 264213, 264953 ],
      "resourceUsageMetrics" : {
        "cumulativeCpuUsage" : 272240,
        "virtualMemoryUsage" : 2129989632,
        "physicalMemoryUsage" : 271101952,
        "heapUsage" : 151519232
      },
      "vmemKbytes" : [ 518116, 1554350, 2078179, 2078500, 2078821, 2079141, 2079462, 2079783, 2080044, 2080068, 2080067, 2080068 ]
    } ],
    "preferredLocations" : [ ]
  } ],
  "otherTasks" : [ ],
  "successfulMapAttemptCDFs" : [ {
    "numberValues" : 0,
    "minimum" : -9223372036854775808,
    "rankings" : [ ],
    "maximum" : 9223372036854775807
  }, {
    "numberValues" : 0,
    "minimum" : -9223372036854775808,
    "rankings" : [ ],
    "maximum" : 9223372036854775807
  }, {
    "numberValues" : 0,
    "minimum" : -9223372036854775808,
    "rankings" : [ ],
    "maximum" : 9223372036854775807
  }, {
    "numberValues" : 2,
    "minimum" : 11559,
    "rankings" : [ {
      "relativeRanking" : 0.05,
      "datum" : 11559
    }, {
      "relativeRanking" : 0.1,
      "datum" : 11559
    }, {
      "relativeRanking" : 0.15,
      "datum" : 11559
    }, {
      "relativeRanking" : 0.2,
      "datum" : 11559
    }, {
      "relativeRanking" : 0.25,
      "datum" : 11559
    }, {
      "relativeRanking" : 0.3,
      "datum" : 11559
    }, {
      "relativeRanking" : 0.35,
      "datum" : 11559
    }, {
      "relativeRanking" : 0.4,
      "datum" : 11559
    }, {
      "relativeRanking" : 0.45,
      "datum" : 11559
    }, {
      "relativeRanking" : 0.5,
      "datum" : 11559
    }, {
      "relativeRanking" : 0.55,
      "datum" : 11559
    }, {
      "relativeRanking" : 0.6,
      "datum" : 11559
    }, {
      "relativeRanking" : 0.65,
      "datum" : 11559
    }, {
      "relativeRanking" : 0.7,
      "datum" : 11559
    }, {
      "relativeRanking" : 0.75,
      "datum" : 11559
    }, {
      "relativeRanking" : 0.8,
      "datum" : 11559
    }, {
      "relativeRanking" : 0.85,
      "datum" : 11559
    }, {
      "relativeRanking" : 0.9,
      "datum" : 11559
    }, {
      "relativeRanking" : 0.95,
      "datum" : 11559
    } ],
    "maximum" : 61709
  } ],
  "failedMapAttemptCDFs" : [ {
    "numberValues" : 0,
    "minimum" : -9223372036854775808,
    "rankings" : [ ],
    "maximum" : 9223372036854775807
  }, {
    "numberValues" : 0,
    "minimum" : -9223372036854775808,
    "rankings" : [ ],
    "maximum" : 9223372036854775807
  }, {
    "numberValues" : 0,
    "minimum" : -9223372036854775808,
    "rankings" : [ ],
    "maximum" : 9223372036854775807
  }, {
    "numberValues" : 0,
    "minimum" : -9223372036854775808,
    "rankings" : [ ],
    "maximum" : 9223372036854775807
  } ],
  "successfulReduceAttemptCDF" : {
    "numberValues" : 2,
    "minimum" : 122010,
    "rankings" : [ {
      "relativeRanking" : 0.05,
      "datum" : 122010
    }, {
      "relativeRanking" : 0.1,
      "datum" : 122010
    }, {
      "relativeRanking" : 0.15,
      "datum" : 122010
    }, {
      "relativeRanking" : 0.2,
      "datum" : 122010
    }, {
      "relativeRanking" : 0.25,
      "datum" : 122010
    }, {
      "relativeRanking" : 0.3,
      "datum" : 122010
    }, {
      "relativeRanking" : 0.35,
      "datum" : 122010
    }, {
      "relativeRanking" : 0.4,
      "datum" : 122010
    }, {
      "relativeRanking" : 0.45,
      "datum" : 122010
    }, {
      "relativeRanking" : 0.5,
      "datum" : 122010
    }, {
      "relativeRanking" : 0.55,
      "datum" : 122010
    }, {
      "relativeRanking" : 0.6,
      "datum" : 122010
    }, {
      "relativeRanking" : 0.65,
      "datum" : 122010
    }, {
      "relativeRanking" : 0.7,
      "datum" : 122010
    }, {
      "relativeRanking" : 0.75,
      "datum" : 122010
    }, {
      "relativeRanking" : 0.8,
      "datum" : 122010
    }, {
      "relativeRanking" : 0.85,
      "datum" : 122010
    }, {
      "relativeRanking" : 0.9,
      "datum" : 122010
    }, {
      "relativeRanking" : 0.95,
      "datum" : 122010
    } ],
    "maximum" : 126115
  },
  "failedReduceAttemptCDF" : {
    "numberValues" : 0,
    "minimum" : -9223372036854775808,
    "rankings" : [ ],
    "maximum" : 9223372036854775807
  },
  "queue" : "default",
  "jobName" : "CAC_Count-[1575690167927-Indexing1]",
  "clusterMapMB" : -1,
  "clusterReduceMB" : -1,
  "jobMapMB" : -1,
  "jobReduceMB" : -1,
  "relativeTime" : 0,
  "mapperTriesToSucceed" : [ 1.0 ],
  "failedMapperFraction" : 0.0,
  "jobProperties" : { }
}