{
  "jobID" : "job_1572946766556_1051",
  "user" : "hadoop",
  "computonsPerMapInputByte" : -1,
  "computonsPerMapOutputByte" : -1,
  "computonsPerReduceInputByte" : -1,
  "computonsPerReduceOutputByte" : -1,
  "submitTime" : 1575690319313,
  "launchTime" : 1575690322984,
  "finishTime" : 1575691082102,
  "heapMegabytes" : -1,
  "totalMaps" : 2,
  "totalReduces" : 2,
  "outcome" : "SUCCESS",
  "jobtype" : "JAVA",
  "priority" : "NORMAL",
  "directDependantJobs" : [ ],
  "mapTasks" : [ {
    "inputBytes" : 13858263,
    "inputRecords" : 5885,
    "outputBytes" : 16157439326,
    "outputRecords" : 157234191,
    "taskID" : "task_1572946766556_1051_m_000000",
    "startTime" : 1575690323032,
    "finishTime" : 1575690854673,
    "taskType" : "MAP",
    "taskStatus" : "SUCCESS",
    "attempts" : [ {
      "attemptID" : "attempt_1572946766556_1051_m_000000_0",
      "result" : "SUCCESS",
      "startTime" : 1575690325193,
      "finishTime" : 1575690854673,
      "hostName" : "/default-rack/slave5",
      "hdfsBytesRead" : 13858263,
      "hdfsBytesWritten" : 0,
      "fileBytesRead" : 11043952114,
      "fileBytesWritten" : 16157439326,
      "mapInputRecords" : 5885,
      "mapInputBytes" : -1,
      "mapOutputBytes" : 4804377587,
      "mapOutputRecords" : 157234191,
      "combineInputRecords" : 0,
      "reduceInputGroups" : -1,
      "reduceInputRecords" : -1,
      "reduceShuffleBytes" : -1,
      "reduceOutputRecords" : -1,
      "spilledRecords" : 496965907,
      "shuffleFinished" : -1,
      "sortFinished" : -1,
      "location" : {
        "layers" : [ "default-rack", "slave5" ]
      },
      "clockSplits" : [ 18851, 8525, 125740, 28827, 98048, 18177, 8214, 14687, 48952, 51664, 49322, 58458 ],
      "cpuUsages" : [ 35470, 16855, 229002, 53604, 169884, 31293, 14522, 24723, 71781, 73837, 72586, 82093 ],
      "physMemKbytes" : [ 212413, 281262, 295000, 299958, 301125, 302203, 301799, 301652, 308570, 310203, 307113, 306382 ],
      "resourceUsageMetrics" : {
        "cumulativeCpuUsage" : 875650,
        "virtualMemoryUsage" : 2126966784,
        "physicalMemoryUsage" : 314163200,
        "heapUsage" : 209190912
      },
      "vmemKbytes" : [ 1599105, 2070179, 2071494, 2072019, 2072020, 2072019, 2072020, 2072019, 2075986, 2076088, 2076087, 2076096 ]
    }, {
      "attemptID" : "attempt_1572946766556_1051_m_000000_1",
      "result" : "KILLED",
      "startTime" : 1575690610541,
      "finishTime" : 1575690854708,
      "hostName" : "/default-rack/slave4",
      "hdfsBytesRead" : 7602332,
      "hdfsBytesWritten" : 0,
      "fileBytesRead" : 0,
      "fileBytesWritten" : 3555072934,
      "mapInputRecords" : 3665,
      "mapInputBytes" : -1,
      "mapOutputBytes" : 3386214005,
      "mapOutputRecords" : 111816991,
      "combineInputRecords" : 0,
      "reduceInputGroups" : -1,
      "reduceInputRecords" : -1,
      "reduceShuffleBytes" : -1,
      "reduceOutputRecords" : -1,
      "spilledRecords" : 110080831,
      "shuffleFinished" : -1,
      "sortFinished" : -1,
      "location" : {
        "layers" : [ "default-rack", "slave4" ]
      },
      "clockSplits" : [ 15661, 8063, 127852, 36089, 54241, 318, 318, 318, 319, 318, 318, 319 ],
      "cpuUsages" : [ 27634, 15482, 225089, 68443, 100382, 0, 0, 0, 0, 0, 0, 0 ],
      "physMemKbytes" : [ 202819, 287799, 303595, 307507, 307824, 307763, 307764, 307763, 307764, 307764, 307763, 307764 ],
      "resourceUsageMetrics" : {
        "cumulativeCpuUsage" : 437030,
        "virtualMemoryUsage" : 2119512064,
        "physicalMemoryUsage" : 315150336,
        "heapUsage" : 209190912
      },
      "vmemKbytes" : [ 1499638, 2069835, 2069836, 2069835, 2069836, 2069835, 2069836, 2069835, 2069836, 2069836, 2069835, 2069836 ]
    } ],
    "preferredLocations" : [ ]
  }, {
    "inputBytes" : 12405314,
    "inputRecords" : 5958,
    "outputBytes" : 8382482745,
    "outputRecords" : 81823829,
    "taskID" : "task_1572946766556_1051_m_000001",
    "startTime" : 1575690323034,
    "finishTime" : 1575690608467,
    "taskType" : "MAP",
    "taskStatus" : "SUCCESS",
    "attempts" : [ {
      "attemptID" : "attempt_1572946766556_1051_m_000001_0",
      "result" : "SUCCESS",
      "startTime" : 1575690325188,
      "finishTime" : 1575690608467,
      "hostName" : "/default-rack/slave5",
      "hdfsBytesRead" : 12405314,
      "hdfsBytesWritten" : 0,
      "fileBytesRead" : 5530455311,
      "fileBytesWritten" : 8382482745,
      "mapInputRecords" : 5958,
      "mapInputBytes" : -1,
      "mapOutputBytes" : 2692726170,
      "mapOutputRecords" : 81823829,
      "combineInputRecords" : 0,
      "reduceInputGroups" : -1,
      "reduceInputRecords" : -1,
      "reduceShuffleBytes" : -1,
      "reduceOutputRecords" : -1,
      "spilledRecords" : 240835486,
      "shuffleFinished" : -1,
      "sortFinished" : -1,
      "location" : {
        "layers" : [ "default-rack", "slave5" ]
      },
      "clockSplits" : [ 22033, 12409, 49421, 19244, 17996, 5351, 44527, 7287, 25778, 26232, 25067, 27903 ],
      "cpuUsages" : [ 41953, 23254, 89420, 33563, 30957, 11238, 80408, 12091, 36683, 35376, 35753, 37344 ],
      "physMemKbytes" : [ 224666, 282463, 296960, 302070, 302396, 302815, 302385, 301934, 308201, 308400, 307973, 309738 ],
      "resourceUsageMetrics" : {
        "cumulativeCpuUsage" : 468040,
        "virtualMemoryUsage" : 2122301440,
        "physicalMemoryUsage" : 319442944,
        "heapUsage" : 209190912
      },
      "vmemKbytes" : [ 1688685, 2069163, 2069164, 2069163, 2069164, 2069163, 2069164, 2069163, 2071454, 2071532, 2071531, 2071551 ]
    } ],
    "preferredLocations" : [ ]
  } ],
  "reduceTasks" : [ {
    "inputBytes" : 3987610327,
    "inputRecords" : 119529630,
    "outputBytes" : 2413073888,
    "outputRecords" : 101394168,
    "taskID" : "task_1572946766556_1051_r_000000",
    "startTime" : 1575690323035,
    "finishTime" : 1575691060645,
    "taskType" : "REDUCE",
    "taskStatus" : "SUCCESS",
    "attempts" : [ {
      "attemptID" : "attempt_1572946766556_1051_r_000000_0",
      "result" : "SUCCESS",
      "startTime" : 1575690610540,
      "finishTime" : 1575691060645,
      "hostName" : "/default-rack/slave5",
      "hdfsBytesRead" : 0,
      "hdfsBytesWritten" : 2413073888,
      "fileBytesRead" : 3987610327,
      "fileBytesWritten" : 3987734424,
      "mapInputRecords" : -1,
      "mapInputBytes" : -1,
      "mapOutputBytes" : -1,
      "mapOutputRecords" : -1,
      "combineInputRecords" : 0,
      "reduceInputGroups" : 101394168,
      "reduceInputRecords" : 119529630,
      "reduceShuffleBytes" : 3987610327,
      "reduceOutputRecords" : 101394168,
      "spilledRecords" : 119529630,
      "shuffleFinished" : 1575690857247,
      "sortFinished" : 1575690857266,
      "location" : {
        "layers" : [ "default-rack", "slave5" ]
      },
      "clockSplits" : [ 3832, 3833, 239205, 171, 171, 171, 171, 171, 50502, 50714, 50110, 51042 ],
      "cpuUsages" : [ 1289, 1290, 11558, 1078, 1077, 1078, 1077, 1078, 91152, 87827, 86031, 86635 ],
      "physMemKbytes" : [ 41207, 123623, 149918, 160802, 171687, 182572, 193457, 204342, 224613, 239759, 247214, 252405 ],
      "resourceUsageMetrics" : {
        "cumulativeCpuUsage" : 371170,
        "virtualMemoryUsage" : 2134966272,
        "physicalMemoryUsage" : 260984832,
        "heapUsage" : 134217728
      },
      "vmemKbytes" : [ 518186, 1554560, 2077456, 2079857, 2082260, 2084661, 2087063, 2089464, 2090137, 2084928, 2084927, 2084928 ]
    } ],
    "preferredLocations" : [ ]
  }, {
    "inputBytes" : 3987609494,
    "inputRecords" : 119528390,
    "outputBytes" : 2413007568,
    "outputRecords" : 101390972,
    "taskID" : "task_1572946766556_1051_r_000001",
    "startTime" : 1575690323035,
    "finishTime" : 1575691082029,
    "taskType" : "REDUCE",
    "taskStatus" : "SUCCESS",
    "attempts" : [ {
      "attemptID" : "attempt_1572946766556_1051_r_000001_0",
      "result" : "SUCCESS",
      "startTime" : 1575690610545,
      "finishTime" : 1575691082029,
      "hostName" : "/default-rack/slave3",
      "hdfsBytesRead" : 0,
      "hdfsBytesWritten" : 2413007568,
      "fileBytesRead" : 3987609494,
      "fileBytesWritten" : 3987733591,
      "mapInputRecords" : -1,
      "mapInputBytes" : -1,
      "mapOutputBytes" : -1,
      "mapOutputRecords" : -1,
      "combineInputRecords" : 0,
      "reduceInputGroups" : 101390972,
      "reduceInputRecords" : 119528390,
      "reduceShuffleBytes" : 3987609494,
      "reduceOutputRecords" : 101390972,
      "spilledRecords" : 119528390,
      "shuffleFinished" : 1575690879024,
      "sortFinished" : 1575690879052,
      "location" : {
        "layers" : [ "default-rack", "slave3" ]
      },
      "clockSplits" : [ 15549, 1523, 251578, 169, 169, 169, 169, 169, 49285, 50865, 50876, 50950 ],
      "cpuUsages" : [ 6839, 220, 20535, 944, 945, 944, 945, 944, 88273, 88239, 85639, 88553 ],
      "physMemKbytes" : [ 170386, 170440, 148181, 159456, 170731, 182006, 193281, 204556, 232718, 242131, 247018, 250824 ],
      "resourceUsageMetrics" : {
        "cumulativeCpuUsage" : 383020,
        "virtualMemoryUsage" : 2135580672,
        "physicalMemoryUsage" : 259489792,
        "heapUsage" : 134742016
      },
      "vmemKbytes" : [ 2073687, 2073687, 2074671, 2076640, 2078609, 2080578, 2082547, 2084515, 2085527, 2085528, 2085527, 2085528 ]
    } ],
    "preferredLocations" : [ ]
  } ],
  "otherTasks" : [ ],
  "successfulMapAttemptCDFs" : [ {
    "numberValues" : 0,
    "minimum" : -9223372036854775808,
    "rankings" : [ ],
    "maximum" : 9223372036854775807
  }, {
    "numberValues" : 0,
    "minimum" : -9223372036854775808,
    "rankings" : [ ],
    "maximum" : 9223372036854775807
  }, {
    "numberValues" : 0,
    "minimum" : -9223372036854775808,
    "rankings" : [ ],
    "maximum" : 9223372036854775807
  }, {
    "numberValues" : 2,
    "minimum" : 283279,
    "rankings" : [ {
      "relativeRanking" : 0.05,
      "datum" : 283279
    }, {
      "relativeRanking" : 0.1,
      "datum" : 283279
    }, {
      "relativeRanking" : 0.15,
      "datum" : 283279
    }, {
      "relativeRanking" : 0.2,
      "datum" : 283279
    }, {
      "relativeRanking" : 0.25,
      "datum" : 283279
    }, {
      "relativeRanking" : 0.3,
      "datum" : 283279
    }, {
      "relativeRanking" : 0.35,
      "datum" : 283279
    }, {
      "relativeRanking" : 0.4,
      "datum" : 283279
    }, {
      "relativeRanking" : 0.45,
      "datum" : 283279
    }, {
      "relativeRanking" : 0.5,
      "datum" : 283279
    }, {
      "relativeRanking" : 0.55,
      "datum" : 283279
    }, {
      "relativeRanking" : 0.6,
      "datum" : 283279
    }, {
      "relativeRanking" : 0.65,
      "datum" : 283279
    }, {
      "relativeRanking" : 0.7,
      "datum" : 283279
    }, {
      "relativeRanking" : 0.75,
      "datum" : 283279
    }, {
      "relativeRanking" : 0.8,
      "datum" : 283279
    }, {
      "relativeRanking" : 0.85,
      "datum" : 283279
    }, {
      "relativeRanking" : 0.9,
      "datum" : 283279
    }, {
      "relativeRanking" : 0.95,
      "datum" : 283279
    } ],
    "maximum" : 529480
  } ],
  "failedMapAttemptCDFs" : [ {
    "numberValues" : 0,
    "minimum" : -9223372036854775808,
    "rankings" : [ ],
    "maximum" : 9223372036854775807
  }, {
    "numberValues" : 0,
    "minimum" : -9223372036854775808,
    "rankings" : [ ],
    "maximum" : 9223372036854775807
  }, {
    "numberValues" : 0,
    "minimum" : -9223372036854775808,
    "rankings" : [ ],
    "maximum" : 9223372036854775807
  }, {
    "numberValues" : 0,
    "minimum" : -9223372036854775808,
    "rankings" : [ ],
    "maximum" : 9223372036854775807
  } ],
  "successfulReduceAttemptCDF" : {
    "numberValues" : 2,
    "minimum" : 450105,
    "rankings" : [ {
      "relativeRanking" : 0.05,
      "datum" : 450105
    }, {
      "relativeRanking" : 0.1,
      "datum" : 450105
    }, {
      "relativeRanking" : 0.15,
      "datum" : 450105
    }, {
      "relativeRanking" : 0.2,
      "datum" : 450105
    }, {
      "relativeRanking" : 0.25,
      "datum" : 450105
    }, {
      "relativeRanking" : 0.3,
      "datum" : 450105
    }, {
      "relativeRanking" : 0.35,
      "datum" : 450105
    }, {
      "relativeRanking" : 0.4,
      "datum" : 450105
    }, {
      "relativeRanking" : 0.45,
      "datum" : 450105
    }, {
      "relativeRanking" : 0.5,
      "datum" : 450105
    }, {
      "relativeRanking" : 0.55,
      "datum" : 450105
    }, {
      "relativeRanking" : 0.6,
      "datum" : 450105
    }, {
      "relativeRanking" : 0.65,
      "datum" : 450105
    }, {
      "relativeRanking" : 0.7,
      "datum" : 450105
    }, {
      "relativeRanking" : 0.75,
      "datum" : 450105
    }, {
      "relativeRanking" : 0.8,
      "datum" : 450105
    }, {
      "relativeRanking" : 0.85,
      "datum" : 450105
    }, {
      "relativeRanking" : 0.9,
      "datum" : 450105
    }, {
      "relativeRanking" : 0.95,
      "datum" : 450105
    } ],
    "maximum" : 471484
  },
  "failedReduceAttemptCDF" : {
    "numberValues" : 0,
    "minimum" : -9223372036854775808,
    "rankings" : [ ],
    "maximum" : 9223372036854775807
  },
  "queue" : "default",
  "jobName" : "CAC_Count-[1575690167927-Similarity2-END]",
  "clusterMapMB" : -1,
  "clusterReduceMB" : -1,
  "jobMapMB" : -1,
  "jobReduceMB" : -1,
  "relativeTime" : 0,
  "mapperTriesToSucceed" : [ 1.0 ],
  "failedMapperFraction" : 0.0,
  "jobProperties" : { }
}