{
  "jobID" : "job_1572946766556_1073",
  "user" : "hadoop",
  "computonsPerMapInputByte" : -1,
  "computonsPerMapOutputByte" : -1,
  "computonsPerReduceInputByte" : -1,
  "computonsPerReduceOutputByte" : -1,
  "submitTime" : 1575698270671,
  "launchTime" : 1575698274120,
  "finishTime" : 1575698857285,
  "heapMegabytes" : -1,
  "totalMaps" : 3,
  "totalReduces" : 3,
  "outcome" : "SUCCESS",
  "jobtype" : "JAVA",
  "priority" : "NORMAL",
  "directDependantJobs" : [ ],
  "mapTasks" : [ {
    "inputBytes" : 9599084,
    "inputRecords" : 3960,
    "outputBytes" : 9860388471,
    "outputRecords" : 99038183,
    "taskID" : "task_1572946766556_1073_m_000000",
    "startTime" : 1575698274180,
    "finishTime" : 1575698697157,
    "taskType" : "MAP",
    "taskStatus" : "SUCCESS",
    "attempts" : [ {
      "attemptID" : "attempt_1572946766556_1073_m_000000_0",
      "result" : "SUCCESS",
      "startTime" : 1575698276348,
      "finishTime" : 1575698697157,
      "hostName" : "/default-rack/slave2",
      "hdfsBytesRead" : 9599084,
      "hdfsBytesWritten" : 0,
      "fileBytesRead" : 6548934313,
      "fileBytesWritten" : 9860388471,
      "mapInputRecords" : 3960,
      "mapInputBytes" : -1,
      "mapOutputBytes" : 3120344950,
      "mapOutputRecords" : 99038183,
      "combineInputRecords" : 0,
      "reduceInputGroups" : -1,
      "reduceInputRecords" : -1,
      "reduceShuffleBytes" : -1,
      "reduceOutputRecords" : -1,
      "spilledRecords" : 294756347,
      "shuffleFinished" : -1,
      "sortFinished" : -1,
      "location" : {
        "layers" : [ "default-rack", "slave2" ]
      },
      "clockSplits" : [ 13451, 9644, 34014, 34270, 102319, 11761, 58819, 14242, 34460, 34317, 35972, 37520 ],
      "cpuUsages" : [ 25251, 19543, 64748, 65222, 190103, 22500, 104839, 24522, 45040, 44850, 46907, 50495 ],
      "physMemKbytes" : [ 211188, 277233, 288585, 296090, 299997, 300956, 304045, 303815, 307877, 308433, 308894, 308993 ],
      "resourceUsageMetrics" : {
        "cumulativeCpuUsage" : 704020,
        "virtualMemoryUsage" : 2125164544,
        "physicalMemoryUsage" : 316854272,
        "heapUsage" : 209190912
      },
      "vmemKbytes" : [ 1596766, 2069427, 2069428, 2069427, 2069428, 2069427, 2071771, 2071847, 2074218, 2074328, 2074327, 2074349 ]
    }, {
      "attemptID" : "attempt_1572946766556_1073_m_000000_1",
      "result" : "KILLED",
      "startTime" : 1575698529695,
      "finishTime" : 1575698697203,
      "hostName" : "/default-rack/slave2",
      "hdfsBytesRead" : 5767324,
      "hdfsBytesWritten" : 0,
      "fileBytesRead" : 0,
      "fileBytesWritten" : 2202842994,
      "mapInputRecords" : 2692,
      "mapInputBytes" : -1,
      "mapOutputBytes" : 2129731550,
      "mapOutputRecords" : 68382679,
      "combineInputRecords" : 0,
      "reduceInputGroups" : -1,
      "reduceInputRecords" : -1,
      "reduceShuffleBytes" : -1,
      "reduceOutputRecords" : -1,
      "spilledRecords" : 66533969,
      "shuffleFinished" : -1,
      "sortFinished" : -1,
      "location" : {
        "layers" : [ "default-rack", "slave2" ]
      },
      "clockSplits" : [ 11213, 11847, 27904, 31209, 83834, 208, 208, 208, 208, 208, 208, 209 ],
      "cpuUsages" : [ 20730, 23445, 50153, 55196, 151726, 0, 0, 0, 0, 0, 0, 0 ],
      "physMemKbytes" : [ 208910, 284534, 306298, 310294, 323558, 328103, 328104, 328103, 328104, 328104, 328103, 328104 ],
      "resourceUsageMetrics" : {
        "cumulativeCpuUsage" : 301250,
        "virtualMemoryUsage" : 2117500928,
        "physicalMemoryUsage" : 335978496,
        "heapUsage" : 209190912
      },
      "vmemKbytes" : [ 1595196, 2067815, 2067872, 2067871, 2067872, 2067871, 2067872, 2067871, 2067872, 2067872, 2067871, 2067872 ]
    } ],
    "preferredLocations" : [ ]
  }, {
    "inputBytes" : 8988445,
    "inputRecords" : 3919,
    "outputBytes" : 5681457241,
    "outputRecords" : 58455405,
    "taskID" : "task_1572946766556_1073_m_000001",
    "startTime" : 1575698274183,
    "finishTime" : 1575698522685,
    "taskType" : "MAP",
    "taskStatus" : "SUCCESS",
    "attempts" : [ {
      "attemptID" : "attempt_1572946766556_1073_m_000001_0",
      "result" : "SUCCESS",
      "startTime" : 1575698276347,
      "finishTime" : 1575698522685,
      "hostName" : "/default-rack/slave2",
      "hdfsBytesRead" : 8988445,
      "hdfsBytesWritten" : 0,
      "fileBytesRead" : 3701215593,
      "fileBytesWritten" : 5681457241,
      "mapInputRecords" : 3919,
      "mapInputBytes" : -1,
      "mapOutputBytes" : 1868574631,
      "mapOutputRecords" : 58455405,
      "combineInputRecords" : 0,
      "reduceInputGroups" : -1,
      "reduceInputRecords" : -1,
      "reduceShuffleBytes" : -1,
      "reduceOutputRecords" : -1,
      "spilledRecords" : 167594175,
      "shuffleFinished" : -1,
      "sortFinished" : -1,
      "location" : {
        "layers" : [ "default-rack", "slave2" ]
      },
      "clockSplits" : [ 20919, 11932, 14675, 38929, 47117, 13132, 7689, 8789, 21619, 20330, 20427, 20671 ],
      "cpuUsages" : [ 39514, 22221, 29755, 76846, 90056, 27162, 14822, 15538, 31828, 29196, 27025, 26667 ],
      "physMemKbytes" : [ 186885, 281226, 290940, 301468, 301882, 303395, 304131, 304352, 311149, 310447, 309524, 309989 ],
      "resourceUsageMetrics" : {
        "cumulativeCpuUsage" : 430630,
        "virtualMemoryUsage" : 2126311424,
        "physicalMemoryUsage" : 317767680,
        "heapUsage" : 209190912
      },
      "vmemKbytes" : [ 1397604, 2070435, 2070436, 2070435, 2070436, 2070435, 2070436, 2070435, 2075255, 2075448, 2075447, 2075461 ]
    } ],
    "preferredLocations" : [ ]
  }, {
    "inputBytes" : 7676204,
    "inputRecords" : 3964,
    "outputBytes" : 7829480962,
    "outputRecords" : 81564432,
    "taskID" : "task_1572946766556_1073_m_000002",
    "startTime" : 1575698274183,
    "finishTime" : 1575698555221,
    "taskType" : "MAP",
    "taskStatus" : "SUCCESS",
    "attempts" : [ {
      "attemptID" : "attempt_1572946766556_1073_m_000002_0",
      "result" : "SUCCESS",
      "startTime" : 1575698276341,
      "finishTime" : 1575698555221,
      "hostName" : "/default-rack/slave1",
      "hdfsBytesRead" : 7676204,
      "hdfsBytesWritten" : 0,
      "fileBytesRead" : 5168168468,
      "fileBytesWritten" : 7829480962,
      "mapInputRecords" : 3964,
      "mapInputBytes" : -1,
      "mapOutputBytes" : 2508184176,
      "mapOutputRecords" : 81564432,
      "combineInputRecords" : 0,
      "reduceInputGroups" : -1,
      "reduceInputRecords" : -1,
      "reduceShuffleBytes" : -1,
      "reduceOutputRecords" : -1,
      "spilledRecords" : 239598675,
      "shuffleFinished" : -1,
      "sortFinished" : -1,
      "location" : {
        "layers" : [ "default-rack", "slave1" ]
      },
      "clockSplits" : [ 7386, 7194, 129771, 14526, 8893, 3002, 2797, 7603, 24931, 23728, 24679, 24357 ],
      "cpuUsages" : [ 13309, 13673, 243977, 26904, 16023, 6834, 6240, 13069, 35496, 32110, 33315, 31720 ],
      "physMemKbytes" : [ 130808, 278955, 288726, 303093, 303372, 303887, 304576, 304578, 305834, 305180, 305402, 305646 ],
      "resourceUsageMetrics" : {
        "cumulativeCpuUsage" : 472670,
        "virtualMemoryUsage" : 2121265152,
        "physicalMemoryUsage" : 312999936,
        "heapUsage" : 209190912
      },
      "vmemKbytes" : [ 974461, 2065360, 2069064, 2069063, 2069064, 2069063, 2069064, 2069063, 2073653, 2073744, 2073739, 2070695 ]
    } ],
    "preferredLocations" : [ ]
  } ],
  "reduceTasks" : [ {
    "inputBytes" : 2658198729,
    "inputRecords" : 79679848,
    "outputBytes" : 1608561436,
    "outputRecords" : 67589773,
    "taskID" : "task_1572946766556_1073_r_000000",
    "startTime" : 1575698274184,
    "finishTime" : 1575698853908,
    "taskType" : "REDUCE",
    "taskStatus" : "SUCCESS",
    "attempts" : [ {
      "attemptID" : "attempt_1572946766556_1073_r_000000_0",
      "result" : "SUCCESS",
      "startTime" : 1575698525700,
      "finishTime" : 1575698853908,
      "hostName" : "/default-rack/slave2",
      "hdfsBytesRead" : 0,
      "hdfsBytesWritten" : 1608561436,
      "fileBytesRead" : 2658198729,
      "fileBytesWritten" : 2658322826,
      "mapInputRecords" : -1,
      "mapInputBytes" : -1,
      "mapOutputBytes" : -1,
      "mapOutputRecords" : -1,
      "combineInputRecords" : 0,
      "reduceInputGroups" : 67589773,
      "reduceInputRecords" : 79679848,
      "reduceShuffleBytes" : 2658198729,
      "reduceOutputRecords" : 67589773,
      "spilledRecords" : 79679848,
      "shuffleFinished" : 1575698699067,
      "sortFinished" : 1575698699090,
      "location" : {
        "layers" : [ "default-rack", "slave2" ]
      },
      "clockSplits" : [ 5884, 46134, 121499, 317, 318, 317, 317, 317, 37338, 38617, 38329, 38809 ],
      "cpuUsages" : [ 959, 10625, 4012, 1371, 1371, 1371, 1370, 1371, 55974, 56550, 54590, 53856 ],
      "physMemKbytes" : [ 62078, 168859, 174764, 168080, 177072, 186063, 195055, 204046, 220136, 224131, 228051, 231129 ],
      "resourceUsageMetrics" : {
        "cumulativeCpuUsage" : 243420,
        "virtualMemoryUsage" : 2138456064,
        "physicalMemoryUsage" : 241582080,
        "heapUsage" : 135266304
      },
      "vmemKbytes" : [ 777226, 1995167, 2083495, 2079547, 2081103, 2082658, 2084214, 2085769, 2090879, 2088336, 2088335, 2088336 ]
    } ],
    "preferredLocations" : [ ]
  }, {
    "inputBytes" : 2658695084,
    "inputRecords" : 79694574,
    "outputBytes" : 1608820777,
    "outputRecords" : 67600228,
    "taskID" : "task_1572946766556_1073_r_000001",
    "startTime" : 1575698274184,
    "finishTime" : 1575698854649,
    "taskType" : "REDUCE",
    "taskStatus" : "SUCCESS",
    "attempts" : [ {
      "attemptID" : "attempt_1572946766556_1073_r_000001_0",
      "result" : "SUCCESS",
      "startTime" : 1575698525706,
      "finishTime" : 1575698854649,
      "hostName" : "/default-rack/slave3",
      "hdfsBytesRead" : 0,
      "hdfsBytesWritten" : 1608820777,
      "fileBytesRead" : 2658695084,
      "fileBytesWritten" : 2658819181,
      "mapInputRecords" : -1,
      "mapInputBytes" : -1,
      "mapOutputBytes" : -1,
      "mapOutputRecords" : -1,
      "combineInputRecords" : 0,
      "reduceInputGroups" : 67600228,
      "reduceInputRecords" : 79694574,
      "reduceShuffleBytes" : 2658695084,
      "reduceOutputRecords" : 67600228,
      "spilledRecords" : 79694574,
      "shuffleFinished" : 1575698718257,
      "sortFinished" : 1575698718282,
      "location" : {
        "layers" : [ "default-rack", "slave3" ]
      },
      "clockSplits" : [ 13024, 38832, 140767, 140, 139, 140, 139, 140, 33759, 33610, 33610, 34632 ],
      "cpuUsages" : [ 6044, 10015, 13992, 1023, 1023, 1023, 1023, 1023, 61471, 60546, 57588, 58419 ],
      "physMemKbytes" : [ 164638, 170454, 168256, 163821, 171648, 179473, 187300, 195126, 219091, 220938, 224145, 229724 ],
      "resourceUsageMetrics" : {
        "cumulativeCpuUsage" : 273190,
        "virtualMemoryUsage" : 2149085184,
        "physicalMemoryUsage" : 237359104,
        "heapUsage" : 137887744
      },
      "vmemKbytes" : [ 2073128, 2077133, 2079256, 2080948, 2083125, 2085301, 2087478, 2089654, 2101039, 2098716, 2098715, 2098716 ]
    } ],
    "preferredLocations" : [ ]
  }, {
    "inputBytes" : 2658326038,
    "inputRecords" : 79683598,
    "outputBytes" : 1608699243,
    "outputRecords" : 67595139,
    "taskID" : "task_1572946766556_1073_r_000002",
    "startTime" : 1575698274184,
    "finishTime" : 1575698857215,
    "taskType" : "REDUCE",
    "taskStatus" : "SUCCESS",
    "attempts" : [ {
      "attemptID" : "attempt_1572946766556_1073_r_000002_0",
      "result" : "SUCCESS",
      "startTime" : 1575698525702,
      "finishTime" : 1575698857215,
      "hostName" : "/default-rack/slave4",
      "hdfsBytesRead" : 0,
      "hdfsBytesWritten" : 1608699243,
      "fileBytesRead" : 2658326038,
      "fileBytesWritten" : 2658450135,
      "mapInputRecords" : -1,
      "mapInputBytes" : -1,
      "mapOutputBytes" : -1,
      "mapOutputRecords" : -1,
      "combineInputRecords" : 0,
      "reduceInputGroups" : 67595139,
      "reduceInputRecords" : 79683598,
      "reduceShuffleBytes" : 2658326038,
      "reduceOutputRecords" : 67595139,
      "spilledRecords" : 79683598,
      "shuffleFinished" : 1575698718285,
      "sortFinished" : 1575698718307,
      "location" : {
        "layers" : [ "default-rack", "slave4" ]
      },
      "clockSplits" : [ 13285, 38833, 140550, 180, 179, 180, 180, 179, 33706, 34486, 34542, 35201 ],
      "cpuUsages" : [ 5084, 11190, 14617, 996, 996, 996, 996, 995, 62193, 58567, 58609, 58391 ],
      "physMemKbytes" : [ 167398, 173238, 170577, 166959, 176520, 186081, 195642, 205203, 223955, 225207, 228493, 231982 ],
      "resourceUsageMetrics" : {
        "cumulativeCpuUsage" : 273630,
        "virtualMemoryUsage" : 2145026048,
        "physicalMemoryUsage" : 238497792,
        "heapUsage" : 133169152
      },
      "vmemKbytes" : [ 2073879, 2073880, 2074096, 2077128, 2081028, 2084927, 2088827, 2092726, 2094751, 2094752, 2094751, 2094752 ]
    } ],
    "preferredLocations" : [ ]
  } ],
  "otherTasks" : [ ],
  "successfulMapAttemptCDFs" : [ {
    "numberValues" : 0,
    "minimum" : -9223372036854775808,
    "rankings" : [ ],
    "maximum" : 9223372036854775807
  }, {
    "numberValues" : 0,
    "minimum" : -9223372036854775808,
    "rankings" : [ ],
    "maximum" : 9223372036854775807
  }, {
    "numberValues" : 0,
    "minimum" : -9223372036854775808,
    "rankings" : [ ],
    "maximum" : 9223372036854775807
  }, {
    "numberValues" : 3,
    "minimum" : 246338,
    "rankings" : [ {
      "relativeRanking" : 0.05,
      "datum" : 246338
    }, {
      "relativeRanking" : 0.1,
      "datum" : 246338
    }, {
      "relativeRanking" : 0.15,
      "datum" : 246338
    }, {
      "relativeRanking" : 0.2,
      "datum" : 246338
    }, {
      "relativeRanking" : 0.25,
      "datum" : 246338
    }, {
      "relativeRanking" : 0.3,
      "datum" : 246338
    }, {
      "relativeRanking" : 0.35,
      "datum" : 246338
    }, {
      "relativeRanking" : 0.4,
      "datum" : 246338
    }, {
      "relativeRanking" : 0.45,
      "datum" : 246338
    }, {
      "relativeRanking" : 0.5,
      "datum" : 246338
    }, {
      "relativeRanking" : 0.55,
      "datum" : 246338
    }, {
      "relativeRanking" : 0.6,
      "datum" : 246338
    }, {
      "relativeRanking" : 0.65,
      "datum" : 246338
    }, {
      "relativeRanking" : 0.7,
      "datum" : 278880
    }, {
      "relativeRanking" : 0.75,
      "datum" : 278880
    }, {
      "relativeRanking" : 0.8,
      "datum" : 278880
    }, {
      "relativeRanking" : 0.85,
      "datum" : 278880
    }, {
      "relativeRanking" : 0.9,
      "datum" : 278880
    }, {
      "relativeRanking" : 0.95,
      "datum" : 278880
    } ],
    "maximum" : 420809
  } ],
  "failedMapAttemptCDFs" : [ {
    "numberValues" : 0,
    "minimum" : -9223372036854775808,
    "rankings" : [ ],
    "maximum" : 9223372036854775807
  }, {
    "numberValues" : 0,
    "minimum" : -9223372036854775808,
    "rankings" : [ ],
    "maximum" : 9223372036854775807
  }, {
    "numberValues" : 0,
    "minimum" : -9223372036854775808,
    "rankings" : [ ],
    "maximum" : 9223372036854775807
  }, {
    "numberValues" : 0,
    "minimum" : -9223372036854775808,
    "rankings" : [ ],
    "maximum" : 9223372036854775807
  } ],
  "successfulReduceAttemptCDF" : {
    "numberValues" : 3,
    "minimum" : 328208,
    "rankings" : [ {
      "relativeRanking" : 0.05,
      "datum" : 328208
    }, {
      "relativeRanking" : 0.1,
      "datum" : 328208
    }, {
      "relativeRanking" : 0.15,
      "datum" : 328208
    }, {
      "relativeRanking" : 0.2,
      "datum" : 328208
    }, {
      "relativeRanking" : 0.25,
      "datum" : 328208
    }, {
      "relativeRanking" : 0.3,
      "datum" : 328208
    }, {
      "relativeRanking" : 0.35,
      "datum" : 328208
    }, {
      "relativeRanking" : 0.4,
      "datum" : 328208
    }, {
      "relativeRanking" : 0.45,
      "datum" : 328208
    }, {
      "relativeRanking" : 0.5,
      "datum" : 328208
    }, {
      "relativeRanking" : 0.55,
      "datum" : 328208
    }, {
      "relativeRanking" : 0.6,
      "datum" : 328208
    }, {
      "relativeRanking" : 0.65,
      "datum" : 328208
    }, {
      "relativeRanking" : 0.7,
      "datum" : 328943
    }, {
      "relativeRanking" : 0.75,
      "datum" : 328943
    }, {
      "relativeRanking" : 0.8,
      "datum" : 328943
    }, {
      "relativeRanking" : 0.85,
      "datum" : 328943
    }, {
      "relativeRanking" : 0.9,
      "datum" : 328943
    }, {
      "relativeRanking" : 0.95,
      "datum" : 328943
    } ],
    "maximum" : 331513
  },
  "failedReduceAttemptCDF" : {
    "numberValues" : 0,
    "minimum" : -9223372036854775808,
    "rankings" : [ ],
    "maximum" : 9223372036854775807
  },
  "queue" : "default",
  "jobName" : "CAC_Count-[1575698124333-Similarity2-END]",
  "clusterMapMB" : -1,
  "clusterReduceMB" : -1,
  "jobMapMB" : -1,
  "jobReduceMB" : -1,
  "relativeTime" : 0,
  "mapperTriesToSucceed" : [ 1.0 ],
  "failedMapperFraction" : 0.0,
  "jobProperties" : { }
}