{
  "jobID" : "job_1572946766556_1072",
  "user" : "hadoop",
  "computonsPerMapInputByte" : -1,
  "computonsPerMapOutputByte" : -1,
  "computonsPerReduceInputByte" : -1,
  "computonsPerReduceOutputByte" : -1,
  "submitTime" : 1575698127150,
  "launchTime" : 1575698130581,
  "finishTime" : 1575698268618,
  "heapMegabytes" : -1,
  "totalMaps" : 2,
  "totalReduces" : 3,
  "outcome" : "SUCCESS",
  "jobtype" : "JAVA",
  "priority" : "NORMAL",
  "directDependantJobs" : [ ],
  "mapTasks" : [ {
    "inputBytes" : 7745257,
    "inputRecords" : 246569,
    "outputBytes" : 32289411,
    "outputRecords" : 934712,
    "taskID" : "task_1572946766556_1072_m_000000",
    "startTime" : 1575698130617,
    "finishTime" : 1575698199990,
    "taskType" : "MAP",
    "taskStatus" : "SUCCESS",
    "attempts" : [ {
      "attemptID" : "attempt_1572946766556_1072_m_000000_0",
      "result" : "SUCCESS",
      "startTime" : 1575698132794,
      "finishTime" : 1575698199990,
      "hostName" : "/default-rack/slave5",
      "hdfsBytesRead" : 7745257,
      "hdfsBytesWritten" : 0,
      "fileBytesRead" : 0,
      "fileBytesWritten" : 32289411,
      "mapInputRecords" : 246569,
      "mapInputBytes" : -1,
      "mapOutputBytes" : 30296128,
      "mapOutputRecords" : 934712,
      "combineInputRecords" : 0,
      "reduceInputGroups" : -1,
      "reduceInputRecords" : -1,
      "reduceShuffleBytes" : -1,
      "reduceOutputRecords" : -1,
      "spilledRecords" : 934712,
      "shuffleFinished" : -1,
      "sortFinished" : -1,
      "location" : {
        "layers" : [ "default-rack", "slave5" ]
      },
      "clockSplits" : [ 11094, 7843, 7916, 7870, 7642, 7726, 8070, 8017, 251, 251, 251, 251 ],
      "cpuUsages" : [ 158584, 133268, 131357, 129292, 129387, 129713, 136820, 117007, 7430, 7431, 7430, 7431 ],
      "physMemKbytes" : [ 239614, 359684, 360049, 360210, 367665, 369804, 369914, 369984, 365780, 359762, 353743, 347725 ],
      "resourceUsageMetrics" : {
        "cumulativeCpuUsage" : 1095150,
        "virtualMemoryUsage" : 2122924032,
        "physicalMemoryUsage" : 352989184,
        "heapUsage" : 174587904
      },
      "vmemKbytes" : [ 1416819, 2071635, 2071636, 2071635, 2079268, 2081399, 2081400, 2081347, 2079975, 2078030, 2076085, 2074140 ]
    }, {
      "attemptID" : "attempt_1572946766556_1072_m_000000_1",
      "result" : "KILLED",
      "startTime" : 1575698146694,
      "finishTime" : 1575698200023,
      "hostName" : "/default-rack/slave4",
      "hdfsBytesRead" : 6291601,
      "hdfsBytesWritten" : 0,
      "fileBytesRead" : 0,
      "fileBytesWritten" : 123761,
      "mapInputRecords" : 200033,
      "mapInputBytes" : -1,
      "mapOutputBytes" : 24313898,
      "mapOutputRecords" : 749953,
      "combineInputRecords" : 0,
      "reduceInputGroups" : -1,
      "reduceInputRecords" : -1,
      "reduceShuffleBytes" : -1,
      "reduceOutputRecords" : -1,
      "spilledRecords" : 0,
      "shuffleFinished" : -1,
      "sortFinished" : -1,
      "location" : {
        "layers" : [ "default-rack", "slave4" ]
      },
      "clockSplits" : [ 10805, 7862, 7595, 7298, 7718, 7235, 3516, 253, 254, 254, 254, 254 ],
      "cpuUsages" : [ 153602, 134986, 128605, 123540, 126714, 122196, 56247, 0, 0, 0, 0, 0 ],
      "physMemKbytes" : [ 242922, 368739, 369085, 369324, 373057, 371016, 368650, 368667, 368668, 368668, 368667, 368668 ],
      "resourceUsageMetrics" : {
        "cumulativeCpuUsage" : 845890,
        "virtualMemoryUsage" : 2124726272,
        "physicalMemoryUsage" : 377516032,
        "heapUsage" : 192937984
      },
      "vmemKbytes" : [ 1410860, 2075939, 2075940, 2075939, 2079803, 2077553, 2074928, 2074927, 2074928, 2074928, 2074927, 2074928 ]
    } ],
    "preferredLocations" : [ ]
  }, {
    "inputBytes" : 1279951,
    "inputRecords" : 32202,
    "outputBytes" : 4613252,
    "outputRecords" : 203769,
    "taskID" : "task_1572946766556_1072_m_000001",
    "startTime" : 1575698130619,
    "finishTime" : 1575698144587,
    "taskType" : "MAP",
    "taskStatus" : "SUCCESS",
    "attempts" : [ {
      "attemptID" : "attempt_1572946766556_1072_m_000001_0",
      "result" : "SUCCESS",
      "startTime" : 1575698132788,
      "finishTime" : 1575698144587,
      "hostName" : "/default-rack/slave3",
      "hdfsBytesRead" : 1279951,
      "hdfsBytesWritten" : 0,
      "fileBytesRead" : 0,
      "fileBytesWritten" : 4613252,
      "mapInputRecords" : 32202,
      "mapInputBytes" : -1,
      "mapOutputBytes" : 4081855,
      "mapOutputRecords" : 203769,
      "combineInputRecords" : 0,
      "reduceInputGroups" : -1,
      "reduceInputRecords" : -1,
      "reduceShuffleBytes" : -1,
      "reduceOutputRecords" : -1,
      "spilledRecords" : 203769,
      "shuffleFinished" : -1,
      "sortFinished" : -1,
      "location" : {
        "layers" : [ "default-rack", "slave3" ]
      },
      "clockSplits" : [ 1454, 1454, 1454, 1455, 1454, 1385, 1319, 1317, 119, 120, 119, 120 ],
      "cpuUsages" : [ 18363, 18363, 18363, 18363, 18364, 20653, 22818, 20739, 1011, 1011, 1011, 1011 ],
      "physMemKbytes" : [ 31302, 93908, 156513, 219118, 281724, 336838, 349436, 355293, 355233, 351042, 346851, 342660 ],
      "resourceUsageMetrics" : {
        "cumulativeCpuUsage" : 160070,
        "virtualMemoryUsage" : 2123599872,
        "physicalMemoryUsage" : 348737536,
        "heapUsage" : 174063616
      },
      "vmemKbytes" : [ 189012, 567036, 945060, 1323083, 1701108, 2029189, 2073828, 2073827, 2073828, 2073828, 2073827, 2073828 ]
    } ],
    "preferredLocations" : [ ]
  } ],
  "reduceTasks" : [ {
    "inputBytes" : 13316912,
    "inputRecords" : 412432,
    "outputBytes" : 9598928,
    "outputRecords" : 3960,
    "taskID" : "task_1572946766556_1072_r_000000",
    "startTime" : 1575698130620,
    "finishTime" : 1575698268508,
    "taskType" : "REDUCE",
    "taskStatus" : "SUCCESS",
    "attempts" : [ {
      "attemptID" : "attempt_1572946766556_1072_r_000000_0",
      "result" : "SUCCESS",
      "startTime" : 1575698146690,
      "finishTime" : 1575698268508,
      "hostName" : "/default-rack/slave5",
      "hdfsBytesRead" : 0,
      "hdfsBytesWritten" : 9598928,
      "fileBytesRead" : 13316906,
      "fileBytesWritten" : 13440644,
      "mapInputRecords" : -1,
      "mapInputBytes" : -1,
      "mapOutputBytes" : -1,
      "mapOutputRecords" : -1,
      "combineInputRecords" : 0,
      "reduceInputGroups" : 3960,
      "reduceInputRecords" : 412432,
      "reduceShuffleBytes" : 13316912,
      "reduceOutputRecords" : 3960,
      "spilledRecords" : 412432,
      "shuffleFinished" : 1575698200870,
      "sortFinished" : 1575698201071,
      "location" : {
        "layers" : [ "default-rack", "slave5" ]
      },
      "clockSplits" : [ 4000, 4001, 46750, 368, 368, 369, 368, 368, 2963, 25836, 19357, 17059 ],
      "cpuUsages" : [ 189, 190, 4104, 1823, 1824, 1823, 1824, 1823, 10375, 98942, 78860, 62183 ],
      "physMemKbytes" : [ 40892, 122678, 174668, 184133, 193599, 203064, 212531, 221996, 231997, 247413, 257650, 261454 ],
      "resourceUsageMetrics" : {
        "cumulativeCpuUsage" : 263960,
        "virtualMemoryUsage" : 2133397504,
        "physicalMemoryUsage" : 269660160,
        "heapUsage" : 146800640
      },
      "vmemKbytes" : [ 518276, 1554830, 2077114, 2078903, 2080693, 2082482, 2084273, 2086062, 2087442, 2084859, 2083395, 2083396 ]
    } ],
    "preferredLocations" : [ ]
  }, {
    "inputBytes" : 10820170,
    "inputRecords" : 331716,
    "outputBytes" : 7676048,
    "outputRecords" : 3964,
    "taskID" : "task_1572946766556_1072_r_000001",
    "startTime" : 1575698130620,
    "finishTime" : 1575698240145,
    "taskType" : "REDUCE",
    "taskStatus" : "SUCCESS",
    "attempts" : [ {
      "attemptID" : "attempt_1572946766556_1072_r_000001_0",
      "result" : "SUCCESS",
      "startTime" : 1575698146701,
      "finishTime" : 1575698240145,
      "hostName" : "/default-rack/slave1",
      "hdfsBytesRead" : 0,
      "hdfsBytesWritten" : 7676048,
      "fileBytesRead" : 10820164,
      "fileBytesWritten" : 10943902,
      "mapInputRecords" : -1,
      "mapInputBytes" : -1,
      "mapOutputBytes" : -1,
      "mapOutputRecords" : -1,
      "combineInputRecords" : 0,
      "reduceInputGroups" : 3964,
      "reduceInputRecords" : 331716,
      "reduceShuffleBytes" : 10820170,
      "reduceOutputRecords" : 3964,
      "spilledRecords" : 331716,
      "shuffleFinished" : 1575698200832,
      "sortFinished" : 1575698200996,
      "location" : {
        "layers" : [ "default-rack", "slave1" ]
      },
      "clockSplits" : [ 3923, 3924, 46792, 335, 335, 335, 335, 335, 1955, 21017, 6668, 7477 ],
      "cpuUsages" : [ 224, 225, 3693, 1702, 1703, 1702, 1703, 1702, 7076, 81428, 25216, 27076 ],
      "physMemKbytes" : [ 41734, 125204, 180612, 189325, 198038, 206751, 215464, 224177, 233397, 254401, 266148, 266751 ],
      "resourceUsageMetrics" : {
        "cumulativeCpuUsage" : 153450,
        "virtualMemoryUsage" : 2131472384,
        "physicalMemoryUsage" : 273776640,
        "heapUsage" : 142082048
      },
      "vmemKbytes" : [ 518400, 1555202, 2079463, 2079800, 2080137, 2080474, 2080811, 2081148, 2081457, 2081516, 2081515, 2081516 ]
    } ],
    "preferredLocations" : [ ]
  }, {
    "inputBytes" : 12517899,
    "inputRecords" : 394333,
    "outputBytes" : 8988289,
    "outputRecords" : 3919,
    "taskID" : "task_1572946766556_1072_r_000002",
    "startTime" : 1575698130620,
    "finishTime" : 1575698242177,
    "taskType" : "REDUCE",
    "taskStatus" : "SUCCESS",
    "attempts" : [ {
      "attemptID" : "attempt_1572946766556_1072_r_000002_0",
      "result" : "SUCCESS",
      "startTime" : 1575698146700,
      "finishTime" : 1575698242177,
      "hostName" : "/default-rack/slave2",
      "hdfsBytesRead" : 0,
      "hdfsBytesWritten" : 8988289,
      "fileBytesRead" : 12517893,
      "fileBytesWritten" : 12641631,
      "mapInputRecords" : -1,
      "mapInputBytes" : -1,
      "mapOutputBytes" : -1,
      "mapOutputRecords" : -1,
      "combineInputRecords" : 0,
      "reduceInputGroups" : 3919,
      "reduceInputRecords" : 394333,
      "reduceShuffleBytes" : 12517899,
      "reduceOutputRecords" : 3919,
      "spilledRecords" : 394333,
      "shuffleFinished" : 1575698200916,
      "sortFinished" : 1575698201134,
      "location" : {
        "layers" : [ "default-rack", "slave2" ]
      },
      "clockSplits" : [ 3972, 3972, 46845, 335, 335, 334, 335, 335, 2756, 17265, 12145, 6836 ],
      "cpuUsages" : [ 219, 220, 3500, 1410, 1410, 1409, 1410, 1410, 7452, 51918, 31981, 18541 ],
      "physMemKbytes" : [ 42270, 126812, 183150, 191124, 199099, 207073, 215048, 223022, 231860, 245688, 254925, 261727 ],
      "resourceUsageMetrics" : {
        "cumulativeCpuUsage" : 120880,
        "virtualMemoryUsage" : 2129563648,
        "physicalMemoryUsage" : 267759616,
        "heapUsage" : 146800640
      },
      "vmemKbytes" : [ 518199, 1554599, 2073334, 2074403, 2075474, 2076543, 2077613, 2078682, 2079564, 2079652, 2079651, 2079652 ]
    } ],
    "preferredLocations" : [ ]
  } ],
  "otherTasks" : [ ],
  "successfulMapAttemptCDFs" : [ {
    "numberValues" : 0,
    "minimum" : -9223372036854775808,
    "rankings" : [ ],
    "maximum" : 9223372036854775807
  }, {
    "numberValues" : 0,
    "minimum" : -9223372036854775808,
    "rankings" : [ ],
    "maximum" : 9223372036854775807
  }, {
    "numberValues" : 0,
    "minimum" : -9223372036854775808,
    "rankings" : [ ],
    "maximum" : 9223372036854775807
  }, {
    "numberValues" : 2,
    "minimum" : 11799,
    "rankings" : [ {
      "relativeRanking" : 0.05,
      "datum" : 11799
    }, {
      "relativeRanking" : 0.1,
      "datum" : 11799
    }, {
      "relativeRanking" : 0.15,
      "datum" : 11799
    }, {
      "relativeRanking" : 0.2,
      "datum" : 11799
    }, {
      "relativeRanking" : 0.25,
      "datum" : 11799
    }, {
      "relativeRanking" : 0.3,
      "datum" : 11799
    }, {
      "relativeRanking" : 0.35,
      "datum" : 11799
    }, {
      "relativeRanking" : 0.4,
      "datum" : 11799
    }, {
      "relativeRanking" : 0.45,
      "datum" : 11799
    }, {
      "relativeRanking" : 0.5,
      "datum" : 11799
    }, {
      "relativeRanking" : 0.55,
      "datum" : 11799
    }, {
      "relativeRanking" : 0.6,
      "datum" : 11799
    }, {
      "relativeRanking" : 0.65,
      "datum" : 11799
    }, {
      "relativeRanking" : 0.7,
      "datum" : 11799
    }, {
      "relativeRanking" : 0.75,
      "datum" : 11799
    }, {
      "relativeRanking" : 0.8,
      "datum" : 11799
    }, {
      "relativeRanking" : 0.85,
      "datum" : 11799
    }, {
      "relativeRanking" : 0.9,
      "datum" : 11799
    }, {
      "relativeRanking" : 0.95,
      "datum" : 11799
    } ],
    "maximum" : 67196
  } ],
  "failedMapAttemptCDFs" : [ {
    "numberValues" : 0,
    "minimum" : -9223372036854775808,
    "rankings" : [ ],
    "maximum" : 9223372036854775807
  }, {
    "numberValues" : 0,
    "minimum" : -9223372036854775808,
    "rankings" : [ ],
    "maximum" : 9223372036854775807
  }, {
    "numberValues" : 0,
    "minimum" : -9223372036854775808,
    "rankings" : [ ],
    "maximum" : 9223372036854775807
  }, {
    "numberValues" : 0,
    "minimum" : -9223372036854775808,
    "rankings" : [ ],
    "maximum" : 9223372036854775807
  } ],
  "successfulReduceAttemptCDF" : {
    "numberValues" : 3,
    "minimum" : 93444,
    "rankings" : [ {
      "relativeRanking" : 0.05,
      "datum" : 93444
    }, {
      "relativeRanking" : 0.1,
      "datum" : 93444
    }, {
      "relativeRanking" : 0.15,
      "datum" : 93444
    }, {
      "relativeRanking" : 0.2,
      "datum" : 93444
    }, {
      "relativeRanking" : 0.25,
      "datum" : 93444
    }, {
      "relativeRanking" : 0.3,
      "datum" : 93444
    }, {
      "relativeRanking" : 0.35,
      "datum" : 93444
    }, {
      "relativeRanking" : 0.4,
      "datum" : 93444
    }, {
      "relativeRanking" : 0.45,
      "datum" : 93444
    }, {
      "relativeRanking" : 0.5,
      "datum" : 93444
    }, {
      "relativeRanking" : 0.55,
      "datum" : 93444
    }, {
      "relativeRanking" : 0.6,
      "datum" : 93444
    }, {
      "relativeRanking" : 0.65,
      "datum" : 93444
    }, {
      "relativeRanking" : 0.7,
      "datum" : 95477
    }, {
      "relativeRanking" : 0.75,
      "datum" : 95477
    }, {
      "relativeRanking" : 0.8,
      "datum" : 95477
    }, {
      "relativeRanking" : 0.85,
      "datum" : 95477
    }, {
      "relativeRanking" : 0.9,
      "datum" : 95477
    }, {
      "relativeRanking" : 0.95,
      "datum" : 95477
    } ],
    "maximum" : 121818
  },
  "failedReduceAttemptCDF" : {
    "numberValues" : 0,
    "minimum" : -9223372036854775808,
    "rankings" : [ ],
    "maximum" : 9223372036854775807
  },
  "queue" : "default",
  "jobName" : "CAC_Count-[1575698124333-Indexing1]",
  "clusterMapMB" : -1,
  "clusterReduceMB" : -1,
  "jobMapMB" : -1,
  "jobReduceMB" : -1,
  "relativeTime" : 0,
  "mapperTriesToSucceed" : [ 1.0 ],
  "failedMapperFraction" : 0.0,
  "jobProperties" : { }
}