{
  "jobID" : "job_1572946766556_0694",
  "user" : "hadoop",
  "computonsPerMapInputByte" : -1,
  "computonsPerMapOutputByte" : -1,
  "computonsPerReduceInputByte" : -1,
  "computonsPerReduceOutputByte" : -1,
  "submitTime" : 1575464012791,
  "launchTime" : 1575464016417,
  "finishTime" : 1575464043188,
  "heapMegabytes" : -1,
  "totalMaps" : 2,
  "totalReduces" : 3,
  "outcome" : "SUCCESS",
  "jobtype" : "JAVA",
  "priority" : "NORMAL",
  "directDependantJobs" : [ ],
  "mapTasks" : [ {
    "inputBytes" : 79565870,
    "inputRecords" : 2570811,
    "outputBytes" : 140958856,
    "outputRecords" : 2570810,
    "taskID" : "task_1572946766556_0694_m_000000",
    "startTime" : 1575464016521,
    "finishTime" : 1575464030487,
    "taskType" : "MAP",
    "taskStatus" : "SUCCESS",
    "attempts" : [ {
      "attemptID" : "attempt_1572946766556_0694_m_000000_0",
      "result" : "SUCCESS",
      "startTime" : 1575464018630,
      "finishTime" : 1575464030487,
      "hostName" : "/default-rack/slave1",
      "hdfsBytesRead" : 79565870,
      "hdfsBytesWritten" : 0,
      "fileBytesRead" : 70635096,
      "fileBytesWritten" : 140958856,
      "mapInputRecords" : 2570811,
      "mapInputBytes" : -1,
      "mapOutputBytes" : 65275490,
      "mapOutputRecords" : 2570810,
      "combineInputRecords" : 0,
      "reduceInputGroups" : -1,
      "reduceInputRecords" : -1,
      "reduceShuffleBytes" : -1,
      "reduceOutputRecords" : -1,
      "spilledRecords" : 5141620,
      "shuffleFinished" : -1,
      "sortFinished" : -1,
      "location" : {
        "layers" : [ "default-rack", "slave1" ]
      },
      "clockSplits" : [ 1053, 1054, 1054, 1054, 1054, 1054, 1054, 2024, 1069, 618, 377, 378 ],
      "cpuUsages" : [ 2257, 2257, 2258, 2257, 2258, 2257, 2257, 2681, 2956, 1456, 653, 653 ],
      "physMemKbytes" : [ 19097, 57291, 95485, 133679, 171874, 210068, 248263, 279549, 283098, 283648, 283881, 284088 ],
      "vmemKbytes" : [ 140114, 420342, 700571, 980799, 1261028, 1541256, 1821485, 2050453, 2073596, 2074839, 2074935, 2074936 ],
      "resourceUsageMetrics" : {
        "cumulativeCpuUsage" : 24200,
        "virtualMemoryUsage" : 2124734464,
        "physicalMemoryUsage" : 291012608,
        "heapUsage" : 208666624
      }
    } ],
    "preferredLocations" : [ ]
  }, {
    "inputBytes" : 63092039,
    "inputRecords" : 1299730,
    "outputBytes" : 144540600,
    "outputRecords" : 1299729,
    "taskID" : "task_1572946766556_0694_m_000001",
    "startTime" : 1575464016524,
    "finishTime" : 1575464026142,
    "taskType" : "MAP",
    "taskStatus" : "SUCCESS",
    "attempts" : [ {
      "attemptID" : "attempt_1572946766556_0694_m_000001_0",
      "result" : "SUCCESS",
      "startTime" : 1575464018622,
      "finishTime" : 1575464026142,
      "hostName" : "/default-rack/slave1",
      "hdfsBytesRead" : 63092039,
      "hdfsBytesWritten" : 0,
      "fileBytesRead" : 72362405,
      "fileBytesWritten" : 144540600,
      "mapInputRecords" : 1299730,
      "mapInputBytes" : -1,
      "mapOutputBytes" : 69599284,
      "mapOutputRecords" : 1299729,
      "combineInputRecords" : 0,
      "reduceInputGroups" : -1,
      "reduceInputRecords" : -1,
      "reduceShuffleBytes" : -1,
      "reduceOutputRecords" : -1,
      "spilledRecords" : 2599458,
      "shuffleFinished" : -1,
      "sortFinished" : -1,
      "location" : {
        "layers" : [ "default-rack", "slave1" ]
      },
      "clockSplits" : [ 5123, 216, 216, 216, 216, 216, 216, 216, 216, 216, 216, 216 ],
      "cpuUsages" : [ 1196, 1197, 1197, 1196, 1197, 1197, 1196, 1197, 1197, 1196, 1197, 1197 ],
      "physMemKbytes" : [ 11547, 34642, 57738, 80833, 103928, 127023, 150119, 173214, 196310, 219405, 242500, 265596 ],
      "vmemKbytes" : [ 86483, 259449, 432415, 605381, 778348, 951314, 1124281, 1297246, 1470213, 1643180, 1816145, 1989112 ],
      "resourceUsageMetrics" : {
        "cumulativeCpuUsage" : 14360,
        "virtualMemoryUsage" : 2125410304,
        "physicalMemoryUsage" : 283795456,
        "heapUsage" : 207618048
      }
    } ],
    "preferredLocations" : [ ]
  } ],
  "reduceTasks" : [ {
    "inputBytes" : 47500888,
    "inputRecords" : 1289331,
    "outputBytes" : 156087667,
    "outputRecords" : 2523181,
    "taskID" : "task_1572946766556_0694_r_000000",
    "startTime" : 1575464016524,
    "finishTime" : 1575464041353,
    "taskType" : "REDUCE",
    "taskStatus" : "SUCCESS",
    "attempts" : [ {
      "attemptID" : "attempt_1572946766556_0694_r_000000_0",
      "result" : "SUCCESS",
      "startTime" : 1575464028525,
      "finishTime" : 1575464041353,
      "hostName" : "/default-rack/slave3",
      "hdfsBytesRead" : 0,
      "hdfsBytesWritten" : 156087667,
      "fileBytesRead" : 47500882,
      "fileBytesWritten" : 47625361,
      "mapInputRecords" : -1,
      "mapInputBytes" : -1,
      "mapOutputBytes" : -1,
      "mapOutputRecords" : -1,
      "combineInputRecords" : 0,
      "reduceInputGroups" : 144118,
      "reduceInputRecords" : 1289331,
      "reduceShuffleBytes" : 47500888,
      "reduceOutputRecords" : 2523181,
      "spilledRecords" : 1289331,
      "shuffleFinished" : 1575464031161,
      "sortFinished" : 1575464031945,
      "location" : {
        "layers" : [ "default-rack", "slave3" ]
      },
      "clockSplits" : [ 3870, 456, 456, 455, 456, 456, 455, 456, 456, 600, 2242, 2458 ],
      "cpuUsages" : [ 1369, 1369, 1369, 1369, 1369, 1369, 1369, 1369, 1369, 1593, 4143, 4303 ],
      "physMemKbytes" : [ 15715, 47148, 78580, 110011, 141444, 172875, 204308, 235740, 267173, 298569, 323636, 338911 ],
      "vmemKbytes" : [ 104873, 314620, 524367, 734114, 943862, 1153609, 1363357, 1573104, 1782851, 1991982, 2092396, 2107497 ],
      "resourceUsageMetrics" : {
        "cumulativeCpuUsage" : 22360,
        "virtualMemoryUsage" : 2158886912,
        "physicalMemoryUsage" : 348176384,
        "heapUsage" : 209190912
      }
    } ],
    "preferredLocations" : [ ]
  }, {
    "inputBytes" : 47416095,
    "inputRecords" : 1286451,
    "outputBytes" : 154976159,
    "outputRecords" : 2507324,
    "taskID" : "task_1572946766556_0694_r_000001",
    "startTime" : 1575464016525,
    "finishTime" : 1575464041327,
    "taskType" : "REDUCE",
    "taskStatus" : "SUCCESS",
    "attempts" : [ {
      "attemptID" : "attempt_1572946766556_0694_r_000001_0",
      "result" : "SUCCESS",
      "startTime" : 1575464028531,
      "finishTime" : 1575464041327,
      "hostName" : "/default-rack/slave1",
      "hdfsBytesRead" : 0,
      "hdfsBytesWritten" : 154976159,
      "fileBytesRead" : 47416089,
      "fileBytesWritten" : 47540568,
      "mapInputRecords" : -1,
      "mapInputBytes" : -1,
      "mapOutputBytes" : -1,
      "mapOutputRecords" : -1,
      "combineInputRecords" : 0,
      "reduceInputGroups" : 143924,
      "reduceInputRecords" : 1286451,
      "reduceShuffleBytes" : 47416095,
      "reduceOutputRecords" : 2507324,
      "spilledRecords" : 1286451,
      "shuffleFinished" : 1575464031443,
      "sortFinished" : 1575464032168,
      "location" : {
        "layers" : [ "default-rack", "slave1" ]
      },
      "clockSplits" : [ 4063, 420, 421, 420, 420, 421, 420, 421, 420, 761, 2172, 2424 ],
      "cpuUsages" : [ 1325, 1326, 1326, 1326, 1326, 1325, 1326, 1326, 1326, 1797, 3744, 5077 ],
      "physMemKbytes" : [ 15087, 45262, 75438, 105613, 135789, 165964, 196139, 226314, 256490, 286242, 301313, 310608 ],
      "vmemKbytes" : [ 106197, 318591, 530986, 743380, 955775, 1168169, 1380564, 1592959, 1805354, 2013772, 2084368, 2084701 ],
      "resourceUsageMetrics" : {
        "cumulativeCpuUsage" : 22550,
        "virtualMemoryUsage" : 2132582400,
        "physicalMemoryUsage" : 324362240,
        "heapUsage" : 209190912
      }
    } ],
    "preferredLocations" : [ ]
  }, {
    "inputBytes" : 47708145,
    "inputRecords" : 1294757,
    "outputBytes" : 156828495,
    "outputRecords" : 2537263,
    "taskID" : "task_1572946766556_0694_r_000002",
    "startTime" : 1575464016525,
    "finishTime" : 1575464043093,
    "taskType" : "REDUCE",
    "taskStatus" : "SUCCESS",
    "attempts" : [ {
      "attemptID" : "attempt_1572946766556_0694_r_000002_0",
      "result" : "SUCCESS",
      "startTime" : 1575464028529,
      "finishTime" : 1575464043093,
      "hostName" : "/default-rack/slave2",
      "hdfsBytesRead" : 0,
      "hdfsBytesWritten" : 156828495,
      "fileBytesRead" : 47708139,
      "fileBytesWritten" : 47832618,
      "mapInputRecords" : -1,
      "mapInputBytes" : -1,
      "mapOutputBytes" : -1,
      "mapOutputRecords" : -1,
      "combineInputRecords" : 0,
      "reduceInputGroups" : 144429,
      "reduceInputRecords" : 1294757,
      "reduceShuffleBytes" : 47708145,
      "reduceOutputRecords" : 2537263,
      "spilledRecords" : 1294757,
      "shuffleFinished" : 1575464031761,
      "sortFinished" : 1575464032626,
      "location" : {
        "layers" : [ "default-rack", "slave2" ]
      },
      "clockSplits" : [ 4501, 401, 401, 401, 401, 402, 401, 401, 401, 1575, 2579, 2685 ],
      "cpuUsages" : [ 1273, 1274, 1273, 1274, 1273, 1274, 1273, 1274, 1273, 3020, 4617, 5182 ],
      "physMemKbytes" : [ 15424, 46272, 77121, 107969, 138818, 169667, 200516, 231364, 262213, 293298, 323727, 333359 ],
      "vmemKbytes" : [ 110052, 330157, 550262, 770367, 990472, 1210577, 1430683, 1650788, 1870893, 2060049, 2084487, 2086362 ],
      "resourceUsageMetrics" : {
        "cumulativeCpuUsage" : 24280,
        "virtualMemoryUsage" : 2137305088,
        "physicalMemoryUsage" : 343797760,
        "heapUsage" : 208666624
      }
    } ],
    "preferredLocations" : [ ]
  } ],
  "otherTasks" : [ ],
  "successfulMapAttemptCDFs" : [ {
    "numberValues" : 0,
    "minimum" : -9223372036854775808,
    "rankings" : [ ],
    "maximum" : 9223372036854775807
  }, {
    "numberValues" : 0,
    "minimum" : -9223372036854775808,
    "rankings" : [ ],
    "maximum" : 9223372036854775807
  }, {
    "numberValues" : 0,
    "minimum" : -9223372036854775808,
    "rankings" : [ ],
    "maximum" : 9223372036854775807
  }, {
    "numberValues" : 2,
    "minimum" : 7520,
    "rankings" : [ {
      "relativeRanking" : 0.05,
      "datum" : 7520
    }, {
      "relativeRanking" : 0.1,
      "datum" : 7520
    }, {
      "relativeRanking" : 0.15,
      "datum" : 7520
    }, {
      "relativeRanking" : 0.2,
      "datum" : 7520
    }, {
      "relativeRanking" : 0.25,
      "datum" : 7520
    }, {
      "relativeRanking" : 0.3,
      "datum" : 7520
    }, {
      "relativeRanking" : 0.35,
      "datum" : 7520
    }, {
      "relativeRanking" : 0.4,
      "datum" : 7520
    }, {
      "relativeRanking" : 0.45,
      "datum" : 7520
    }, {
      "relativeRanking" : 0.5,
      "datum" : 7520
    }, {
      "relativeRanking" : 0.55,
      "datum" : 7520
    }, {
      "relativeRanking" : 0.6,
      "datum" : 7520
    }, {
      "relativeRanking" : 0.65,
      "datum" : 7520
    }, {
      "relativeRanking" : 0.7,
      "datum" : 7520
    }, {
      "relativeRanking" : 0.75,
      "datum" : 7520
    }, {
      "relativeRanking" : 0.8,
      "datum" : 7520
    }, {
      "relativeRanking" : 0.85,
      "datum" : 7520
    }, {
      "relativeRanking" : 0.9,
      "datum" : 7520
    }, {
      "relativeRanking" : 0.95,
      "datum" : 7520
    } ],
    "maximum" : 11857
  } ],
  "failedMapAttemptCDFs" : [ {
    "numberValues" : 0,
    "minimum" : -9223372036854775808,
    "rankings" : [ ],
    "maximum" : 9223372036854775807
  }, {
    "numberValues" : 0,
    "minimum" : -9223372036854775808,
    "rankings" : [ ],
    "maximum" : 9223372036854775807
  }, {
    "numberValues" : 0,
    "minimum" : -9223372036854775808,
    "rankings" : [ ],
    "maximum" : 9223372036854775807
  }, {
    "numberValues" : 0,
    "minimum" : -9223372036854775808,
    "rankings" : [ ],
    "maximum" : 9223372036854775807
  } ],
  "successfulReduceAttemptCDF" : {
    "numberValues" : 3,
    "minimum" : 12796,
    "rankings" : [ {
      "relativeRanking" : 0.05,
      "datum" : 12796
    }, {
      "relativeRanking" : 0.1,
      "datum" : 12796
    }, {
      "relativeRanking" : 0.15,
      "datum" : 12796
    }, {
      "relativeRanking" : 0.2,
      "datum" : 12796
    }, {
      "relativeRanking" : 0.25,
      "datum" : 12796
    }, {
      "relativeRanking" : 0.3,
      "datum" : 12796
    }, {
      "relativeRanking" : 0.35,
      "datum" : 12796
    }, {
      "relativeRanking" : 0.4,
      "datum" : 12796
    }, {
      "relativeRanking" : 0.45,
      "datum" : 12796
    }, {
      "relativeRanking" : 0.5,
      "datum" : 12796
    }, {
      "relativeRanking" : 0.55,
      "datum" : 12796
    }, {
      "relativeRanking" : 0.6,
      "datum" : 12796
    }, {
      "relativeRanking" : 0.65,
      "datum" : 12796
    }, {
      "relativeRanking" : 0.7,
      "datum" : 12828
    }, {
      "relativeRanking" : 0.75,
      "datum" : 12828
    }, {
      "relativeRanking" : 0.8,
      "datum" : 12828
    }, {
      "relativeRanking" : 0.85,
      "datum" : 12828
    }, {
      "relativeRanking" : 0.9,
      "datum" : 12828
    }, {
      "relativeRanking" : 0.95,
      "datum" : 12828
    } ],
    "maximum" : 14564
  },
  "failedReduceAttemptCDF" : {
    "numberValues" : 0,
    "minimum" : -9223372036854775808,
    "rankings" : [ ],
    "maximum" : 9223372036854775807
  },
  "queue" : "default",
  "jobName" : "ReduceJoin-[1575464009951]",
  "clusterMapMB" : -1,
  "clusterReduceMB" : -1,
  "jobMapMB" : -1,
  "jobReduceMB" : -1,
  "relativeTime" : 0,
  "mapperTriesToSucceed" : [ 1.0 ],
  "failedMapperFraction" : 0.0,
  "jobProperties" : { }
}