{
  "jobID" : "job_1600222256971_1105",
  "user" : "hadoop",
  "computonsPerMapInputByte" : -1,
  "computonsPerMapOutputByte" : -1,
  "computonsPerReduceInputByte" : -1,
  "computonsPerReduceOutputByte" : -1,
  "submitTime" : 1601023033943,
  "launchTime" : 1601023037427,
  "finishTime" : 1601023058197,
  "heapMegabytes" : -1,
  "totalMaps" : 2,
  "totalReduces" : 6,
  "outcome" : "SUCCESS",
  "jobtype" : "JAVA",
  "priority" : "NORMAL",
  "directDependantJobs" : [ ],
  "mapTasks" : [ {
    "inputBytes" : 79565870,
    "inputRecords" : 2570811,
    "outputBytes" : 140958970,
    "outputRecords" : 2570810,
    "taskID" : "task_1600222256971_1105_m_000000",
    "startTime" : 1601023037524,
    "finishTime" : 1601023049309,
    "taskType" : "MAP",
    "taskStatus" : "SUCCESS",
    "attempts" : [ {
      "attemptID" : "attempt_1600222256971_1105_m_000000_0",
      "result" : "SUCCESS",
      "startTime" : 1601023039622,
      "finishTime" : 1601023049309,
      "hostName" : "/default-rack/slave4",
      "hdfsBytesRead" : 79565870,
      "hdfsBytesWritten" : 0,
      "fileBytesRead" : 70870270,
      "fileBytesWritten" : 140958970,
      "mapInputRecords" : 2570811,
      "mapInputBytes" : -1,
      "mapOutputBytes" : 65275490,
      "mapOutputRecords" : 2570810,
      "combineInputRecords" : 0,
      "reduceInputGroups" : -1,
      "reduceInputRecords" : -1,
      "reduceShuffleBytes" : -1,
      "reduceOutputRecords" : -1,
      "spilledRecords" : 5141620,
      "shuffleFinished" : -1,
      "sortFinished" : -1,
      "location" : {
        "layers" : [ "default-rack", "slave4" ]
      },
      "clockSplits" : [ 7702, 38, 38, 38, 38, 38, 38, 38, 424, 426, 426, 426 ],
      "cpuUsages" : [ 1569, 1569, 1569, 1569, 1570, 1569, 1569, 1569, 856, 854, 853, 854 ],
      "physMemKbytes" : [ 17441, 52324, 87207, 122090, 156973, 191856, 226739, 261622, 279249, 279342, 279435, 279529 ],
      "resourceUsageMetrics" : {
        "cumulativeCpuUsage" : 15970,
        "virtualMemoryUsage" : 2062483456,
        "physicalMemoryUsage" : 286285824,
        "heapUsage" : 208666624
      },
      "vmemKbytes" : [ 125668, 377006, 628344, 879681, 1131020, 1382357, 1633695, 1885032, 2012008, 2012619, 2013228, 2013839 ]
    }, {
      "attemptID" : "attempt_1600222256971_1105_m_000000_1",
      "result" : "KILLED",
      "startTime" : 1601023048531,
      "finishTime" : 1601023049342,
      "hostName" : "/default-rack/slave2",
      "hdfsBytesRead" : -1,
      "hdfsBytesWritten" : -1,
      "fileBytesRead" : -1,
      "fileBytesWritten" : -1,
      "mapInputRecords" : -1,
      "mapInputBytes" : -1,
      "mapOutputBytes" : -1,
      "mapOutputRecords" : -1,
      "combineInputRecords" : -1,
      "reduceInputGroups" : -1,
      "reduceInputRecords" : -1,
      "reduceShuffleBytes" : -1,
      "reduceOutputRecords" : -1,
      "spilledRecords" : -1,
      "shuffleFinished" : -1,
      "sortFinished" : -1,
      "location" : {
        "layers" : [ "default-rack", "slave2" ]
      },
      "clockSplits" : [ 65, 65, 65, 65, 65, 65, 65, 65, 65, 65, 65, 66 ],
      "cpuUsages" : [ 0, 0, 0, 0, 0, 0, 0, 0, 0, 0, 0, 0 ],
      "physMemKbytes" : [ 0, 0, 0, 0, 0, 0, 0, 0, 0, 0, 0, 0 ],
      "resourceUsageMetrics" : {
        "cumulativeCpuUsage" : 0,
        "virtualMemoryUsage" : 0,
        "physicalMemoryUsage" : 0,
        "heapUsage" : 0
      },
      "vmemKbytes" : [ 0, 0, 0, 0, 0, 0, 0, 0, 0, 0, 0, 0 ]
    } ],
    "preferredLocations" : [ ]
  }, {
    "inputBytes" : 63092039,
    "inputRecords" : 1299730,
    "outputBytes" : 144540714,
    "outputRecords" : 1299729,
    "taskID" : "task_1600222256971_1105_m_000001",
    "startTime" : 1601023037526,
    "finishTime" : 1601023046815,
    "taskType" : "MAP",
    "taskStatus" : "SUCCESS",
    "attempts" : [ {
      "attemptID" : "attempt_1600222256971_1105_m_000001_0",
      "result" : "SUCCESS",
      "startTime" : 1601023039616,
      "finishTime" : 1601023046815,
      "hostName" : "/default-rack/slave4",
      "hdfsBytesRead" : 63092039,
      "hdfsBytesWritten" : 0,
      "fileBytesRead" : 72784741,
      "fileBytesWritten" : 144540714,
      "mapInputRecords" : 1299730,
      "mapInputBytes" : -1,
      "mapOutputBytes" : 69599284,
      "mapOutputRecords" : 1299729,
      "combineInputRecords" : 0,
      "reduceInputGroups" : -1,
      "reduceInputRecords" : -1,
      "reduceShuffleBytes" : -1,
      "reduceOutputRecords" : -1,
      "spilledRecords" : 2599458,
      "shuffleFinished" : -1,
      "sortFinished" : -1,
      "location" : {
        "layers" : [ "default-rack", "slave4" ]
      },
      "clockSplits" : [ 4017, 287, 286, 287, 286, 287, 286, 287, 286, 287, 286, 287 ],
      "cpuUsages" : [ 1012, 1013, 1012, 1013, 1012, 1013, 1012, 1013, 1012, 1013, 1012, 1013 ],
      "physMemKbytes" : [ 11629, 34889, 58149, 81408, 104668, 127927, 151187, 174446, 197707, 220966, 244225, 267486 ],
      "resourceUsageMetrics" : {
        "cumulativeCpuUsage" : 12150,
        "virtualMemoryUsage" : 2063642624,
        "physicalMemoryUsage" : 285814784,
        "heapUsage" : 206569472
      },
      "vmemKbytes" : [ 83969, 251908, 419849, 587788, 755728, 923667, 1091607, 1259546, 1427487, 1595426, 1763365, 1931306 ]
    } ],
    "preferredLocations" : [ ]
  } ],
  "reduceTasks" : [ {
    "inputBytes" : 23478435,
    "inputRecords" : 635799,
    "outputBytes" : 76999982,
    "outputRecords" : 1244958,
    "taskID" : "task_1600222256971_1105_r_000000",
    "startTime" : 1601023037526,
    "finishTime" : 1601023057524,
    "taskType" : "REDUCE",
    "taskStatus" : "SUCCESS",
    "attempts" : [ {
      "attemptID" : "attempt_1600222256971_1105_r_000000_0",
      "result" : "SUCCESS",
      "startTime" : 1601023049550,
      "finishTime" : 1601023057524,
      "hostName" : "/default-rack/slave1",
      "hdfsBytesRead" : 0,
      "hdfsBytesWritten" : 76999982,
      "fileBytesRead" : 23478429,
      "fileBytesWritten" : 23602896,
      "mapInputRecords" : -1,
      "mapInputBytes" : -1,
      "mapOutputBytes" : -1,
      "mapOutputRecords" : -1,
      "combineInputRecords" : 0,
      "reduceInputGroups" : 71419,
      "reduceInputRecords" : 635799,
      "reduceShuffleBytes" : 23478435,
      "reduceOutputRecords" : 1244958,
      "spilledRecords" : 635799,
      "shuffleFinished" : 1601023052150,
      "sortFinished" : 1601023052563,
      "location" : {
        "layers" : [ "default-rack", "slave1" ]
      },
      "clockSplits" : [ 3427, 402, 402, 402, 401, 402, 402, 402, 401, 402, 402, 402 ],
      "cpuUsages" : [ 1135, 1136, 1136, 1136, 1136, 1136, 1135, 1136, 1136, 1136, 1136, 1136 ],
      "physMemKbytes" : [ 8540, 25620, 42700, 59779, 76860, 93939, 111020, 128099, 145180, 162260, 179339, 196420 ],
      "resourceUsageMetrics" : {
        "cumulativeCpuUsage" : 13840,
        "virtualMemoryUsage" : 2073546752,
        "physicalMemoryUsage" : 210153472,
        "heapUsage" : 138412032
      },
      "vmemKbytes" : [ 84372, 253117, 421864, 590609, 759355, 928100, 1096846, 1265591, 1434338, 1603083, 1771828, 1940575 ]
    } ],
    "preferredLocations" : [ ]
  }, {
    "inputBytes" : 23803081,
    "inputRecords" : 646554,
    "outputBytes" : 77399444,
    "outputRecords" : 1256706,
    "taskID" : "task_1600222256971_1105_r_000001",
    "startTime" : 1601023037526,
    "finishTime" : 1601023058065,
    "taskType" : "REDUCE",
    "taskStatus" : "SUCCESS",
    "attempts" : [ {
      "attemptID" : "attempt_1600222256971_1105_r_000001_0",
      "result" : "SUCCESS",
      "startTime" : 1601023049565,
      "finishTime" : 1601023058065,
      "hostName" : "/default-rack/slave2",
      "hdfsBytesRead" : 0,
      "hdfsBytesWritten" : 77399444,
      "fileBytesRead" : 23803075,
      "fileBytesWritten" : 23927542,
      "mapInputRecords" : -1,
      "mapInputBytes" : -1,
      "mapOutputBytes" : -1,
      "mapOutputRecords" : -1,
      "combineInputRecords" : 0,
      "reduceInputGroups" : 72260,
      "reduceInputRecords" : 646554,
      "reduceShuffleBytes" : 23803081,
      "reduceOutputRecords" : 1256706,
      "spilledRecords" : 646554,
      "shuffleFinished" : 1601023052205,
      "sortFinished" : 1601023052656,
      "location" : {
        "layers" : [ "default-rack", "slave2" ]
      },
      "clockSplits" : [ 3510, 411, 410, 411, 411, 410, 411, 411, 410, 411, 411, 872 ],
      "cpuUsages" : [ 1041, 1041, 1041, 1041, 1042, 1041, 1041, 1041, 1042, 1041, 1041, 2057 ],
      "physMemKbytes" : [ 8508, 25526, 42543, 59560, 76578, 93595, 110613, 127630, 144648, 161666, 178683, 194734 ],
      "resourceUsageMetrics" : {
        "cumulativeCpuUsage" : 13510,
        "virtualMemoryUsage" : 2071695360,
        "physicalMemoryUsage" : 203460608,
        "heapUsage" : 137363456
      },
      "vmemKbytes" : [ 86832, 260497, 434162, 607827, 781493, 955158, 1128823, 1302488, 1476154, 1649819, 1823484, 1986492 ]
    } ],
    "preferredLocations" : [ ]
  }, {
    "inputBytes" : 23721894,
    "inputRecords" : 642865,
    "outputBytes" : 78056574,
    "outputRecords" : 1262143,
    "taskID" : "task_1600222256971_1105_r_000002",
    "startTime" : 1601023037526,
    "finishTime" : 1601023057743,
    "taskType" : "REDUCE",
    "taskStatus" : "SUCCESS",
    "attempts" : [ {
      "attemptID" : "attempt_1600222256971_1105_r_000002_0",
      "result" : "SUCCESS",
      "startTime" : 1601023049562,
      "finishTime" : 1601023057743,
      "hostName" : "/default-rack/slave3",
      "hdfsBytesRead" : 0,
      "hdfsBytesWritten" : 78056574,
      "fileBytesRead" : 23721888,
      "fileBytesWritten" : 23846355,
      "mapInputRecords" : -1,
      "mapInputBytes" : -1,
      "mapOutputBytes" : -1,
      "mapOutputRecords" : -1,
      "combineInputRecords" : 0,
      "reduceInputGroups" : 71719,
      "reduceInputRecords" : 642865,
      "reduceShuffleBytes" : 23721894,
      "reduceOutputRecords" : 1262143,
      "spilledRecords" : 642865,
      "shuffleFinished" : 1601023052286,
      "sortFinished" : 1601023052683,
      "location" : {
        "layers" : [ "default-rack", "slave3" ]
      },
      "clockSplits" : [ 3541, 409, 409, 409, 409, 409, 409, 409, 409, 409, 409, 537 ],
      "cpuUsages" : [ 1009, 1010, 1010, 1010, 1010, 1010, 1010, 1009, 1010, 1010, 1010, 1212 ],
      "physMemKbytes" : [ 8373, 25121, 41868, 58615, 75363, 92110, 108859, 125606, 142354, 159101, 175848, 192576 ],
      "resourceUsageMetrics" : {
        "cumulativeCpuUsage" : 12320,
        "virtualMemoryUsage" : 2070110208,
        "physicalMemoryUsage" : 204935168,
        "heapUsage" : 137887744
      },
      "vmemKbytes" : [ 84570, 253711, 422854, 591995, 761138, 930279, 1099422, 1268563, 1437706, 1606848, 1775989, 1944937 ]
    } ],
    "preferredLocations" : [ ]
  }, {
    "inputBytes" : 24022465,
    "inputRecords" : 653532,
    "outputBytes" : 79087685,
    "outputRecords" : 1278223,
    "taskID" : "task_1600222256971_1105_r_000003",
    "startTime" : 1601023037526,
    "finishTime" : 1601023057544,
    "taskType" : "REDUCE",
    "taskStatus" : "SUCCESS",
    "attempts" : [ {
      "attemptID" : "attempt_1600222256971_1105_r_000003_0",
      "result" : "SUCCESS",
      "startTime" : 1601023049554,
      "finishTime" : 1601023057544,
      "hostName" : "/default-rack/slave4",
      "hdfsBytesRead" : 0,
      "hdfsBytesWritten" : 79087685,
      "fileBytesRead" : 24022459,
      "fileBytesWritten" : 24146926,
      "mapInputRecords" : -1,
      "mapInputBytes" : -1,
      "mapOutputBytes" : -1,
      "mapOutputRecords" : -1,
      "combineInputRecords" : 0,
      "reduceInputGroups" : 72699,
      "reduceInputRecords" : 653532,
      "reduceShuffleBytes" : 24022465,
      "reduceOutputRecords" : 1278223,
      "spilledRecords" : 653532,
      "shuffleFinished" : 1601023051522,
      "sortFinished" : 1601023051896,
      "location" : {
        "layers" : [ "default-rack", "slave4" ]
      },
      "clockSplits" : [ 2809, 460, 461, 460, 460, 461, 460, 460, 461, 460, 460, 461 ],
      "cpuUsages" : [ 1081, 1082, 1082, 1081, 1082, 1082, 1081, 1082, 1082, 1081, 1082, 1082 ],
      "physMemKbytes" : [ 8303, 24911, 41519, 58126, 74734, 91341, 107949, 124556, 141165, 157772, 174379, 190988 ],
      "resourceUsageMetrics" : {
        "cumulativeCpuUsage" : 13200,
        "virtualMemoryUsage" : 2069643264,
        "physicalMemoryUsage" : 204132352,
        "heapUsage" : 139460608
      },
      "vmemKbytes" : [ 84214, 252642, 421070, 589497, 757926, 926353, 1094782, 1263209, 1431638, 1600066, 1768493, 1936922 ]
    } ],
    "preferredLocations" : [ ]
  }, {
    "inputBytes" : 23613026,
    "inputRecords" : 639897,
    "outputBytes" : 77576715,
    "outputRecords" : 1250618,
    "taskID" : "task_1600222256971_1105_r_000004",
    "startTime" : 1601023037527,
    "finishTime" : 1601023057444,
    "taskType" : "REDUCE",
    "taskStatus" : "SUCCESS",
    "attempts" : [ {
      "attemptID" : "attempt_1600222256971_1105_r_000004_0",
      "result" : "SUCCESS",
      "startTime" : 1601023049564,
      "finishTime" : 1601023057444,
      "hostName" : "/default-rack/slave5",
      "hdfsBytesRead" : 0,
      "hdfsBytesWritten" : 77576715,
      "fileBytesRead" : 23613020,
      "fileBytesWritten" : 23737487,
      "mapInputRecords" : -1,
      "mapInputBytes" : -1,
      "mapOutputBytes" : -1,
      "mapOutputRecords" : -1,
      "combineInputRecords" : 0,
      "reduceInputGroups" : 71664,
      "reduceInputRecords" : 639897,
      "reduceShuffleBytes" : 23613026,
      "reduceOutputRecords" : 1250618,
      "spilledRecords" : 639897,
      "shuffleFinished" : 1601023052044,
      "sortFinished" : 1601023052408,
      "location" : {
        "layers" : [ "default-rack", "slave5" ]
      },
      "clockSplits" : [ 3262, 415, 414, 415, 414, 415, 414, 415, 414, 415, 414, 415 ],
      "cpuUsages" : [ 1128, 1128, 1129, 1128, 1128, 1129, 1128, 1128, 1129, 1128, 1128, 1129 ],
      "physMemKbytes" : [ 7965, 23895, 39826, 55756, 71687, 87618, 103549, 119479, 135410, 151341, 167271, 183202 ],
      "resourceUsageMetrics" : {
        "cumulativeCpuUsage" : 13630,
        "virtualMemoryUsage" : 2068418560,
        "physicalMemoryUsage" : 195870720,
        "heapUsage" : 138412032
      },
      "vmemKbytes" : [ 84164, 252492, 420820, 589148, 757477, 925805, 1094134, 1262461, 1430790, 1599119, 1767446, 1935775 ]
    } ],
    "preferredLocations" : [ ]
  }, {
    "inputBytes" : 23986263,
    "inputRecords" : 651892,
    "outputBytes" : 78771921,
    "outputRecords" : 1275120,
    "taskID" : "task_1600222256971_1105_r_000005",
    "startTime" : 1601023037527,
    "finishTime" : 1601023057576,
    "taskType" : "REDUCE",
    "taskStatus" : "SUCCESS",
    "attempts" : [ {
      "attemptID" : "attempt_1600222256971_1105_r_000005_0",
      "result" : "SUCCESS",
      "startTime" : 1601023049556,
      "finishTime" : 1601023057576,
      "hostName" : "/default-rack/slave4",
      "hdfsBytesRead" : 0,
      "hdfsBytesWritten" : 78771921,
      "fileBytesRead" : 23986257,
      "fileBytesWritten" : 24110724,
      "mapInputRecords" : -1,
      "mapInputBytes" : -1,
      "mapOutputBytes" : -1,
      "mapOutputRecords" : -1,
      "combineInputRecords" : 0,
      "reduceInputGroups" : 72710,
      "reduceInputRecords" : 651892,
      "reduceShuffleBytes" : 23986263,
      "reduceOutputRecords" : 1275120,
      "spilledRecords" : 651892,
      "shuffleFinished" : 1601023051534,
      "sortFinished" : 1601023051949,
      "location" : {
        "layers" : [ "default-rack", "slave4" ]
      },
      "clockSplits" : [ 2856, 457, 456, 457, 456, 457, 456, 457, 456, 457, 456, 575 ],
      "cpuUsages" : [ 1140, 1141, 1140, 1141, 1140, 1141, 1140, 1141, 1140, 1141, 1140, 1335 ],
      "physMemKbytes" : [ 8348, 25044, 41740, 58436, 75133, 91829, 108526, 125222, 141919, 158616, 175312, 192003 ],
      "resourceUsageMetrics" : {
        "cumulativeCpuUsage" : 13880,
        "virtualMemoryUsage" : 2072915968,
        "physicalMemoryUsage" : 204668928,
        "heapUsage" : 136839168
      },
      "vmemKbytes" : [ 84509, 253528, 422548, 591567, 760587, 929606, 1098626, 1267645, 1436665, 1605685, 1774704, 1943679 ]
    } ],
    "preferredLocations" : [ ]
  } ],
  "otherTasks" : [ ],
  "successfulMapAttemptCDFs" : [ {
    "numberValues" : 0,
    "minimum" : -9223372036854775808,
    "rankings" : [ ],
    "maximum" : 9223372036854775807
  }, {
    "numberValues" : 0,
    "minimum" : -9223372036854775808,
    "rankings" : [ ],
    "maximum" : 9223372036854775807
  }, {
    "numberValues" : 0,
    "minimum" : -9223372036854775808,
    "rankings" : [ ],
    "maximum" : 9223372036854775807
  }, {
    "numberValues" : 2,
    "minimum" : 7199,
    "rankings" : [ {
      "relativeRanking" : 0.05,
      "datum" : 7199
    }, {
      "relativeRanking" : 0.1,
      "datum" : 7199
    }, {
      "relativeRanking" : 0.15,
      "datum" : 7199
    }, {
      "relativeRanking" : 0.2,
      "datum" : 7199
    }, {
      "relativeRanking" : 0.25,
      "datum" : 7199
    }, {
      "relativeRanking" : 0.3,
      "datum" : 7199
    }, {
      "relativeRanking" : 0.35,
      "datum" : 7199
    }, {
      "relativeRanking" : 0.4,
      "datum" : 7199
    }, {
      "relativeRanking" : 0.45,
      "datum" : 7199
    }, {
      "relativeRanking" : 0.5,
      "datum" : 7199
    }, {
      "relativeRanking" : 0.55,
      "datum" : 7199
    }, {
      "relativeRanking" : 0.6,
      "datum" : 7199
    }, {
      "relativeRanking" : 0.65,
      "datum" : 7199
    }, {
      "relativeRanking" : 0.7,
      "datum" : 7199
    }, {
      "relativeRanking" : 0.75,
      "datum" : 7199
    }, {
      "relativeRanking" : 0.8,
      "datum" : 7199
    }, {
      "relativeRanking" : 0.85,
      "datum" : 7199
    }, {
      "relativeRanking" : 0.9,
      "datum" : 7199
    }, {
      "relativeRanking" : 0.95,
      "datum" : 7199
    } ],
    "maximum" : 9687
  } ],
  "failedMapAttemptCDFs" : [ {
    "numberValues" : 0,
    "minimum" : -9223372036854775808,
    "rankings" : [ ],
    "maximum" : 9223372036854775807
  }, {
    "numberValues" : 0,
    "minimum" : -9223372036854775808,
    "rankings" : [ ],
    "maximum" : 9223372036854775807
  }, {
    "numberValues" : 0,
    "minimum" : -9223372036854775808,
    "rankings" : [ ],
    "maximum" : 9223372036854775807
  }, {
    "numberValues" : 0,
    "minimum" : -9223372036854775808,
    "rankings" : [ ],
    "maximum" : 9223372036854775807
  } ],
  "successfulReduceAttemptCDF" : {
    "numberValues" : 6,
    "minimum" : 7880,
    "rankings" : [ {
      "relativeRanking" : 0.05,
      "datum" : 7880
    }, {
      "relativeRanking" : 0.1,
      "datum" : 7880
    }, {
      "relativeRanking" : 0.15,
      "datum" : 7880
    }, {
      "relativeRanking" : 0.2,
      "datum" : 7880
    }, {
      "relativeRanking" : 0.25,
      "datum" : 7880
    }, {
      "relativeRanking" : 0.3,
      "datum" : 7880
    }, {
      "relativeRanking" : 0.35,
      "datum" : 7974
    }, {
      "relativeRanking" : 0.4,
      "datum" : 7974
    }, {
      "relativeRanking" : 0.45,
      "datum" : 7974
    }, {
      "relativeRanking" : 0.5,
      "datum" : 7990
    }, {
      "relativeRanking" : 0.55,
      "datum" : 7990
    }, {
      "relativeRanking" : 0.6,
      "datum" : 7990
    }, {
      "relativeRanking" : 0.65,
      "datum" : 7990
    }, {
      "relativeRanking" : 0.7,
      "datum" : 8020
    }, {
      "relativeRanking" : 0.75,
      "datum" : 8020
    }, {
      "relativeRanking" : 0.8,
      "datum" : 8020
    }, {
      "relativeRanking" : 0.85,
      "datum" : 8181
    }, {
      "relativeRanking" : 0.9,
      "datum" : 8181
    }, {
      "relativeRanking" : 0.95,
      "datum" : 8181
    } ],
    "maximum" : 8500
  },
  "failedReduceAttemptCDF" : {
    "numberValues" : 0,
    "minimum" : -9223372036854775808,
    "rankings" : [ ],
    "maximum" : 9223372036854775807
  },
  "queue" : "default",
  "jobName" : "ReduceJoin-[1601023034582]",
  "clusterMapMB" : -1,
  "clusterReduceMB" : -1,
  "jobMapMB" : -1,
  "jobReduceMB" : -1,
  "relativeTime" : 0,
  "mapperTriesToSucceed" : [ 1.0 ],
  "failedMapperFraction" : 0.0,
  "jobProperties" : { }
}