{
  "jobID" : "job_1600222256971_1102",
  "user" : "hadoop",
  "computonsPerMapInputByte" : -1,
  "computonsPerMapOutputByte" : -1,
  "computonsPerReduceInputByte" : -1,
  "computonsPerReduceOutputByte" : -1,
  "submitTime" : 1601022932962,
  "launchTime" : 1601022936595,
  "finishTime" : 1601022956409,
  "heapMegabytes" : -1,
  "totalMaps" : 2,
  "totalReduces" : 6,
  "outcome" : "SUCCESS",
  "jobtype" : "JAVA",
  "priority" : "NORMAL",
  "directDependantJobs" : [ ],
  "mapTasks" : [ {
    "inputBytes" : 79565870,
    "inputRecords" : 2570811,
    "outputBytes" : 140959006,
    "outputRecords" : 2570810,
    "taskID" : "task_1600222256971_1102_m_000000",
    "startTime" : 1601022936704,
    "finishTime" : 1601022947771,
    "taskType" : "MAP",
    "taskStatus" : "SUCCESS",
    "attempts" : [ {
      "attemptID" : "attempt_1600222256971_1102_m_000000_0",
      "result" : "SUCCESS",
      "startTime" : 1601022938807,
      "finishTime" : 1601022947771,
      "hostName" : "/default-rack/slave4",
      "hdfsBytesRead" : 79565870,
      "hdfsBytesWritten" : 0,
      "fileBytesRead" : 71525636,
      "fileBytesWritten" : 140959006,
      "mapInputRecords" : 2570811,
      "mapInputBytes" : -1,
      "mapOutputBytes" : 65275490,
      "mapOutputRecords" : 2570810,
      "combineInputRecords" : 0,
      "reduceInputGroups" : -1,
      "reduceInputRecords" : -1,
      "reduceShuffleBytes" : -1,
      "reduceOutputRecords" : -1,
      "spilledRecords" : 5141620,
      "shuffleFinished" : -1,
      "sortFinished" : -1,
      "location" : {
        "layers" : [ "default-rack", "slave4" ]
      },
      "clockSplits" : [ 5954, 239, 239, 240, 239, 239, 240, 239, 241, 358, 358, 358 ],
      "cpuUsages" : [ 1780, 1781, 1781, 1781, 1781, 1781, 1781, 1781, 1761, 537, 537, 538 ],
      "physMemKbytes" : [ 15866, 47599, 79332, 111065, 142799, 174532, 206266, 237999, 269728, 285190, 285374, 285559 ],
      "resourceUsageMetrics" : {
        "cumulativeCpuUsage" : 17620,
        "virtualMemoryUsage" : 2064138240,
        "physicalMemoryUsage" : 292507648,
        "heapUsage" : 208142336
      },
      "vmemKbytes" : [ 112184, 336553, 560922, 785291, 1009660, 1234029, 1458399, 1682768, 1907109, 2015760, 2015759, 2015760 ]
    }, {
      "attemptID" : "attempt_1600222256971_1102_m_000000_1",
      "result" : "KILLED",
      "startTime" : 1601022946701,
      "finishTime" : 1601022947801,
      "hostName" : "/default-rack/slave2",
      "hdfsBytesRead" : -1,
      "hdfsBytesWritten" : -1,
      "fileBytesRead" : -1,
      "fileBytesWritten" : -1,
      "mapInputRecords" : -1,
      "mapInputBytes" : -1,
      "mapOutputBytes" : -1,
      "mapOutputRecords" : -1,
      "combineInputRecords" : -1,
      "reduceInputGroups" : -1,
      "reduceInputRecords" : -1,
      "reduceShuffleBytes" : -1,
      "reduceOutputRecords" : -1,
      "spilledRecords" : -1,
      "shuffleFinished" : -1,
      "sortFinished" : -1,
      "location" : {
        "layers" : [ "default-rack", "slave2" ]
      },
      "clockSplits" : [ 89, 89, 90, 89, 89, 90, 89, 89, 90, 89, 89, 90 ],
      "cpuUsages" : [ 0, 0, 0, 0, 0, 0, 0, 0, 0, 0, 0, 0 ],
      "physMemKbytes" : [ 0, 0, 0, 0, 0, 0, 0, 0, 0, 0, 0, 0 ],
      "resourceUsageMetrics" : {
        "cumulativeCpuUsage" : 0,
        "virtualMemoryUsage" : 0,
        "physicalMemoryUsage" : 0,
        "heapUsage" : 0
      },
      "vmemKbytes" : [ 0, 0, 0, 0, 0, 0, 0, 0, 0, 0, 0, 0 ]
    } ],
    "preferredLocations" : [ ]
  }, {
    "inputBytes" : 63092039,
    "inputRecords" : 1299730,
    "outputBytes" : 144540750,
    "outputRecords" : 1299729,
    "taskID" : "task_1600222256971_1102_m_000001",
    "startTime" : 1601022936705,
    "finishTime" : 1601022945036,
    "taskType" : "MAP",
    "taskStatus" : "SUCCESS",
    "attempts" : [ {
      "attemptID" : "attempt_1600222256971_1102_m_000001_0",
      "result" : "SUCCESS",
      "startTime" : 1601022938813,
      "finishTime" : 1601022945036,
      "hostName" : "/default-rack/slave4",
      "hdfsBytesRead" : 63092039,
      "hdfsBytesWritten" : 0,
      "fileBytesRead" : 73309035,
      "fileBytesWritten" : 144540750,
      "mapInputRecords" : 1299730,
      "mapInputBytes" : -1,
      "mapOutputBytes" : 69599284,
      "mapOutputRecords" : 1299729,
      "combineInputRecords" : 0,
      "reduceInputGroups" : -1,
      "reduceInputRecords" : -1,
      "reduceShuffleBytes" : -1,
      "reduceOutputRecords" : -1,
      "spilledRecords" : 2599458,
      "shuffleFinished" : -1,
      "sortFinished" : -1,
      "location" : {
        "layers" : [ "default-rack", "slave4" ]
      },
      "clockSplits" : [ 4270, 175, 174, 175, 174, 175, 175, 174, 175, 174, 175, 175 ],
      "cpuUsages" : [ 998, 998, 999, 998, 998, 999, 998, 998, 999, 998, 998, 999 ],
      "physMemKbytes" : [ 11833, 35500, 59167, 82834, 106501, 130168, 153835, 177502, 201169, 224836, 248503, 272170 ],
      "resourceUsageMetrics" : {
        "cumulativeCpuUsage" : 11980,
        "virtualMemoryUsage" : 2063892480,
        "physicalMemoryUsage" : 290820096,
        "heapUsage" : 205520896
      },
      "vmemKbytes" : [ 83980, 251940, 419900, 587859, 755820, 923779, 1091740, 1259699, 1427660, 1595620, 1763579, 1931540 ]
    } ],
    "preferredLocations" : [ ]
  } ],
  "reduceTasks" : [ {
    "inputBytes" : 23478435,
    "inputRecords" : 635799,
    "outputBytes" : 76999982,
    "outputRecords" : 1244958,
    "taskID" : "task_1600222256971_1102_r_000000",
    "startTime" : 1601022936706,
    "finishTime" : 1601022956294,
    "taskType" : "REDUCE",
    "taskStatus" : "SUCCESS",
    "attempts" : [ {
      "attemptID" : "attempt_1600222256971_1102_r_000000_0",
      "result" : "SUCCESS",
      "startTime" : 1601022947719,
      "finishTime" : 1601022956294,
      "hostName" : "/default-rack/slave2",
      "hdfsBytesRead" : 0,
      "hdfsBytesWritten" : 76999982,
      "fileBytesRead" : 23478429,
      "fileBytesWritten" : 23602896,
      "mapInputRecords" : -1,
      "mapInputBytes" : -1,
      "mapOutputBytes" : -1,
      "mapOutputRecords" : -1,
      "combineInputRecords" : 0,
      "reduceInputGroups" : 71419,
      "reduceInputRecords" : 635799,
      "reduceShuffleBytes" : 23478435,
      "reduceOutputRecords" : 1244958,
      "spilledRecords" : 635799,
      "shuffleFinished" : 1601022950492,
      "sortFinished" : 1601022950952,
      "location" : {
        "layers" : [ "default-rack", "slave2" ]
      },
      "clockSplits" : [ 3637, 405, 405, 404, 405, 405, 404, 405, 405, 404, 405, 879 ],
      "cpuUsages" : [ 956, 957, 957, 957, 956, 957, 957, 957, 956, 957, 957, 1796 ],
      "physMemKbytes" : [ 8380, 25141, 41903, 58664, 75425, 92186, 108948, 125709, 142471, 159232, 175993, 191523 ],
      "resourceUsageMetrics" : {
        "cumulativeCpuUsage" : 12320,
        "virtualMemoryUsage" : 2072604672,
        "physicalMemoryUsage" : 199630848,
        "heapUsage" : 138936320
      },
      "vmemKbytes" : [ 87229, 261688, 436148, 610607, 785068, 959527, 1133987, 1308446, 1482906, 1657366, 1831825, 1992446 ]
    } ],
    "preferredLocations" : [ ]
  }, {
    "inputBytes" : 23803081,
    "inputRecords" : 646554,
    "outputBytes" : 77399444,
    "outputRecords" : 1256706,
    "taskID" : "task_1600222256971_1102_r_000001",
    "startTime" : 1601022936706,
    "finishTime" : 1601022955106,
    "taskType" : "REDUCE",
    "taskStatus" : "SUCCESS",
    "attempts" : [ {
      "attemptID" : "attempt_1600222256971_1102_r_000001_0",
      "result" : "SUCCESS",
      "startTime" : 1601022947729,
      "finishTime" : 1601022955106,
      "hostName" : "/default-rack/slave4",
      "hdfsBytesRead" : 0,
      "hdfsBytesWritten" : 77399444,
      "fileBytesRead" : 23803075,
      "fileBytesWritten" : 23927542,
      "mapInputRecords" : -1,
      "mapInputBytes" : -1,
      "mapOutputBytes" : -1,
      "mapOutputRecords" : -1,
      "combineInputRecords" : 0,
      "reduceInputGroups" : 72260,
      "reduceInputRecords" : 646554,
      "reduceShuffleBytes" : 23803081,
      "reduceOutputRecords" : 1256706,
      "spilledRecords" : 646554,
      "shuffleFinished" : 1601022949616,
      "sortFinished" : 1601022950009,
      "location" : {
        "layers" : [ "default-rack", "slave4" ]
      },
      "clockSplits" : [ 2701, 424, 424, 424, 423, 424, 424, 424, 423, 424, 424, 424 ],
      "cpuUsages" : [ 1076, 1077, 1077, 1076, 1077, 1077, 1076, 1077, 1077, 1076, 1077, 1077 ],
      "physMemKbytes" : [ 8276, 24829, 41382, 57935, 74488, 91041, 107594, 124147, 140700, 157253, 173806, 190359 ],
      "resourceUsageMetrics" : {
        "cumulativeCpuUsage" : 12920,
        "virtualMemoryUsage" : 2075029504,
        "physicalMemoryUsage" : 203403264,
        "heapUsage" : 139460608
      },
      "vmemKbytes" : [ 84433, 253299, 422165, 591031, 759898, 928764, 1097631, 1266496, 1435363, 1604230, 1773095, 1941962 ]
    } ],
    "preferredLocations" : [ ]
  }, {
    "inputBytes" : 23721894,
    "inputRecords" : 642865,
    "outputBytes" : 78056574,
    "outputRecords" : 1262143,
    "taskID" : "task_1600222256971_1102_r_000002",
    "startTime" : 1601022936706,
    "finishTime" : 1601022955874,
    "taskType" : "REDUCE",
    "taskStatus" : "SUCCESS",
    "attempts" : [ {
      "attemptID" : "attempt_1600222256971_1102_r_000002_0",
      "result" : "SUCCESS",
      "startTime" : 1601022947734,
      "finishTime" : 1601022955874,
      "hostName" : "/default-rack/slave3",
      "hdfsBytesRead" : 0,
      "hdfsBytesWritten" : 78056574,
      "fileBytesRead" : 23721888,
      "fileBytesWritten" : 23846355,
      "mapInputRecords" : -1,
      "mapInputBytes" : -1,
      "mapOutputBytes" : -1,
      "mapOutputRecords" : -1,
      "combineInputRecords" : 0,
      "reduceInputGroups" : 71719,
      "reduceInputRecords" : 642865,
      "reduceShuffleBytes" : 23721894,
      "reduceOutputRecords" : 1262143,
      "spilledRecords" : 642865,
      "shuffleFinished" : 1601022950445,
      "sortFinished" : 1601022950842,
      "location" : {
        "layers" : [ "default-rack", "slave3" ]
      },
      "clockSplits" : [ 3510, 399, 399, 398, 399, 399, 398, 399, 399, 398, 399, 631 ],
      "cpuUsages" : [ 1006, 1006, 1006, 1006, 1007, 1006, 1006, 1006, 1007, 1006, 1006, 1322 ],
      "physMemKbytes" : [ 8323, 24969, 41616, 58263, 74910, 91556, 108203, 124850, 141497, 158144, 174790, 191257 ],
      "resourceUsageMetrics" : {
        "cumulativeCpuUsage" : 12390,
        "virtualMemoryUsage" : 2070728704,
        "physicalMemoryUsage" : 201986048,
        "heapUsage" : 136839168
      },
      "vmemKbytes" : [ 85279, 255838, 426399, 596958, 767519, 938078, 1108638, 1279197, 1449758, 1620318, 1790877, 1959675 ]
    } ],
    "preferredLocations" : [ ]
  }, {
    "inputBytes" : 24022465,
    "inputRecords" : 653532,
    "outputBytes" : 79087685,
    "outputRecords" : 1278223,
    "taskID" : "task_1600222256971_1102_r_000003",
    "startTime" : 1601022936706,
    "finishTime" : 1601022955968,
    "taskType" : "REDUCE",
    "taskStatus" : "SUCCESS",
    "attempts" : [ {
      "attemptID" : "attempt_1600222256971_1102_r_000003_0",
      "result" : "SUCCESS",
      "startTime" : 1601022947724,
      "finishTime" : 1601022955968,
      "hostName" : "/default-rack/slave5",
      "hdfsBytesRead" : 0,
      "hdfsBytesWritten" : 79087685,
      "fileBytesRead" : 24022459,
      "fileBytesWritten" : 24146926,
      "mapInputRecords" : -1,
      "mapInputBytes" : -1,
      "mapOutputBytes" : -1,
      "mapOutputRecords" : -1,
      "combineInputRecords" : 0,
      "reduceInputGroups" : 72699,
      "reduceInputRecords" : 653532,
      "reduceShuffleBytes" : 24022465,
      "reduceOutputRecords" : 1278223,
      "spilledRecords" : 653532,
      "shuffleFinished" : 1601022950473,
      "sortFinished" : 1601022950900,
      "location" : {
        "layers" : [ "default-rack", "slave5" ]
      },
      "clockSplits" : [ 3569, 397, 397, 397, 397, 397, 397, 397, 397, 397, 398, 690 ],
      "cpuUsages" : [ 1001, 1001, 1002, 1001, 1002, 1001, 1002, 1001, 1001, 1002, 1001, 1385 ],
      "physMemKbytes" : [ 8128, 24386, 40644, 56901, 73159, 89416, 105675, 121932, 138190, 154448, 170705, 186622 ],
      "resourceUsageMetrics" : {
        "cumulativeCpuUsage" : 12400,
        "virtualMemoryUsage" : 2067017728,
        "physicalMemoryUsage" : 196546560,
        "heapUsage" : 138412032
      },
      "vmemKbytes" : [ 85654, 256963, 428274, 599583, 770894, 942203, 1113514, 1284823, 1456134, 1627444, 1798753, 1966036 ]
    } ],
    "preferredLocations" : [ ]
  }, {
    "inputBytes" : 23613026,
    "inputRecords" : 639897,
    "outputBytes" : 77576715,
    "outputRecords" : 1250618,
    "taskID" : "task_1600222256971_1102_r_000004",
    "startTime" : 1601022936706,
    "finishTime" : 1601022955695,
    "taskType" : "REDUCE",
    "taskStatus" : "SUCCESS",
    "attempts" : [ {
      "attemptID" : "attempt_1600222256971_1102_r_000004_0",
      "result" : "SUCCESS",
      "startTime" : 1601022947728,
      "finishTime" : 1601022955695,
      "hostName" : "/default-rack/slave1",
      "hdfsBytesRead" : 0,
      "hdfsBytesWritten" : 77576715,
      "fileBytesRead" : 23613020,
      "fileBytesWritten" : 23737487,
      "mapInputRecords" : -1,
      "mapInputBytes" : -1,
      "mapOutputBytes" : -1,
      "mapOutputRecords" : -1,
      "combineInputRecords" : 0,
      "reduceInputGroups" : 71664,
      "reduceInputRecords" : 639897,
      "reduceShuffleBytes" : 23613026,
      "reduceOutputRecords" : 1250618,
      "spilledRecords" : 639897,
      "shuffleFinished" : 1601022950388,
      "sortFinished" : 1601022950764,
      "location" : {
        "layers" : [ "default-rack", "slave1" ]
      },
      "clockSplits" : [ 3442, 401, 400, 401, 401, 400, 401, 401, 400, 401, 400, 505 ],
      "cpuUsages" : [ 1080, 1081, 1081, 1080, 1081, 1081, 1080, 1081, 1081, 1081, 1080, 1393 ],
      "physMemKbytes" : [ 8186, 24558, 40931, 57303, 73676, 90049, 106422, 122794, 139167, 155540, 171912, 188278 ],
      "resourceUsageMetrics" : {
        "cumulativeCpuUsage" : 13280,
        "virtualMemoryUsage" : 2068377600,
        "physicalMemoryUsage" : 200675328,
        "heapUsage" : 138936320
      },
      "vmemKbytes" : [ 84348, 253044, 421740, 590435, 759132, 927827, 1096524, 1265219, 1433916, 1602612, 1771307, 1939945 ]
    } ],
    "preferredLocations" : [ ]
  }, {
    "inputBytes" : 23986263,
    "inputRecords" : 651892,
    "outputBytes" : 78771921,
    "outputRecords" : 1275120,
    "taskID" : "task_1600222256971_1102_r_000005",
    "startTime" : 1601022936707,
    "finishTime" : 1601022956186,
    "taskType" : "REDUCE",
    "taskStatus" : "SUCCESS",
    "attempts" : [ {
      "attemptID" : "attempt_1600222256971_1102_r_000005_0",
      "result" : "SUCCESS",
      "startTime" : 1601022948708,
      "finishTime" : 1601022956186,
      "hostName" : "/default-rack/slave4",
      "hdfsBytesRead" : 0,
      "hdfsBytesWritten" : 78771921,
      "fileBytesRead" : 23986257,
      "fileBytesWritten" : 24110724,
      "mapInputRecords" : -1,
      "mapInputBytes" : -1,
      "mapOutputBytes" : -1,
      "mapOutputRecords" : -1,
      "combineInputRecords" : 0,
      "reduceInputGroups" : 72710,
      "reduceInputRecords" : 651892,
      "reduceShuffleBytes" : 23986263,
      "reduceOutputRecords" : 1275120,
      "spilledRecords" : 651892,
      "shuffleFinished" : 1601022950620,
      "sortFinished" : 1601022951002,
      "location" : {
        "layers" : [ "default-rack", "slave4" ]
      },
      "clockSplits" : [ 2721, 431, 431, 432, 431, 431, 431, 432, 431, 431, 431, 432 ],
      "cpuUsages" : [ 1145, 1145, 1145, 1145, 1145, 1145, 1145, 1145, 1145, 1145, 1145, 1145 ],
      "physMemKbytes" : [ 8115, 24345, 40575, 56804, 73035, 89264, 105495, 121724, 137955, 154185, 170414, 186645 ],
      "resourceUsageMetrics" : {
        "cumulativeCpuUsage" : 13740,
        "virtualMemoryUsage" : 2069372928,
        "physicalMemoryUsage" : 199434240,
        "heapUsage" : 136839168
      },
      "vmemKbytes" : [ 84203, 252609, 421015, 589420, 757827, 926232, 1094639, 1263044, 1431451, 1599857, 1768262, 1936669 ]
    } ],
    "preferredLocations" : [ ]
  } ],
  "otherTasks" : [ ],
  "successfulMapAttemptCDFs" : [ {
    "numberValues" : 0,
    "minimum" : -9223372036854775808,
    "rankings" : [ ],
    "maximum" : 9223372036854775807
  }, {
    "numberValues" : 0,
    "minimum" : -9223372036854775808,
    "rankings" : [ ],
    "maximum" : 9223372036854775807
  }, {
    "numberValues" : 0,
    "minimum" : -9223372036854775808,
    "rankings" : [ ],
    "maximum" : 9223372036854775807
  }, {
    "numberValues" : 2,
    "minimum" : 6223,
    "rankings" : [ {
      "relativeRanking" : 0.05,
      "datum" : 6223
    }, {
      "relativeRanking" : 0.1,
      "datum" : 6223
    }, {
      "relativeRanking" : 0.15,
      "datum" : 6223
    }, {
      "relativeRanking" : 0.2,
      "datum" : 6223
    }, {
      "relativeRanking" : 0.25,
      "datum" : 6223
    }, {
      "relativeRanking" : 0.3,
      "datum" : 6223
    }, {
      "relativeRanking" : 0.35,
      "datum" : 6223
    }, {
      "relativeRanking" : 0.4,
      "datum" : 6223
    }, {
      "relativeRanking" : 0.45,
      "datum" : 6223
    }, {
      "relativeRanking" : 0.5,
      "datum" : 6223
    }, {
      "relativeRanking" : 0.55,
      "datum" : 6223
    }, {
      "relativeRanking" : 0.6,
      "datum" : 6223
    }, {
      "relativeRanking" : 0.65,
      "datum" : 6223
    }, {
      "relativeRanking" : 0.7,
      "datum" : 6223
    }, {
      "relativeRanking" : 0.75,
      "datum" : 6223
    }, {
      "relativeRanking" : 0.8,
      "datum" : 6223
    }, {
      "relativeRanking" : 0.85,
      "datum" : 6223
    }, {
      "relativeRanking" : 0.9,
      "datum" : 6223
    }, {
      "relativeRanking" : 0.95,
      "datum" : 6223
    } ],
    "maximum" : 8964
  } ],
  "failedMapAttemptCDFs" : [ {
    "numberValues" : 0,
    "minimum" : -9223372036854775808,
    "rankings" : [ ],
    "maximum" : 9223372036854775807
  }, {
    "numberValues" : 0,
    "minimum" : -9223372036854775808,
    "rankings" : [ ],
    "maximum" : 9223372036854775807
  }, {
    "numberValues" : 0,
    "minimum" : -9223372036854775808,
    "rankings" : [ ],
    "maximum" : 9223372036854775807
  }, {
    "numberValues" : 0,
    "minimum" : -9223372036854775808,
    "rankings" : [ ],
    "maximum" : 9223372036854775807
  } ],
  "successfulReduceAttemptCDF" : {
    "numberValues" : 6,
    "minimum" : 7377,
    "rankings" : [ {
      "relativeRanking" : 0.05,
      "datum" : 7377
    }, {
      "relativeRanking" : 0.1,
      "datum" : 7377
    }, {
      "relativeRanking" : 0.15,
      "datum" : 7377
    }, {
      "relativeRanking" : 0.2,
      "datum" : 7377
    }, {
      "relativeRanking" : 0.25,
      "datum" : 7377
    }, {
      "relativeRanking" : 0.3,
      "datum" : 7377
    }, {
      "relativeRanking" : 0.35,
      "datum" : 7478
    }, {
      "relativeRanking" : 0.4,
      "datum" : 7478
    }, {
      "relativeRanking" : 0.45,
      "datum" : 7478
    }, {
      "relativeRanking" : 0.5,
      "datum" : 7967
    }, {
      "relativeRanking" : 0.55,
      "datum" : 7967
    }, {
      "relativeRanking" : 0.6,
      "datum" : 7967
    }, {
      "relativeRanking" : 0.65,
      "datum" : 7967
    }, {
      "relativeRanking" : 0.7,
      "datum" : 8140
    }, {
      "relativeRanking" : 0.75,
      "datum" : 8140
    }, {
      "relativeRanking" : 0.8,
      "datum" : 8140
    }, {
      "relativeRanking" : 0.85,
      "datum" : 8244
    }, {
      "relativeRanking" : 0.9,
      "datum" : 8244
    }, {
      "relativeRanking" : 0.95,
      "datum" : 8244
    } ],
    "maximum" : 8575
  },
  "failedReduceAttemptCDF" : {
    "numberValues" : 0,
    "minimum" : -9223372036854775808,
    "rankings" : [ ],
    "maximum" : 9223372036854775807
  },
  "queue" : "default",
  "jobName" : "ReduceJoin-[1601022933827]",
  "clusterMapMB" : -1,
  "clusterReduceMB" : -1,
  "jobMapMB" : -1,
  "jobReduceMB" : -1,
  "relativeTime" : 0,
  "mapperTriesToSucceed" : [ 1.0 ],
  "failedMapperFraction" : 0.0,
  "jobProperties" : { }
}