{
  "jobID" : "job_1572946766556_1060",
  "user" : "hadoop",
  "computonsPerMapInputByte" : -1,
  "computonsPerMapOutputByte" : -1,
  "computonsPerReduceInputByte" : -1,
  "computonsPerReduceOutputByte" : -1,
  "submitTime" : 1575693900344,
  "launchTime" : 1575693904110,
  "finishTime" : 1575694038892,
  "heapMegabytes" : -1,
  "totalMaps" : 2,
  "totalReduces" : 3,
  "outcome" : "SUCCESS",
  "jobtype" : "JAVA",
  "priority" : "NORMAL",
  "directDependantJobs" : [ ],
  "mapTasks" : [ {
    "inputBytes" : 7745257,
    "inputRecords" : 246569,
    "outputBytes" : 32289411,
    "outputRecords" : 934712,
    "taskID" : "task_1572946766556_1060_m_000000",
    "startTime" : 1575693904189,
    "finishTime" : 1575693969689,
    "taskType" : "MAP",
    "taskStatus" : "SUCCESS",
    "attempts" : [ {
      "attemptID" : "attempt_1572946766556_1060_m_000000_0",
      "result" : "SUCCESS",
      "startTime" : 1575693906310,
      "finishTime" : 1575693969689,
      "hostName" : "/default-rack/slave4",
      "hdfsBytesRead" : 7745257,
      "hdfsBytesWritten" : 0,
      "fileBytesRead" : 0,
      "fileBytesWritten" : 32289411,
      "mapInputRecords" : 246569,
      "mapInputBytes" : -1,
      "mapOutputBytes" : 30296128,
      "mapOutputRecords" : 934712,
      "combineInputRecords" : 0,
      "reduceInputGroups" : -1,
      "reduceInputRecords" : -1,
      "reduceShuffleBytes" : -1,
      "reduceOutputRecords" : -1,
      "spilledRecords" : 934712,
      "shuffleFinished" : -1,
      "sortFinished" : -1,
      "location" : {
        "layers" : [ "default-rack", "slave4" ]
      },
      "clockSplits" : [ 10714, 7601, 8286, 7549, 7500, 6839, 6778, 6891, 302, 302, 302, 302 ],
      "cpuUsages" : [ 153440, 136844, 135719, 126885, 125396, 117462, 119113, 108004, 4286, 4287, 4287, 4287 ],
      "physMemKbytes" : [ 233978, 357279, 355183, 360499, 365535, 359069, 358968, 358954, 356412, 351987, 347562, 343137 ],
      "resourceUsageMetrics" : {
        "cumulativeCpuUsage" : 1040010,
        "virtualMemoryUsage" : 2123907072,
        "physicalMemoryUsage" : 349106176,
        "heapUsage" : 192937984
      },
      "vmemKbytes" : [ 1387084, 2073046, 2070584, 2075798, 2080823, 2074231, 2074128, 2074127, 2074128, 2074128, 2074127, 2074128 ]
    }, {
      "attemptID" : "attempt_1572946766556_1060_m_000000_1",
      "result" : "KILLED",
      "startTime" : 1575693923232,
      "finishTime" : 1575693969716,
      "hostName" : "/default-rack/slave1",
      "hdfsBytesRead" : 5505169,
      "hdfsBytesWritten" : 0,
      "fileBytesRead" : 0,
      "fileBytesWritten" : 123761,
      "mapInputRecords" : 177129,
      "mapInputBytes" : -1,
      "mapOutputBytes" : 21378733,
      "mapOutputRecords" : 659333,
      "combineInputRecords" : 0,
      "reduceInputGroups" : -1,
      "reduceInputRecords" : -1,
      "reduceShuffleBytes" : -1,
      "reduceOutputRecords" : -1,
      "spilledRecords" : 0,
      "shuffleFinished" : -1,
      "sortFinished" : -1,
      "location" : {
        "layers" : [ "default-rack", "slave1" ]
      },
      "clockSplits" : [ 10272, 7894, 7587, 7269, 7364, 5266, 135, 134, 134, 135, 134, 135 ],
      "cpuUsages" : [ 145311, 141921, 125665, 122537, 123248, 85438, 0, 0, 0, 0, 0, 0 ],
      "physMemKbytes" : [ 227659, 362666, 363245, 363490, 366857, 363246, 362216, 362215, 362216, 362216, 362215, 362216 ],
      "resourceUsageMetrics" : {
        "cumulativeCpuUsage" : 744120,
        "virtualMemoryUsage" : 2125586432,
        "physicalMemoryUsage" : 370909184,
        "heapUsage" : 193462272
      },
      "vmemKbytes" : [ 1341617, 2077320, 2077324, 2077323, 2080585, 2076821, 2075768, 2075767, 2075768, 2075768, 2075767, 2075768 ]
    } ],
    "preferredLocations" : [ ]
  }, {
    "inputBytes" : 1279951,
    "inputRecords" : 32202,
    "outputBytes" : 4613252,
    "outputRecords" : 203769,
    "taskID" : "task_1572946766556_1060_m_000001",
    "startTime" : 1575693904194,
    "finishTime" : 1575693921239,
    "taskType" : "MAP",
    "taskStatus" : "SUCCESS",
    "attempts" : [ {
      "attemptID" : "attempt_1572946766556_1060_m_000001_0",
      "result" : "SUCCESS",
      "startTime" : 1575693906317,
      "finishTime" : 1575693921239,
      "hostName" : "/default-rack/slave5",
      "hdfsBytesRead" : 1279951,
      "hdfsBytesWritten" : 0,
      "fileBytesRead" : 0,
      "fileBytesWritten" : 4613252,
      "mapInputRecords" : 32202,
      "mapInputBytes" : -1,
      "mapOutputBytes" : 4081855,
      "mapOutputRecords" : 203769,
      "combineInputRecords" : 0,
      "reduceInputGroups" : -1,
      "reduceInputRecords" : -1,
      "reduceShuffleBytes" : -1,
      "reduceOutputRecords" : -1,
      "spilledRecords" : 203769,
      "shuffleFinished" : -1,
      "sortFinished" : -1,
      "location" : {
        "layers" : [ "default-rack", "slave5" ]
      },
      "clockSplits" : [ 2009, 2009, 2010, 2009, 1475, 1399, 3566, 130, 70, 69, 69, 70 ],
      "cpuUsages" : [ 27954, 27955, 27955, 27955, 26250, 26012, 32995, 36926, 703, 558, 558, 559 ],
      "physMemKbytes" : [ 43022, 129068, 215114, 301159, 354858, 357473, 358700, 357227, 356017, 355318, 354617, 353918 ],
      "resourceUsageMetrics" : {
        "cumulativeCpuUsage" : 236380,
        "virtualMemoryUsage" : 2121396224,
        "physicalMemoryUsage" : 362053632,
        "heapUsage" : 171966464
      },
      "vmemKbytes" : [ 251250, 753751, 1256253, 1758754, 2067891, 2071675, 2071676, 2071675, 2071676, 2071676, 2071675, 2071676 ]
    } ],
    "preferredLocations" : [ ]
  } ],
  "reduceTasks" : [ {
    "inputBytes" : 13316912,
    "inputRecords" : 412432,
    "outputBytes" : 9598928,
    "outputRecords" : 3960,
    "taskID" : "task_1572946766556_1060_r_000000",
    "startTime" : 1575693904195,
    "finishTime" : 1575694038820,
    "taskType" : "REDUCE",
    "taskStatus" : "SUCCESS",
    "attempts" : [ {
      "attemptID" : "attempt_1572946766556_1060_r_000000_0",
      "result" : "SUCCESS",
      "startTime" : 1575693924251,
      "finishTime" : 1575694038820,
      "hostName" : "/default-rack/slave5",
      "hdfsBytesRead" : 0,
      "hdfsBytesWritten" : 9598928,
      "fileBytesRead" : 13316906,
      "fileBytesWritten" : 13440644,
      "mapInputRecords" : -1,
      "mapInputBytes" : -1,
      "mapOutputBytes" : -1,
      "mapOutputRecords" : -1,
      "combineInputRecords" : 0,
      "reduceInputGroups" : 3960,
      "reduceInputRecords" : 412432,
      "reduceShuffleBytes" : 13316912,
      "reduceOutputRecords" : 3960,
      "spilledRecords" : 412432,
      "shuffleFinished" : 1575693970256,
      "sortFinished" : 1575693970453,
      "location" : {
        "layers" : [ "default-rack", "slave5" ]
      },
      "clockSplits" : [ 3860, 3860, 38664, 174, 173, 174, 173, 174, 5669, 23104, 19417, 19114 ],
      "cpuUsages" : [ 244, 245, 2847, 1087, 1087, 1086, 1087, 1087, 21544, 87782, 70036, 73058 ],
      "physMemKbytes" : [ 41325, 123977, 184335, 189408, 194481, 199554, 204627, 209700, 217211, 248110, 257254, 259307 ],
      "resourceUsageMetrics" : {
        "cumulativeCpuUsage" : 261190,
        "virtualMemoryUsage" : 2130235392,
        "physicalMemoryUsage" : 262873088,
        "heapUsage" : 144179200
      },
      "vmemKbytes" : [ 519045, 1557137, 2076582, 2077381, 2078180, 2078978, 2079777, 2080576, 2080698, 2080308, 2080307, 2080308 ]
    } ],
    "preferredLocations" : [ ]
  }, {
    "inputBytes" : 10820170,
    "inputRecords" : 331716,
    "outputBytes" : 7676048,
    "outputRecords" : 3964,
    "taskID" : "task_1572946766556_1060_r_000001",
    "startTime" : 1575693904195,
    "finishTime" : 1575694010207,
    "taskType" : "REDUCE",
    "taskStatus" : "SUCCESS",
    "attempts" : [ {
      "attemptID" : "attempt_1572946766556_1060_r_000001_0",
      "result" : "SUCCESS",
      "startTime" : 1575693924243,
      "finishTime" : 1575694010207,
      "hostName" : "/default-rack/slave1",
      "hdfsBytesRead" : 0,
      "hdfsBytesWritten" : 7676048,
      "fileBytesRead" : 10820164,
      "fileBytesWritten" : 10943902,
      "mapInputRecords" : -1,
      "mapInputBytes" : -1,
      "mapOutputBytes" : -1,
      "mapOutputRecords" : -1,
      "combineInputRecords" : 0,
      "reduceInputGroups" : 3964,
      "reduceInputRecords" : 331716,
      "reduceShuffleBytes" : 10820170,
      "reduceOutputRecords" : 3964,
      "spilledRecords" : 331716,
      "shuffleFinished" : 1575693970539,
      "sortFinished" : 1575693970716,
      "location" : {
        "layers" : [ "default-rack", "slave1" ]
      },
      "clockSplits" : [ 4006, 4006, 38642, 179, 179, 179, 180, 179, 4358, 20425, 7449, 6169 ],
      "cpuUsages" : [ 234, 235, 3134, 1143, 1143, 1143, 1143, 1143, 16562, 78718, 27106, 22006 ],
      "physMemKbytes" : [ 40032, 120098, 179941, 189890, 199839, 209788, 219737, 229685, 239627, 255793, 265558, 265952 ],
      "resourceUsageMetrics" : {
        "cumulativeCpuUsage" : 153710,
        "virtualMemoryUsage" : 2131881984,
        "physicalMemoryUsage" : 272281600,
        "heapUsage" : 146800640
      },
      "vmemKbytes" : [ 518118, 1554356, 2073916, 2075823, 2077730, 2079637, 2081544, 2083451, 2083498, 2081916, 2081915, 2081916 ]
    } ],
    "preferredLocations" : [ ]
  }, {
    "inputBytes" : 12517899,
    "inputRecords" : 394333,
    "outputBytes" : 8988289,
    "outputRecords" : 3919,
    "taskID" : "task_1572946766556_1060_r_000002",
    "startTime" : 1575693904195,
    "finishTime" : 1575694014372,
    "taskType" : "REDUCE",
    "taskStatus" : "SUCCESS",
    "attempts" : [ {
      "attemptID" : "attempt_1572946766556_1060_r_000002_0",
      "result" : "SUCCESS",
      "startTime" : 1575693924249,
      "finishTime" : 1575694014372,
      "hostName" : "/default-rack/slave2",
      "hdfsBytesRead" : 0,
      "hdfsBytesWritten" : 8988289,
      "fileBytesRead" : 12517893,
      "fileBytesWritten" : 12641631,
      "mapInputRecords" : -1,
      "mapInputBytes" : -1,
      "mapOutputBytes" : -1,
      "mapOutputRecords" : -1,
      "combineInputRecords" : 0,
      "reduceInputGroups" : 3919,
      "reduceInputRecords" : 394333,
      "reduceShuffleBytes" : 12517899,
      "reduceOutputRecords" : 3919,
      "spilledRecords" : 394333,
      "shuffleFinished" : 1575693970584,
      "sortFinished" : 1575693970803,
      "location" : {
        "layers" : [ "default-rack", "slave2" ]
      },
      "clockSplits" : [ 4018, 4018, 38695, 163, 163, 163, 163, 163, 4266, 18776, 12100, 7424 ],
      "cpuUsages" : [ 359, 360, 2771, 850, 850, 850, 850, 850, 11811, 55603, 30646, 19380 ],
      "physMemKbytes" : [ 41099, 123299, 184843, 191546, 198249, 204952, 211656, 218359, 226337, 248674, 263772, 264592 ],
      "resourceUsageMetrics" : {
        "cumulativeCpuUsage" : 125180,
        "virtualMemoryUsage" : 2129395712,
        "physicalMemoryUsage" : 271405056,
        "heapUsage" : 147324928
      },
      "vmemKbytes" : [ 518531, 1555595, 2074554, 2075407, 2076260, 2077113, 2077966, 2078819, 2079453, 2079488, 2079487, 2079488 ]
    } ],
    "preferredLocations" : [ ]
  } ],
  "otherTasks" : [ ],
  "successfulMapAttemptCDFs" : [ {
    "numberValues" : 0,
    "minimum" : -9223372036854775808,
    "rankings" : [ ],
    "maximum" : 9223372036854775807
  }, {
    "numberValues" : 0,
    "minimum" : -9223372036854775808,
    "rankings" : [ ],
    "maximum" : 9223372036854775807
  }, {
    "numberValues" : 0,
    "minimum" : -9223372036854775808,
    "rankings" : [ ],
    "maximum" : 9223372036854775807
  }, {
    "numberValues" : 2,
    "minimum" : 14922,
    "rankings" : [ {
      "relativeRanking" : 0.05,
      "datum" : 14922
    }, {
      "relativeRanking" : 0.1,
      "datum" : 14922
    }, {
      "relativeRanking" : 0.15,
      "datum" : 14922
    }, {
      "relativeRanking" : 0.2,
      "datum" : 14922
    }, {
      "relativeRanking" : 0.25,
      "datum" : 14922
    }, {
      "relativeRanking" : 0.3,
      "datum" : 14922
    }, {
      "relativeRanking" : 0.35,
      "datum" : 14922
    }, {
      "relativeRanking" : 0.4,
      "datum" : 14922
    }, {
      "relativeRanking" : 0.45,
      "datum" : 14922
    }, {
      "relativeRanking" : 0.5,
      "datum" : 14922
    }, {
      "relativeRanking" : 0.55,
      "datum" : 14922
    }, {
      "relativeRanking" : 0.6,
      "datum" : 14922
    }, {
      "relativeRanking" : 0.65,
      "datum" : 14922
    }, {
      "relativeRanking" : 0.7,
      "datum" : 14922
    }, {
      "relativeRanking" : 0.75,
      "datum" : 14922
    }, {
      "relativeRanking" : 0.8,
      "datum" : 14922
    }, {
      "relativeRanking" : 0.85,
      "datum" : 14922
    }, {
      "relativeRanking" : 0.9,
      "datum" : 14922
    }, {
      "relativeRanking" : 0.95,
      "datum" : 14922
    } ],
    "maximum" : 63379
  } ],
  "failedMapAttemptCDFs" : [ {
    "numberValues" : 0,
    "minimum" : -9223372036854775808,
    "rankings" : [ ],
    "maximum" : 9223372036854775807
  }, {
    "numberValues" : 0,
    "minimum" : -9223372036854775808,
    "rankings" : [ ],
    "maximum" : 9223372036854775807
  }, {
    "numberValues" : 0,
    "minimum" : -9223372036854775808,
    "rankings" : [ ],
    "maximum" : 9223372036854775807
  }, {
    "numberValues" : 0,
    "minimum" : -9223372036854775808,
    "rankings" : [ ],
    "maximum" : 9223372036854775807
  } ],
  "successfulReduceAttemptCDF" : {
    "numberValues" : 3,
    "minimum" : 85964,
    "rankings" : [ {
      "relativeRanking" : 0.05,
      "datum" : 85964
    }, {
      "relativeRanking" : 0.1,
      "datum" : 85964
    }, {
      "relativeRanking" : 0.15,
      "datum" : 85964
    }, {
      "relativeRanking" : 0.2,
      "datum" : 85964
    }, {
      "relativeRanking" : 0.25,
      "datum" : 85964
    }, {
      "relativeRanking" : 0.3,
      "datum" : 85964
    }, {
      "relativeRanking" : 0.35,
      "datum" : 85964
    }, {
      "relativeRanking" : 0.4,
      "datum" : 85964
    }, {
      "relativeRanking" : 0.45,
      "datum" : 85964
    }, {
      "relativeRanking" : 0.5,
      "datum" : 85964
    }, {
      "relativeRanking" : 0.55,
      "datum" : 85964
    }, {
      "relativeRanking" : 0.6,
      "datum" : 85964
    }, {
      "relativeRanking" : 0.65,
      "datum" : 85964
    }, {
      "relativeRanking" : 0.7,
      "datum" : 90123
    }, {
      "relativeRanking" : 0.75,
      "datum" : 90123
    }, {
      "relativeRanking" : 0.8,
      "datum" : 90123
    }, {
      "relativeRanking" : 0.85,
      "datum" : 90123
    }, {
      "relativeRanking" : 0.9,
      "datum" : 90123
    }, {
      "relativeRanking" : 0.95,
      "datum" : 90123
    } ],
    "maximum" : 114569
  },
  "failedReduceAttemptCDF" : {
    "numberValues" : 0,
    "minimum" : -9223372036854775808,
    "rankings" : [ ],
    "maximum" : 9223372036854775807
  },
  "queue" : "default",
  "jobName" : "CAC_Count-[1575693897614-Indexing1]",
  "clusterMapMB" : -1,
  "clusterReduceMB" : -1,
  "jobMapMB" : -1,
  "jobReduceMB" : -1,
  "relativeTime" : 0,
  "mapperTriesToSucceed" : [ 1.0 ],
  "failedMapperFraction" : 0.0,
  "jobProperties" : { }
}