{
  "jobID" : "job_1572946766556_1061",
  "user" : "hadoop",
  "computonsPerMapInputByte" : -1,
  "computonsPerMapOutputByte" : -1,
  "computonsPerReduceInputByte" : -1,
  "computonsPerReduceOutputByte" : -1,
  "submitTime" : 1575694040880,
  "launchTime" : 1575694044811,
  "finishTime" : 1575694557940,
  "heapMegabytes" : -1,
  "totalMaps" : 3,
  "totalReduces" : 3,
  "outcome" : "SUCCESS",
  "jobtype" : "JAVA",
  "priority" : "NORMAL",
  "directDependantJobs" : [ ],
  "mapTasks" : [ {
    "inputBytes" : 9599084,
    "inputRecords" : 3960,
    "outputBytes" : 9861964448,
    "outputRecords" : 99038183,
    "taskID" : "task_1572946766556_1061_m_000000",
    "startTime" : 1575694044858,
    "finishTime" : 1575694375793,
    "taskType" : "MAP",
    "taskStatus" : "SUCCESS",
    "attempts" : [ {
      "attemptID" : "attempt_1572946766556_1061_m_000000_0",
      "result" : "SUCCESS",
      "startTime" : 1575694047039,
      "finishTime" : 1575694375793,
      "hostName" : "/default-rack/slave5",
      "hdfsBytesRead" : 9599084,
      "hdfsBytesWritten" : 0,
      "fileBytesRead" : 6550379206,
      "fileBytesWritten" : 9861964448,
      "mapInputRecords" : 3960,
      "mapInputBytes" : -1,
      "mapOutputBytes" : 3120344950,
      "mapOutputRecords" : 99038183,
      "combineInputRecords" : 0,
      "reduceInputGroups" : -1,
      "reduceInputRecords" : -1,
      "reduceShuffleBytes" : -1,
      "reduceOutputRecords" : -1,
      "spilledRecords" : 294795473,
      "shuffleFinished" : -1,
      "sortFinished" : -1,
      "location" : {
        "layers" : [ "default-rack", "slave5" ]
      },
      "clockSplits" : [ 11300, 5777, 26165, 26598, 78183, 8700, 44608, 13217, 26536, 27423, 29123, 31106 ],
      "cpuUsages" : [ 18888, 11473, 47408, 46713, 141592, 16822, 77489, 22427, 36231, 35366, 37175, 43026 ],
      "physMemKbytes" : [ 214141, 282529, 292587, 300059, 305071, 305540, 305826, 305961, 315846, 316689, 310412, 309634 ],
      "resourceUsageMetrics" : {
        "cumulativeCpuUsage" : 534610,
        "virtualMemoryUsage" : 2131574784,
        "physicalMemoryUsage" : 317427712,
        "heapUsage" : 209190912
      },
      "vmemKbytes" : [ 1600246, 2071464, 2077544, 2078091, 2078092, 2078091, 2078092, 2078091, 2080437, 2080588, 2080587, 2080605 ]
    } ],
    "preferredLocations" : [ ]
  }, {
    "inputBytes" : 8988445,
    "inputRecords" : 3919,
    "outputBytes" : 5685799518,
    "outputRecords" : 58455405,
    "taskID" : "task_1572946766556_1061_m_000001",
    "startTime" : 1575694044860,
    "finishTime" : 1575694249813,
    "taskType" : "MAP",
    "taskStatus" : "SUCCESS",
    "attempts" : [ {
      "attemptID" : "attempt_1572946766556_1061_m_000001_0",
      "result" : "SUCCESS",
      "startTime" : 1575694047031,
      "finishTime" : 1575694249813,
      "hostName" : "/default-rack/slave3",
      "hdfsBytesRead" : 8988445,
      "hdfsBytesWritten" : 0,
      "fileBytesRead" : 3706999650,
      "fileBytesWritten" : 5685799518,
      "mapInputRecords" : 3919,
      "mapInputBytes" : -1,
      "mapOutputBytes" : 1868574631,
      "mapOutputRecords" : 58455405,
      "combineInputRecords" : 0,
      "reduceInputGroups" : -1,
      "reduceInputRecords" : -1,
      "reduceShuffleBytes" : -1,
      "reduceOutputRecords" : -1,
      "spilledRecords" : 167738402,
      "shuffleFinished" : -1,
      "sortFinished" : -1,
      "location" : {
        "layers" : [ "default-rack", "slave3" ]
      },
      "clockSplits" : [ 18689, 8767, 13867, 30004, 37552, 8777, 7770, 7239, 18060, 17300, 17397, 17133 ],
      "cpuUsages" : [ 37277, 16764, 25490, 54486, 68005, 16740, 13702, 14062, 27843, 25668, 27026, 23777 ],
      "physMemKbytes" : [ 167724, 280593, 289224, 296088, 300476, 301302, 301449, 302073, 308300, 310350, 310808, 309552 ],
      "resourceUsageMetrics" : {
        "cumulativeCpuUsage" : 351110,
        "virtualMemoryUsage" : 2127847424,
        "physicalMemoryUsage" : 316674048,
        "heapUsage" : 209190912
      },
      "vmemKbytes" : [ 1253174, 2069635, 2075291, 2074904, 2074892, 2074891, 2074892, 2074891, 2076812, 2076948, 2076947, 2076948 ]
    } ],
    "preferredLocations" : [ ]
  }, {
    "inputBytes" : 7676204,
    "inputRecords" : 3964,
    "outputBytes" : 7832590947,
    "outputRecords" : 81564432,
    "taskID" : "task_1572946766556_1061_m_000002",
    "startTime" : 1575694044860,
    "finishTime" : 1575694311156,
    "taskType" : "MAP",
    "taskStatus" : "SUCCESS",
    "attempts" : [ {
      "attemptID" : "attempt_1572946766556_1061_m_000002_0",
      "result" : "SUCCESS",
      "startTime" : 1575694047040,
      "finishTime" : 1575694311156,
      "hostName" : "/default-rack/slave3",
      "hdfsBytesRead" : 7676204,
      "hdfsBytesWritten" : 0,
      "fileBytesRead" : 5172327017,
      "fileBytesWritten" : 7832590947,
      "mapInputRecords" : 3964,
      "mapInputBytes" : -1,
      "mapOutputBytes" : 2508184176,
      "mapOutputRecords" : 81564432,
      "combineInputRecords" : 0,
      "reduceInputGroups" : -1,
      "reduceInputRecords" : -1,
      "reduceShuffleBytes" : -1,
      "reduceOutputRecords" : -1,
      "spilledRecords" : 239676086,
      "shuffleFinished" : -1,
      "sortFinished" : -1,
      "location" : {
        "layers" : [ "default-rack", "slave3" ]
      },
      "clockSplits" : [ 10289, 7506, 123714, 13427, 6151, 3538, 2615, 7896, 22183, 22143, 21622, 23019 ],
      "cpuUsages" : [ 19519, 14701, 221095, 22661, 10845, 7578, 5426, 12630, 29200, 29059, 26893, 30733 ],
      "physMemKbytes" : [ 160369, 274378, 282912, 297108, 297073, 297197, 297477, 297434, 301789, 303286, 303801, 305206 ],
      "resourceUsageMetrics" : {
        "cumulativeCpuUsage" : 430340,
        "virtualMemoryUsage" : 2126266368,
        "physicalMemoryUsage" : 313421824,
        "heapUsage" : 209190912
      },
      "vmemKbytes" : [ 1222538, 2068207, 2069768, 2073347, 2073348, 2073347, 2073348, 2073347, 2075283, 2075404, 2075403, 2075411 ]
    } ],
    "preferredLocations" : [ ]
  } ],
  "reduceTasks" : [ {
    "inputBytes" : 2658198729,
    "inputRecords" : 79679848,
    "outputBytes" : 1608561436,
    "outputRecords" : 67589773,
    "taskID" : "task_1572946766556_1061_r_000000",
    "startTime" : 1575694044861,
    "finishTime" : 1575694557873,
    "taskType" : "REDUCE",
    "taskStatus" : "SUCCESS",
    "attempts" : [ {
      "attemptID" : "attempt_1572946766556_1061_r_000000_0",
      "result" : "SUCCESS",
      "startTime" : 1575694252325,
      "finishTime" : 1575694557873,
      "hostName" : "/default-rack/slave2",
      "hdfsBytesRead" : 0,
      "hdfsBytesWritten" : 1608561436,
      "fileBytesRead" : 2658198729,
      "fileBytesWritten" : 2658322826,
      "mapInputRecords" : -1,
      "mapInputBytes" : -1,
      "mapOutputBytes" : -1,
      "mapOutputRecords" : -1,
      "combineInputRecords" : 0,
      "reduceInputGroups" : 67589773,
      "reduceInputRecords" : 79679848,
      "reduceShuffleBytes" : 2658198729,
      "reduceOutputRecords" : 67589773,
      "spilledRecords" : 79679848,
      "shuffleFinished" : 1575694404641,
      "sortFinished" : 1575694404665,
      "location" : {
        "layers" : [ "default-rack", "slave2" ]
      },
      "clockSplits" : [ 13362, 60142, 78960, 323, 322, 323, 323, 323, 36769, 38131, 37855, 38703 ],
      "cpuUsages" : [ 6157, 10477, 13958, 1206, 1207, 1207, 1206, 1207, 54395, 52626, 52926, 55048 ],
      "physMemKbytes" : [ 163586, 166505, 165131, 166524, 175947, 185370, 194793, 204216, 223695, 222209, 225493, 230188 ],
      "resourceUsageMetrics" : {
        "cumulativeCpuUsage" : 251620,
        "virtualMemoryUsage" : 2135695360,
        "physicalMemoryUsage" : 240427008,
        "heapUsage" : 134742016
      },
      "vmemKbytes" : [ 2072888, 2072888, 2073053, 2075378, 2078367, 2081356, 2084345, 2087334, 2094573, 2085640, 2085639, 2085640 ]
    } ],
    "preferredLocations" : [ ]
  }, {
    "inputBytes" : 2658695084,
    "inputRecords" : 79694574,
    "outputBytes" : 1608820777,
    "outputRecords" : 67600228,
    "taskID" : "task_1572946766556_1061_r_000001",
    "startTime" : 1575694044861,
    "finishTime" : 1575694543351,
    "taskType" : "REDUCE",
    "taskStatus" : "SUCCESS",
    "attempts" : [ {
      "attemptID" : "attempt_1572946766556_1061_r_000001_0",
      "result" : "SUCCESS",
      "startTime" : 1575694252330,
      "finishTime" : 1575694543351,
      "hostName" : "/default-rack/slave1",
      "hdfsBytesRead" : 0,
      "hdfsBytesWritten" : 1608820777,
      "fileBytesRead" : 2658695084,
      "fileBytesWritten" : 2658819181,
      "mapInputRecords" : -1,
      "mapInputBytes" : -1,
      "mapOutputBytes" : -1,
      "mapOutputRecords" : -1,
      "combineInputRecords" : 0,
      "reduceInputGroups" : 67600228,
      "reduceInputRecords" : 79694574,
      "reduceShuffleBytes" : 2658695084,
      "reduceOutputRecords" : 67600228,
      "spilledRecords" : 79694574,
      "shuffleFinished" : 1575694404634,
      "sortFinished" : 1575694404658,
      "location" : {
        "layers" : [ "default-rack", "slave1" ]
      },
      "clockSplits" : [ 13109, 60106, 79207, 279, 280, 280, 279, 280, 33716, 34522, 34063, 34889 ],
      "cpuUsages" : [ 5149, 7690, 12532, 1176, 1176, 1175, 1176, 1175, 61446, 63091, 60992, 58952 ],
      "physMemKbytes" : [ 165853, 171319, 171103, 170915, 178496, 186075, 193655, 201234, 224715, 233802, 237639, 240419 ],
      "resourceUsageMetrics" : {
        "cumulativeCpuUsage" : 275730,
        "virtualMemoryUsage" : 2150268928,
        "physicalMemoryUsage" : 247136256,
        "heapUsage" : 138412032
      },
      "vmemKbytes" : [ 2071884, 2076361, 2078681, 2079824, 2081295, 2082765, 2084236, 2085705, 2097953, 2099872, 2099871, 2099872 ]
    } ],
    "preferredLocations" : [ ]
  }, {
    "inputBytes" : 2658326038,
    "inputRecords" : 79683598,
    "outputBytes" : 1608699243,
    "outputRecords" : 67595139,
    "taskID" : "task_1572946766556_1061_r_000002",
    "startTime" : 1575694044861,
    "finishTime" : 1575694542311,
    "taskType" : "REDUCE",
    "taskStatus" : "SUCCESS",
    "attempts" : [ {
      "attemptID" : "attempt_1572946766556_1061_r_000002_0",
      "result" : "SUCCESS",
      "startTime" : 1575694252329,
      "finishTime" : 1575694542311,
      "hostName" : "/default-rack/slave3",
      "hdfsBytesRead" : 0,
      "hdfsBytesWritten" : 1608699243,
      "fileBytesRead" : 2658326038,
      "fileBytesWritten" : 2658450135,
      "mapInputRecords" : -1,
      "mapInputBytes" : -1,
      "mapOutputBytes" : -1,
      "mapOutputRecords" : -1,
      "combineInputRecords" : 0,
      "reduceInputGroups" : 67595139,
      "reduceInputRecords" : 79683598,
      "reduceShuffleBytes" : 2658326038,
      "reduceOutputRecords" : 67595139,
      "spilledRecords" : 79683598,
      "shuffleFinished" : 1575694404512,
      "sortFinished" : 1575694404537,
      "location" : {
        "layers" : [ "default-rack", "slave3" ]
      },
      "clockSplits" : [ 5801, 55161, 91350, 303, 302, 302, 303, 302, 32931, 34496, 34097, 34621 ],
      "cpuUsages" : [ 1229, 3715, 11930, 1093, 1093, 1093, 1093, 1093, 59576, 65874, 58982, 58479 ],
      "physMemKbytes" : [ 61733, 161868, 168843, 170675, 180756, 190835, 200916, 210995, 230407, 227318, 230042, 234360 ],
      "resourceUsageMetrics" : {
        "cumulativeCpuUsage" : 265250,
        "virtualMemoryUsage" : 2136440832,
        "physicalMemoryUsage" : 241229824,
        "heapUsage" : 135790592
      },
      "vmemKbytes" : [ 776735, 1984991, 2071451, 2073633, 2076440, 2079246, 2082053, 2084859, 2086366, 2086368, 2086367, 2086368 ]
    } ],
    "preferredLocations" : [ ]
  } ],
  "otherTasks" : [ ],
  "successfulMapAttemptCDFs" : [ {
    "numberValues" : 0,
    "minimum" : -9223372036854775808,
    "rankings" : [ ],
    "maximum" : 9223372036854775807
  }, {
    "numberValues" : 0,
    "minimum" : -9223372036854775808,
    "rankings" : [ ],
    "maximum" : 9223372036854775807
  }, {
    "numberValues" : 0,
    "minimum" : -9223372036854775808,
    "rankings" : [ ],
    "maximum" : 9223372036854775807
  }, {
    "numberValues" : 3,
    "minimum" : 202782,
    "rankings" : [ {
      "relativeRanking" : 0.05,
      "datum" : 202782
    }, {
      "relativeRanking" : 0.1,
      "datum" : 202782
    }, {
      "relativeRanking" : 0.15,
      "datum" : 202782
    }, {
      "relativeRanking" : 0.2,
      "datum" : 202782
    }, {
      "relativeRanking" : 0.25,
      "datum" : 202782
    }, {
      "relativeRanking" : 0.3,
      "datum" : 202782
    }, {
      "relativeRanking" : 0.35,
      "datum" : 202782
    }, {
      "relativeRanking" : 0.4,
      "datum" : 202782
    }, {
      "relativeRanking" : 0.45,
      "datum" : 202782
    }, {
      "relativeRanking" : 0.5,
      "datum" : 202782
    }, {
      "relativeRanking" : 0.55,
      "datum" : 202782
    }, {
      "relativeRanking" : 0.6,
      "datum" : 202782
    }, {
      "relativeRanking" : 0.65,
      "datum" : 202782
    }, {
      "relativeRanking" : 0.7,
      "datum" : 264116
    }, {
      "relativeRanking" : 0.75,
      "datum" : 264116
    }, {
      "relativeRanking" : 0.8,
      "datum" : 264116
    }, {
      "relativeRanking" : 0.85,
      "datum" : 264116
    }, {
      "relativeRanking" : 0.9,
      "datum" : 264116
    }, {
      "relativeRanking" : 0.95,
      "datum" : 264116
    } ],
    "maximum" : 328754
  } ],
  "failedMapAttemptCDFs" : [ {
    "numberValues" : 0,
    "minimum" : -9223372036854775808,
    "rankings" : [ ],
    "maximum" : 9223372036854775807
  }, {
    "numberValues" : 0,
    "minimum" : -9223372036854775808,
    "rankings" : [ ],
    "maximum" : 9223372036854775807
  }, {
    "numberValues" : 0,
    "minimum" : -9223372036854775808,
    "rankings" : [ ],
    "maximum" : 9223372036854775807
  }, {
    "numberValues" : 0,
    "minimum" : -9223372036854775808,
    "rankings" : [ ],
    "maximum" : 9223372036854775807
  } ],
  "successfulReduceAttemptCDF" : {
    "numberValues" : 3,
    "minimum" : 289982,
    "rankings" : [ {
      "relativeRanking" : 0.05,
      "datum" : 289982
    }, {
      "relativeRanking" : 0.1,
      "datum" : 289982
    }, {
      "relativeRanking" : 0.15,
      "datum" : 289982
    }, {
      "relativeRanking" : 0.2,
      "datum" : 289982
    }, {
      "relativeRanking" : 0.25,
      "datum" : 289982
    }, {
      "relativeRanking" : 0.3,
      "datum" : 289982
    }, {
      "relativeRanking" : 0.35,
      "datum" : 289982
    }, {
      "relativeRanking" : 0.4,
      "datum" : 289982
    }, {
      "relativeRanking" : 0.45,
      "datum" : 289982
    }, {
      "relativeRanking" : 0.5,
      "datum" : 289982
    }, {
      "relativeRanking" : 0.55,
      "datum" : 289982
    }, {
      "relativeRanking" : 0.6,
      "datum" : 289982
    }, {
      "relativeRanking" : 0.65,
      "datum" : 289982
    }, {
      "relativeRanking" : 0.7,
      "datum" : 291021
    }, {
      "relativeRanking" : 0.75,
      "datum" : 291021
    }, {
      "relativeRanking" : 0.8,
      "datum" : 291021
    }, {
      "relativeRanking" : 0.85,
      "datum" : 291021
    }, {
      "relativeRanking" : 0.9,
      "datum" : 291021
    }, {
      "relativeRanking" : 0.95,
      "datum" : 291021
    } ],
    "maximum" : 305548
  },
  "failedReduceAttemptCDF" : {
    "numberValues" : 0,
    "minimum" : -9223372036854775808,
    "rankings" : [ ],
    "maximum" : 9223372036854775807
  },
  "queue" : "default",
  "jobName" : "CAC_Count-[1575693897614-Similarity2-END]",
  "clusterMapMB" : -1,
  "clusterReduceMB" : -1,
  "jobMapMB" : -1,
  "jobReduceMB" : -1,
  "relativeTime" : 0,
  "mapperTriesToSucceed" : [ 1.0 ],
  "failedMapperFraction" : 0.0,
  "jobProperties" : { }
}