{
  "jobID" : "job_1572946766556_1052",
  "user" : "hadoop",
  "computonsPerMapInputByte" : -1,
  "computonsPerMapOutputByte" : -1,
  "computonsPerReduceInputByte" : -1,
  "computonsPerReduceOutputByte" : -1,
  "submitTime" : 1575691101786,
  "launchTime" : 1575691105517,
  "finishTime" : 1575691241086,
  "heapMegabytes" : -1,
  "totalMaps" : 2,
  "totalReduces" : 3,
  "outcome" : "SUCCESS",
  "jobtype" : "JAVA",
  "priority" : "NORMAL",
  "directDependantJobs" : [ ],
  "mapTasks" : [ {
    "inputBytes" : 7745257,
    "inputRecords" : 246569,
    "outputBytes" : 32289411,
    "outputRecords" : 934712,
    "taskID" : "task_1572946766556_1052_m_000000",
    "startTime" : 1575691105559,
    "finishTime" : 1575691172966,
    "taskType" : "MAP",
    "taskStatus" : "SUCCESS",
    "attempts" : [ {
      "attemptID" : "attempt_1572946766556_1052_m_000000_0",
      "result" : "SUCCESS",
      "startTime" : 1575691107734,
      "finishTime" : 1575691172966,
      "hostName" : "/default-rack/slave1",
      "hdfsBytesRead" : 7745257,
      "hdfsBytesWritten" : 0,
      "fileBytesRead" : 0,
      "fileBytesWritten" : 32289411,
      "mapInputRecords" : 246569,
      "mapInputBytes" : -1,
      "mapOutputBytes" : 30296128,
      "mapOutputRecords" : 934712,
      "combineInputRecords" : 0,
      "reduceInputGroups" : -1,
      "reduceInputRecords" : -1,
      "reduceShuffleBytes" : -1,
      "reduceOutputRecords" : -1,
      "spilledRecords" : 934712,
      "shuffleFinished" : -1,
      "sortFinished" : -1,
      "location" : {
        "layers" : [ "default-rack", "slave1" ]
      },
      "clockSplits" : [ 11853, 7735, 7660, 7504, 7338, 7673, 7382, 7335, 187, 185, 185, 186 ],
      "cpuUsages" : [ 152207, 124761, 125052, 121838, 121051, 128130, 121520, 115182, 1122, 645, 646, 646 ],
      "physMemKbytes" : [ 237914, 362236, 364038, 368904, 372096, 371920, 371297, 365280, 362918, 358512, 354105, 349699 ],
      "resourceUsageMetrics" : {
        "cumulativeCpuUsage" : 1012800,
        "virtualMemoryUsage" : 2124517376,
        "physicalMemoryUsage" : 355835904,
        "heapUsage" : 175112192
      },
      "vmemKbytes" : [ 1425976, 2074575, 2074724, 2074723, 2074724, 2074723, 2074724, 2074723, 2074724, 2074724, 2074723, 2074724 ]
    }, {
      "attemptID" : "attempt_1572946766556_1052_m_000000_1",
      "result" : "KILLED",
      "startTime" : 1575691121648,
      "finishTime" : 1575691172985,
      "hostName" : "/default-rack/slave2",
      "hdfsBytesRead" : 6291601,
      "hdfsBytesWritten" : 0,
      "fileBytesRead" : 0,
      "fileBytesWritten" : 123761,
      "mapInputRecords" : 199521,
      "mapInputBytes" : -1,
      "mapOutputBytes" : 24255074,
      "mapOutputRecords" : 748133,
      "combineInputRecords" : 0,
      "reduceInputGroups" : -1,
      "reduceInputRecords" : -1,
      "reduceShuffleBytes" : -1,
      "reduceOutputRecords" : -1,
      "spilledRecords" : 0,
      "shuffleFinished" : -1,
      "sortFinished" : -1,
      "location" : {
        "layers" : [ "default-rack", "slave2" ]
      },
      "clockSplits" : [ 10337, 7437, 7102, 7103, 6979, 6595, 3398, 473, 474, 473, 474, 474 ],
      "cpuUsages" : [ 127520, 111311, 103320, 103975, 103286, 96023, 44185, 0, 0, 0, 0, 0 ],
      "physMemKbytes" : [ 219843, 351368, 363048, 366643, 371345, 366869, 365800, 365803, 365804, 365804, 365803, 365804 ],
      "resourceUsageMetrics" : {
        "cumulativeCpuUsage" : 689620,
        "virtualMemoryUsage" : 2122620928,
        "physicalMemoryUsage" : 374583296,
        "heapUsage" : 193462272
      },
      "vmemKbytes" : [ 1339345, 2072871, 2072872, 2072871, 2072872, 2072871, 2072872, 2072871, 2072872, 2072872, 2072871, 2072872 ]
    } ],
    "preferredLocations" : [ ]
  }, {
    "inputBytes" : 1279951,
    "inputRecords" : 32202,
    "outputBytes" : 4613252,
    "outputRecords" : 203769,
    "taskID" : "task_1572946766556_1052_m_000001",
    "startTime" : 1575691105561,
    "finishTime" : 1575691120175,
    "taskType" : "MAP",
    "taskStatus" : "SUCCESS",
    "attempts" : [ {
      "attemptID" : "attempt_1572946766556_1052_m_000001_0",
      "result" : "SUCCESS",
      "startTime" : 1575691107741,
      "finishTime" : 1575691120175,
      "hostName" : "/default-rack/slave1",
      "hdfsBytesRead" : 1279951,
      "hdfsBytesWritten" : 0,
      "fileBytesRead" : 0,
      "fileBytesWritten" : 4613252,
      "mapInputRecords" : 32202,
      "mapInputBytes" : -1,
      "mapOutputBytes" : 4081855,
      "mapOutputRecords" : 203769,
      "combineInputRecords" : 0,
      "reduceInputGroups" : -1,
      "reduceInputRecords" : -1,
      "reduceShuffleBytes" : -1,
      "reduceOutputRecords" : -1,
      "spilledRecords" : 203769,
      "shuffleFinished" : -1,
      "sortFinished" : -1,
      "location" : {
        "layers" : [ "default-rack", "slave1" ]
      },
      "clockSplits" : [ 1519, 1520, 1520, 1519, 1520, 1447, 1410, 1464, 121, 121, 121, 122 ],
      "cpuUsages" : [ 13983, 13983, 13983, 13984, 13983, 15988, 17048, 11158, 2282, 2283, 2282, 2283 ],
      "physMemKbytes" : [ 31631, 94893, 158155, 221417, 284680, 335043, 341645, 344132, 341826, 338349, 334872, 331395 ],
      "resourceUsageMetrics" : {
        "cumulativeCpuUsage" : 123240,
        "virtualMemoryUsage" : 2123649024,
        "physicalMemoryUsage" : 337567744,
        "heapUsage" : 193462272
      },
      "vmemKbytes" : [ 193977, 581931, 969885, 1357839, 1745794, 2050698, 2073876, 2073875, 2073876, 2073876, 2073875, 2073876 ]
    } ],
    "preferredLocations" : [ ]
  } ],
  "reduceTasks" : [ {
    "inputBytes" : 13316912,
    "inputRecords" : 412432,
    "outputBytes" : 9598928,
    "outputRecords" : 3960,
    "taskID" : "task_1572946766556_1052_r_000000",
    "startTime" : 1575691105561,
    "finishTime" : 1575691241003,
    "taskType" : "REDUCE",
    "taskStatus" : "SUCCESS",
    "attempts" : [ {
      "attemptID" : "attempt_1572946766556_1052_r_000000_0",
      "result" : "SUCCESS",
      "startTime" : 1575691122667,
      "finishTime" : 1575691241003,
      "hostName" : "/default-rack/slave5",
      "hdfsBytesRead" : 0,
      "hdfsBytesWritten" : 9598928,
      "fileBytesRead" : 13316906,
      "fileBytesWritten" : 13440644,
      "mapInputRecords" : -1,
      "mapInputBytes" : -1,
      "mapOutputBytes" : -1,
      "mapOutputRecords" : -1,
      "combineInputRecords" : 0,
      "reduceInputGroups" : 3960,
      "reduceInputRecords" : 412432,
      "reduceShuffleBytes" : 13316912,
      "reduceOutputRecords" : 3960,
      "spilledRecords" : 412432,
      "shuffleFinished" : 1575691174000,
      "sortFinished" : 1575691174204,
      "location" : {
        "layers" : [ "default-rack", "slave5" ]
      },
      "clockSplits" : [ 3980, 3981, 43890, 336, 336, 336, 336, 336, 2957, 25919, 16447, 19467 ],
      "cpuUsages" : [ 244, 245, 3725, 1624, 1624, 1624, 1625, 1624, 11178, 93708, 59256, 69143 ],
      "physMemKbytes" : [ 40357, 121073, 174250, 181023, 187798, 194571, 201346, 208119, 216451, 241073, 257715, 261556 ],
      "resourceUsageMetrics" : {
        "cumulativeCpuUsage" : 245620,
        "virtualMemoryUsage" : 2127036416,
        "physicalMemoryUsage" : 270049280,
        "heapUsage" : 153092096
      },
      "vmemKbytes" : [ 517751, 1553255, 2072652, 2073430, 2074209, 2074986, 2075765, 2076542, 2077143, 2077184, 2077183, 2077184 ]
    } ],
    "preferredLocations" : [ ]
  }, {
    "inputBytes" : 10820170,
    "inputRecords" : 331716,
    "outputBytes" : 7676048,
    "outputRecords" : 3964,
    "taskID" : "task_1572946766556_1052_r_000001",
    "startTime" : 1575691105561,
    "finishTime" : 1575691210854,
    "taskType" : "REDUCE",
    "taskStatus" : "SUCCESS",
    "attempts" : [ {
      "attemptID" : "attempt_1572946766556_1052_r_000001_0",
      "result" : "SUCCESS",
      "startTime" : 1575691122670,
      "finishTime" : 1575691210854,
      "hostName" : "/default-rack/slave2",
      "hdfsBytesRead" : 0,
      "hdfsBytesWritten" : 7676048,
      "fileBytesRead" : 10820164,
      "fileBytesWritten" : 10943902,
      "mapInputRecords" : -1,
      "mapInputBytes" : -1,
      "mapOutputBytes" : -1,
      "mapOutputRecords" : -1,
      "combineInputRecords" : 0,
      "reduceInputGroups" : 3964,
      "reduceInputRecords" : 331716,
      "reduceShuffleBytes" : 10820170,
      "reduceOutputRecords" : 3964,
      "spilledRecords" : 331716,
      "shuffleFinished" : 1575691173902,
      "sortFinished" : 1575691174092,
      "location" : {
        "layers" : [ "default-rack", "slave2" ]
      },
      "clockSplits" : [ 3954, 3955, 43831, 317, 317, 317, 317, 317, 1945, 19948, 7027, 5924 ],
      "cpuUsages" : [ 174, 175, 2955, 1325, 1324, 1325, 1325, 1324, 5610, 60647, 19326, 18480 ],
      "physMemKbytes" : [ 40777, 122333, 168330, 172311, 176293, 180274, 184256, 188237, 192915, 228053, 253488, 264516 ],
      "resourceUsageMetrics" : {
        "cumulativeCpuUsage" : 113990,
        "virtualMemoryUsage" : 2130276352,
        "physicalMemoryUsage" : 275570688,
        "heapUsage" : 155713536
      },
      "vmemKbytes" : [ 518020, 1554062, 2073793, 2075276, 2076759, 2078242, 2079726, 2081209, 2082276, 2080507, 2080347, 2080348 ]
    } ],
    "preferredLocations" : [ ]
  }, {
    "inputBytes" : 12517899,
    "inputRecords" : 394333,
    "outputBytes" : 8988289,
    "outputRecords" : 3919,
    "taskID" : "task_1572946766556_1052_r_000002",
    "startTime" : 1575691105562,
    "finishTime" : 1575691218826,
    "taskType" : "REDUCE",
    "taskStatus" : "SUCCESS",
    "attempts" : [ {
      "attemptID" : "attempt_1572946766556_1052_r_000002_0",
      "result" : "SUCCESS",
      "startTime" : 1575691122671,
      "finishTime" : 1575691218826,
      "hostName" : "/default-rack/slave4",
      "hdfsBytesRead" : 0,
      "hdfsBytesWritten" : 8988289,
      "fileBytesRead" : 12517893,
      "fileBytesWritten" : 12641631,
      "mapInputRecords" : -1,
      "mapInputBytes" : -1,
      "mapOutputBytes" : -1,
      "mapOutputRecords" : -1,
      "combineInputRecords" : 0,
      "reduceInputGroups" : 3919,
      "reduceInputRecords" : 394333,
      "reduceShuffleBytes" : 12517899,
      "reduceOutputRecords" : 3919,
      "spilledRecords" : 394333,
      "shuffleFinished" : 1575691173868,
      "sortFinished" : 1575691174054,
      "location" : {
        "layers" : [ "default-rack", "slave4" ]
      },
      "clockSplits" : [ 3915, 3915, 43863, 330, 329, 330, 329, 330, 2758, 19834, 12301, 7909 ],
      "cpuUsages" : [ 214, 215, 3785, 1605, 1605, 1605, 1605, 1605, 9621, 72693, 44261, 31346 ],
      "physMemKbytes" : [ 40528, 121586, 177074, 185841, 194608, 203375, 212142, 220909, 230226, 245913, 255358, 259452 ],
      "resourceUsageMetrics" : {
        "cumulativeCpuUsage" : 170160,
        "virtualMemoryUsage" : 2131070976,
        "physicalMemoryUsage" : 267300864,
        "heapUsage" : 142606336
      },
      "vmemKbytes" : [ 518803, 1556411, 2075676, 2076598, 2077521, 2078443, 2079366, 2080287, 2081047, 2081124, 2081123, 2081124 ]
    } ],
    "preferredLocations" : [ ]
  } ],
  "otherTasks" : [ ],
  "successfulMapAttemptCDFs" : [ {
    "numberValues" : 0,
    "minimum" : -9223372036854775808,
    "rankings" : [ ],
    "maximum" : 9223372036854775807
  }, {
    "numberValues" : 0,
    "minimum" : -9223372036854775808,
    "rankings" : [ ],
    "maximum" : 9223372036854775807
  }, {
    "numberValues" : 0,
    "minimum" : -9223372036854775808,
    "rankings" : [ ],
    "maximum" : 9223372036854775807
  }, {
    "numberValues" : 2,
    "minimum" : 12434,
    "rankings" : [ {
      "relativeRanking" : 0.05,
      "datum" : 12434
    }, {
      "relativeRanking" : 0.1,
      "datum" : 12434
    }, {
      "relativeRanking" : 0.15,
      "datum" : 12434
    }, {
      "relativeRanking" : 0.2,
      "datum" : 12434
    }, {
      "relativeRanking" : 0.25,
      "datum" : 12434
    }, {
      "relativeRanking" : 0.3,
      "datum" : 12434
    }, {
      "relativeRanking" : 0.35,
      "datum" : 12434
    }, {
      "relativeRanking" : 0.4,
      "datum" : 12434
    }, {
      "relativeRanking" : 0.45,
      "datum" : 12434
    }, {
      "relativeRanking" : 0.5,
      "datum" : 12434
    }, {
      "relativeRanking" : 0.55,
      "datum" : 12434
    }, {
      "relativeRanking" : 0.6,
      "datum" : 12434
    }, {
      "relativeRanking" : 0.65,
      "datum" : 12434
    }, {
      "relativeRanking" : 0.7,
      "datum" : 12434
    }, {
      "relativeRanking" : 0.75,
      "datum" : 12434
    }, {
      "relativeRanking" : 0.8,
      "datum" : 12434
    }, {
      "relativeRanking" : 0.85,
      "datum" : 12434
    }, {
      "relativeRanking" : 0.9,
      "datum" : 12434
    }, {
      "relativeRanking" : 0.95,
      "datum" : 12434
    } ],
    "maximum" : 65232
  } ],
  "failedMapAttemptCDFs" : [ {
    "numberValues" : 0,
    "minimum" : -9223372036854775808,
    "rankings" : [ ],
    "maximum" : 9223372036854775807
  }, {
    "numberValues" : 0,
    "minimum" : -9223372036854775808,
    "rankings" : [ ],
    "maximum" : 9223372036854775807
  }, {
    "numberValues" : 0,
    "minimum" : -9223372036854775808,
    "rankings" : [ ],
    "maximum" : 9223372036854775807
  }, {
    "numberValues" : 0,
    "minimum" : -9223372036854775808,
    "rankings" : [ ],
    "maximum" : 9223372036854775807
  } ],
  "successfulReduceAttemptCDF" : {
    "numberValues" : 3,
    "minimum" : 88184,
    "rankings" : [ {
      "relativeRanking" : 0.05,
      "datum" : 88184
    }, {
      "relativeRanking" : 0.1,
      "datum" : 88184
    }, {
      "relativeRanking" : 0.15,
      "datum" : 88184
    }, {
      "relativeRanking" : 0.2,
      "datum" : 88184
    }, {
      "relativeRanking" : 0.25,
      "datum" : 88184
    }, {
      "relativeRanking" : 0.3,
      "datum" : 88184
    }, {
      "relativeRanking" : 0.35,
      "datum" : 88184
    }, {
      "relativeRanking" : 0.4,
      "datum" : 88184
    }, {
      "relativeRanking" : 0.45,
      "datum" : 88184
    }, {
      "relativeRanking" : 0.5,
      "datum" : 88184
    }, {
      "relativeRanking" : 0.55,
      "datum" : 88184
    }, {
      "relativeRanking" : 0.6,
      "datum" : 88184
    }, {
      "relativeRanking" : 0.65,
      "datum" : 88184
    }, {
      "relativeRanking" : 0.7,
      "datum" : 96155
    }, {
      "relativeRanking" : 0.75,
      "datum" : 96155
    }, {
      "relativeRanking" : 0.8,
      "datum" : 96155
    }, {
      "relativeRanking" : 0.85,
      "datum" : 96155
    }, {
      "relativeRanking" : 0.9,
      "datum" : 96155
    }, {
      "relativeRanking" : 0.95,
      "datum" : 96155
    } ],
    "maximum" : 118336
  },
  "failedReduceAttemptCDF" : {
    "numberValues" : 0,
    "minimum" : -9223372036854775808,
    "rankings" : [ ],
    "maximum" : 9223372036854775807
  },
  "queue" : "default",
  "jobName" : "CAC_Count-[1575691098852-Indexing1]",
  "clusterMapMB" : -1,
  "clusterReduceMB" : -1,
  "jobMapMB" : -1,
  "jobReduceMB" : -1,
  "relativeTime" : 0,
  "mapperTriesToSucceed" : [ 1.0 ],
  "failedMapperFraction" : 0.0,
  "jobProperties" : { }
}