{
  "jobID" : "job_1572946766556_1053",
  "user" : "hadoop",
  "computonsPerMapInputByte" : -1,
  "computonsPerMapOutputByte" : -1,
  "computonsPerReduceInputByte" : -1,
  "computonsPerReduceOutputByte" : -1,
  "submitTime" : 1575691243212,
  "launchTime" : 1575691246794,
  "finishTime" : 1575691773759,
  "heapMegabytes" : -1,
  "totalMaps" : 3,
  "totalReduces" : 3,
  "outcome" : "SUCCESS",
  "jobtype" : "JAVA",
  "priority" : "NORMAL",
  "directDependantJobs" : [ ],
  "mapTasks" : [ {
    "inputBytes" : 9599084,
    "inputRecords" : 3960,
    "outputBytes" : 9860388471,
    "outputRecords" : 99038183,
    "taskID" : "task_1572946766556_1053_m_000000",
    "startTime" : 1575691246861,
    "finishTime" : 1575691611822,
    "taskType" : "MAP",
    "taskStatus" : "SUCCESS",
    "attempts" : [ {
      "attemptID" : "attempt_1572946766556_1053_m_000000_0",
      "result" : "SUCCESS",
      "startTime" : 1575691249002,
      "finishTime" : 1575691611822,
      "hostName" : "/default-rack/slave5",
      "hdfsBytesRead" : 9599084,
      "hdfsBytesWritten" : 0,
      "fileBytesRead" : 6548934313,
      "fileBytesWritten" : 9860388471,
      "mapInputRecords" : 3960,
      "mapInputBytes" : -1,
      "mapOutputBytes" : 3120344950,
      "mapOutputRecords" : 99038183,
      "combineInputRecords" : 0,
      "reduceInputGroups" : -1,
      "reduceInputRecords" : -1,
      "reduceShuffleBytes" : -1,
      "reduceOutputRecords" : -1,
      "spilledRecords" : 294756347,
      "shuffleFinished" : -1,
      "sortFinished" : -1,
      "location" : {
        "layers" : [ "default-rack", "slave5" ]
      },
      "clockSplits" : [ 11228, 8802, 24860, 28188, 96006, 8844, 50435, 13452, 30246, 31304, 28970, 30469 ],
      "cpuUsages" : [ 20899, 16403, 47124, 52833, 186420, 18043, 86197, 24813, 39270, 40064, 35228, 37486 ],
      "physMemKbytes" : [ 216300, 286126, 288997, 291625, 299720, 300473, 300584, 300732, 312071, 312733, 311813, 311108 ],
      "resourceUsageMetrics" : {
        "cumulativeCpuUsage" : 604780,
        "virtualMemoryUsage" : 2127388672,
        "physicalMemoryUsage" : 318500864,
        "heapUsage" : 208142336
      },
      "vmemKbytes" : [ 1596648, 2069275, 2069276, 2069275, 2069276, 2069275, 2069276, 2069275, 2076271, 2076500, 2076499, 2076530 ]
    }, {
      "attemptID" : "attempt_1572946766556_1053_m_000000_1",
      "result" : "KILLED",
      "startTime" : 1575691462295,
      "finishTime" : 1575691611854,
      "hostName" : "/default-rack/slave5",
      "hdfsBytesRead" : 5243036,
      "hdfsBytesWritten" : 0,
      "fileBytesRead" : 0,
      "fileBytesWritten" : 2114096664,
      "mapInputRecords" : 2503,
      "mapInputBytes" : -1,
      "mapOutputBytes" : 2045682162,
      "mapOutputRecords" : 65733308,
      "combineInputRecords" : 0,
      "reduceInputGroups" : -1,
      "reduceInputRecords" : -1,
      "reduceShuffleBytes" : -1,
      "reduceOutputRecords" : -1,
      "spilledRecords" : 63735399,
      "shuffleFinished" : -1,
      "sortFinished" : -1,
      "location" : {
        "layers" : [ "default-rack", "slave5" ]
      },
      "clockSplits" : [ 11902, 8087, 27898, 28163, 71799, 240, 240, 240, 240, 240, 240, 241 ],
      "cpuUsages" : [ 22022, 15362, 51098, 53658, 130050, 0, 0, 0, 0, 0, 0, 0 ],
      "physMemKbytes" : [ 212782, 279719, 296849, 304442, 308989, 309583, 309584, 309583, 309584, 309584, 309583, 309584 ],
      "resourceUsageMetrics" : {
        "cumulativeCpuUsage" : 272190,
        "virtualMemoryUsage" : 2119049216,
        "physicalMemoryUsage" : 317014016,
        "heapUsage" : 209190912
      },
      "vmemKbytes" : [ 1597489, 2069150, 2069383, 2069383, 2069384, 2069383, 2069384, 2069383, 2069384, 2069384, 2069383, 2069384 ]
    } ],
    "preferredLocations" : [ ]
  }, {
    "inputBytes" : 8988445,
    "inputRecords" : 3919,
    "outputBytes" : 5681457241,
    "outputRecords" : 58455405,
    "taskID" : "task_1572946766556_1053_m_000001",
    "startTime" : 1575691246865,
    "finishTime" : 1575691456403,
    "taskType" : "MAP",
    "taskStatus" : "SUCCESS",
    "attempts" : [ {
      "attemptID" : "attempt_1572946766556_1053_m_000001_0",
      "result" : "SUCCESS",
      "startTime" : 1575691249010,
      "finishTime" : 1575691456403,
      "hostName" : "/default-rack/slave4",
      "hdfsBytesRead" : 8988445,
      "hdfsBytesWritten" : 0,
      "fileBytesRead" : 3701215593,
      "fileBytesWritten" : 5681457241,
      "mapInputRecords" : 3919,
      "mapInputBytes" : -1,
      "mapOutputBytes" : 1868574631,
      "mapOutputRecords" : 58455405,
      "combineInputRecords" : 0,
      "reduceInputGroups" : -1,
      "reduceInputRecords" : -1,
      "reduceShuffleBytes" : -1,
      "reduceOutputRecords" : -1,
      "spilledRecords" : 167594175,
      "shuffleFinished" : -1,
      "sortFinished" : -1,
      "location" : {
        "layers" : [ "default-rack", "slave4" ]
      },
      "clockSplits" : [ 20693, 9675, 13883, 35840, 34576, 8966, 5695, 10357, 16711, 16529, 17267, 17169 ],
      "cpuUsages" : [ 40497, 17929, 29246, 70029, 60900, 18531, 11011, 18248, 25154, 23922, 23540, 24613 ],
      "physMemKbytes" : [ 189784, 286228, 291109, 298929, 298937, 299249, 299641, 299477, 303633, 304167, 304471, 304895 ],
      "resourceUsageMetrics" : {
        "cumulativeCpuUsage" : 363620,
        "virtualMemoryUsage" : 2123583488,
        "physicalMemoryUsage" : 312582144,
        "heapUsage" : 209190912
      },
      "vmemKbytes" : [ 1396546, 2068867, 2068868, 2068867, 2068868, 2068867, 2068868, 2068907, 2072797, 2072784, 2072783, 2072830 ]
    } ],
    "preferredLocations" : [ ]
  }, {
    "inputBytes" : 7676204,
    "inputRecords" : 3964,
    "outputBytes" : 7829480962,
    "outputRecords" : 81564432,
    "taskID" : "task_1572946766556_1053_m_000002",
    "startTime" : 1575691246865,
    "finishTime" : 1575691537600,
    "taskType" : "MAP",
    "taskStatus" : "SUCCESS",
    "attempts" : [ {
      "attemptID" : "attempt_1572946766556_1053_m_000002_0",
      "result" : "SUCCESS",
      "startTime" : 1575691249011,
      "finishTime" : 1575691537600,
      "hostName" : "/default-rack/slave5",
      "hdfsBytesRead" : 7676204,
      "hdfsBytesWritten" : 0,
      "fileBytesRead" : 5168168468,
      "fileBytesWritten" : 7829480962,
      "mapInputRecords" : 3964,
      "mapInputBytes" : -1,
      "mapOutputBytes" : 2508184176,
      "mapOutputRecords" : 81564432,
      "combineInputRecords" : 0,
      "reduceInputGroups" : -1,
      "reduceInputRecords" : -1,
      "reduceShuffleBytes" : -1,
      "reduceOutputRecords" : -1,
      "spilledRecords" : 239598675,
      "shuffleFinished" : -1,
      "sortFinished" : -1,
      "location" : {
        "layers" : [ "default-rack", "slave5" ]
      },
      "clockSplits" : [ 7430, 7520, 135684, 16970, 8685, 3535, 2921, 9682, 23024, 23637, 24135, 25350 ],
      "cpuUsages" : [ 13384, 14641, 258895, 30752, 16875, 6500, 6380, 18857, 33287, 31307, 32194, 34258 ],
      "physMemKbytes" : [ 131571, 281997, 290022, 300548, 300497, 300982, 301036, 301197, 308015, 308150, 309017, 309079 ],
      "resourceUsageMetrics" : {
        "cumulativeCpuUsage" : 497330,
        "virtualMemoryUsage" : 2124648448,
        "physicalMemoryUsage" : 318140416,
        "heapUsage" : 208666624
      },
      "vmemKbytes" : [ 975048, 2066606, 2070598, 2071255, 2071256, 2071255, 2071256, 2071332, 2077043, 2077064, 2076445, 2073831 ]
    } ],
    "preferredLocations" : [ ]
  } ],
  "reduceTasks" : [ {
    "inputBytes" : 2658198729,
    "inputRecords" : 79679848,
    "outputBytes" : 1608561436,
    "outputRecords" : 67589773,
    "taskID" : "task_1572946766556_1053_r_000000",
    "startTime" : 1575691246866,
    "finishTime" : 1575691755004,
    "taskType" : "REDUCE",
    "taskStatus" : "SUCCESS",
    "attempts" : [ {
      "attemptID" : "attempt_1572946766556_1053_r_000000_0",
      "result" : "SUCCESS",
      "startTime" : 1575691459303,
      "finishTime" : 1575691755004,
      "hostName" : "/default-rack/slave5",
      "hdfsBytesRead" : 0,
      "hdfsBytesWritten" : 1608561436,
      "fileBytesRead" : 2658198729,
      "fileBytesWritten" : 2658322826,
      "mapInputRecords" : -1,
      "mapInputBytes" : -1,
      "mapOutputBytes" : -1,
      "mapOutputRecords" : -1,
      "combineInputRecords" : 0,
      "reduceInputGroups" : 67589773,
      "reduceInputRecords" : 79679848,
      "reduceShuffleBytes" : 2658198729,
      "reduceOutputRecords" : 67589773,
      "spilledRecords" : 79679848,
      "shuffleFinished" : 1575691613505,
      "sortFinished" : 1575691613531,
      "location" : {
        "layers" : [ "default-rack", "slave5" ]
      },
      "clockSplits" : [ 13118, 66132, 75137, 466, 466, 467, 466, 466, 33265, 34983, 35117, 35605 ],
      "cpuUsages" : [ 5329, 3015, 3687, 1415, 1416, 1415, 1415, 1415, 57799, 60266, 58643, 58815 ],
      "physMemKbytes" : [ 165748, 166627, 163420, 163072, 172351, 181630, 190910, 200189, 213724, 218982, 222339, 225698 ],
      "resourceUsageMetrics" : {
        "cumulativeCpuUsage" : 254630,
        "virtualMemoryUsage" : 2135441408,
        "physicalMemoryUsage" : 232730624,
        "heapUsage" : 134217728
      },
      "vmemKbytes" : [ 2072444, 2072444, 2072577, 2074441, 2076840, 2079238, 2081637, 2084035, 2085386, 2085392, 2085391, 2085392 ]
    } ],
    "preferredLocations" : [ ]
  }, {
    "inputBytes" : 2658695084,
    "inputRecords" : 79694574,
    "outputBytes" : 1608820777,
    "outputRecords" : 67600228,
    "taskID" : "task_1572946766556_1053_r_000001",
    "startTime" : 1575691246866,
    "finishTime" : 1575691770951,
    "taskType" : "REDUCE",
    "taskStatus" : "SUCCESS",
    "attempts" : [ {
      "attemptID" : "attempt_1572946766556_1053_r_000001_0",
      "result" : "SUCCESS",
      "startTime" : 1575691459316,
      "finishTime" : 1575691770951,
      "hostName" : "/default-rack/slave1",
      "hdfsBytesRead" : 0,
      "hdfsBytesWritten" : 1608820777,
      "fileBytesRead" : 2658695084,
      "fileBytesWritten" : 2658819181,
      "mapInputRecords" : -1,
      "mapInputBytes" : -1,
      "mapOutputBytes" : -1,
      "mapOutputRecords" : -1,
      "combineInputRecords" : 0,
      "reduceInputGroups" : 67600228,
      "reduceInputRecords" : 79694574,
      "reduceShuffleBytes" : 2658695084,
      "reduceOutputRecords" : 67600228,
      "spilledRecords" : 79694574,
      "shuffleFinished" : 1575691633307,
      "sortFinished" : 1575691633324,
      "location" : {
        "layers" : [ "default-rack", "slave1" ]
      },
      "clockSplits" : [ 13263, 81344, 79475, 224, 224, 224, 224, 224, 34007, 34519, 33868, 34026 ],
      "cpuUsages" : [ 5517, 8957, 10126, 1172, 1172, 1172, 1172, 1172, 61905, 59136, 59621, 58208 ],
      "physMemKbytes" : [ 167657, 171120, 168798, 166419, 174012, 181605, 189198, 196791, 214731, 213317, 216943, 218876 ],
      "resourceUsageMetrics" : {
        "cumulativeCpuUsage" : 269330,
        "virtualMemoryUsage" : 2131603456,
        "physicalMemoryUsage" : 225492992,
        "heapUsage" : 136839168
      },
      "vmemKbytes" : [ 2072751, 2076442, 2078322, 2078809, 2079436, 2080061, 2080688, 2081314, 2081643, 2081644, 2081643, 2081644 ]
    } ],
    "preferredLocations" : [ ]
  }, {
    "inputBytes" : 2658326038,
    "inputRecords" : 79683598,
    "outputBytes" : 1608699243,
    "outputRecords" : 67595139,
    "taskID" : "task_1572946766556_1053_r_000002",
    "startTime" : 1575691246866,
    "finishTime" : 1575691773671,
    "taskType" : "REDUCE",
    "taskStatus" : "SUCCESS",
    "attempts" : [ {
      "attemptID" : "attempt_1572946766556_1053_r_000002_0",
      "result" : "SUCCESS",
      "startTime" : 1575691459310,
      "finishTime" : 1575691773671,
      "hostName" : "/default-rack/slave4",
      "hdfsBytesRead" : 0,
      "hdfsBytesWritten" : 1608699243,
      "fileBytesRead" : 2658326038,
      "fileBytesWritten" : 2658450135,
      "mapInputRecords" : -1,
      "mapInputBytes" : -1,
      "mapOutputBytes" : -1,
      "mapOutputRecords" : -1,
      "combineInputRecords" : 0,
      "reduceInputGroups" : 67595139,
      "reduceInputRecords" : 79683598,
      "reduceShuffleBytes" : 2658326038,
      "reduceOutputRecords" : 67595139,
      "spilledRecords" : 79683598,
      "shuffleFinished" : 1575691633174,
      "sortFinished" : 1575691633197,
      "location" : {
        "layers" : [ "default-rack", "slave4" ]
      },
      "clockSplits" : [ 5870, 88681, 79422, 239, 238, 239, 238, 239, 33598, 34979, 34623, 35982 ],
      "cpuUsages" : [ 907, 9742, 10350, 1170, 1169, 1169, 1169, 1170, 60821, 59457, 59701, 64105 ],
      "physMemKbytes" : [ 60727, 160387, 166375, 166063, 175696, 185329, 194962, 204595, 214990, 221850, 224981, 229290 ],
      "resourceUsageMetrics" : {
        "cumulativeCpuUsage" : 270930,
        "virtualMemoryUsage" : 2133024768,
        "physicalMemoryUsage" : 237117440,
        "heapUsage" : 134742016
      },
      "vmemKbytes" : [ 776776, 1985095, 2071600, 2074360, 2077909, 2081457, 2085006, 2088554, 2083585, 2083032, 2083031, 2083032 ]
    } ],
    "preferredLocations" : [ ]
  } ],
  "otherTasks" : [ ],
  "successfulMapAttemptCDFs" : [ {
    "numberValues" : 0,
    "minimum" : -9223372036854775808,
    "rankings" : [ ],
    "maximum" : 9223372036854775807
  }, {
    "numberValues" : 0,
    "minimum" : -9223372036854775808,
    "rankings" : [ ],
    "maximum" : 9223372036854775807
  }, {
    "numberValues" : 0,
    "minimum" : -9223372036854775808,
    "rankings" : [ ],
    "maximum" : 9223372036854775807
  }, {
    "numberValues" : 3,
    "minimum" : 207393,
    "rankings" : [ {
      "relativeRanking" : 0.05,
      "datum" : 207393
    }, {
      "relativeRanking" : 0.1,
      "datum" : 207393
    }, {
      "relativeRanking" : 0.15,
      "datum" : 207393
    }, {
      "relativeRanking" : 0.2,
      "datum" : 207393
    }, {
      "relativeRanking" : 0.25,
      "datum" : 207393
    }, {
      "relativeRanking" : 0.3,
      "datum" : 207393
    }, {
      "relativeRanking" : 0.35,
      "datum" : 207393
    }, {
      "relativeRanking" : 0.4,
      "datum" : 207393
    }, {
      "relativeRanking" : 0.45,
      "datum" : 207393
    }, {
      "relativeRanking" : 0.5,
      "datum" : 207393
    }, {
      "relativeRanking" : 0.55,
      "datum" : 207393
    }, {
      "relativeRanking" : 0.6,
      "datum" : 207393
    }, {
      "relativeRanking" : 0.65,
      "datum" : 207393
    }, {
      "relativeRanking" : 0.7,
      "datum" : 288589
    }, {
      "relativeRanking" : 0.75,
      "datum" : 288589
    }, {
      "relativeRanking" : 0.8,
      "datum" : 288589
    }, {
      "relativeRanking" : 0.85,
      "datum" : 288589
    }, {
      "relativeRanking" : 0.9,
      "datum" : 288589
    }, {
      "relativeRanking" : 0.95,
      "datum" : 288589
    } ],
    "maximum" : 362820
  } ],
  "failedMapAttemptCDFs" : [ {
    "numberValues" : 0,
    "minimum" : -9223372036854775808,
    "rankings" : [ ],
    "maximum" : 9223372036854775807
  }, {
    "numberValues" : 0,
    "minimum" : -9223372036854775808,
    "rankings" : [ ],
    "maximum" : 9223372036854775807
  }, {
    "numberValues" : 0,
    "minimum" : -9223372036854775808,
    "rankings" : [ ],
    "maximum" : 9223372036854775807
  }, {
    "numberValues" : 0,
    "minimum" : -9223372036854775808,
    "rankings" : [ ],
    "maximum" : 9223372036854775807
  } ],
  "successfulReduceAttemptCDF" : {
    "numberValues" : 3,
    "minimum" : 295701,
    "rankings" : [ {
      "relativeRanking" : 0.05,
      "datum" : 295701
    }, {
      "relativeRanking" : 0.1,
      "datum" : 295701
    }, {
      "relativeRanking" : 0.15,
      "datum" : 295701
    }, {
      "relativeRanking" : 0.2,
      "datum" : 295701
    }, {
      "relativeRanking" : 0.25,
      "datum" : 295701
    }, {
      "relativeRanking" : 0.3,
      "datum" : 295701
    }, {
      "relativeRanking" : 0.35,
      "datum" : 295701
    }, {
      "relativeRanking" : 0.4,
      "datum" : 295701
    }, {
      "relativeRanking" : 0.45,
      "datum" : 295701
    }, {
      "relativeRanking" : 0.5,
      "datum" : 295701
    }, {
      "relativeRanking" : 0.55,
      "datum" : 295701
    }, {
      "relativeRanking" : 0.6,
      "datum" : 295701
    }, {
      "relativeRanking" : 0.65,
      "datum" : 295701
    }, {
      "relativeRanking" : 0.7,
      "datum" : 311635
    }, {
      "relativeRanking" : 0.75,
      "datum" : 311635
    }, {
      "relativeRanking" : 0.8,
      "datum" : 311635
    }, {
      "relativeRanking" : 0.85,
      "datum" : 311635
    }, {
      "relativeRanking" : 0.9,
      "datum" : 311635
    }, {
      "relativeRanking" : 0.95,
      "datum" : 311635
    } ],
    "maximum" : 314361
  },
  "failedReduceAttemptCDF" : {
    "numberValues" : 0,
    "minimum" : -9223372036854775808,
    "rankings" : [ ],
    "maximum" : 9223372036854775807
  },
  "queue" : "default",
  "jobName" : "CAC_Count-[1575691098852-Similarity2-END]",
  "clusterMapMB" : -1,
  "clusterReduceMB" : -1,
  "jobMapMB" : -1,
  "jobReduceMB" : -1,
  "relativeTime" : 0,
  "mapperTriesToSucceed" : [ 1.0 ],
  "failedMapperFraction" : 0.0,
  "jobProperties" : { }
}