{
  "jobID" : "job_1572946766556_0690",
  "user" : "hadoop",
  "computonsPerMapInputByte" : -1,
  "computonsPerMapOutputByte" : -1,
  "computonsPerReduceInputByte" : -1,
  "computonsPerReduceOutputByte" : -1,
  "submitTime" : 1575463807469,
  "launchTime" : 1575463811216,
  "finishTime" : 1575463841529,
  "heapMegabytes" : -1,
  "totalMaps" : 2,
  "totalReduces" : 2,
  "outcome" : "SUCCESS",
  "jobtype" : "JAVA",
  "priority" : "NORMAL",
  "directDependantJobs" : [ ],
  "mapTasks" : [ {
    "inputBytes" : 79565870,
    "inputRecords" : 2570811,
    "outputBytes" : 140958814,
    "outputRecords" : 2570810,
    "taskID" : "task_1572946766556_0690_m_000000",
    "startTime" : 1575463811263,
    "finishTime" : 1575463825311,
    "taskType" : "MAP",
    "taskStatus" : "SUCCESS",
    "attempts" : [ {
      "attemptID" : "attempt_1572946766556_0690_m_000000_0",
      "result" : "SUCCESS",
      "startTime" : 1575463813427,
      "finishTime" : 1575463825311,
      "hostName" : "/default-rack/slave2",
      "hdfsBytesRead" : 79565870,
      "hdfsBytesWritten" : 0,
      "fileBytesRead" : 70579105,
      "fileBytesWritten" : 140958814,
      "mapInputRecords" : 2570811,
      "mapInputBytes" : -1,
      "mapOutputBytes" : 65275490,
      "mapOutputRecords" : 2570810,
      "combineInputRecords" : 0,
      "reduceInputGroups" : -1,
      "reduceInputRecords" : -1,
      "reduceShuffleBytes" : -1,
      "reduceOutputRecords" : -1,
      "spilledRecords" : 5141620,
      "shuffleFinished" : -1,
      "sortFinished" : -1,
      "location" : {
        "layers" : [ "default-rack", "slave2" ]
      },
      "clockSplits" : [ 1015, 1016, 1016, 1016, 1016, 1016, 1015, 1728, 1106, 1082, 421, 422 ],
      "cpuUsages" : [ 1935, 1935, 1935, 1935, 1935, 1935, 1935, 1960, 2097, 2052, 733, 733 ],
      "physMemKbytes" : [ 17966, 53899, 89834, 125767, 161701, 197634, 233569, 269090, 283002, 284696, 285932, 286769 ],
      "vmemKbytes" : [ 132235, 396705, 661175, 925644, 1190115, 1454585, 1719056, 1980357, 2075659, 2077112, 2077791, 2077792 ],
      "resourceUsageMetrics" : {
        "cumulativeCpuUsage" : 21120,
        "virtualMemoryUsage" : 2127659008,
        "physicalMemoryUsage" : 294080512,
        "heapUsage" : 208142336
      }
    } ],
    "preferredLocations" : [ ]
  }, {
    "inputBytes" : 63092039,
    "inputRecords" : 1299730,
    "outputBytes" : 144540558,
    "outputRecords" : 1299729,
    "taskID" : "task_1572946766556_0690_m_000001",
    "startTime" : 1575463811265,
    "finishTime" : 1575463821602,
    "taskType" : "MAP",
    "taskStatus" : "SUCCESS",
    "attempts" : [ {
      "attemptID" : "attempt_1572946766556_0690_m_000001_0",
      "result" : "SUCCESS",
      "startTime" : 1575463813424,
      "finishTime" : 1575463821602,
      "hostName" : "/default-rack/slave2",
      "hdfsBytesRead" : 63092039,
      "hdfsBytesWritten" : 0,
      "fileBytesRead" : 72404788,
      "fileBytesWritten" : 144540558,
      "mapInputRecords" : 1299730,
      "mapInputBytes" : -1,
      "mapOutputBytes" : 69599284,
      "mapOutputRecords" : 1299729,
      "combineInputRecords" : 0,
      "reduceInputGroups" : -1,
      "reduceInputRecords" : -1,
      "reduceShuffleBytes" : -1,
      "reduceOutputRecords" : -1,
      "spilledRecords" : 2599458,
      "shuffleFinished" : -1,
      "sortFinished" : -1,
      "location" : {
        "layers" : [ "default-rack", "slave2" ]
      },
      "clockSplits" : [ 5636, 221, 220, 221, 220, 221, 220, 221, 220, 221, 221, 307 ],
      "cpuUsages" : [ 1217, 1218, 1218, 1218, 1218, 1218, 1218, 1218, 1217, 1218, 1218, 1024 ],
      "physMemKbytes" : [ 12486, 37459, 62432, 87405, 112378, 137351, 162325, 187298, 212271, 237244, 262217, 285188 ],
      "vmemKbytes" : [ 89602, 268806, 448011, 627215, 806420, 985625, 1164830, 1344034, 1523239, 1702444, 1881648, 2046076 ],
      "resourceUsageMetrics" : {
        "cumulativeCpuUsage" : 14420,
        "virtualMemoryUsage" : 2127544320,
        "physicalMemoryUsage" : 296771584,
        "heapUsage" : 207093760
      }
    } ],
    "preferredLocations" : [ ]
  } ],
  "reduceTasks" : [ {
    "inputBytes" : 70813331,
    "inputRecords" : 1918561,
    "outputBytes" : 232633271,
    "outputRecords" : 3757719,
    "taskID" : "task_1572946766556_0690_r_000000",
    "startTime" : 1575463811265,
    "finishTime" : 1575463841451,
    "taskType" : "REDUCE",
    "taskStatus" : "SUCCESS",
    "attempts" : [ {
      "attemptID" : "attempt_1572946766556_0690_r_000000_0",
      "result" : "SUCCESS",
      "startTime" : 1575463824331,
      "finishTime" : 1575463841451,
      "hostName" : "/default-rack/slave3",
      "hdfsBytesRead" : 0,
      "hdfsBytesWritten" : 232633271,
      "fileBytesRead" : 70813331,
      "fileBytesWritten" : 70937810,
      "mapInputRecords" : -1,
      "mapInputBytes" : -1,
      "mapOutputBytes" : -1,
      "mapOutputRecords" : -1,
      "combineInputRecords" : 0,
      "reduceInputGroups" : 214802,
      "reduceInputRecords" : 1918561,
      "reduceShuffleBytes" : 70813331,
      "reduceOutputRecords" : 3757719,
      "spilledRecords" : 1918561,
      "shuffleFinished" : 1575463827451,
      "sortFinished" : 1575463827474,
      "location" : {
        "layers" : [ "default-rack", "slave3" ]
      },
      "clockSplits" : [ 3642, 507, 507, 507, 507, 507, 507, 507, 507, 2449, 3290, 3591 ],
      "cpuUsages" : [ 1209, 1209, 1209, 1209, 1209, 1209, 1209, 1209, 1210, 4711, 6489, 6428 ],
      "physMemKbytes" : [ 9949, 29847, 49746, 69644, 89543, 109442, 129341, 149239, 169138, 192374, 217194, 214200 ],
      "vmemKbytes" : [ 110882, 332646, 554410, 776173, 997938, 1219702, 1441467, 1663230, 1884995, 2063960, 2079863, 2079864 ],
      "resourceUsageMetrics" : {
        "cumulativeCpuUsage" : 28660,
        "virtualMemoryUsage" : 2129780736,
        "physicalMemoryUsage" : 212877312,
        "heapUsage" : 137887744
      }
    } ],
    "preferredLocations" : [ ]
  }, {
    "inputBytes" : 71811785,
    "inputRecords" : 1951978,
    "outputBytes" : 235259050,
    "outputRecords" : 3810049,
    "taskID" : "task_1572946766556_0690_r_000001",
    "startTime" : 1575463811266,
    "finishTime" : 1575463841470,
    "taskType" : "REDUCE",
    "taskStatus" : "SUCCESS",
    "attempts" : [ {
      "attemptID" : "attempt_1572946766556_0690_r_000001_0",
      "result" : "SUCCESS",
      "startTime" : 1575463824336,
      "finishTime" : 1575463841470,
      "hostName" : "/default-rack/slave4",
      "hdfsBytesRead" : 0,
      "hdfsBytesWritten" : 235259050,
      "fileBytesRead" : 71811785,
      "fileBytesWritten" : 71936264,
      "mapInputRecords" : -1,
      "mapInputBytes" : -1,
      "mapOutputBytes" : -1,
      "mapOutputRecords" : -1,
      "combineInputRecords" : 0,
      "reduceInputGroups" : 217669,
      "reduceInputRecords" : 1951978,
      "reduceShuffleBytes" : 71811785,
      "reduceOutputRecords" : 3810049,
      "spilledRecords" : 1951978,
      "shuffleFinished" : 1575463827499,
      "sortFinished" : 1575463827522,
      "location" : {
        "layers" : [ "default-rack", "slave4" ]
      },
      "clockSplits" : [ 3719, 506, 506, 507, 506, 506, 507, 506, 506, 2445, 3321, 3552 ],
      "cpuUsages" : [ 1349, 1350, 1349, 1350, 1349, 1350, 1350, 1349, 1350, 4642, 6356, 5966 ],
      "physMemKbytes" : [ 10287, 30863, 51439, 72014, 92591, 113166, 133743, 154318, 174895, 197728, 219435, 218324 ],
      "vmemKbytes" : [ 110933, 332799, 554666, 776532, 998399, 1220266, 1442133, 1663999, 1885866, 2064162, 2079619, 2079620 ],
      "resourceUsageMetrics" : {
        "cumulativeCpuUsage" : 29160,
        "virtualMemoryUsage" : 2129530880,
        "physicalMemoryUsage" : 220336128,
        "heapUsage" : 134742016
      }
    } ],
    "preferredLocations" : [ ]
  } ],
  "otherTasks" : [ ],
  "successfulMapAttemptCDFs" : [ {
    "numberValues" : 0,
    "minimum" : -9223372036854775808,
    "rankings" : [ ],
    "maximum" : 9223372036854775807
  }, {
    "numberValues" : 0,
    "minimum" : -9223372036854775808,
    "rankings" : [ ],
    "maximum" : 9223372036854775807
  }, {
    "numberValues" : 0,
    "minimum" : -9223372036854775808,
    "rankings" : [ ],
    "maximum" : 9223372036854775807
  }, {
    "numberValues" : 2,
    "minimum" : 8178,
    "rankings" : [ {
      "relativeRanking" : 0.05,
      "datum" : 8178
    }, {
      "relativeRanking" : 0.1,
      "datum" : 8178
    }, {
      "relativeRanking" : 0.15,
      "datum" : 8178
    }, {
      "relativeRanking" : 0.2,
      "datum" : 8178
    }, {
      "relativeRanking" : 0.25,
      "datum" : 8178
    }, {
      "relativeRanking" : 0.3,
      "datum" : 8178
    }, {
      "relativeRanking" : 0.35,
      "datum" : 8178
    }, {
      "relativeRanking" : 0.4,
      "datum" : 8178
    }, {
      "relativeRanking" : 0.45,
      "datum" : 8178
    }, {
      "relativeRanking" : 0.5,
      "datum" : 8178
    }, {
      "relativeRanking" : 0.55,
      "datum" : 8178
    }, {
      "relativeRanking" : 0.6,
      "datum" : 8178
    }, {
      "relativeRanking" : 0.65,
      "datum" : 8178
    }, {
      "relativeRanking" : 0.7,
      "datum" : 8178
    }, {
      "relativeRanking" : 0.75,
      "datum" : 8178
    }, {
      "relativeRanking" : 0.8,
      "datum" : 8178
    }, {
      "relativeRanking" : 0.85,
      "datum" : 8178
    }, {
      "relativeRanking" : 0.9,
      "datum" : 8178
    }, {
      "relativeRanking" : 0.95,
      "datum" : 8178
    } ],
    "maximum" : 11884
  } ],
  "failedMapAttemptCDFs" : [ {
    "numberValues" : 0,
    "minimum" : -9223372036854775808,
    "rankings" : [ ],
    "maximum" : 9223372036854775807
  }, {
    "numberValues" : 0,
    "minimum" : -9223372036854775808,
    "rankings" : [ ],
    "maximum" : 9223372036854775807
  }, {
    "numberValues" : 0,
    "minimum" : -9223372036854775808,
    "rankings" : [ ],
    "maximum" : 9223372036854775807
  }, {
    "numberValues" : 0,
    "minimum" : -9223372036854775808,
    "rankings" : [ ],
    "maximum" : 9223372036854775807
  } ],
  "successfulReduceAttemptCDF" : {
    "numberValues" : 2,
    "minimum" : 17120,
    "rankings" : [ {
      "relativeRanking" : 0.05,
      "datum" : 17120
    }, {
      "relativeRanking" : 0.1,
      "datum" : 17120
    }, {
      "relativeRanking" : 0.15,
      "datum" : 17120
    }, {
      "relativeRanking" : 0.2,
      "datum" : 17120
    }, {
      "relativeRanking" : 0.25,
      "datum" : 17120
    }, {
      "relativeRanking" : 0.3,
      "datum" : 17120
    }, {
      "relativeRanking" : 0.35,
      "datum" : 17120
    }, {
      "relativeRanking" : 0.4,
      "datum" : 17120
    }, {
      "relativeRanking" : 0.45,
      "datum" : 17120
    }, {
      "relativeRanking" : 0.5,
      "datum" : 17120
    }, {
      "relativeRanking" : 0.55,
      "datum" : 17120
    }, {
      "relativeRanking" : 0.6,
      "datum" : 17120
    }, {
      "relativeRanking" : 0.65,
      "datum" : 17120
    }, {
      "relativeRanking" : 0.7,
      "datum" : 17120
    }, {
      "relativeRanking" : 0.75,
      "datum" : 17120
    }, {
      "relativeRanking" : 0.8,
      "datum" : 17120
    }, {
      "relativeRanking" : 0.85,
      "datum" : 17120
    }, {
      "relativeRanking" : 0.9,
      "datum" : 17120
    }, {
      "relativeRanking" : 0.95,
      "datum" : 17120
    } ],
    "maximum" : 17134
  },
  "failedReduceAttemptCDF" : {
    "numberValues" : 0,
    "minimum" : -9223372036854775808,
    "rankings" : [ ],
    "maximum" : 9223372036854775807
  },
  "queue" : "default",
  "jobName" : "ReduceJoin-[1575463804850]",
  "clusterMapMB" : -1,
  "clusterReduceMB" : -1,
  "jobMapMB" : -1,
  "jobReduceMB" : -1,
  "relativeTime" : 0,
  "mapperTriesToSucceed" : [ 1.0 ],
  "failedMapperFraction" : 0.0,
  "jobProperties" : { }
}