{
  "jobID" : "job_1572946766556_1049",
  "user" : "hadoop",
  "computonsPerMapInputByte" : -1,
  "computonsPerMapOutputByte" : -1,
  "computonsPerReduceInputByte" : -1,
  "computonsPerReduceOutputByte" : -1,
  "submitTime" : 1575689337038,
  "launchTime" : 1575689340799,
  "finishTime" : 1575690152104,
  "heapMegabytes" : -1,
  "totalMaps" : 2,
  "totalReduces" : 2,
  "outcome" : "SUCCESS",
  "jobtype" : "JAVA",
  "priority" : "NORMAL",
  "directDependantJobs" : [ ],
  "mapTasks" : [ {
    "inputBytes" : 13858263,
    "inputRecords" : 5885,
    "outputBytes" : 16920094478,
    "outputRecords" : 157234191,
    "taskID" : "task_1572946766556_1049_m_000000",
    "startTime" : 1575689340838,
    "finishTime" : 1575689922401,
    "taskType" : "MAP",
    "taskStatus" : "SUCCESS",
    "attempts" : [ {
      "attemptID" : "attempt_1572946766556_1049_m_000000_0",
      "result" : "SUCCESS",
      "startTime" : 1575689343014,
      "finishTime" : 1575689922401,
      "hostName" : "/default-rack/slave5",
      "hdfsBytesRead" : 13858263,
      "hdfsBytesWritten" : 0,
      "fileBytesRead" : 11810539282,
      "fileBytesWritten" : 16920094478,
      "mapInputRecords" : 5885,
      "mapInputBytes" : -1,
      "mapOutputBytes" : 4804377587,
      "mapOutputRecords" : 157234191,
      "combineInputRecords" : 0,
      "reduceInputGroups" : -1,
      "reduceInputRecords" : -1,
      "reduceShuffleBytes" : -1,
      "reduceOutputRecords" : -1,
      "spilledRecords" : 520186051,
      "shuffleFinished" : -1,
      "sortFinished" : -1,
      "location" : {
        "layers" : [ "default-rack", "slave5" ]
      },
      "clockSplits" : [ 21347, 9312, 136151, 31887, 111658, 18885, 9456, 15749, 55137, 57141, 52944, 59520 ],
      "cpuUsages" : [ 48501, 20124, 282531, 69396, 236828, 40238, 19968, 31591, 78464, 78178, 76966, 80945 ],
      "physMemKbytes" : [ 199177, 282232, 296268, 300489, 303894, 305248, 305538, 305577, 309169, 310097, 310086, 310443 ],
      "resourceUsageMetrics" : {
        "cumulativeCpuUsage" : 1064010,
        "virtualMemoryUsage" : 2128302080,
        "physicalMemoryUsage" : 318476288,
        "heapUsage" : 209190912
      },
      "vmemKbytes" : [ 1499337, 2069419, 2069420, 2069419, 2071019, 2072151, 2072152, 2072151, 2077266, 2077392, 2077391, 2077392 ]
    }, {
      "attemptID" : "attempt_1572946766556_1049_m_000000_1",
      "result" : "KILLED",
      "startTime" : 1575689625413,
      "finishTime" : 1575689922447,
      "hostName" : "/default-rack/slave5",
      "hdfsBytesRead" : 8913052,
      "hdfsBytesWritten" : 0,
      "fileBytesRead" : 0,
      "fileBytesWritten" : 4365271791,
      "mapInputRecords" : 4103,
      "mapInputBytes" : -1,
      "mapOutputBytes" : 4163448166,
      "mapOutputRecords" : 137603985,
      "combineInputRecords" : 0,
      "reduceInputGroups" : -1,
      "reduceInputRecords" : -1,
      "reduceShuffleBytes" : -1,
      "reduceOutputRecords" : -1,
      "spilledRecords" : 135485450,
      "shuffleFinished" : -1,
      "sortFinished" : -1,
      "location" : {
        "layers" : [ "default-rack", "slave5" ]
      },
      "clockSplits" : [ 21287, 12180, 127664, 31142, 102505, 1679, 89, 89, 89, 89, 89, 90 ],
      "cpuUsages" : [ 45205, 27080, 258513, 62366, 203829, 3217, 0, 0, 0, 0, 0, 0 ],
      "physMemKbytes" : [ 203965, 285567, 301012, 306706, 310250, 312111, 312104, 312103, 312104, 312104, 312103, 312104 ],
      "resourceUsageMetrics" : {
        "cumulativeCpuUsage" : 600210,
        "virtualMemoryUsage" : 2120990720,
        "physicalMemoryUsage" : 319594496,
        "heapUsage" : 209190912
      },
      "vmemKbytes" : [ 1498705, 2068875, 2068876, 2068875, 2070432, 2071279, 2071280, 2071279, 2071280, 2071280, 2071279, 2071280 ]
    } ],
    "preferredLocations" : [ ]
  }, {
    "inputBytes" : 12405314,
    "inputRecords" : 5958,
    "outputBytes" : 8480945157,
    "outputRecords" : 81823829,
    "taskID" : "task_1572946766556_1049_m_000001",
    "startTime" : 1575689340840,
    "finishTime" : 1575689623525,
    "taskType" : "MAP",
    "taskStatus" : "SUCCESS",
    "attempts" : [ {
      "attemptID" : "attempt_1572946766556_1049_m_000001_0",
      "result" : "SUCCESS",
      "startTime" : 1575689343007,
      "finishTime" : 1575689623525,
      "hostName" : "/default-rack/slave5",
      "hdfsBytesRead" : 12405314,
      "hdfsBytesWritten" : 0,
      "fileBytesRead" : 5629441927,
      "fileBytesWritten" : 8480945157,
      "mapInputRecords" : 5958,
      "mapInputBytes" : -1,
      "mapOutputBytes" : 2692726170,
      "mapOutputRecords" : 81823829,
      "combineInputRecords" : 0,
      "reduceInputGroups" : -1,
      "reduceInputRecords" : -1,
      "reduceShuffleBytes" : -1,
      "reduceOutputRecords" : -1,
      "spilledRecords" : 243108099,
      "shuffleFinished" : -1,
      "sortFinished" : -1,
      "location" : {
        "layers" : [ "default-rack", "slave5" ]
      },
      "clockSplits" : [ 21985, 12397, 61544, 20158, 16784, 5654, 37140, 8444, 22245, 24931, 22658, 26545 ],
      "cpuUsages" : [ 43896, 25538, 127855, 42761, 34365, 10690, 72093, 15283, 29542, 30865, 28937, 33695 ],
      "physMemKbytes" : [ 186381, 281435, 296554, 302882, 303116, 303751, 303985, 304788, 312998, 312298, 312163, 311826 ],
      "resourceUsageMetrics" : {
        "cumulativeCpuUsage" : 495520,
        "virtualMemoryUsage" : 2125725696,
        "physicalMemoryUsage" : 319561728,
        "heapUsage" : 209190912
      },
      "vmemKbytes" : [ 1391901, 2068599, 2068600, 2068599, 2068600, 2068599, 2068600, 2068958, 2074868, 2074876, 2074875, 2074903 ]
    } ],
    "preferredLocations" : [ ]
  } ],
  "reduceTasks" : [ {
    "inputBytes" : 3987610327,
    "inputRecords" : 119529630,
    "outputBytes" : 2413073888,
    "outputRecords" : 101394168,
    "taskID" : "task_1572946766556_1049_r_000000",
    "startTime" : 1575689340840,
    "finishTime" : 1575690130384,
    "taskType" : "REDUCE",
    "taskStatus" : "SUCCESS",
    "attempts" : [ {
      "attemptID" : "attempt_1572946766556_1049_r_000000_0",
      "result" : "SUCCESS",
      "startTime" : 1575689626450,
      "finishTime" : 1575690130384,
      "hostName" : "/default-rack/slave5",
      "hdfsBytesRead" : 0,
      "hdfsBytesWritten" : 2413073888,
      "fileBytesRead" : 3987610327,
      "fileBytesWritten" : 3987734424,
      "mapInputRecords" : -1,
      "mapInputBytes" : -1,
      "mapOutputBytes" : -1,
      "mapOutputRecords" : -1,
      "combineInputRecords" : 0,
      "reduceInputGroups" : 101394168,
      "reduceInputRecords" : 119529630,
      "reduceShuffleBytes" : 3987610327,
      "reduceOutputRecords" : 101394168,
      "spilledRecords" : 119529630,
      "shuffleFinished" : 1575689925223,
      "sortFinished" : 1575689925248,
      "location" : {
        "layers" : [ "default-rack", "slave5" ]
      },
      "clockSplits" : [ 3880, 3880, 291182, 147, 147, 146, 147, 147, 50706, 51779, 50646, 51107 ],
      "cpuUsages" : [ 944, 945, 15547, 1096, 1097, 1096, 1096, 1097, 90694, 90065, 89046, 89547 ],
      "physMemKbytes" : [ 40120, 120362, 148204, 160269, 172336, 184401, 196467, 208532, 230246, 232515, 238050, 244076 ],
      "resourceUsageMetrics" : {
        "cumulativeCpuUsage" : 382270,
        "virtualMemoryUsage" : 2136027136,
        "physicalMemoryUsage" : 253366272,
        "heapUsage" : 135790592
      },
      "vmemKbytes" : [ 518540, 1555622, 2077220, 2078837, 2080456, 2082073, 2083691, 2085308, 2091287, 2085964, 2085963, 2085964 ]
    } ],
    "preferredLocations" : [ ]
  }, {
    "inputBytes" : 3987609494,
    "inputRecords" : 119528390,
    "outputBytes" : 2413007568,
    "outputRecords" : 101390972,
    "taskID" : "task_1572946766556_1049_r_000001",
    "startTime" : 1575689340840,
    "finishTime" : 1575690152037,
    "taskType" : "REDUCE",
    "taskStatus" : "SUCCESS",
    "attempts" : [ {
      "attemptID" : "attempt_1572946766556_1049_r_000001_0",
      "result" : "SUCCESS",
      "startTime" : 1575689626437,
      "finishTime" : 1575690152037,
      "hostName" : "/default-rack/slave1",
      "hdfsBytesRead" : 0,
      "hdfsBytesWritten" : 2413007568,
      "fileBytesRead" : 3987609494,
      "fileBytesWritten" : 3987733591,
      "mapInputRecords" : -1,
      "mapInputBytes" : -1,
      "mapOutputBytes" : -1,
      "mapOutputRecords" : -1,
      "combineInputRecords" : 0,
      "reduceInputGroups" : 101390972,
      "reduceInputRecords" : 119528390,
      "reduceShuffleBytes" : 3987609494,
      "reduceOutputRecords" : 101390972,
      "spilledRecords" : 119528390,
      "shuffleFinished" : 1575689946695,
      "sortFinished" : 1575689946717,
      "location" : {
        "layers" : [ "default-rack", "slave1" ]
      },
      "clockSplits" : [ 15312, 1521, 303560, 112, 112, 112, 112, 112, 50823, 51527, 50805, 51480 ],
      "cpuUsages" : [ 8349, 190, 25836, 896, 895, 896, 896, 895, 95590, 89998, 87412, 87537 ],
      "physMemKbytes" : [ 170797, 170841, 150623, 162974, 175327, 187678, 200030, 212381, 225992, 229926, 237025, 242542 ],
      "resourceUsageMetrics" : {
        "cumulativeCpuUsage" : 399390,
        "virtualMemoryUsage" : 2137821184,
        "physicalMemoryUsage" : 251514880,
        "heapUsage" : 137363456
      },
      "vmemKbytes" : [ 2075072, 2075072, 2077364, 2079861, 2082358, 2084855, 2087352, 2089849, 2089399, 2087716, 2087715, 2087716 ]
    } ],
    "preferredLocations" : [ ]
  } ],
  "otherTasks" : [ ],
  "successfulMapAttemptCDFs" : [ {
    "numberValues" : 0,
    "minimum" : -9223372036854775808,
    "rankings" : [ ],
    "maximum" : 9223372036854775807
  }, {
    "numberValues" : 0,
    "minimum" : -9223372036854775808,
    "rankings" : [ ],
    "maximum" : 9223372036854775807
  }, {
    "numberValues" : 0,
    "minimum" : -9223372036854775808,
    "rankings" : [ ],
    "maximum" : 9223372036854775807
  }, {
    "numberValues" : 2,
    "minimum" : 280518,
    "rankings" : [ {
      "relativeRanking" : 0.05,
      "datum" : 280518
    }, {
      "relativeRanking" : 0.1,
      "datum" : 280518
    }, {
      "relativeRanking" : 0.15,
      "datum" : 280518
    }, {
      "relativeRanking" : 0.2,
      "datum" : 280518
    }, {
      "relativeRanking" : 0.25,
      "datum" : 280518
    }, {
      "relativeRanking" : 0.3,
      "datum" : 280518
    }, {
      "relativeRanking" : 0.35,
      "datum" : 280518
    }, {
      "relativeRanking" : 0.4,
      "datum" : 280518
    }, {
      "relativeRanking" : 0.45,
      "datum" : 280518
    }, {
      "relativeRanking" : 0.5,
      "datum" : 280518
    }, {
      "relativeRanking" : 0.55,
      "datum" : 280518
    }, {
      "relativeRanking" : 0.6,
      "datum" : 280518
    }, {
      "relativeRanking" : 0.65,
      "datum" : 280518
    }, {
      "relativeRanking" : 0.7,
      "datum" : 280518
    }, {
      "relativeRanking" : 0.75,
      "datum" : 280518
    }, {
      "relativeRanking" : 0.8,
      "datum" : 280518
    }, {
      "relativeRanking" : 0.85,
      "datum" : 280518
    }, {
      "relativeRanking" : 0.9,
      "datum" : 280518
    }, {
      "relativeRanking" : 0.95,
      "datum" : 280518
    } ],
    "maximum" : 579387
  } ],
  "failedMapAttemptCDFs" : [ {
    "numberValues" : 0,
    "minimum" : -9223372036854775808,
    "rankings" : [ ],
    "maximum" : 9223372036854775807
  }, {
    "numberValues" : 0,
    "minimum" : -9223372036854775808,
    "rankings" : [ ],
    "maximum" : 9223372036854775807
  }, {
    "numberValues" : 0,
    "minimum" : -9223372036854775808,
    "rankings" : [ ],
    "maximum" : 9223372036854775807
  }, {
    "numberValues" : 0,
    "minimum" : -9223372036854775808,
    "rankings" : [ ],
    "maximum" : 9223372036854775807
  } ],
  "successfulReduceAttemptCDF" : {
    "numberValues" : 2,
    "minimum" : 503934,
    "rankings" : [ {
      "relativeRanking" : 0.05,
      "datum" : 503934
    }, {
      "relativeRanking" : 0.1,
      "datum" : 503934
    }, {
      "relativeRanking" : 0.15,
      "datum" : 503934
    }, {
      "relativeRanking" : 0.2,
      "datum" : 503934
    }, {
      "relativeRanking" : 0.25,
      "datum" : 503934
    }, {
      "relativeRanking" : 0.3,
      "datum" : 503934
    }, {
      "relativeRanking" : 0.35,
      "datum" : 503934
    }, {
      "relativeRanking" : 0.4,
      "datum" : 503934
    }, {
      "relativeRanking" : 0.45,
      "datum" : 503934
    }, {
      "relativeRanking" : 0.5,
      "datum" : 503934
    }, {
      "relativeRanking" : 0.55,
      "datum" : 503934
    }, {
      "relativeRanking" : 0.6,
      "datum" : 503934
    }, {
      "relativeRanking" : 0.65,
      "datum" : 503934
    }, {
      "relativeRanking" : 0.7,
      "datum" : 503934
    }, {
      "relativeRanking" : 0.75,
      "datum" : 503934
    }, {
      "relativeRanking" : 0.8,
      "datum" : 503934
    }, {
      "relativeRanking" : 0.85,
      "datum" : 503934
    }, {
      "relativeRanking" : 0.9,
      "datum" : 503934
    }, {
      "relativeRanking" : 0.95,
      "datum" : 503934
    } ],
    "maximum" : 525600
  },
  "failedReduceAttemptCDF" : {
    "numberValues" : 0,
    "minimum" : -9223372036854775808,
    "rankings" : [ ],
    "maximum" : 9223372036854775807
  },
  "queue" : "default",
  "jobName" : "CAC_Count-[1575689183595-Similarity2-END]",
  "clusterMapMB" : -1,
  "clusterReduceMB" : -1,
  "jobMapMB" : -1,
  "jobReduceMB" : -1,
  "relativeTime" : 0,
  "mapperTriesToSucceed" : [ 1.0 ],
  "failedMapperFraction" : 0.0,
  "jobProperties" : { }
}