{
  "jobID" : "job_1572946766556_1048",
  "user" : "hadoop",
  "computonsPerMapInputByte" : -1,
  "computonsPerMapOutputByte" : -1,
  "computonsPerReduceInputByte" : -1,
  "computonsPerReduceOutputByte" : -1,
  "submitTime" : 1575689186547,
  "launchTime" : 1575689190256,
  "finishTime" : 1575689335076,
  "heapMegabytes" : -1,
  "totalMaps" : 2,
  "totalReduces" : 2,
  "outcome" : "SUCCESS",
  "jobtype" : "JAVA",
  "priority" : "NORMAL",
  "directDependantJobs" : [ ],
  "mapTasks" : [ {
    "inputBytes" : 7745257,
    "inputRecords" : 246569,
    "outputBytes" : 64454957,
    "outputRecords" : 934712,
    "taskID" : "task_1572946766556_1048_m_000000",
    "startTime" : 1575689190300,
    "finishTime" : 1575689253142,
    "taskType" : "MAP",
    "taskStatus" : "SUCCESS",
    "attempts" : [ {
      "attemptID" : "attempt_1572946766556_1048_m_000000_0",
      "result" : "SUCCESS",
      "startTime" : 1575689192471,
      "finishTime" : 1575689253142,
      "hostName" : "/default-rack/slave1",
      "hdfsBytesRead" : 7745257,
      "hdfsBytesWritten" : 0,
      "fileBytesRead" : 32302362,
      "fileBytesWritten" : 64454957,
      "mapInputRecords" : 246569,
      "mapInputBytes" : -1,
      "mapOutputBytes" : 30296128,
      "mapOutputRecords" : 934712,
      "combineInputRecords" : 0,
      "reduceInputGroups" : -1,
      "reduceInputRecords" : -1,
      "reduceShuffleBytes" : -1,
      "reduceOutputRecords" : -1,
      "spilledRecords" : 1869424,
      "shuffleFinished" : -1,
      "sortFinished" : -1,
      "location" : {
        "layers" : [ "default-rack", "slave1" ]
      },
      "clockSplits" : [ 11424, 7345, 6841, 6744, 6841, 6753, 6768, 6787, 288, 288, 288, 289 ],
      "cpuUsages" : [ 148961, 125379, 118692, 117065, 119292, 115625, 119765, 94057, 10168, 10169, 10168, 10169 ],
      "physMemKbytes" : [ 232844, 356147, 358031, 358953, 360654, 359468, 359554, 359839, 358965, 357227, 355488, 353749 ],
      "resourceUsageMetrics" : {
        "cumulativeCpuUsage" : 999510,
        "virtualMemoryUsage" : 2133295104,
        "physicalMemoryUsage" : 361349120,
        "heapUsage" : 175112192
      },
      "vmemKbytes" : [ 1419577, 2079139, 2079140, 2079822, 2081451, 2080211, 2080212, 2080229, 2080739, 2081469, 2082199, 2082930 ]
    }, {
      "attemptID" : "attempt_1572946766556_1048_m_000000_1",
      "result" : "KILLED",
      "startTime" : 1575689206364,
      "finishTime" : 1575689253175,
      "hostName" : "/default-rack/slave4",
      "hdfsBytesRead" : 5505169,
      "hdfsBytesWritten" : 0,
      "fileBytesRead" : 0,
      "fileBytesWritten" : 123761,
      "mapInputRecords" : 174578,
      "mapInputBytes" : -1,
      "mapOutputBytes" : 21027902,
      "mapOutputRecords" : 648461,
      "combineInputRecords" : 0,
      "reduceInputGroups" : -1,
      "reduceInputRecords" : -1,
      "reduceShuffleBytes" : -1,
      "reduceOutputRecords" : -1,
      "spilledRecords" : 0,
      "shuffleFinished" : -1,
      "sortFinished" : -1,
      "location" : {
        "layers" : [ "default-rack", "slave4" ]
      },
      "clockSplits" : [ 11007, 7966, 7524, 7726, 7159, 4323, 180, 179, 179, 179, 179, 180 ],
      "cpuUsages" : [ 156517, 137999, 130087, 126438, 124934, 74105, 0, 0, 0, 0, 0, 0 ],
      "physMemKbytes" : [ 235011, 362443, 359912, 358097, 365833, 370069, 369952, 369951, 369952, 369952, 369951, 369952 ],
      "resourceUsageMetrics" : {
        "cumulativeCpuUsage" : 750080,
        "virtualMemoryUsage" : 2124836864,
        "physicalMemoryUsage" : 378830848,
        "heapUsage" : 192937984
      },
      "vmemKbytes" : [ 1397371, 2075035, 2075036, 2075035, 2075036, 2075035, 2075036, 2075035, 2075036, 2075036, 2075035, 2075036 ]
    } ],
    "preferredLocations" : [ ]
  }, {
    "inputBytes" : 1279951,
    "inputRecords" : 32202,
    "outputBytes" : 4613222,
    "outputRecords" : 203769,
    "taskID" : "task_1572946766556_1048_m_000001",
    "startTime" : 1575689190303,
    "finishTime" : 1575689204787,
    "taskType" : "MAP",
    "taskStatus" : "SUCCESS",
    "attempts" : [ {
      "attemptID" : "attempt_1572946766556_1048_m_000001_0",
      "result" : "SUCCESS",
      "startTime" : 1575689192465,
      "finishTime" : 1575689204787,
      "hostName" : "/default-rack/slave1",
      "hdfsBytesRead" : 1279951,
      "hdfsBytesWritten" : 0,
      "fileBytesRead" : 0,
      "fileBytesWritten" : 4613222,
      "mapInputRecords" : 32202,
      "mapInputBytes" : -1,
      "mapOutputBytes" : 4081855,
      "mapOutputRecords" : 203769,
      "combineInputRecords" : 0,
      "reduceInputGroups" : -1,
      "reduceInputRecords" : -1,
      "reduceShuffleBytes" : -1,
      "reduceOutputRecords" : -1,
      "spilledRecords" : 203769,
      "shuffleFinished" : -1,
      "sortFinished" : -1,
      "location" : {
        "layers" : [ "default-rack", "slave1" ]
      },
      "clockSplits" : [ 1532, 1532, 1532, 1533, 1532, 1400, 1352, 1432, 106, 107, 107, 107 ],
      "cpuUsages" : [ 14417, 14417, 14417, 14417, 14418, 14652, 14736, 9234, 2246, 2245, 2245, 2246 ],
      "physMemKbytes" : [ 31804, 95414, 159024, 222633, 286244, 333029, 336608, 337547, 334911, 331524, 328137, 324750 ],
      "resourceUsageMetrics" : {
        "cumulativeCpuUsage" : 119690,
        "virtualMemoryUsage" : 2121560064,
        "physicalMemoryUsage" : 330809344,
        "heapUsage" : 193462272
      },
      "vmemKbytes" : [ 196773, 590319, 983865, 1377411, 1770958, 2058066, 2071836, 2071835, 2071836, 2071836, 2071835, 2071836 ]
    } ],
    "preferredLocations" : [ ]
  } ],
  "reduceTasks" : [ {
    "inputBytes" : 19125688,
    "inputRecords" : 600639,
    "outputBytes" : 13858107,
    "outputRecords" : 5885,
    "taskID" : "task_1572946766556_1048_r_000000",
    "startTime" : 1575689190304,
    "finishTime" : 1575689334736,
    "taskType" : "REDUCE",
    "taskStatus" : "SUCCESS",
    "attempts" : [ {
      "attemptID" : "attempt_1572946766556_1048_r_000000_0",
      "result" : "SUCCESS",
      "startTime" : 1575689207379,
      "finishTime" : 1575689334736,
      "hostName" : "/default-rack/slave4",
      "hdfsBytesRead" : 0,
      "hdfsBytesWritten" : 13858107,
      "fileBytesRead" : 19125682,
      "fileBytesWritten" : 19249420,
      "mapInputRecords" : -1,
      "mapInputBytes" : -1,
      "mapOutputBytes" : -1,
      "mapOutputRecords" : -1,
      "combineInputRecords" : 0,
      "reduceInputGroups" : 5885,
      "reduceInputRecords" : 600639,
      "reduceShuffleBytes" : 19125688,
      "reduceOutputRecords" : 5885,
      "spilledRecords" : 600639,
      "shuffleFinished" : 1575689253726,
      "sortFinished" : 1575689253997,
      "location" : {
        "layers" : [ "default-rack", "slave4" ]
      },
      "clockSplits" : [ 3951, 3951, 38832, 137, 138, 137, 137, 138, 8408, 30790, 29256, 11460 ],
      "cpuUsages" : [ 239, 240, 2684, 964, 963, 964, 964, 963, 33228, 119630, 112029, 39962 ],
      "physMemKbytes" : [ 40585, 121757, 175030, 185347, 195664, 205981, 216298, 226615, 241185, 250974, 263486, 264683 ],
      "resourceUsageMetrics" : {
        "cumulativeCpuUsage" : 312830,
        "virtualMemoryUsage" : 2130497536,
        "physicalMemoryUsage" : 270958592,
        "heapUsage" : 142082048
      },
      "vmemKbytes" : [ 518269, 1554809, 2073829, 2075328, 2076828, 2078327, 2079827, 2081326, 2080991, 2080564, 2080563, 2080564 ]
    } ],
    "preferredLocations" : [ ]
  }, {
    "inputBytes" : 17529281,
    "inputRecords" : 537842,
    "outputBytes" : 12405158,
    "outputRecords" : 5958,
    "taskID" : "task_1572946766556_1048_r_000001",
    "startTime" : 1575689190304,
    "finishTime" : 1575689334985,
    "taskType" : "REDUCE",
    "taskStatus" : "SUCCESS",
    "attempts" : [ {
      "attemptID" : "attempt_1572946766556_1048_r_000001_0",
      "result" : "SUCCESS",
      "startTime" : 1575689207384,
      "finishTime" : 1575689334985,
      "hostName" : "/default-rack/slave5",
      "hdfsBytesRead" : 0,
      "hdfsBytesWritten" : 12405158,
      "fileBytesRead" : 17529275,
      "fileBytesWritten" : 17653013,
      "mapInputRecords" : -1,
      "mapInputBytes" : -1,
      "mapOutputBytes" : -1,
      "mapOutputRecords" : -1,
      "combineInputRecords" : 0,
      "reduceInputGroups" : 5958,
      "reduceInputRecords" : 537842,
      "reduceShuffleBytes" : 17529281,
      "reduceOutputRecords" : 5958,
      "spilledRecords" : 537842,
      "shuffleFinished" : 1575689253753,
      "sortFinished" : 1575689254004,
      "location" : {
        "layers" : [ "default-rack", "slave5" ]
      },
      "clockSplits" : [ 3941, 3941, 38853, 139, 139, 139, 139, 139, 7698, 36077, 15003, 21380 ],
      "cpuUsages" : [ 249, 250, 2789, 888, 888, 888, 888, 888, 26293, 125539, 45555, 67595 ],
      "physMemKbytes" : [ 42343, 127031, 189866, 198727, 207588, 216449, 225311, 234172, 241161, 257152, 263499, 265034 ],
      "resourceUsageMetrics" : {
        "cumulativeCpuUsage" : 272710,
        "virtualMemoryUsage" : 2127728640,
        "physicalMemoryUsage" : 272039936,
        "heapUsage" : 155189248
      },
      "vmemKbytes" : [ 518384, 1555154, 2085444, 2085773, 2086103, 2086432, 2086762, 2087091, 2081971, 2077860, 2077859, 2077860 ]
    } ],
    "preferredLocations" : [ ]
  } ],
  "otherTasks" : [ ],
  "successfulMapAttemptCDFs" : [ {
    "numberValues" : 0,
    "minimum" : -9223372036854775808,
    "rankings" : [ ],
    "maximum" : 9223372036854775807
  }, {
    "numberValues" : 0,
    "minimum" : -9223372036854775808,
    "rankings" : [ ],
    "maximum" : 9223372036854775807
  }, {
    "numberValues" : 0,
    "minimum" : -9223372036854775808,
    "rankings" : [ ],
    "maximum" : 9223372036854775807
  }, {
    "numberValues" : 2,
    "minimum" : 12322,
    "rankings" : [ {
      "relativeRanking" : 0.05,
      "datum" : 12322
    }, {
      "relativeRanking" : 0.1,
      "datum" : 12322
    }, {
      "relativeRanking" : 0.15,
      "datum" : 12322
    }, {
      "relativeRanking" : 0.2,
      "datum" : 12322
    }, {
      "relativeRanking" : 0.25,
      "datum" : 12322
    }, {
      "relativeRanking" : 0.3,
      "datum" : 12322
    }, {
      "relativeRanking" : 0.35,
      "datum" : 12322
    }, {
      "relativeRanking" : 0.4,
      "datum" : 12322
    }, {
      "relativeRanking" : 0.45,
      "datum" : 12322
    }, {
      "relativeRanking" : 0.5,
      "datum" : 12322
    }, {
      "relativeRanking" : 0.55,
      "datum" : 12322
    }, {
      "relativeRanking" : 0.6,
      "datum" : 12322
    }, {
      "relativeRanking" : 0.65,
      "datum" : 12322
    }, {
      "relativeRanking" : 0.7,
      "datum" : 12322
    }, {
      "relativeRanking" : 0.75,
      "datum" : 12322
    }, {
      "relativeRanking" : 0.8,
      "datum" : 12322
    }, {
      "relativeRanking" : 0.85,
      "datum" : 12322
    }, {
      "relativeRanking" : 0.9,
      "datum" : 12322
    }, {
      "relativeRanking" : 0.95,
      "datum" : 12322
    } ],
    "maximum" : 60671
  } ],
  "failedMapAttemptCDFs" : [ {
    "numberValues" : 0,
    "minimum" : -9223372036854775808,
    "rankings" : [ ],
    "maximum" : 9223372036854775807
  }, {
    "numberValues" : 0,
    "minimum" : -9223372036854775808,
    "rankings" : [ ],
    "maximum" : 9223372036854775807
  }, {
    "numberValues" : 0,
    "minimum" : -9223372036854775808,
    "rankings" : [ ],
    "maximum" : 9223372036854775807
  }, {
    "numberValues" : 0,
    "minimum" : -9223372036854775808,
    "rankings" : [ ],
    "maximum" : 9223372036854775807
  } ],
  "successfulReduceAttemptCDF" : {
    "numberValues" : 2,
    "minimum" : 127357,
    "rankings" : [ {
      "relativeRanking" : 0.05,
      "datum" : 127357
    }, {
      "relativeRanking" : 0.1,
      "datum" : 127357
    }, {
      "relativeRanking" : 0.15,
      "datum" : 127357
    }, {
      "relativeRanking" : 0.2,
      "datum" : 127357
    }, {
      "relativeRanking" : 0.25,
      "datum" : 127357
    }, {
      "relativeRanking" : 0.3,
      "datum" : 127357
    }, {
      "relativeRanking" : 0.35,
      "datum" : 127357
    }, {
      "relativeRanking" : 0.4,
      "datum" : 127357
    }, {
      "relativeRanking" : 0.45,
      "datum" : 127357
    }, {
      "relativeRanking" : 0.5,
      "datum" : 127357
    }, {
      "relativeRanking" : 0.55,
      "datum" : 127357
    }, {
      "relativeRanking" : 0.6,
      "datum" : 127357
    }, {
      "relativeRanking" : 0.65,
      "datum" : 127357
    }, {
      "relativeRanking" : 0.7,
      "datum" : 127357
    }, {
      "relativeRanking" : 0.75,
      "datum" : 127357
    }, {
      "relativeRanking" : 0.8,
      "datum" : 127357
    }, {
      "relativeRanking" : 0.85,
      "datum" : 127357
    }, {
      "relativeRanking" : 0.9,
      "datum" : 127357
    }, {
      "relativeRanking" : 0.95,
      "datum" : 127357
    } ],
    "maximum" : 127601
  },
  "failedReduceAttemptCDF" : {
    "numberValues" : 0,
    "minimum" : -9223372036854775808,
    "rankings" : [ ],
    "maximum" : 9223372036854775807
  },
  "queue" : "default",
  "jobName" : "CAC_Count-[1575689183595-Indexing1]",
  "clusterMapMB" : -1,
  "clusterReduceMB" : -1,
  "jobMapMB" : -1,
  "jobReduceMB" : -1,
  "relativeTime" : 0,
  "mapperTriesToSucceed" : [ 1.0 ],
  "failedMapperFraction" : 0.0,
  "jobProperties" : { }
}