{
  "jobID" : "job_1572946766556_0696",
  "user" : "hadoop",
  "computonsPerMapInputByte" : -1,
  "computonsPerMapOutputByte" : -1,
  "computonsPerReduceInputByte" : -1,
  "computonsPerReduceOutputByte" : -1,
  "submitTime" : 1575464112562,
  "launchTime" : 1575464116205,
  "finishTime" : 1575464139239,
  "heapMegabytes" : -1,
  "totalMaps" : 2,
  "totalReduces" : 4,
  "outcome" : "SUCCESS",
  "jobtype" : "JAVA",
  "priority" : "NORMAL",
  "directDependantJobs" : [ ],
  "mapTasks" : [ {
    "inputBytes" : 79565870,
    "inputRecords" : 2570811,
    "outputBytes" : 140958922,
    "outputRecords" : 2570810,
    "taskID" : "task_1572946766556_0696_m_000000",
    "startTime" : 1575464116289,
    "finishTime" : 1575464127905,
    "taskType" : "MAP",
    "taskStatus" : "SUCCESS",
    "attempts" : [ {
      "attemptID" : "attempt_1572946766556_0696_m_000000_0",
      "result" : "SUCCESS",
      "startTime" : 1575464118395,
      "finishTime" : 1575464127905,
      "hostName" : "/default-rack/slave3",
      "hdfsBytesRead" : 79565870,
      "hdfsBytesWritten" : 0,
      "fileBytesRead" : 71088856,
      "fileBytesWritten" : 140958922,
      "mapInputRecords" : 2570811,
      "mapInputBytes" : -1,
      "mapOutputBytes" : 65275490,
      "mapOutputRecords" : 2570810,
      "combineInputRecords" : 0,
      "reduceInputGroups" : -1,
      "reduceInputRecords" : -1,
      "reduceShuffleBytes" : -1,
      "reduceOutputRecords" : -1,
      "spilledRecords" : 5141620,
      "shuffleFinished" : -1,
      "sortFinished" : -1,
      "location" : {
        "layers" : [ "default-rack", "slave3" ]
      },
      "clockSplits" : [ 6451, 216, 216, 217, 216, 216, 216, 217, 383, 383, 384, 384 ],
      "cpuUsages" : [ 1882, 1883, 1883, 1883, 1883, 1882, 1883, 1883, 745, 741, 741, 741 ],
      "physMemKbytes" : [ 17402, 52206, 87011, 121815, 156620, 191424, 226229, 261033, 279231, 280554, 281875, 283198 ],
      "vmemKbytes" : [ 129255, 387766, 646277, 904788, 1163300, 1421811, 1680322, 1938833, 2069504, 2070278, 2071049, 2071822 ],
      "resourceUsageMetrics" : {
        "cumulativeCpuUsage" : 18030,
        "virtualMemoryUsage" : 2121940992,
        "physicalMemoryUsage" : 290672640,
        "heapUsage" : 208142336
      }
    }, {
      "attemptID" : "attempt_1572946766556_0696_m_000000_1",
      "result" : "KILLED",
      "startTime" : 1575464127326,
      "finishTime" : 1575464127930,
      "hostName" : "/default-rack/slave3",
      "hdfsBytesRead" : -1,
      "hdfsBytesWritten" : -1,
      "fileBytesRead" : -1,
      "fileBytesWritten" : -1,
      "mapInputRecords" : -1,
      "mapInputBytes" : -1,
      "mapOutputBytes" : -1,
      "mapOutputRecords" : -1,
      "combineInputRecords" : -1,
      "reduceInputGroups" : -1,
      "reduceInputRecords" : -1,
      "reduceShuffleBytes" : -1,
      "reduceOutputRecords" : -1,
      "spilledRecords" : -1,
      "shuffleFinished" : -1,
      "sortFinished" : -1,
      "location" : {
        "layers" : [ "default-rack", "slave3" ]
      },
      "clockSplits" : [ 48, 48, 49, 48, 49, 48, 48, 49, 48, 49, 48, 49 ],
      "cpuUsages" : [ 0, 0, 0, 0, 0, 0, 0, 0, 0, 0, 0, 0 ],
      "physMemKbytes" : [ 0, 0, 0, 0, 0, 0, 0, 0, 0, 0, 0, 0 ],
      "vmemKbytes" : [ 0, 0, 0, 0, 0, 0, 0, 0, 0, 0, 0, 0 ],
      "resourceUsageMetrics" : {
        "cumulativeCpuUsage" : 0,
        "virtualMemoryUsage" : 0,
        "physicalMemoryUsage" : 0,
        "heapUsage" : 0
      }
    } ],
    "preferredLocations" : [ ]
  }, {
    "inputBytes" : 63092039,
    "inputRecords" : 1299730,
    "outputBytes" : 144540666,
    "outputRecords" : 1299729,
    "taskID" : "task_1572946766556_0696_m_000001",
    "startTime" : 1575464116290,
    "finishTime" : 1575464125128,
    "taskType" : "MAP",
    "taskStatus" : "SUCCESS",
    "attempts" : [ {
      "attemptID" : "attempt_1572946766556_0696_m_000001_0",
      "result" : "SUCCESS",
      "startTime" : 1575464118402,
      "finishTime" : 1575464125128,
      "hostName" : "/default-rack/slave3",
      "hdfsBytesRead" : 63092039,
      "hdfsBytesWritten" : 0,
      "fileBytesRead" : 73062149,
      "fileBytesWritten" : 144540666,
      "mapInputRecords" : 1299730,
      "mapInputBytes" : -1,
      "mapOutputBytes" : 69599284,
      "mapOutputRecords" : 1299729,
      "combineInputRecords" : 0,
      "reduceInputGroups" : -1,
      "reduceInputRecords" : -1,
      "reduceShuffleBytes" : -1,
      "reduceOutputRecords" : -1,
      "spilledRecords" : 2599458,
      "shuffleFinished" : -1,
      "sortFinished" : -1,
      "location" : {
        "layers" : [ "default-rack", "slave3" ]
      },
      "clockSplits" : [ 4692, 182, 182, 182, 182, 183, 182, 182, 182, 182, 182, 183 ],
      "cpuUsages" : [ 986, 987, 987, 986, 987, 987, 986, 987, 987, 986, 987, 987 ],
      "physMemKbytes" : [ 11777, 35332, 58887, 82442, 105997, 129552, 153107, 176662, 200217, 223772, 247327, 270882 ],
      "vmemKbytes" : [ 86453, 259360, 432269, 605176, 778084, 950991, 1123899, 1296806, 1469715, 1642622, 1815529, 1988438 ],
      "resourceUsageMetrics" : {
        "cumulativeCpuUsage" : 11840,
        "virtualMemoryUsage" : 2124689408,
        "physicalMemoryUsage" : 289443840,
        "heapUsage" : 207093760
      }
    } ],
    "preferredLocations" : [ ]
  } ],
  "reduceTasks" : [ {
    "inputBytes" : 35475711,
    "inputRecords" : 960696,
    "outputBytes" : 117366671,
    "outputRecords" : 1892904,
    "taskID" : "task_1572946766556_0696_r_000000",
    "startTime" : 1575464116291,
    "finishTime" : 1575464138082,
    "taskType" : "REDUCE",
    "taskStatus" : "SUCCESS",
    "attempts" : [ {
      "attemptID" : "attempt_1572946766556_0696_r_000000_0",
      "result" : "SUCCESS",
      "startTime" : 1575464127323,
      "finishTime" : 1575464138082,
      "hostName" : "/default-rack/slave5",
      "hdfsBytesRead" : 0,
      "hdfsBytesWritten" : 117366671,
      "fileBytesRead" : 35475705,
      "fileBytesWritten" : 35600184,
      "mapInputRecords" : -1,
      "mapInputBytes" : -1,
      "mapOutputBytes" : -1,
      "mapOutputRecords" : -1,
      "combineInputRecords" : 0,
      "reduceInputGroups" : 107400,
      "reduceInputRecords" : 960696,
      "reduceShuffleBytes" : 35475711,
      "reduceOutputRecords" : 1892904,
      "spilledRecords" : 960696,
      "shuffleFinished" : 1575464130300,
      "sortFinished" : 1575464130862,
      "location" : {
        "layers" : [ "default-rack", "slave5" ]
      },
      "clockSplits" : [ 3937, 421, 421, 421, 421, 421, 421, 422, 421, 421, 1247, 1772 ],
      "cpuUsages" : [ 1169, 1170, 1169, 1170, 1169, 1170, 1169, 1170, 1170, 1169, 2431, 3234 ],
      "physMemKbytes" : [ 9264, 27794, 46323, 64852, 83383, 101912, 120442, 138971, 157501, 176031, 191450, 194595 ],
      "vmemKbytes" : [ 100170, 300510, 500851, 701192, 901533, 1101873, 1302214, 1502555, 1702896, 1903236, 2066498, 2083453 ],
      "resourceUsageMetrics" : {
        "cumulativeCpuUsage" : 17360,
        "virtualMemoryUsage" : 2134470656,
        "physicalMemoryUsage" : 200232960,
        "heapUsage" : 135790592
      }
    } ],
    "preferredLocations" : [ ]
  }, {
    "inputBytes" : 35795216,
    "inputRecords" : 972611,
    "outputBytes" : 117030796,
    "outputRecords" : 1896626,
    "taskID" : "task_1572946766556_0696_r_000001",
    "startTime" : 1575464116291,
    "finishTime" : 1575464137982,
    "taskType" : "REDUCE",
    "taskStatus" : "SUCCESS",
    "attempts" : [ {
      "attemptID" : "attempt_1572946766556_0696_r_000001_0",
      "result" : "SUCCESS",
      "startTime" : 1575464127333,
      "finishTime" : 1575464137982,
      "hostName" : "/default-rack/slave4",
      "hdfsBytesRead" : 0,
      "hdfsBytesWritten" : 117030796,
      "fileBytesRead" : 35795210,
      "fileBytesWritten" : 35919689,
      "mapInputRecords" : -1,
      "mapInputBytes" : -1,
      "mapOutputBytes" : -1,
      "mapOutputRecords" : -1,
      "combineInputRecords" : 0,
      "reduceInputGroups" : 108684,
      "reduceInputRecords" : 972611,
      "reduceShuffleBytes" : 35795216,
      "reduceOutputRecords" : 1896626,
      "spilledRecords" : 972611,
      "shuffleFinished" : 1575464129965,
      "sortFinished" : 1575464130577,
      "location" : {
        "layers" : [ "default-rack", "slave4" ]
      },
      "clockSplits" : [ 3683, 435, 435, 434, 435, 435, 435, 434, 435, 435, 1224, 1814 ],
      "cpuUsages" : [ 1120, 1120, 1120, 1120, 1120, 1121, 1120, 1120, 1120, 1120, 2355, 3274 ],
      "physMemKbytes" : [ 9916, 29748, 49581, 69414, 89247, 109080, 128913, 148745, 168578, 188411, 205074, 207360 ],
      "vmemKbytes" : [ 100015, 300047, 500079, 700110, 900142, 1100173, 1300205, 1500236, 1700269, 1900300, 2067488, 2085720 ],
      "resourceUsageMetrics" : {
        "cumulativeCpuUsage" : 16830,
        "virtualMemoryUsage" : 2135777280,
        "physicalMemoryUsage" : 212606976,
        "heapUsage" : 135790592
      }
    } ],
    "preferredLocations" : [ ]
  }, {
    "inputBytes" : 35337632,
    "inputRecords" : 957865,
    "outputBytes" : 115266600,
    "outputRecords" : 1864815,
    "taskID" : "task_1572946766556_0696_r_000002",
    "startTime" : 1575464116291,
    "finishTime" : 1575464139147,
    "taskType" : "REDUCE",
    "taskStatus" : "SUCCESS",
    "attempts" : [ {
      "attemptID" : "attempt_1572946766556_0696_r_000002_0",
      "result" : "SUCCESS",
      "startTime" : 1575464127332,
      "finishTime" : 1575464139147,
      "hostName" : "/default-rack/slave2",
      "hdfsBytesRead" : 0,
      "hdfsBytesWritten" : 115266600,
      "fileBytesRead" : 35337626,
      "fileBytesWritten" : 35462105,
      "mapInputRecords" : -1,
      "mapInputBytes" : -1,
      "mapOutputBytes" : -1,
      "mapOutputRecords" : -1,
      "combineInputRecords" : 0,
      "reduceInputGroups" : 107402,
      "reduceInputRecords" : 957865,
      "reduceShuffleBytes" : 35337632,
      "reduceOutputRecords" : 1864815,
      "spilledRecords" : 957865,
      "shuffleFinished" : 1575464130435,
      "sortFinished" : 1575464131093,
      "location" : {
        "layers" : [ "default-rack", "slave2" ]
      },
      "clockSplits" : [ 4166, 427, 427, 427, 427, 427, 427, 427, 427, 427, 1720, 2073 ],
      "cpuUsages" : [ 1048, 1048, 1048, 1049, 1048, 1048, 1048, 1049, 1048, 1048, 2488, 3150 ],
      "physMemKbytes" : [ 9403, 28209, 47016, 65823, 84630, 103437, 122244, 141050, 159857, 178664, 190279, 191280 ],
      "vmemKbytes" : [ 102986, 308958, 514930, 720901, 926874, 1132846, 1338819, 1544790, 1750763, 1956735, 2081510, 2083261 ],
      "resourceUsageMetrics" : {
        "cumulativeCpuUsage" : 16120,
        "virtualMemoryUsage" : 2136215552,
        "physicalMemoryUsage" : 198250496,
        "heapUsage" : 135266304
      }
    } ],
    "preferredLocations" : [ ]
  }, {
    "inputBytes" : 36016581,
    "inputRecords" : 979367,
    "outputBytes" : 118228254,
    "outputRecords" : 1913423,
    "taskID" : "task_1572946766556_0696_r_000003",
    "startTime" : 1575464116291,
    "finishTime" : 1575464138369,
    "taskType" : "REDUCE",
    "taskStatus" : "SUCCESS",
    "attempts" : [ {
      "attemptID" : "attempt_1572946766556_0696_r_000003_0",
      "result" : "SUCCESS",
      "startTime" : 1575464127328,
      "finishTime" : 1575464138369,
      "hostName" : "/default-rack/slave1",
      "hdfsBytesRead" : 0,
      "hdfsBytesWritten" : 118228254,
      "fileBytesRead" : 36016575,
      "fileBytesWritten" : 36141054,
      "mapInputRecords" : -1,
      "mapInputBytes" : -1,
      "mapOutputBytes" : -1,
      "mapOutputRecords" : -1,
      "combineInputRecords" : 0,
      "reduceInputGroups" : 108985,
      "reduceInputRecords" : 979367,
      "reduceShuffleBytes" : 36016581,
      "reduceOutputRecords" : 1913423,
      "spilledRecords" : 979367,
      "shuffleFinished" : 1575464130422,
      "sortFinished" : 1575464130979,
      "location" : {
        "layers" : [ "default-rack", "slave1" ]
      },
      "clockSplits" : [ 4050, 421, 420, 421, 420, 421, 421, 420, 421, 420, 1347, 1841 ],
      "cpuUsages" : [ 1171, 1171, 1171, 1172, 1171, 1171, 1171, 1172, 1171, 1171, 2370, 3008 ],
      "physMemKbytes" : [ 9307, 27921, 46536, 65151, 83766, 102381, 120996, 139611, 158226, 176841, 191814, 194349 ],
      "vmemKbytes" : [ 100496, 301489, 502482, 703475, 904468, 1105461, 1306455, 1507448, 1708441, 1909434, 2067656, 2079800 ],
      "resourceUsageMetrics" : {
        "cumulativeCpuUsage" : 17090,
        "virtualMemoryUsage" : 2129715200,
        "physicalMemoryUsage" : 199782400,
        "heapUsage" : 136839168
      }
    } ],
    "preferredLocations" : [ ]
  } ],
  "otherTasks" : [ ],
  "successfulMapAttemptCDFs" : [ {
    "numberValues" : 0,
    "minimum" : -9223372036854775808,
    "rankings" : [ ],
    "maximum" : 9223372036854775807
  }, {
    "numberValues" : 0,
    "minimum" : -9223372036854775808,
    "rankings" : [ ],
    "maximum" : 9223372036854775807
  }, {
    "numberValues" : 0,
    "minimum" : -9223372036854775808,
    "rankings" : [ ],
    "maximum" : 9223372036854775807
  }, {
    "numberValues" : 2,
    "minimum" : 6726,
    "rankings" : [ {
      "relativeRanking" : 0.05,
      "datum" : 6726
    }, {
      "relativeRanking" : 0.1,
      "datum" : 6726
    }, {
      "relativeRanking" : 0.15,
      "datum" : 6726
    }, {
      "relativeRanking" : 0.2,
      "datum" : 6726
    }, {
      "relativeRanking" : 0.25,
      "datum" : 6726
    }, {
      "relativeRanking" : 0.3,
      "datum" : 6726
    }, {
      "relativeRanking" : 0.35,
      "datum" : 6726
    }, {
      "relativeRanking" : 0.4,
      "datum" : 6726
    }, {
      "relativeRanking" : 0.45,
      "datum" : 6726
    }, {
      "relativeRanking" : 0.5,
      "datum" : 6726
    }, {
      "relativeRanking" : 0.55,
      "datum" : 6726
    }, {
      "relativeRanking" : 0.6,
      "datum" : 6726
    }, {
      "relativeRanking" : 0.65,
      "datum" : 6726
    }, {
      "relativeRanking" : 0.7,
      "datum" : 6726
    }, {
      "relativeRanking" : 0.75,
      "datum" : 6726
    }, {
      "relativeRanking" : 0.8,
      "datum" : 6726
    }, {
      "relativeRanking" : 0.85,
      "datum" : 6726
    }, {
      "relativeRanking" : 0.9,
      "datum" : 6726
    }, {
      "relativeRanking" : 0.95,
      "datum" : 6726
    } ],
    "maximum" : 9510
  } ],
  "failedMapAttemptCDFs" : [ {
    "numberValues" : 0,
    "minimum" : -9223372036854775808,
    "rankings" : [ ],
    "maximum" : 9223372036854775807
  }, {
    "numberValues" : 0,
    "minimum" : -9223372036854775808,
    "rankings" : [ ],
    "maximum" : 9223372036854775807
  }, {
    "numberValues" : 0,
    "minimum" : -9223372036854775808,
    "rankings" : [ ],
    "maximum" : 9223372036854775807
  }, {
    "numberValues" : 0,
    "minimum" : -9223372036854775808,
    "rankings" : [ ],
    "maximum" : 9223372036854775807
  } ],
  "successfulReduceAttemptCDF" : {
    "numberValues" : 4,
    "minimum" : 10649,
    "rankings" : [ {
      "relativeRanking" : 0.05,
      "datum" : 10649
    }, {
      "relativeRanking" : 0.1,
      "datum" : 10649
    }, {
      "relativeRanking" : 0.15,
      "datum" : 10649
    }, {
      "relativeRanking" : 0.2,
      "datum" : 10649
    }, {
      "relativeRanking" : 0.25,
      "datum" : 10649
    }, {
      "relativeRanking" : 0.3,
      "datum" : 10649
    }, {
      "relativeRanking" : 0.35,
      "datum" : 10649
    }, {
      "relativeRanking" : 0.4,
      "datum" : 10649
    }, {
      "relativeRanking" : 0.45,
      "datum" : 10649
    }, {
      "relativeRanking" : 0.5,
      "datum" : 10759
    }, {
      "relativeRanking" : 0.55,
      "datum" : 10759
    }, {
      "relativeRanking" : 0.6,
      "datum" : 10759
    }, {
      "relativeRanking" : 0.65,
      "datum" : 10759
    }, {
      "relativeRanking" : 0.7,
      "datum" : 10759
    }, {
      "relativeRanking" : 0.75,
      "datum" : 11041
    }, {
      "relativeRanking" : 0.8,
      "datum" : 11041
    }, {
      "relativeRanking" : 0.85,
      "datum" : 11041
    }, {
      "relativeRanking" : 0.9,
      "datum" : 11041
    }, {
      "relativeRanking" : 0.95,
      "datum" : 11041
    } ],
    "maximum" : 11815
  },
  "failedReduceAttemptCDF" : {
    "numberValues" : 0,
    "minimum" : -9223372036854775808,
    "rankings" : [ ],
    "maximum" : 9223372036854775807
  },
  "queue" : "default",
  "jobName" : "ReduceJoin-[1575464109289]",
  "clusterMapMB" : -1,
  "clusterReduceMB" : -1,
  "jobMapMB" : -1,
  "jobReduceMB" : -1,
  "relativeTime" : 0,
  "mapperTriesToSucceed" : [ 1.0 ],
  "failedMapperFraction" : 0.0,
  "jobProperties" : { }
}