{
  "jobID" : "job_1572946766556_0697",
  "user" : "hadoop",
  "computonsPerMapInputByte" : -1,
  "computonsPerMapOutputByte" : -1,
  "computonsPerReduceInputByte" : -1,
  "computonsPerReduceOutputByte" : -1,
  "submitTime" : 1575464159446,
  "launchTime" : 1575464163427,
  "finishTime" : 1575464187077,
  "heapMegabytes" : -1,
  "totalMaps" : 2,
  "totalReduces" : 4,
  "outcome" : "SUCCESS",
  "jobtype" : "JAVA",
  "priority" : "NORMAL",
  "directDependantJobs" : [ ],
  "mapTasks" : [ {
    "inputBytes" : 79565870,
    "inputRecords" : 2570811,
    "outputBytes" : 140958922,
    "outputRecords" : 2570810,
    "taskID" : "task_1572946766556_0697_m_000000",
    "startTime" : 1575464163491,
    "finishTime" : 1575464176432,
    "taskType" : "MAP",
    "taskStatus" : "SUCCESS",
    "attempts" : [ {
      "attemptID" : "attempt_1572946766556_0697_m_000000_0",
      "result" : "SUCCESS",
      "startTime" : 1575464165655,
      "finishTime" : 1575464176432,
      "hostName" : "/default-rack/slave3",
      "hdfsBytesRead" : 79565870,
      "hdfsBytesWritten" : 0,
      "fileBytesRead" : 70826712,
      "fileBytesWritten" : 140958922,
      "mapInputRecords" : 2570811,
      "mapInputBytes" : -1,
      "mapOutputBytes" : 65275490,
      "mapOutputRecords" : 2570810,
      "combineInputRecords" : 0,
      "reduceInputGroups" : -1,
      "reduceInputRecords" : -1,
      "reduceShuffleBytes" : -1,
      "reduceOutputRecords" : -1,
      "spilledRecords" : 5141620,
      "shuffleFinished" : -1,
      "sortFinished" : -1,
      "location" : {
        "layers" : [ "default-rack", "slave3" ]
      },
      "clockSplits" : [ 7322, 104, 103, 104, 103, 104, 104, 103, 677, 680, 679, 680 ],
      "cpuUsages" : [ 2090, 2090, 2090, 2090, 2091, 2090, 2090, 2090, 1133, 1128, 1129, 1129 ],
      "physMemKbytes" : [ 17655, 52966, 88279, 123590, 158903, 194214, 229526, 264837, 283137, 284149, 285160, 286173 ],
      "vmemKbytes" : [ 129492, 388478, 647463, 906448, 1165434, 1424419, 1683405, 1942390, 2073300, 2074074, 2074845, 2075618 ],
      "resourceUsageMetrics" : {
        "cumulativeCpuUsage" : 21240,
        "virtualMemoryUsage" : 2125828096,
        "physicalMemoryUsage" : 293560320,
        "heapUsage" : 208142336
      }
    }, {
      "attemptID" : "attempt_1572946766556_0697_m_000000_1",
      "result" : "KILLED",
      "startTime" : 1575464174539,
      "finishTime" : 1575464176459,
      "hostName" : "/default-rack/slave3",
      "hdfsBytesRead" : -1,
      "hdfsBytesWritten" : -1,
      "fileBytesRead" : -1,
      "fileBytesWritten" : -1,
      "mapInputRecords" : -1,
      "mapInputBytes" : -1,
      "mapOutputBytes" : -1,
      "mapOutputRecords" : -1,
      "combineInputRecords" : -1,
      "reduceInputGroups" : -1,
      "reduceInputRecords" : -1,
      "reduceShuffleBytes" : -1,
      "reduceOutputRecords" : -1,
      "spilledRecords" : -1,
      "shuffleFinished" : -1,
      "sortFinished" : -1,
      "location" : {
        "layers" : [ "default-rack", "slave3" ]
      },
      "clockSplits" : [ 157, 158, 158, 158, 158, 158, 158, 158, 158, 158, 158, 158 ],
      "cpuUsages" : [ 0, 0, 0, 0, 0, 0, 0, 0, 0, 0, 0, 0 ],
      "physMemKbytes" : [ 0, 0, 0, 0, 0, 0, 0, 0, 0, 0, 0, 0 ],
      "vmemKbytes" : [ 0, 0, 0, 0, 0, 0, 0, 0, 0, 0, 0, 0 ],
      "resourceUsageMetrics" : {
        "cumulativeCpuUsage" : 0,
        "virtualMemoryUsage" : 0,
        "physicalMemoryUsage" : 0,
        "heapUsage" : 0
      }
    } ],
    "preferredLocations" : [ ]
  }, {
    "inputBytes" : 63092039,
    "inputRecords" : 1299730,
    "outputBytes" : 144540642,
    "outputRecords" : 1299729,
    "taskID" : "task_1572946766556_0697_m_000001",
    "startTime" : 1575464163493,
    "finishTime" : 1575464172683,
    "taskType" : "MAP",
    "taskStatus" : "SUCCESS",
    "attempts" : [ {
      "attemptID" : "attempt_1572946766556_0697_m_000001_0",
      "result" : "SUCCESS",
      "startTime" : 1575464165661,
      "finishTime" : 1575464172683,
      "hostName" : "/default-rack/slave3",
      "hdfsBytesRead" : 63092039,
      "hdfsBytesWritten" : 0,
      "fileBytesRead" : 72537855,
      "fileBytesWritten" : 144540642,
      "mapInputRecords" : 1299730,
      "mapInputBytes" : -1,
      "mapOutputBytes" : 69599284,
      "mapOutputRecords" : 1299729,
      "combineInputRecords" : 0,
      "reduceInputGroups" : -1,
      "reduceInputRecords" : -1,
      "reduceShuffleBytes" : -1,
      "reduceOutputRecords" : -1,
      "spilledRecords" : 2599458,
      "shuffleFinished" : -1,
      "sortFinished" : -1,
      "location" : {
        "layers" : [ "default-rack", "slave3" ]
      },
      "clockSplits" : [ 4529, 224, 224, 224, 224, 224, 224, 224, 224, 224, 224, 225 ],
      "cpuUsages" : [ 1035, 1035, 1035, 1035, 1035, 1035, 1035, 1035, 1035, 1035, 1035, 1035 ],
      "physMemKbytes" : [ 11547, 34641, 57736, 80830, 103925, 127020, 150115, 173209, 196304, 219399, 242493, 265588 ],
      "vmemKbytes" : [ 86375, 259126, 431877, 604628, 777379, 950130, 1122881, 1295632, 1468383, 1641134, 1813885, 1986636 ],
      "resourceUsageMetrics" : {
        "cumulativeCpuUsage" : 12420,
        "virtualMemoryUsage" : 2122764288,
        "physicalMemoryUsage" : 283787264,
        "heapUsage" : 207093760
      }
    } ],
    "preferredLocations" : [ ]
  } ],
  "reduceTasks" : [ {
    "inputBytes" : 35475711,
    "inputRecords" : 960696,
    "outputBytes" : 117366671,
    "outputRecords" : 1892904,
    "taskID" : "task_1572946766556_0697_r_000000",
    "startTime" : 1575464163494,
    "finishTime" : 1575464185426,
    "taskType" : "REDUCE",
    "taskStatus" : "SUCCESS",
    "attempts" : [ {
      "attemptID" : "attempt_1572946766556_0697_r_000000_0",
      "result" : "SUCCESS",
      "startTime" : 1575464175564,
      "finishTime" : 1575464185426,
      "hostName" : "/default-rack/slave3",
      "hdfsBytesRead" : 0,
      "hdfsBytesWritten" : 117366671,
      "fileBytesRead" : 35475705,
      "fileBytesWritten" : 35600184,
      "mapInputRecords" : -1,
      "mapInputBytes" : -1,
      "mapOutputBytes" : -1,
      "mapOutputRecords" : -1,
      "combineInputRecords" : 0,
      "reduceInputGroups" : 107400,
      "reduceInputRecords" : 960696,
      "reduceShuffleBytes" : 35475711,
      "reduceOutputRecords" : 1892904,
      "spilledRecords" : 960696,
      "shuffleFinished" : 1575464177514,
      "sortFinished" : 1575464178066,
      "location" : {
        "layers" : [ "default-rack", "slave3" ]
      },
      "clockSplits" : [ 2958, 487, 487, 488, 487, 487, 487, 488, 487, 487, 630, 1859 ],
      "cpuUsages" : [ 1218, 1219, 1219, 1219, 1219, 1219, 1218, 1219, 1219, 1219, 1420, 3152 ],
      "physMemKbytes" : [ 9039, 27117, 45195, 63272, 81351, 99428, 117507, 135584, 153663, 171741, 189736, 198712 ],
      "vmemKbytes" : [ 95449, 286347, 477245, 668142, 859041, 1049938, 1240837, 1431735, 1622634, 1813532, 2003391, 2079960 ],
      "resourceUsageMetrics" : {
        "cumulativeCpuUsage" : 16760,
        "virtualMemoryUsage" : 2129879040,
        "physicalMemoryUsage" : 204955648,
        "heapUsage" : 138412032
      }
    } ],
    "preferredLocations" : [ ]
  }, {
    "inputBytes" : 35795216,
    "inputRecords" : 972611,
    "outputBytes" : 117030796,
    "outputRecords" : 1896626,
    "taskID" : "task_1572946766556_0697_r_000001",
    "startTime" : 1575464163494,
    "finishTime" : 1575464185431,
    "taskType" : "REDUCE",
    "taskStatus" : "SUCCESS",
    "attempts" : [ {
      "attemptID" : "attempt_1572946766556_0697_r_000001_0",
      "result" : "SUCCESS",
      "startTime" : 1575464175575,
      "finishTime" : 1575464185431,
      "hostName" : "/default-rack/slave4",
      "hdfsBytesRead" : 0,
      "hdfsBytesWritten" : 117030796,
      "fileBytesRead" : 35795210,
      "fileBytesWritten" : 35919689,
      "mapInputRecords" : -1,
      "mapInputBytes" : -1,
      "mapOutputBytes" : -1,
      "mapOutputRecords" : -1,
      "combineInputRecords" : 0,
      "reduceInputGroups" : 108684,
      "reduceInputRecords" : 972611,
      "reduceShuffleBytes" : 35795216,
      "reduceOutputRecords" : 1896626,
      "spilledRecords" : 972611,
      "shuffleFinished" : 1575464177722,
      "sortFinished" : 1575464178269,
      "location" : {
        "layers" : [ "default-rack", "slave4" ]
      },
      "clockSplits" : [ 3160, 463, 463, 463, 462, 463, 463, 463, 463, 462, 717, 1800 ],
      "cpuUsages" : [ 1235, 1236, 1236, 1236, 1236, 1236, 1235, 1236, 1236, 1236, 1650, 3422 ],
      "physMemKbytes" : [ 9019, 27058, 45098, 63137, 81176, 99215, 117255, 135294, 153334, 171373, 189103, 195573 ],
      "vmemKbytes" : [ 96377, 289131, 481885, 674638, 867393, 1060146, 1252901, 1445654, 1638409, 1831163, 2020451, 2083740 ],
      "resourceUsageMetrics" : {
        "cumulativeCpuUsage" : 17430,
        "virtualMemoryUsage" : 2133749760,
        "physicalMemoryUsage" : 200683520,
        "heapUsage" : 134742016
      }
    } ],
    "preferredLocations" : [ ]
  }, {
    "inputBytes" : 35337632,
    "inputRecords" : 957865,
    "outputBytes" : 115266600,
    "outputRecords" : 1864815,
    "taskID" : "task_1572946766556_0697_r_000002",
    "startTime" : 1575464163494,
    "finishTime" : 1575464186121,
    "taskType" : "REDUCE",
    "taskStatus" : "SUCCESS",
    "attempts" : [ {
      "attemptID" : "attempt_1572946766556_0697_r_000002_0",
      "result" : "SUCCESS",
      "startTime" : 1575464175570,
      "finishTime" : 1575464186121,
      "hostName" : "/default-rack/slave5",
      "hdfsBytesRead" : 0,
      "hdfsBytesWritten" : 115266600,
      "fileBytesRead" : 35337626,
      "fileBytesWritten" : 35462105,
      "mapInputRecords" : -1,
      "mapInputBytes" : -1,
      "mapOutputBytes" : -1,
      "mapOutputRecords" : -1,
      "combineInputRecords" : 0,
      "reduceInputGroups" : 107402,
      "reduceInputRecords" : 957865,
      "reduceShuffleBytes" : 35337632,
      "reduceOutputRecords" : 1864815,
      "spilledRecords" : 957865,
      "shuffleFinished" : 1575464178318,
      "sortFinished" : 1575464178877,
      "location" : {
        "layers" : [ "default-rack", "slave5" ]
      },
      "clockSplits" : [ 3730, 445, 445, 445, 446, 445, 445, 445, 446, 445, 1034, 1767 ],
      "cpuUsages" : [ 1367, 1367, 1367, 1367, 1368, 1367, 1367, 1367, 1368, 1367, 2133, 3085 ],
      "physMemKbytes" : [ 9231, 27693, 46156, 64619, 83082, 101545, 120008, 138470, 156933, 175396, 192161, 196157 ],
      "vmemKbytes" : [ 98667, 296004, 493341, 690677, 888014, 1085351, 1282688, 1480024, 1677361, 1874698, 2052530, 2083749 ],
      "resourceUsageMetrics" : {
        "cumulativeCpuUsage" : 18890,
        "virtualMemoryUsage" : 2134315008,
        "physicalMemoryUsage" : 201568256,
        "heapUsage" : 136839168
      }
    } ],
    "preferredLocations" : [ ]
  }, {
    "inputBytes" : 36016581,
    "inputRecords" : 979367,
    "outputBytes" : 118228254,
    "outputRecords" : 1913423,
    "taskID" : "task_1572946766556_0697_r_000003",
    "startTime" : 1575464163494,
    "finishTime" : 1575464186967,
    "taskType" : "REDUCE",
    "taskStatus" : "SUCCESS",
    "attempts" : [ {
      "attemptID" : "attempt_1572946766556_0697_r_000003_0",
      "result" : "SUCCESS",
      "startTime" : 1575464175570,
      "finishTime" : 1575464186967,
      "hostName" : "/default-rack/slave2",
      "hdfsBytesRead" : 0,
      "hdfsBytesWritten" : 118228254,
      "fileBytesRead" : 36016575,
      "fileBytesWritten" : 36141054,
      "mapInputRecords" : -1,
      "mapInputBytes" : -1,
      "mapOutputBytes" : -1,
      "mapOutputRecords" : -1,
      "combineInputRecords" : 0,
      "reduceInputGroups" : 108985,
      "reduceInputRecords" : 979367,
      "reduceShuffleBytes" : 36016581,
      "reduceOutputRecords" : 1913423,
      "spilledRecords" : 979367,
      "shuffleFinished" : 1575464178311,
      "sortFinished" : 1575464178950,
      "location" : {
        "layers" : [ "default-rack", "slave2" ]
      },
      "clockSplits" : [ 3801, 445, 446, 445, 446, 445, 445, 446, 445, 446, 1539, 2036 ],
      "cpuUsages" : [ 1152, 1153, 1153, 1153, 1153, 1153, 1153, 1152, 1153, 1153, 2417, 3575 ],
      "physMemKbytes" : [ 9359, 28077, 46796, 65515, 84234, 102953, 121672, 140391, 159110, 177829, 191222, 192536 ],
      "vmemKbytes" : [ 101673, 305019, 508366, 711712, 915059, 1118406, 1321753, 1525099, 1728446, 1931793, 2075698, 2081332 ],
      "resourceUsageMetrics" : {
        "cumulativeCpuUsage" : 17520,
        "virtualMemoryUsage" : 2131283968,
        "physicalMemoryUsage" : 201682944,
        "heapUsage" : 135266304
      }
    } ],
    "preferredLocations" : [ ]
  } ],
  "otherTasks" : [ ],
  "successfulMapAttemptCDFs" : [ {
    "numberValues" : 0,
    "minimum" : -9223372036854775808,
    "rankings" : [ ],
    "maximum" : 9223372036854775807
  }, {
    "numberValues" : 0,
    "minimum" : -9223372036854775808,
    "rankings" : [ ],
    "maximum" : 9223372036854775807
  }, {
    "numberValues" : 0,
    "minimum" : -9223372036854775808,
    "rankings" : [ ],
    "maximum" : 9223372036854775807
  }, {
    "numberValues" : 2,
    "minimum" : 7022,
    "rankings" : [ {
      "relativeRanking" : 0.05,
      "datum" : 7022
    }, {
      "relativeRanking" : 0.1,
      "datum" : 7022
    }, {
      "relativeRanking" : 0.15,
      "datum" : 7022
    }, {
      "relativeRanking" : 0.2,
      "datum" : 7022
    }, {
      "relativeRanking" : 0.25,
      "datum" : 7022
    }, {
      "relativeRanking" : 0.3,
      "datum" : 7022
    }, {
      "relativeRanking" : 0.35,
      "datum" : 7022
    }, {
      "relativeRanking" : 0.4,
      "datum" : 7022
    }, {
      "relativeRanking" : 0.45,
      "datum" : 7022
    }, {
      "relativeRanking" : 0.5,
      "datum" : 7022
    }, {
      "relativeRanking" : 0.55,
      "datum" : 7022
    }, {
      "relativeRanking" : 0.6,
      "datum" : 7022
    }, {
      "relativeRanking" : 0.65,
      "datum" : 7022
    }, {
      "relativeRanking" : 0.7,
      "datum" : 7022
    }, {
      "relativeRanking" : 0.75,
      "datum" : 7022
    }, {
      "relativeRanking" : 0.8,
      "datum" : 7022
    }, {
      "relativeRanking" : 0.85,
      "datum" : 7022
    }, {
      "relativeRanking" : 0.9,
      "datum" : 7022
    }, {
      "relativeRanking" : 0.95,
      "datum" : 7022
    } ],
    "maximum" : 10777
  } ],
  "failedMapAttemptCDFs" : [ {
    "numberValues" : 0,
    "minimum" : -9223372036854775808,
    "rankings" : [ ],
    "maximum" : 9223372036854775807
  }, {
    "numberValues" : 0,
    "minimum" : -9223372036854775808,
    "rankings" : [ ],
    "maximum" : 9223372036854775807
  }, {
    "numberValues" : 0,
    "minimum" : -9223372036854775808,
    "rankings" : [ ],
    "maximum" : 9223372036854775807
  }, {
    "numberValues" : 0,
    "minimum" : -9223372036854775808,
    "rankings" : [ ],
    "maximum" : 9223372036854775807
  } ],
  "successfulReduceAttemptCDF" : {
    "numberValues" : 4,
    "minimum" : 9856,
    "rankings" : [ {
      "relativeRanking" : 0.05,
      "datum" : 9856
    }, {
      "relativeRanking" : 0.1,
      "datum" : 9856
    }, {
      "relativeRanking" : 0.15,
      "datum" : 9856
    }, {
      "relativeRanking" : 0.2,
      "datum" : 9856
    }, {
      "relativeRanking" : 0.25,
      "datum" : 9856
    }, {
      "relativeRanking" : 0.3,
      "datum" : 9856
    }, {
      "relativeRanking" : 0.35,
      "datum" : 9856
    }, {
      "relativeRanking" : 0.4,
      "datum" : 9856
    }, {
      "relativeRanking" : 0.45,
      "datum" : 9856
    }, {
      "relativeRanking" : 0.5,
      "datum" : 9862
    }, {
      "relativeRanking" : 0.55,
      "datum" : 9862
    }, {
      "relativeRanking" : 0.6,
      "datum" : 9862
    }, {
      "relativeRanking" : 0.65,
      "datum" : 9862
    }, {
      "relativeRanking" : 0.7,
      "datum" : 9862
    }, {
      "relativeRanking" : 0.75,
      "datum" : 10551
    }, {
      "relativeRanking" : 0.8,
      "datum" : 10551
    }, {
      "relativeRanking" : 0.85,
      "datum" : 10551
    }, {
      "relativeRanking" : 0.9,
      "datum" : 10551
    }, {
      "relativeRanking" : 0.95,
      "datum" : 10551
    } ],
    "maximum" : 11397
  },
  "failedReduceAttemptCDF" : {
    "numberValues" : 0,
    "minimum" : -9223372036854775808,
    "rankings" : [ ],
    "maximum" : 9223372036854775807
  },
  "queue" : "default",
  "jobName" : "ReduceJoin-[1575464156570]",
  "clusterMapMB" : -1,
  "clusterReduceMB" : -1,
  "jobMapMB" : -1,
  "jobReduceMB" : -1,
  "relativeTime" : 0,
  "mapperTriesToSucceed" : [ 1.0 ],
  "failedMapperFraction" : 0.0,
  "jobProperties" : { }
}