{
  "jobID" : "job_1572946766556_0688",
  "user" : "hadoop",
  "computonsPerMapInputByte" : -1,
  "computonsPerMapOutputByte" : -1,
  "computonsPerReduceInputByte" : -1,
  "computonsPerReduceOutputByte" : -1,
  "submitTime" : 1575463704396,
  "launchTime" : 1575463708243,
  "finishTime" : 1575463736685,
  "heapMegabytes" : -1,
  "totalMaps" : 2,
  "totalReduces" : 2,
  "outcome" : "SUCCESS",
  "jobtype" : "JAVA",
  "priority" : "NORMAL",
  "directDependantJobs" : [ ],
  "mapTasks" : [ {
    "inputBytes" : 79565870,
    "inputRecords" : 2570811,
    "outputBytes" : 140958826,
    "outputRecords" : 2570810,
    "taskID" : "task_1572946766556_0688_m_000000",
    "startTime" : 1575463708349,
    "finishTime" : 1575463719881,
    "taskType" : "MAP",
    "taskStatus" : "SUCCESS",
    "attempts" : [ {
      "attemptID" : "attempt_1572946766556_0688_m_000000_0",
      "result" : "SUCCESS",
      "startTime" : 1575463710476,
      "finishTime" : 1575463719881,
      "hostName" : "/default-rack/slave5",
      "hdfsBytesRead" : 79565870,
      "hdfsBytesWritten" : 0,
      "fileBytesRead" : 70579111,
      "fileBytesWritten" : 140958826,
      "mapInputRecords" : 2570811,
      "mapInputBytes" : -1,
      "mapOutputBytes" : 65275490,
      "mapOutputRecords" : 2570810,
      "combineInputRecords" : 0,
      "reduceInputGroups" : -1,
      "reduceInputRecords" : -1,
      "reduceShuffleBytes" : -1,
      "reduceOutputRecords" : -1,
      "spilledRecords" : 5141620,
      "shuffleFinished" : -1,
      "sortFinished" : -1,
      "location" : {
        "layers" : [ "default-rack", "slave5" ]
      },
      "clockSplits" : [ 6382, 217, 217, 218, 217, 217, 217, 218, 372, 374, 373, 374 ],
      "cpuUsages" : [ 1767, 1768, 1768, 1768, 1768, 1768, 1768, 1767, 713, 708, 708, 709 ],
      "physMemKbytes" : [ 17356, 52068, 86781, 121493, 156206, 190918, 225631, 260344, 278395, 279518, 280639, 281762 ],
      "vmemKbytes" : [ 129321, 387963, 646606, 905248, 1163891, 1422534, 1681177, 1939819, 2070556, 2071330, 2072101, 2072874 ],
      "resourceUsageMetrics" : {
        "cumulativeCpuUsage" : 16980,
        "virtualMemoryUsage" : 2123018240,
        "physicalMemoryUsage" : 289099776,
        "heapUsage" : 208666624
      }
    }, {
      "attemptID" : "attempt_1572946766556_0688_m_000000_1",
      "result" : "KILLED",
      "startTime" : 1575463718360,
      "finishTime" : 1575463719897,
      "hostName" : "/default-rack/slave4",
      "hdfsBytesRead" : -1,
      "hdfsBytesWritten" : -1,
      "fileBytesRead" : -1,
      "fileBytesWritten" : -1,
      "mapInputRecords" : -1,
      "mapInputBytes" : -1,
      "mapOutputBytes" : -1,
      "mapOutputRecords" : -1,
      "combineInputRecords" : -1,
      "reduceInputGroups" : -1,
      "reduceInputRecords" : -1,
      "reduceShuffleBytes" : -1,
      "reduceOutputRecords" : -1,
      "spilledRecords" : -1,
      "shuffleFinished" : -1,
      "sortFinished" : -1,
      "location" : {
        "layers" : [ "default-rack", "slave4" ]
      },
      "clockSplits" : [ 126, 127, 127, 127, 127, 127, 127, 127, 127, 127, 127, 127 ],
      "cpuUsages" : [ 0, 0, 0, 0, 0, 0, 0, 0, 0, 0, 0, 0 ],
      "physMemKbytes" : [ 0, 0, 0, 0, 0, 0, 0, 0, 0, 0, 0, 0 ],
      "vmemKbytes" : [ 0, 0, 0, 0, 0, 0, 0, 0, 0, 0, 0, 0 ],
      "resourceUsageMetrics" : {
        "cumulativeCpuUsage" : 0,
        "virtualMemoryUsage" : 0,
        "physicalMemoryUsage" : 0,
        "heapUsage" : 0
      }
    } ],
    "preferredLocations" : [ ]
  }, {
    "inputBytes" : 63092039,
    "inputRecords" : 1299730,
    "outputBytes" : 144540570,
    "outputRecords" : 1299729,
    "taskID" : "task_1572946766556_0688_m_000001",
    "startTime" : 1575463708351,
    "finishTime" : 1575463717019,
    "taskType" : "MAP",
    "taskStatus" : "SUCCESS",
    "attempts" : [ {
      "attemptID" : "attempt_1572946766556_0688_m_000001_0",
      "result" : "SUCCESS",
      "startTime" : 1575463710469,
      "finishTime" : 1575463717019,
      "hostName" : "/default-rack/slave5",
      "hdfsBytesRead" : 63092039,
      "hdfsBytesWritten" : 0,
      "fileBytesRead" : 72535866,
      "fileBytesWritten" : 144540570,
      "mapInputRecords" : 1299730,
      "mapInputBytes" : -1,
      "mapOutputBytes" : 69599284,
      "mapOutputRecords" : 1299729,
      "combineInputRecords" : 0,
      "reduceInputGroups" : -1,
      "reduceInputRecords" : -1,
      "reduceShuffleBytes" : -1,
      "reduceOutputRecords" : -1,
      "spilledRecords" : 2599458,
      "shuffleFinished" : -1,
      "sortFinished" : -1,
      "location" : {
        "layers" : [ "default-rack", "slave5" ]
      },
      "clockSplits" : [ 4772, 159, 159, 159, 158, 159, 159, 159, 158, 159, 159, 159 ],
      "cpuUsages" : [ 1035, 1035, 1035, 1035, 1035, 1035, 1035, 1035, 1035, 1035, 1035, 1035 ],
      "physMemKbytes" : [ 12397, 37194, 61990, 86785, 111582, 136377, 161174, 185969, 210766, 235562, 260357, 285154 ],
      "vmemKbytes" : [ 86835, 260505, 434175, 607845, 781516, 955186, 1128857, 1302526, 1476197, 1649868, 1823537, 1997208 ],
      "resourceUsageMetrics" : {
        "cumulativeCpuUsage" : 12420,
        "virtualMemoryUsage" : 2134061056,
        "physicalMemoryUsage" : 304693248,
        "heapUsage" : 206569472
      }
    } ],
    "preferredLocations" : [ ]
  } ],
  "reduceTasks" : [ {
    "inputBytes" : 70813331,
    "inputRecords" : 1918561,
    "outputBytes" : 232633271,
    "outputRecords" : 3757719,
    "taskID" : "task_1572946766556_0688_r_000000",
    "startTime" : 1575463708351,
    "finishTime" : 1575463736317,
    "taskType" : "REDUCE",
    "taskStatus" : "SUCCESS",
    "attempts" : [ {
      "attemptID" : "attempt_1572946766556_0688_r_000000_0",
      "result" : "SUCCESS",
      "startTime" : 1575463719377,
      "finishTime" : 1575463736317,
      "hostName" : "/default-rack/slave4",
      "hdfsBytesRead" : 0,
      "hdfsBytesWritten" : 232633271,
      "fileBytesRead" : 70813331,
      "fileBytesWritten" : 70937810,
      "mapInputRecords" : -1,
      "mapInputBytes" : -1,
      "mapOutputBytes" : -1,
      "mapOutputRecords" : -1,
      "combineInputRecords" : 0,
      "reduceInputGroups" : 214802,
      "reduceInputRecords" : 1918561,
      "reduceShuffleBytes" : 70813331,
      "reduceOutputRecords" : 3757719,
      "spilledRecords" : 1918561,
      "shuffleFinished" : 1575463722305,
      "sortFinished" : 1575463722329,
      "location" : {
        "layers" : [ "default-rack", "slave4" ]
      },
      "clockSplits" : [ 3475, 519, 519, 519, 519, 519, 520, 519, 519, 2429, 3326, 3540 ],
      "cpuUsages" : [ 1361, 1362, 1362, 1362, 1361, 1362, 1362, 1362, 1362, 5020, 6513, 6191 ],
      "physMemKbytes" : [ 10112, 30336, 50561, 70785, 91010, 111234, 131459, 151683, 171908, 195164, 219776, 219162 ],
      "vmemKbytes" : [ 110724, 332174, 553624, 775073, 996523, 1217972, 1439423, 1660872, 1882322, 2069382, 2108411, 2106792 ],
      "resourceUsageMetrics" : {
        "cumulativeCpuUsage" : 29980,
        "virtualMemoryUsage" : 2153730048,
        "physicalMemoryUsage" : 221507584,
        "heapUsage" : 133169152
      }
    } ],
    "preferredLocations" : [ ]
  }, {
    "inputBytes" : 71811785,
    "inputRecords" : 1951978,
    "outputBytes" : 235259050,
    "outputRecords" : 3810049,
    "taskID" : "task_1572946766556_0688_r_000001",
    "startTime" : 1575463708352,
    "finishTime" : 1575463736605,
    "taskType" : "REDUCE",
    "taskStatus" : "SUCCESS",
    "attempts" : [ {
      "attemptID" : "attempt_1572946766556_0688_r_000001_0",
      "result" : "SUCCESS",
      "startTime" : 1575463719381,
      "finishTime" : 1575463736605,
      "hostName" : "/default-rack/slave1",
      "hdfsBytesRead" : 0,
      "hdfsBytesWritten" : 235259050,
      "fileBytesRead" : 71811785,
      "fileBytesWritten" : 71936264,
      "mapInputRecords" : -1,
      "mapInputBytes" : -1,
      "mapOutputBytes" : -1,
      "mapOutputRecords" : -1,
      "combineInputRecords" : 0,
      "reduceInputGroups" : 217669,
      "reduceInputRecords" : 1951978,
      "reduceShuffleBytes" : 71811785,
      "reduceOutputRecords" : 3810049,
      "spilledRecords" : 1951978,
      "shuffleFinished" : 1575463722515,
      "sortFinished" : 1575463722540,
      "location" : {
        "layers" : [ "default-rack", "slave1" ]
      },
      "clockSplits" : [ 3655, 516, 516, 516, 516, 516, 516, 516, 516, 2497, 3316, 3526 ],
      "cpuUsages" : [ 1337, 1337, 1338, 1337, 1338, 1337, 1338, 1337, 1338, 4897, 6087, 6609 ],
      "physMemKbytes" : [ 10418, 31254, 52090, 72926, 93763, 114599, 135436, 156271, 177108, 200080, 221528, 233791 ],
      "vmemKbytes" : [ 111079, 333238, 555397, 777556, 999716, 1221875, 1444035, 1666194, 1888353, 2069275, 2086231, 2086232 ],
      "resourceUsageMetrics" : {
        "cumulativeCpuUsage" : 29810,
        "virtualMemoryUsage" : 2136301568,
        "physicalMemoryUsage" : 254672896,
        "heapUsage" : 137887744
      }
    } ],
    "preferredLocations" : [ ]
  } ],
  "otherTasks" : [ ],
  "successfulMapAttemptCDFs" : [ {
    "numberValues" : 0,
    "minimum" : -9223372036854775808,
    "rankings" : [ ],
    "maximum" : 9223372036854775807
  }, {
    "numberValues" : 0,
    "minimum" : -9223372036854775808,
    "rankings" : [ ],
    "maximum" : 9223372036854775807
  }, {
    "numberValues" : 0,
    "minimum" : -9223372036854775808,
    "rankings" : [ ],
    "maximum" : 9223372036854775807
  }, {
    "numberValues" : 2,
    "minimum" : 6550,
    "rankings" : [ {
      "relativeRanking" : 0.05,
      "datum" : 6550
    }, {
      "relativeRanking" : 0.1,
      "datum" : 6550
    }, {
      "relativeRanking" : 0.15,
      "datum" : 6550
    }, {
      "relativeRanking" : 0.2,
      "datum" : 6550
    }, {
      "relativeRanking" : 0.25,
      "datum" : 6550
    }, {
      "relativeRanking" : 0.3,
      "datum" : 6550
    }, {
      "relativeRanking" : 0.35,
      "datum" : 6550
    }, {
      "relativeRanking" : 0.4,
      "datum" : 6550
    }, {
      "relativeRanking" : 0.45,
      "datum" : 6550
    }, {
      "relativeRanking" : 0.5,
      "datum" : 6550
    }, {
      "relativeRanking" : 0.55,
      "datum" : 6550
    }, {
      "relativeRanking" : 0.6,
      "datum" : 6550
    }, {
      "relativeRanking" : 0.65,
      "datum" : 6550
    }, {
      "relativeRanking" : 0.7,
      "datum" : 6550
    }, {
      "relativeRanking" : 0.75,
      "datum" : 6550
    }, {
      "relativeRanking" : 0.8,
      "datum" : 6550
    }, {
      "relativeRanking" : 0.85,
      "datum" : 6550
    }, {
      "relativeRanking" : 0.9,
      "datum" : 6550
    }, {
      "relativeRanking" : 0.95,
      "datum" : 6550
    } ],
    "maximum" : 9405
  } ],
  "failedMapAttemptCDFs" : [ {
    "numberValues" : 0,
    "minimum" : -9223372036854775808,
    "rankings" : [ ],
    "maximum" : 9223372036854775807
  }, {
    "numberValues" : 0,
    "minimum" : -9223372036854775808,
    "rankings" : [ ],
    "maximum" : 9223372036854775807
  }, {
    "numberValues" : 0,
    "minimum" : -9223372036854775808,
    "rankings" : [ ],
    "maximum" : 9223372036854775807
  }, {
    "numberValues" : 0,
    "minimum" : -9223372036854775808,
    "rankings" : [ ],
    "maximum" : 9223372036854775807
  } ],
  "successfulReduceAttemptCDF" : {
    "numberValues" : 2,
    "minimum" : 16940,
    "rankings" : [ {
      "relativeRanking" : 0.05,
      "datum" : 16940
    }, {
      "relativeRanking" : 0.1,
      "datum" : 16940
    }, {
      "relativeRanking" : 0.15,
      "datum" : 16940
    }, {
      "relativeRanking" : 0.2,
      "datum" : 16940
    }, {
      "relativeRanking" : 0.25,
      "datum" : 16940
    }, {
      "relativeRanking" : 0.3,
      "datum" : 16940
    }, {
      "relativeRanking" : 0.35,
      "datum" : 16940
    }, {
      "relativeRanking" : 0.4,
      "datum" : 16940
    }, {
      "relativeRanking" : 0.45,
      "datum" : 16940
    }, {
      "relativeRanking" : 0.5,
      "datum" : 16940
    }, {
      "relativeRanking" : 0.55,
      "datum" : 16940
    }, {
      "relativeRanking" : 0.6,
      "datum" : 16940
    }, {
      "relativeRanking" : 0.65,
      "datum" : 16940
    }, {
      "relativeRanking" : 0.7,
      "datum" : 16940
    }, {
      "relativeRanking" : 0.75,
      "datum" : 16940
    }, {
      "relativeRanking" : 0.8,
      "datum" : 16940
    }, {
      "relativeRanking" : 0.85,
      "datum" : 16940
    }, {
      "relativeRanking" : 0.9,
      "datum" : 16940
    }, {
      "relativeRanking" : 0.95,
      "datum" : 16940
    } ],
    "maximum" : 17224
  },
  "failedReduceAttemptCDF" : {
    "numberValues" : 0,
    "minimum" : -9223372036854775808,
    "rankings" : [ ],
    "maximum" : 9223372036854775807
  },
  "queue" : "default",
  "jobName" : "ReduceJoin-[1575463701875]",
  "clusterMapMB" : -1,
  "clusterReduceMB" : -1,
  "jobMapMB" : -1,
  "jobReduceMB" : -1,
  "relativeTime" : 0,
  "mapperTriesToSucceed" : [ 1.0 ],
  "failedMapperFraction" : 0.0,
  "jobProperties" : { }
}