{
  "jobID" : "job_1600222256971_1097",
  "user" : "hadoop",
  "computonsPerMapInputByte" : -1,
  "computonsPerMapOutputByte" : -1,
  "computonsPerReduceInputByte" : -1,
  "computonsPerReduceOutputByte" : -1,
  "submitTime" : 1601022750939,
  "launchTime" : 1601022754892,
  "finishTime" : 1601022784533,
  "heapMegabytes" : -1,
  "totalMaps" : 2,
  "totalReduces" : 2,
  "outcome" : "SUCCESS",
  "jobtype" : "JAVA",
  "priority" : "NORMAL",
  "directDependantJobs" : [ ],
  "mapTasks" : [ {
    "inputBytes" : 79565870,
    "inputRecords" : 2570811,
    "outputBytes" : 140958802,
    "outputRecords" : 2570810,
    "taskID" : "task_1600222256971_1097_m_000000",
    "startTime" : 1601022755003,
    "finishTime" : 1601022769006,
    "taskType" : "MAP",
    "taskStatus" : "SUCCESS",
    "attempts" : [ {
      "attemptID" : "attempt_1600222256971_1097_m_000000_0",
      "result" : "SUCCESS",
      "startTime" : 1601022757093,
      "finishTime" : 1601022769006,
      "hostName" : "/default-rack/slave2",
      "hdfsBytesRead" : 79565870,
      "hdfsBytesWritten" : 0,
      "fileBytesRead" : 70579105,
      "fileBytesWritten" : 140958802,
      "mapInputRecords" : 2570811,
      "mapInputBytes" : -1,
      "mapOutputBytes" : 65275490,
      "mapOutputRecords" : 2570810,
      "combineInputRecords" : 0,
      "reduceInputGroups" : -1,
      "reduceInputRecords" : -1,
      "reduceShuffleBytes" : -1,
      "reduceOutputRecords" : -1,
      "spilledRecords" : 5141620,
      "shuffleFinished" : -1,
      "sortFinished" : -1,
      "location" : {
        "layers" : [ "default-rack", "slave2" ]
      },
      "clockSplits" : [ 1003, 1003, 1003, 1003, 1003, 1004, 1003, 2558, 804, 683, 417, 417 ],
      "cpuUsages" : [ 2058, 2058, 2058, 2058, 2058, 2058, 2058, 2125, 2549, 2049, 955, 956 ],
      "physMemKbytes" : [ 17983, 53950, 89918, 125885, 161852, 197819, 233787, 269419, 283278, 284046, 284449, 284734 ],
      "resourceUsageMetrics" : {
        "cumulativeCpuUsage" : 23040,
        "virtualMemoryUsage" : 2062295040,
        "physicalMemoryUsage" : 291713024,
        "heapUsage" : 208142336
      },
      "vmemKbytes" : [ 127887, 383661, 639436, 895210, 1150985, 1406760, 1662535, 1915887, 2011954, 2013561, 2013959, 2013960 ]
    } ],
    "preferredLocations" : [ ]
  }, {
    "inputBytes" : 63092039,
    "inputRecords" : 1299730,
    "outputBytes" : 144540546,
    "outputRecords" : 1299729,
    "taskID" : "task_1600222256971_1097_m_000001",
    "startTime" : 1601022755005,
    "finishTime" : 1601022764602,
    "taskType" : "MAP",
    "taskStatus" : "SUCCESS",
    "attempts" : [ {
      "attemptID" : "attempt_1600222256971_1097_m_000001_0",
      "result" : "SUCCESS",
      "startTime" : 1601022757086,
      "finishTime" : 1601022764602,
      "hostName" : "/default-rack/slave2",
      "hdfsBytesRead" : 63092039,
      "hdfsBytesWritten" : 0,
      "fileBytesRead" : 72273716,
      "fileBytesWritten" : 144540546,
      "mapInputRecords" : 1299730,
      "mapInputBytes" : -1,
      "mapOutputBytes" : 69599284,
      "mapOutputRecords" : 1299729,
      "combineInputRecords" : 0,
      "reduceInputGroups" : -1,
      "reduceInputRecords" : -1,
      "reduceShuffleBytes" : -1,
      "reduceOutputRecords" : -1,
      "spilledRecords" : 2599458,
      "shuffleFinished" : -1,
      "sortFinished" : -1,
      "location" : {
        "layers" : [ "default-rack", "slave2" ]
      },
      "clockSplits" : [ 4379, 283, 283, 283, 283, 283, 283, 283, 283, 283, 283, 283 ],
      "cpuUsages" : [ 1047, 1048, 1047, 1048, 1047, 1048, 1047, 1048, 1047, 1048, 1047, 1048 ],
      "physMemKbytes" : [ 11699, 35098, 58498, 81897, 105296, 128695, 152095, 175494, 198894, 222293, 245692, 269092 ],
      "resourceUsageMetrics" : {
        "cumulativeCpuUsage" : 12570,
        "virtualMemoryUsage" : 2063519744,
        "physicalMemoryUsage" : 287531008,
        "heapUsage" : 204996608
      },
      "vmemKbytes" : [ 83964, 251893, 419824, 587753, 755683, 923612, 1091542, 1259471, 1427402, 1595331, 1763260, 1931191 ]
    } ],
    "preferredLocations" : [ ]
  } ],
  "reduceTasks" : [ {
    "inputBytes" : 70813331,
    "inputRecords" : 1918561,
    "outputBytes" : 232633271,
    "outputRecords" : 3757719,
    "taskID" : "task_1600222256971_1097_r_000000",
    "startTime" : 1601022755005,
    "finishTime" : 1601022784241,
    "taskType" : "REDUCE",
    "taskStatus" : "SUCCESS",
    "attempts" : [ {
      "attemptID" : "attempt_1600222256971_1097_r_000000_0",
      "result" : "SUCCESS",
      "startTime" : 1601022767009,
      "finishTime" : 1601022784241,
      "hostName" : "/default-rack/slave5",
      "hdfsBytesRead" : 0,
      "hdfsBytesWritten" : 232633271,
      "fileBytesRead" : 70813331,
      "fileBytesWritten" : 70937798,
      "mapInputRecords" : -1,
      "mapInputBytes" : -1,
      "mapOutputBytes" : -1,
      "mapOutputRecords" : -1,
      "combineInputRecords" : 0,
      "reduceInputGroups" : 214802,
      "reduceInputRecords" : 1918561,
      "reduceShuffleBytes" : 70813331,
      "reduceOutputRecords" : 3757719,
      "spilledRecords" : 1918561,
      "shuffleFinished" : 1601022770569,
      "sortFinished" : 1601022770592,
      "location" : {
        "layers" : [ "default-rack", "slave5" ]
      },
      "clockSplits" : [ 4050, 467, 467, 467, 467, 467, 467, 467, 467, 2455, 3321, 3655 ],
      "cpuUsages" : [ 1238, 1239, 1238, 1239, 1238, 1239, 1238, 1239, 1238, 5120, 6153, 5881 ],
      "physMemKbytes" : [ 10182, 30548, 50914, 71279, 91645, 112010, 132377, 152742, 173109, 195705, 216407, 212184 ],
      "resourceUsageMetrics" : {
        "cumulativeCpuUsage" : 28300,
        "virtualMemoryUsage" : 2066857984,
        "physicalMemoryUsage" : 210223104,
        "heapUsage" : 136314880
      },
      "vmemKbytes" : [ 108032, 324096, 540160, 756223, 972288, 1188351, 1404416, 1620480, 1836545, 2005798, 2018415, 2018416 ]
    } ],
    "preferredLocations" : [ ]
  }, {
    "inputBytes" : 71811785,
    "inputRecords" : 1951978,
    "outputBytes" : 235259050,
    "outputRecords" : 3810049,
    "taskID" : "task_1600222256971_1097_r_000001",
    "startTime" : 1601022755005,
    "finishTime" : 1601022784451,
    "taskType" : "REDUCE",
    "taskStatus" : "SUCCESS",
    "attempts" : [ {
      "attemptID" : "attempt_1600222256971_1097_r_000001_0",
      "result" : "SUCCESS",
      "startTime" : 1601022767010,
      "finishTime" : 1601022784451,
      "hostName" : "/default-rack/slave1",
      "hdfsBytesRead" : 0,
      "hdfsBytesWritten" : 235259050,
      "fileBytesRead" : 71811785,
      "fileBytesWritten" : 71936252,
      "mapInputRecords" : -1,
      "mapInputBytes" : -1,
      "mapOutputBytes" : -1,
      "mapOutputRecords" : -1,
      "combineInputRecords" : 0,
      "reduceInputGroups" : 217669,
      "reduceInputRecords" : 1951978,
      "reduceShuffleBytes" : 71811785,
      "reduceOutputRecords" : 3810049,
      "spilledRecords" : 1951978,
      "shuffleFinished" : 1601022770500,
      "sortFinished" : 1601022770527,
      "location" : {
        "layers" : [ "default-rack", "slave1" ]
      },
      "clockSplits" : [ 3999, 471, 471, 471, 471, 471, 471, 470, 471, 2674, 3312, 3675 ],
      "cpuUsages" : [ 1250, 1251, 1251, 1250, 1251, 1251, 1250, 1251, 1251, 5420, 5940, 6344 ],
      "physMemKbytes" : [ 10696, 32090, 53484, 74877, 96272, 117665, 139059, 160452, 181847, 204774, 222118, 217979 ],
      "resourceUsageMetrics" : {
        "cumulativeCpuUsage" : 28960,
        "virtualMemoryUsage" : 2083487744,
        "physicalMemoryUsage" : 218198016,
        "heapUsage" : 139460608
      },
      "vmemKbytes" : [ 108943, 326831, 544719, 762606, 980495, 1198382, 1416271, 1634158, 1852046, 2020684, 2045076, 2040037 ]
    } ],
    "preferredLocations" : [ ]
  } ],
  "otherTasks" : [ ],
  "successfulMapAttemptCDFs" : [ {
    "numberValues" : 0,
    "minimum" : -9223372036854775808,
    "rankings" : [ ],
    "maximum" : 9223372036854775807
  }, {
    "numberValues" : 0,
    "minimum" : -9223372036854775808,
    "rankings" : [ ],
    "maximum" : 9223372036854775807
  }, {
    "numberValues" : 0,
    "minimum" : -9223372036854775808,
    "rankings" : [ ],
    "maximum" : 9223372036854775807
  }, {
    "numberValues" : 2,
    "minimum" : 7516,
    "rankings" : [ {
      "relativeRanking" : 0.05,
      "datum" : 7516
    }, {
      "relativeRanking" : 0.1,
      "datum" : 7516
    }, {
      "relativeRanking" : 0.15,
      "datum" : 7516
    }, {
      "relativeRanking" : 0.2,
      "datum" : 7516
    }, {
      "relativeRanking" : 0.25,
      "datum" : 7516
    }, {
      "relativeRanking" : 0.3,
      "datum" : 7516
    }, {
      "relativeRanking" : 0.35,
      "datum" : 7516
    }, {
      "relativeRanking" : 0.4,
      "datum" : 7516
    }, {
      "relativeRanking" : 0.45,
      "datum" : 7516
    }, {
      "relativeRanking" : 0.5,
      "datum" : 7516
    }, {
      "relativeRanking" : 0.55,
      "datum" : 7516
    }, {
      "relativeRanking" : 0.6,
      "datum" : 7516
    }, {
      "relativeRanking" : 0.65,
      "datum" : 7516
    }, {
      "relativeRanking" : 0.7,
      "datum" : 7516
    }, {
      "relativeRanking" : 0.75,
      "datum" : 7516
    }, {
      "relativeRanking" : 0.8,
      "datum" : 7516
    }, {
      "relativeRanking" : 0.85,
      "datum" : 7516
    }, {
      "relativeRanking" : 0.9,
      "datum" : 7516
    }, {
      "relativeRanking" : 0.95,
      "datum" : 7516
    } ],
    "maximum" : 11913
  } ],
  "failedMapAttemptCDFs" : [ {
    "numberValues" : 0,
    "minimum" : -9223372036854775808,
    "rankings" : [ ],
    "maximum" : 9223372036854775807
  }, {
    "numberValues" : 0,
    "minimum" : -9223372036854775808,
    "rankings" : [ ],
    "maximum" : 9223372036854775807
  }, {
    "numberValues" : 0,
    "minimum" : -9223372036854775808,
    "rankings" : [ ],
    "maximum" : 9223372036854775807
  }, {
    "numberValues" : 0,
    "minimum" : -9223372036854775808,
    "rankings" : [ ],
    "maximum" : 9223372036854775807
  } ],
  "successfulReduceAttemptCDF" : {
    "numberValues" : 2,
    "minimum" : 17232,
    "rankings" : [ {
      "relativeRanking" : 0.05,
      "datum" : 17232
    }, {
      "relativeRanking" : 0.1,
      "datum" : 17232
    }, {
      "relativeRanking" : 0.15,
      "datum" : 17232
    }, {
      "relativeRanking" : 0.2,
      "datum" : 17232
    }, {
      "relativeRanking" : 0.25,
      "datum" : 17232
    }, {
      "relativeRanking" : 0.3,
      "datum" : 17232
    }, {
      "relativeRanking" : 0.35,
      "datum" : 17232
    }, {
      "relativeRanking" : 0.4,
      "datum" : 17232
    }, {
      "relativeRanking" : 0.45,
      "datum" : 17232
    }, {
      "relativeRanking" : 0.5,
      "datum" : 17232
    }, {
      "relativeRanking" : 0.55,
      "datum" : 17232
    }, {
      "relativeRanking" : 0.6,
      "datum" : 17232
    }, {
      "relativeRanking" : 0.65,
      "datum" : 17232
    }, {
      "relativeRanking" : 0.7,
      "datum" : 17232
    }, {
      "relativeRanking" : 0.75,
      "datum" : 17232
    }, {
      "relativeRanking" : 0.8,
      "datum" : 17232
    }, {
      "relativeRanking" : 0.85,
      "datum" : 17232
    }, {
      "relativeRanking" : 0.9,
      "datum" : 17232
    }, {
      "relativeRanking" : 0.95,
      "datum" : 17232
    } ],
    "maximum" : 17441
  },
  "failedReduceAttemptCDF" : {
    "numberValues" : 0,
    "minimum" : -9223372036854775808,
    "rankings" : [ ],
    "maximum" : 9223372036854775807
  },
  "queue" : "default",
  "jobName" : "ReduceJoin-[1601022751785]",
  "clusterMapMB" : -1,
  "clusterReduceMB" : -1,
  "jobMapMB" : -1,
  "jobReduceMB" : -1,
  "relativeTime" : 0,
  "mapperTriesToSucceed" : [ 1.0 ],
  "failedMapperFraction" : 0.0,
  "jobProperties" : { }
}