{
  "jobID" : "job_1572946766556_1059",
  "user" : "hadoop",
  "computonsPerMapInputByte" : -1,
  "computonsPerMapOutputByte" : -1,
  "computonsPerReduceInputByte" : -1,
  "computonsPerReduceOutputByte" : -1,
  "submitTime" : 1575693326326,
  "launchTime" : 1575693330750,
  "finishTime" : 1575693881166,
  "heapMegabytes" : -1,
  "totalMaps" : 3,
  "totalReduces" : 3,
  "outcome" : "SUCCESS",
  "jobtype" : "JAVA",
  "priority" : "NORMAL",
  "directDependantJobs" : [ ],
  "mapTasks" : [ {
    "inputBytes" : 9599084,
    "inputRecords" : 3960,
    "outputBytes" : 9791923836,
    "outputRecords" : 99038183,
    "taskID" : "task_1572946766556_1059_m_000000",
    "startTime" : 1575693330807,
    "finishTime" : 1575693712818,
    "taskType" : "MAP",
    "taskStatus" : "SUCCESS",
    "attempts" : [ {
      "attemptID" : "attempt_1572946766556_1059_m_000000_0",
      "result" : "SUCCESS",
      "startTime" : 1575693332942,
      "finishTime" : 1575693712818,
      "hostName" : "/default-rack/slave2",
      "hdfsBytesRead" : 9599084,
      "hdfsBytesWritten" : 0,
      "fileBytesRead" : 6481387290,
      "fileBytesWritten" : 9791923836,
      "mapInputRecords" : 3960,
      "mapInputBytes" : -1,
      "mapOutputBytes" : 3120344950,
      "mapOutputRecords" : 99038183,
      "combineInputRecords" : 0,
      "reduceInputGroups" : -1,
      "reduceInputRecords" : -1,
      "reduceShuffleBytes" : -1,
      "reduceOutputRecords" : -1,
      "spilledRecords" : 293056880,
      "shuffleFinished" : -1,
      "sortFinished" : -1,
      "location" : {
        "layers" : [ "default-rack", "slave2" ]
      },
      "clockSplits" : [ 12300, 7684, 28460, 30656, 90104, 8701, 54166, 12813, 33529, 32737, 33535, 35178 ],
      "cpuUsages" : [ 20986, 13576, 48083, 47974, 138813, 13104, 81919, 19132, 42376, 42292, 42218, 42667 ],
      "physMemKbytes" : [ 220578, 290339, 295631, 303731, 307687, 307982, 308839, 308476, 310197, 311152, 308994, 305077 ],
      "resourceUsageMetrics" : {
        "cumulativeCpuUsage" : 553140,
        "virtualMemoryUsage" : 2123452416,
        "physicalMemoryUsage" : 312582144,
        "heapUsage" : 209190912
      },
      "vmemKbytes" : [ 1600183, 2070962, 2070752, 2070751, 2070752, 2070751, 2070752, 2070751, 2072832, 2072656, 2072655, 2072664 ]
    } ],
    "preferredLocations" : [ ]
  }, {
    "inputBytes" : 8988445,
    "inputRecords" : 3919,
    "outputBytes" : 5641117641,
    "outputRecords" : 58455405,
    "taskID" : "task_1572946766556_1059_m_000001",
    "startTime" : 1575693330810,
    "finishTime" : 1575693554625,
    "taskType" : "MAP",
    "taskStatus" : "SUCCESS",
    "attempts" : [ {
      "attemptID" : "attempt_1572946766556_1059_m_000001_0",
      "result" : "SUCCESS",
      "startTime" : 1575693332948,
      "finishTime" : 1575693554625,
      "hostName" : "/default-rack/slave2",
      "hdfsBytesRead" : 8988445,
      "hdfsBytesWritten" : 0,
      "fileBytesRead" : 3660089621,
      "fileBytesWritten" : 5641117641,
      "mapInputRecords" : 3919,
      "mapInputBytes" : -1,
      "mapOutputBytes" : 1868574631,
      "mapOutputRecords" : 58455405,
      "combineInputRecords" : 0,
      "reduceInputGroups" : -1,
      "reduceInputRecords" : -1,
      "reduceShuffleBytes" : -1,
      "reduceOutputRecords" : -1,
      "spilledRecords" : 166432062,
      "shuffleFinished" : -1,
      "sortFinished" : -1,
      "location" : {
        "layers" : [ "default-rack", "slave2" ]
      },
      "clockSplits" : [ 18837, 11469, 13862, 33044, 43691, 11330, 8698, 6738, 19260, 17855, 18324, 18545 ],
      "cpuUsages" : [ 33241, 18847, 24079, 55285, 67030, 19314, 12751, 10754, 25009, 20898, 21931, 23641 ],
      "physMemKbytes" : [ 186319, 281629, 289124, 296388, 296350, 297723, 296867, 296964, 305071, 306078, 306407, 306659 ],
      "resourceUsageMetrics" : {
        "cumulativeCpuUsage" : 332780,
        "virtualMemoryUsage" : 2125438976,
        "physicalMemoryUsage" : 314060800,
        "heapUsage" : 208666624
      },
      "vmemKbytes" : [ 1395997, 2068855, 2068856, 2068855, 2068856, 2068855, 2068856, 2068855, 2074351, 2074596, 2074595, 2074613 ]
    } ],
    "preferredLocations" : [ ]
  }, {
    "inputBytes" : 7676204,
    "inputRecords" : 3964,
    "outputBytes" : 7750376047,
    "outputRecords" : 81564432,
    "taskID" : "task_1572946766556_1059_m_000002",
    "startTime" : 1575693330810,
    "finishTime" : 1575693614833,
    "taskType" : "MAP",
    "taskStatus" : "SUCCESS",
    "attempts" : [ {
      "attemptID" : "attempt_1572946766556_1059_m_000002_0",
      "result" : "SUCCESS",
      "startTime" : 1575693332949,
      "finishTime" : 1575693614833,
      "hostName" : "/default-rack/slave3",
      "hdfsBytesRead" : 7676204,
      "hdfsBytesWritten" : 0,
      "fileBytesRead" : 5083558625,
      "fileBytesWritten" : 7750376047,
      "mapInputRecords" : 3964,
      "mapInputBytes" : -1,
      "mapOutputBytes" : 2508184176,
      "mapOutputRecords" : 81564432,
      "combineInputRecords" : 0,
      "reduceInputGroups" : -1,
      "reduceInputRecords" : -1,
      "reduceShuffleBytes" : -1,
      "reduceOutputRecords" : -1,
      "spilledRecords" : 237313779,
      "shuffleFinished" : -1,
      "sortFinished" : -1,
      "location" : {
        "layers" : [ "default-rack", "slave3" ]
      },
      "clockSplits" : [ 7478, 9545, 136565, 13404, 8639, 3372, 3223, 8017, 23425, 21974, 22573, 23656 ],
      "cpuUsages" : [ 12706, 17658, 240887, 23287, 14419, 5770, 6457, 13291, 37311, 30663, 31753, 33978 ],
      "physMemKbytes" : [ 130444, 277230, 286103, 299880, 299569, 299627, 299708, 299696, 309242, 311066, 311848, 308498 ],
      "resourceUsageMetrics" : {
        "cumulativeCpuUsage" : 468180,
        "virtualMemoryUsage" : 2126200832,
        "physicalMemoryUsage" : 315219968,
        "heapUsage" : 209190912
      },
      "vmemKbytes" : [ 973997, 2064378, 2069660, 2073283, 2073284, 2073283, 2073284, 2073283, 2075257, 2075340, 2075339, 2075340 ]
    } ],
    "preferredLocations" : [ ]
  } ],
  "reduceTasks" : [ {
    "inputBytes" : 2658198729,
    "inputRecords" : 79679848,
    "outputBytes" : 1608561436,
    "outputRecords" : 67589773,
    "taskID" : "task_1572946766556_1059_r_000000",
    "startTime" : 1575693330810,
    "finishTime" : 1575693868072,
    "taskType" : "REDUCE",
    "taskStatus" : "SUCCESS",
    "attempts" : [ {
      "attemptID" : "attempt_1572946766556_1059_r_000000_0",
      "result" : "SUCCESS",
      "startTime" : 1575693557204,
      "finishTime" : 1575693868072,
      "hostName" : "/default-rack/slave5",
      "hdfsBytesRead" : 0,
      "hdfsBytesWritten" : 1608561436,
      "fileBytesRead" : 2658198729,
      "fileBytesWritten" : 2658322826,
      "mapInputRecords" : -1,
      "mapInputBytes" : -1,
      "mapOutputBytes" : -1,
      "mapOutputRecords" : -1,
      "combineInputRecords" : 0,
      "reduceInputGroups" : 67589773,
      "reduceInputRecords" : 79679848,
      "reduceShuffleBytes" : 2658198729,
      "reduceOutputRecords" : 67589773,
      "spilledRecords" : 79679848,
      "shuffleFinished" : 1575693732311,
      "sortFinished" : 1575693732334,
      "location" : {
        "layers" : [ "default-rack", "slave5" ]
      },
      "clockSplits" : [ 19343, 60093, 95696, 15, 15, 15, 15, 14, 34396, 33979, 33254, 34014 ],
      "cpuUsages" : [ 7512, 8432, 12215, 328, 328, 328, 328, 328, 62607, 57855, 58672, 56717 ],
      "physMemKbytes" : [ 168495, 172520, 170032, 161044, 160901, 160756, 160613, 160468, 214166, 219278, 223655, 226483 ],
      "resourceUsageMetrics" : {
        "cumulativeCpuUsage" : 265650,
        "virtualMemoryUsage" : 2139897856,
        "physicalMemoryUsage" : 233345024,
        "heapUsage" : 133693440
      },
      "vmemKbytes" : [ 2073252, 2073252, 2073273, 2073570, 2073955, 2074338, 2074723, 2075106, 2089170, 2089744, 2089743, 2089744 ]
    } ],
    "preferredLocations" : [ ]
  }, {
    "inputBytes" : 2658695084,
    "inputRecords" : 79694574,
    "outputBytes" : 1608820777,
    "outputRecords" : 67600228,
    "taskID" : "task_1572946766556_1059_r_000001",
    "startTime" : 1575693330811,
    "finishTime" : 1575693881099,
    "taskType" : "REDUCE",
    "taskStatus" : "SUCCESS",
    "attempts" : [ {
      "attemptID" : "attempt_1572946766556_1059_r_000001_0",
      "result" : "SUCCESS",
      "startTime" : 1575693557207,
      "finishTime" : 1575693881099,
      "hostName" : "/default-rack/slave4",
      "hdfsBytesRead" : 0,
      "hdfsBytesWritten" : 1608820777,
      "fileBytesRead" : 2658695084,
      "fileBytesWritten" : 2658819181,
      "mapInputRecords" : -1,
      "mapInputBytes" : -1,
      "mapOutputBytes" : -1,
      "mapOutputRecords" : -1,
      "combineInputRecords" : 0,
      "reduceInputGroups" : 67600228,
      "reduceInputRecords" : 79694574,
      "reduceShuffleBytes" : 2658695084,
      "reduceOutputRecords" : 67600228,
      "spilledRecords" : 79694574,
      "shuffleFinished" : 1575693741628,
      "sortFinished" : 1575693741651,
      "location" : {
        "layers" : [ "default-rack", "slave4" ]
      },
      "clockSplits" : [ 16192, 63095, 105325, 513, 514, 513, 514, 513, 32083, 34879, 34603, 35136 ],
      "cpuUsages" : [ 6024, 11530, 12307, 1445, 1445, 1445, 1446, 1445, 58342, 60407, 59760, 58594 ],
      "physMemKbytes" : [ 168122, 172461, 170529, 168503, 177768, 187031, 196296, 205559, 213434, 219725, 222811, 227915 ],
      "resourceUsageMetrics" : {
        "cumulativeCpuUsage" : 274190,
        "virtualMemoryUsage" : 2144628736,
        "physicalMemoryUsage" : 235253760,
        "heapUsage" : 135790592
      },
      "vmemKbytes" : [ 2073747, 2077454, 2079468, 2081717, 2084610, 2087502, 2090395, 2093287, 2094526, 2094364, 2094363, 2094364 ]
    } ],
    "preferredLocations" : [ ]
  }, {
    "inputBytes" : 2658326038,
    "inputRecords" : 79683598,
    "outputBytes" : 1608699243,
    "outputRecords" : 67595139,
    "taskID" : "task_1572946766556_1059_r_000002",
    "startTime" : 1575693330811,
    "finishTime" : 1575693877502,
    "taskType" : "REDUCE",
    "taskStatus" : "SUCCESS",
    "attempts" : [ {
      "attemptID" : "attempt_1572946766556_1059_r_000002_0",
      "result" : "SUCCESS",
      "startTime" : 1575693557206,
      "finishTime" : 1575693877502,
      "hostName" : "/default-rack/slave1",
      "hdfsBytesRead" : 0,
      "hdfsBytesWritten" : 1608699243,
      "fileBytesRead" : 2658326038,
      "fileBytesWritten" : 2658450135,
      "mapInputRecords" : -1,
      "mapInputBytes" : -1,
      "mapOutputBytes" : -1,
      "mapOutputRecords" : -1,
      "combineInputRecords" : 0,
      "reduceInputGroups" : 67595139,
      "reduceInputRecords" : 79683598,
      "reduceShuffleBytes" : 2658326038,
      "reduceOutputRecords" : 67595139,
      "spilledRecords" : 79683598,
      "shuffleFinished" : 1575693741631,
      "sortFinished" : 1575693741653,
      "location" : {
        "layers" : [ "default-rack", "slave1" ]
      },
      "clockSplits" : [ 19386, 60093, 105145, 556, 557, 556, 557, 556, 31355, 34301, 33806, 33417 ],
      "cpuUsages" : [ 7134, 10025, 12694, 1752, 1752, 1752, 1752, 1752, 55411, 60701, 60171, 60814 ],
      "physMemKbytes" : [ 169356, 173757, 170862, 166844, 176025, 185204, 194385, 203564, 213022, 216725, 220650, 223999 ],
      "resourceUsageMetrics" : {
        "cumulativeCpuUsage" : 275710,
        "virtualMemoryUsage" : 2136526848,
        "physicalMemoryUsage" : 233365504,
        "heapUsage" : 137887744
      },
      "vmemKbytes" : [ 2072796, 2076851, 2078957, 2080045, 2081444, 2082843, 2084243, 2085642, 2086447, 2086452, 2086451, 2086452 ]
    } ],
    "preferredLocations" : [ ]
  } ],
  "otherTasks" : [ ],
  "successfulMapAttemptCDFs" : [ {
    "numberValues" : 0,
    "minimum" : -9223372036854775808,
    "rankings" : [ ],
    "maximum" : 9223372036854775807
  }, {
    "numberValues" : 0,
    "minimum" : -9223372036854775808,
    "rankings" : [ ],
    "maximum" : 9223372036854775807
  }, {
    "numberValues" : 0,
    "minimum" : -9223372036854775808,
    "rankings" : [ ],
    "maximum" : 9223372036854775807
  }, {
    "numberValues" : 3,
    "minimum" : 221677,
    "rankings" : [ {
      "relativeRanking" : 0.05,
      "datum" : 221677
    }, {
      "relativeRanking" : 0.1,
      "datum" : 221677
    }, {
      "relativeRanking" : 0.15,
      "datum" : 221677
    }, {
      "relativeRanking" : 0.2,
      "datum" : 221677
    }, {
      "relativeRanking" : 0.25,
      "datum" : 221677
    }, {
      "relativeRanking" : 0.3,
      "datum" : 221677
    }, {
      "relativeRanking" : 0.35,
      "datum" : 221677
    }, {
      "relativeRanking" : 0.4,
      "datum" : 221677
    }, {
      "relativeRanking" : 0.45,
      "datum" : 221677
    }, {
      "relativeRanking" : 0.5,
      "datum" : 221677
    }, {
      "relativeRanking" : 0.55,
      "datum" : 221677
    }, {
      "relativeRanking" : 0.6,
      "datum" : 221677
    }, {
      "relativeRanking" : 0.65,
      "datum" : 221677
    }, {
      "relativeRanking" : 0.7,
      "datum" : 281884
    }, {
      "relativeRanking" : 0.75,
      "datum" : 281884
    }, {
      "relativeRanking" : 0.8,
      "datum" : 281884
    }, {
      "relativeRanking" : 0.85,
      "datum" : 281884
    }, {
      "relativeRanking" : 0.9,
      "datum" : 281884
    }, {
      "relativeRanking" : 0.95,
      "datum" : 281884
    } ],
    "maximum" : 379876
  } ],
  "failedMapAttemptCDFs" : [ {
    "numberValues" : 0,
    "minimum" : -9223372036854775808,
    "rankings" : [ ],
    "maximum" : 9223372036854775807
  }, {
    "numberValues" : 0,
    "minimum" : -9223372036854775808,
    "rankings" : [ ],
    "maximum" : 9223372036854775807
  }, {
    "numberValues" : 0,
    "minimum" : -9223372036854775808,
    "rankings" : [ ],
    "maximum" : 9223372036854775807
  }, {
    "numberValues" : 0,
    "minimum" : -9223372036854775808,
    "rankings" : [ ],
    "maximum" : 9223372036854775807
  } ],
  "successfulReduceAttemptCDF" : {
    "numberValues" : 3,
    "minimum" : 310868,
    "rankings" : [ {
      "relativeRanking" : 0.05,
      "datum" : 310868
    }, {
      "relativeRanking" : 0.1,
      "datum" : 310868
    }, {
      "relativeRanking" : 0.15,
      "datum" : 310868
    }, {
      "relativeRanking" : 0.2,
      "datum" : 310868
    }, {
      "relativeRanking" : 0.25,
      "datum" : 310868
    }, {
      "relativeRanking" : 0.3,
      "datum" : 310868
    }, {
      "relativeRanking" : 0.35,
      "datum" : 310868
    }, {
      "relativeRanking" : 0.4,
      "datum" : 310868
    }, {
      "relativeRanking" : 0.45,
      "datum" : 310868
    }, {
      "relativeRanking" : 0.5,
      "datum" : 310868
    }, {
      "relativeRanking" : 0.55,
      "datum" : 310868
    }, {
      "relativeRanking" : 0.6,
      "datum" : 310868
    }, {
      "relativeRanking" : 0.65,
      "datum" : 310868
    }, {
      "relativeRanking" : 0.7,
      "datum" : 320296
    }, {
      "relativeRanking" : 0.75,
      "datum" : 320296
    }, {
      "relativeRanking" : 0.8,
      "datum" : 320296
    }, {
      "relativeRanking" : 0.85,
      "datum" : 320296
    }, {
      "relativeRanking" : 0.9,
      "datum" : 320296
    }, {
      "relativeRanking" : 0.95,
      "datum" : 320296
    } ],
    "maximum" : 323892
  },
  "failedReduceAttemptCDF" : {
    "numberValues" : 0,
    "minimum" : -9223372036854775808,
    "rankings" : [ ],
    "maximum" : 9223372036854775807
  },
  "queue" : "default",
  "jobName" : "CAC_Count-[1575693186706-Similarity2-END]",
  "clusterMapMB" : -1,
  "clusterReduceMB" : -1,
  "jobMapMB" : -1,
  "jobReduceMB" : -1,
  "relativeTime" : 0,
  "mapperTriesToSucceed" : [ 1.0 ],
  "failedMapperFraction" : 0.0,
  "jobProperties" : { }
}