{
  "jobID" : "job_1572946766556_1058",
  "user" : "hadoop",
  "computonsPerMapInputByte" : -1,
  "computonsPerMapOutputByte" : -1,
  "computonsPerReduceInputByte" : -1,
  "computonsPerReduceOutputByte" : -1,
  "submitTime" : 1575693189695,
  "launchTime" : 1575693194268,
  "finishTime" : 1575693324217,
  "heapMegabytes" : -1,
  "totalMaps" : 2,
  "totalReduces" : 3,
  "outcome" : "SUCCESS",
  "jobtype" : "JAVA",
  "priority" : "NORMAL",
  "directDependantJobs" : [ ],
  "mapTasks" : [ {
    "inputBytes" : 7745257,
    "inputRecords" : 246569,
    "outputBytes" : 32289411,
    "outputRecords" : 934712,
    "taskID" : "task_1572946766556_1058_m_000000",
    "startTime" : 1575693194312,
    "finishTime" : 1575693264251,
    "taskType" : "MAP",
    "taskStatus" : "SUCCESS",
    "attempts" : [ {
      "attemptID" : "attempt_1572946766556_1058_m_000000_0",
      "result" : "SUCCESS",
      "startTime" : 1575693196490,
      "finishTime" : 1575693264251,
      "hostName" : "/default-rack/slave2",
      "hdfsBytesRead" : 7745257,
      "hdfsBytesWritten" : 0,
      "fileBytesRead" : 0,
      "fileBytesWritten" : 32289411,
      "mapInputRecords" : 246569,
      "mapInputBytes" : -1,
      "mapOutputBytes" : 30296128,
      "mapOutputRecords" : 934712,
      "combineInputRecords" : 0,
      "reduceInputGroups" : -1,
      "reduceInputRecords" : -1,
      "reduceShuffleBytes" : -1,
      "reduceOutputRecords" : -1,
      "spilledRecords" : 934712,
      "shuffleFinished" : -1,
      "sortFinished" : -1,
      "location" : {
        "layers" : [ "default-rack", "slave2" ]
      },
      "clockSplits" : [ 10293, 7861, 8292, 8120, 8055, 7554, 7704, 8146, 430, 430, 430, 430 ],
      "cpuUsages" : [ 131519, 112127, 92453, 90759, 90322, 96640, 84862, 89142, 4391, 4392, 4391, 4392 ],
      "physMemKbytes" : [ 216525, 350357, 354282, 355561, 361175, 358487, 358613, 358624, 355919, 351692, 347465, 343238 ],
      "resourceUsageMetrics" : {
        "cumulativeCpuUsage" : 805390,
        "virtualMemoryUsage" : 2124402688,
        "physicalMemoryUsage" : 349310976,
        "heapUsage" : 192937984
      },
      "vmemKbytes" : [ 1329424, 2071815, 2071816, 2071815, 2077669, 2074617, 2074612, 2074611, 2074612, 2074612, 2074611, 2074612 ]
    }, {
      "attemptID" : "attempt_1572946766556_1058_m_000000_1",
      "result" : "KILLED",
      "startTime" : 1575693209389,
      "finishTime" : 1575693264282,
      "hostName" : "/default-rack/slave2",
      "hdfsBytesRead" : 5898385,
      "hdfsBytesWritten" : 0,
      "fileBytesRead" : 0,
      "fileBytesWritten" : 123761,
      "mapInputRecords" : 187148,
      "mapInputBytes" : -1,
      "mapOutputBytes" : 22724953,
      "mapOutputRecords" : 700839,
      "combineInputRecords" : 0,
      "reduceInputGroups" : -1,
      "reduceInputRecords" : -1,
      "reduceShuffleBytes" : -1,
      "reduceOutputRecords" : -1,
      "spilledRecords" : 0,
      "shuffleFinished" : -1,
      "sortFinished" : -1,
      "location" : {
        "layers" : [ "default-rack", "slave2" ]
      },
      "clockSplits" : [ 12195, 8324, 7807, 7683, 7894, 8037, 595, 466, 465, 466, 466, 466 ],
      "cpuUsages" : [ 142124, 108802, 90711, 89282, 91173, 98270, 1568, 0, 0, 0, 0, 0 ],
      "physMemKbytes" : [ 226654, 346162, 356357, 357492, 363250, 358293, 357967, 357967, 357968, 357968, 357967, 357968 ],
      "resourceUsageMetrics" : {
        "cumulativeCpuUsage" : 621930,
        "virtualMemoryUsage" : 2122334208,
        "physicalMemoryUsage" : 366559232,
        "heapUsage" : 192937984
      },
      "vmemKbytes" : [ 1411970, 2072591, 2072592, 2072591, 2072592, 2072591, 2072592, 2072591, 2072592, 2072592, 2072591, 2072592 ]
    } ],
    "preferredLocations" : [ ]
  }, {
    "inputBytes" : 1279951,
    "inputRecords" : 32202,
    "outputBytes" : 4613252,
    "outputRecords" : 203769,
    "taskID" : "task_1572946766556_1058_m_000001",
    "startTime" : 1575693194314,
    "finishTime" : 1575693207990,
    "taskType" : "MAP",
    "taskStatus" : "SUCCESS",
    "attempts" : [ {
      "attemptID" : "attempt_1572946766556_1058_m_000001_0",
      "result" : "SUCCESS",
      "startTime" : 1575693196497,
      "finishTime" : 1575693207990,
      "hostName" : "/default-rack/slave5",
      "hdfsBytesRead" : 1279951,
      "hdfsBytesWritten" : 0,
      "fileBytesRead" : 0,
      "fileBytesWritten" : 4613252,
      "mapInputRecords" : 32202,
      "mapInputBytes" : -1,
      "mapOutputBytes" : 4081855,
      "mapOutputRecords" : 203769,
      "combineInputRecords" : 0,
      "reduceInputGroups" : -1,
      "reduceInputRecords" : -1,
      "reduceShuffleBytes" : -1,
      "reduceOutputRecords" : -1,
      "spilledRecords" : 203769,
      "shuffleFinished" : -1,
      "sortFinished" : -1,
      "location" : {
        "layers" : [ "default-rack", "slave5" ]
      },
      "clockSplits" : [ 1395, 1395, 1395, 1395, 1395, 3931, 198, 199, 40, 39, 39, 40 ],
      "cpuUsages" : [ 18501, 18501, 18501, 18502, 18501, 19636, 24121, 24120, 715, 620, 621, 621 ],
      "physMemKbytes" : [ 30204, 90614, 151024, 211433, 271844, 331154, 354835, 361358, 362462, 358055, 353647, 349240 ],
      "resourceUsageMetrics" : {
        "cumulativeCpuUsage" : 162960,
        "virtualMemoryUsage" : 2121326592,
        "physicalMemoryUsage" : 355364864,
        "heapUsage" : 193462272
      },
      "vmemKbytes" : [ 178648, 535946, 893244, 1250541, 1607840, 1957847, 2071608, 2071607, 2071608, 2071608, 2071607, 2071608 ]
    } ],
    "preferredLocations" : [ ]
  } ],
  "reduceTasks" : [ {
    "inputBytes" : 13316912,
    "inputRecords" : 412432,
    "outputBytes" : 9598928,
    "outputRecords" : 3960,
    "taskID" : "task_1572946766556_1058_r_000000",
    "startTime" : 1575693194314,
    "finishTime" : 1575693324149,
    "taskType" : "REDUCE",
    "taskStatus" : "SUCCESS",
    "attempts" : [ {
      "attemptID" : "attempt_1572946766556_1058_r_000000_0",
      "result" : "SUCCESS",
      "startTime" : 1575693210412,
      "finishTime" : 1575693324149,
      "hostName" : "/default-rack/slave2",
      "hdfsBytesRead" : 0,
      "hdfsBytesWritten" : 9598928,
      "fileBytesRead" : 13316906,
      "fileBytesWritten" : 13440644,
      "mapInputRecords" : -1,
      "mapInputBytes" : -1,
      "mapOutputBytes" : -1,
      "mapOutputRecords" : -1,
      "combineInputRecords" : 0,
      "reduceInputGroups" : 3960,
      "reduceInputRecords" : 412432,
      "reduceShuffleBytes" : 13316912,
      "reduceOutputRecords" : 3960,
      "spilledRecords" : 412432,
      "shuffleFinished" : 1575693264788,
      "sortFinished" : 1575693265034,
      "location" : {
        "layers" : [ "default-rack", "slave2" ]
      },
      "clockSplits" : [ 4073, 4073, 46827, 350, 350, 349, 350, 350, 2958, 21730, 17440, 14875 ],
      "cpuUsages" : [ 279, 280, 3810, 1559, 1560, 1559, 1559, 1560, 7864, 64105, 51494, 42281 ],
      "physMemKbytes" : [ 41859, 125579, 178420, 185589, 192760, 199929, 207100, 214269, 223558, 250752, 263591, 268414 ],
      "resourceUsageMetrics" : {
        "cumulativeCpuUsage" : 177910,
        "virtualMemoryUsage" : 2127003648,
        "physicalMemoryUsage" : 275005440,
        "heapUsage" : 153092096
      },
      "vmemKbytes" : [ 519008, 1557026, 2076123, 2076299, 2076476, 2076652, 2076829, 2077005, 2077142, 2077152, 2077151, 2077152 ]
    } ],
    "preferredLocations" : [ ]
  }, {
    "inputBytes" : 10820170,
    "inputRecords" : 331716,
    "outputBytes" : 7676048,
    "outputRecords" : 3964,
    "taskID" : "task_1572946766556_1058_r_000001",
    "startTime" : 1575693194315,
    "finishTime" : 1575693304237,
    "taskType" : "REDUCE",
    "taskStatus" : "SUCCESS",
    "attempts" : [ {
      "attemptID" : "attempt_1572946766556_1058_r_000001_0",
      "result" : "SUCCESS",
      "startTime" : 1575693210417,
      "finishTime" : 1575693304237,
      "hostName" : "/default-rack/slave4",
      "hdfsBytesRead" : 0,
      "hdfsBytesWritten" : 7676048,
      "fileBytesRead" : 10820164,
      "fileBytesWritten" : 10943902,
      "mapInputRecords" : -1,
      "mapInputBytes" : -1,
      "mapOutputBytes" : -1,
      "mapOutputRecords" : -1,
      "combineInputRecords" : 0,
      "reduceInputGroups" : 3964,
      "reduceInputRecords" : 331716,
      "reduceShuffleBytes" : 10820170,
      "reduceOutputRecords" : 3964,
      "spilledRecords" : 331716,
      "shuffleFinished" : 1575693264658,
      "sortFinished" : 1575693264830,
      "location" : {
        "layers" : [ "default-rack", "slave4" ]
      },
      "clockSplits" : [ 3973, 3974, 46811, 338, 338, 338, 338, 338, 2054, 21067, 7432, 6805 ],
      "cpuUsages" : [ 209, 210, 4170, 1679, 1680, 1679, 1679, 1680, 7059, 76235, 26827, 23573 ],
      "physMemKbytes" : [ 40970, 122912, 174362, 182951, 191541, 200130, 208720, 217309, 226402, 244683, 256828, 258828 ],
      "resourceUsageMetrics" : {
        "cumulativeCpuUsage" : 146680,
        "virtualMemoryUsage" : 2132365312,
        "physicalMemoryUsage" : 265826304,
        "heapUsage" : 142606336
      },
      "vmemKbytes" : [ 518568, 1555706, 2077317, 2078160, 2079003, 2079846, 2080689, 2081532, 2082276, 2082388, 2082387, 2082388 ]
    } ],
    "preferredLocations" : [ ]
  }, {
    "inputBytes" : 12517899,
    "inputRecords" : 394333,
    "outputBytes" : 8988289,
    "outputRecords" : 3919,
    "taskID" : "task_1572946766556_1058_r_000002",
    "startTime" : 1575693194315,
    "finishTime" : 1575693315170,
    "taskType" : "REDUCE",
    "taskStatus" : "SUCCESS",
    "attempts" : [ {
      "attemptID" : "attempt_1572946766556_1058_r_000002_0",
      "result" : "SUCCESS",
      "startTime" : 1575693210413,
      "finishTime" : 1575693315170,
      "hostName" : "/default-rack/slave5",
      "hdfsBytesRead" : 0,
      "hdfsBytesWritten" : 8988289,
      "fileBytesRead" : 12517893,
      "fileBytesWritten" : 12641631,
      "mapInputRecords" : -1,
      "mapInputBytes" : -1,
      "mapOutputBytes" : -1,
      "mapOutputRecords" : -1,
      "combineInputRecords" : 0,
      "reduceInputGroups" : 3919,
      "reduceInputRecords" : 394333,
      "reduceShuffleBytes" : 12517899,
      "reduceOutputRecords" : 3919,
      "spilledRecords" : 394333,
      "shuffleFinished" : 1575693264420,
      "sortFinished" : 1575693264629,
      "location" : {
        "layers" : [ "default-rack", "slave5" ]
      },
      "clockSplits" : [ 3850, 3851, 46865, 341, 341, 341, 341, 341, 4178, 18863, 17917, 7513 ],
      "cpuUsages" : [ 239, 240, 3690, 1589, 1589, 1590, 1589, 1589, 14011, 66361, 56997, 24486 ],
      "physMemKbytes" : [ 41664, 124994, 177031, 184967, 192904, 200840, 208777, 216712, 225920, 242484, 254980, 257678 ],
      "resourceUsageMetrics" : {
        "cumulativeCpuUsage" : 173970,
        "virtualMemoryUsage" : 2128617472,
        "physicalMemoryUsage" : 264167424,
        "heapUsage" : 145752064
      },
      "vmemKbytes" : [ 518620, 1555862, 2074814, 2075477, 2076140, 2076802, 2077465, 2078127, 2078673, 2078728, 2078727, 2078728 ]
    } ],
    "preferredLocations" : [ ]
  } ],
  "otherTasks" : [ ],
  "successfulMapAttemptCDFs" : [ {
    "numberValues" : 0,
    "minimum" : -9223372036854775808,
    "rankings" : [ ],
    "maximum" : 9223372036854775807
  }, {
    "numberValues" : 0,
    "minimum" : -9223372036854775808,
    "rankings" : [ ],
    "maximum" : 9223372036854775807
  }, {
    "numberValues" : 0,
    "minimum" : -9223372036854775808,
    "rankings" : [ ],
    "maximum" : 9223372036854775807
  }, {
    "numberValues" : 2,
    "minimum" : 11493,
    "rankings" : [ {
      "relativeRanking" : 0.05,
      "datum" : 11493
    }, {
      "relativeRanking" : 0.1,
      "datum" : 11493
    }, {
      "relativeRanking" : 0.15,
      "datum" : 11493
    }, {
      "relativeRanking" : 0.2,
      "datum" : 11493
    }, {
      "relativeRanking" : 0.25,
      "datum" : 11493
    }, {
      "relativeRanking" : 0.3,
      "datum" : 11493
    }, {
      "relativeRanking" : 0.35,
      "datum" : 11493
    }, {
      "relativeRanking" : 0.4,
      "datum" : 11493
    }, {
      "relativeRanking" : 0.45,
      "datum" : 11493
    }, {
      "relativeRanking" : 0.5,
      "datum" : 11493
    }, {
      "relativeRanking" : 0.55,
      "datum" : 11493
    }, {
      "relativeRanking" : 0.6,
      "datum" : 11493
    }, {
      "relativeRanking" : 0.65,
      "datum" : 11493
    }, {
      "relativeRanking" : 0.7,
      "datum" : 11493
    }, {
      "relativeRanking" : 0.75,
      "datum" : 11493
    }, {
      "relativeRanking" : 0.8,
      "datum" : 11493
    }, {
      "relativeRanking" : 0.85,
      "datum" : 11493
    }, {
      "relativeRanking" : 0.9,
      "datum" : 11493
    }, {
      "relativeRanking" : 0.95,
      "datum" : 11493
    } ],
    "maximum" : 67761
  } ],
  "failedMapAttemptCDFs" : [ {
    "numberValues" : 0,
    "minimum" : -9223372036854775808,
    "rankings" : [ ],
    "maximum" : 9223372036854775807
  }, {
    "numberValues" : 0,
    "minimum" : -9223372036854775808,
    "rankings" : [ ],
    "maximum" : 9223372036854775807
  }, {
    "numberValues" : 0,
    "minimum" : -9223372036854775808,
    "rankings" : [ ],
    "maximum" : 9223372036854775807
  }, {
    "numberValues" : 0,
    "minimum" : -9223372036854775808,
    "rankings" : [ ],
    "maximum" : 9223372036854775807
  } ],
  "successfulReduceAttemptCDF" : {
    "numberValues" : 3,
    "minimum" : 93820,
    "rankings" : [ {
      "relativeRanking" : 0.05,
      "datum" : 93820
    }, {
      "relativeRanking" : 0.1,
      "datum" : 93820
    }, {
      "relativeRanking" : 0.15,
      "datum" : 93820
    }, {
      "relativeRanking" : 0.2,
      "datum" : 93820
    }, {
      "relativeRanking" : 0.25,
      "datum" : 93820
    }, {
      "relativeRanking" : 0.3,
      "datum" : 93820
    }, {
      "relativeRanking" : 0.35,
      "datum" : 93820
    }, {
      "relativeRanking" : 0.4,
      "datum" : 93820
    }, {
      "relativeRanking" : 0.45,
      "datum" : 93820
    }, {
      "relativeRanking" : 0.5,
      "datum" : 93820
    }, {
      "relativeRanking" : 0.55,
      "datum" : 93820
    }, {
      "relativeRanking" : 0.6,
      "datum" : 93820
    }, {
      "relativeRanking" : 0.65,
      "datum" : 93820
    }, {
      "relativeRanking" : 0.7,
      "datum" : 104757
    }, {
      "relativeRanking" : 0.75,
      "datum" : 104757
    }, {
      "relativeRanking" : 0.8,
      "datum" : 104757
    }, {
      "relativeRanking" : 0.85,
      "datum" : 104757
    }, {
      "relativeRanking" : 0.9,
      "datum" : 104757
    }, {
      "relativeRanking" : 0.95,
      "datum" : 104757
    } ],
    "maximum" : 113737
  },
  "failedReduceAttemptCDF" : {
    "numberValues" : 0,
    "minimum" : -9223372036854775808,
    "rankings" : [ ],
    "maximum" : 9223372036854775807
  },
  "queue" : "default",
  "jobName" : "CAC_Count-[1575693186706-Indexing1]",
  "clusterMapMB" : -1,
  "clusterReduceMB" : -1,
  "jobMapMB" : -1,
  "jobReduceMB" : -1,
  "relativeTime" : 0,
  "mapperTriesToSucceed" : [ 1.0 ],
  "failedMapperFraction" : 0.0,
  "jobProperties" : { }
}