{
  "jobID" : "job_1572946766556_1057",
  "user" : "hadoop",
  "computonsPerMapInputByte" : -1,
  "computonsPerMapOutputByte" : -1,
  "computonsPerReduceInputByte" : -1,
  "computonsPerReduceOutputByte" : -1,
  "submitTime" : 1575692627913,
  "launchTime" : 1575692631709,
  "finishTime" : 1575693170385,
  "heapMegabytes" : -1,
  "totalMaps" : 3,
  "totalReduces" : 3,
  "outcome" : "SUCCESS",
  "jobtype" : "JAVA",
  "priority" : "NORMAL",
  "directDependantJobs" : [ ],
  "mapTasks" : [ {
    "inputBytes" : 9599084,
    "inputRecords" : 3960,
    "outputBytes" : 9955390002,
    "outputRecords" : 99038183,
    "taskID" : "task_1572946766556_1057_m_000000",
    "startTime" : 1575692631763,
    "finishTime" : 1575692980689,
    "taskType" : "MAP",
    "taskStatus" : "SUCCESS",
    "attempts" : [ {
      "attemptID" : "attempt_1572946766556_1057_m_000000_0",
      "result" : "SUCCESS",
      "startTime" : 1575692633914,
      "finishTime" : 1575692980689,
      "hostName" : "/default-rack/slave3",
      "hdfsBytesRead" : 9599084,
      "hdfsBytesWritten" : 0,
      "fileBytesRead" : 6648392076,
      "fileBytesWritten" : 9955390002,
      "mapInputRecords" : 3960,
      "mapInputBytes" : -1,
      "mapOutputBytes" : 3120344950,
      "mapOutputRecords" : 99038183,
      "combineInputRecords" : 0,
      "reduceInputGroups" : -1,
      "reduceInputRecords" : -1,
      "reduceShuffleBytes" : -1,
      "reduceOutputRecords" : -1,
      "spilledRecords" : 297114549,
      "shuffleFinished" : -1,
      "sortFinished" : -1,
      "location" : {
        "layers" : [ "default-rack", "slave3" ]
      },
      "clockSplits" : [ 12941, 7094, 27872, 28174, 80983, 8696, 47421, 12471, 29243, 29544, 30019, 32304 ],
      "cpuUsages" : [ 26673, 15307, 60549, 58439, 168039, 17484, 92798, 24452, 39839, 39790, 39474, 41896 ],
      "physMemKbytes" : [ 213809, 284266, 290083, 295699, 299696, 300252, 300587, 300659, 306293, 307300, 306232, 307003 ],
      "resourceUsageMetrics" : {
        "cumulativeCpuUsage" : 624740,
        "virtualMemoryUsage" : 2127261696,
        "physicalMemoryUsage" : 314253312,
        "heapUsage" : 209190912
      },
      "vmemKbytes" : [ 1597114, 2069880, 2073390, 2072611, 2072612, 2072611, 2072612, 2072714, 2076346, 2076376, 2076375, 2076378 ]
    }, {
      "attemptID" : "attempt_1572946766556_1057_m_000000_1",
      "result" : "KILLED",
      "startTime" : 1575692841220,
      "finishTime" : 1575692980719,
      "hostName" : "/default-rack/slave3",
      "hdfsBytesRead" : 5243036,
      "hdfsBytesWritten" : 0,
      "fileBytesRead" : 0,
      "fileBytesWritten" : 1985548716,
      "mapInputRecords" : 2503,
      "mapInputBytes" : -1,
      "mapOutputBytes" : 1922634815,
      "mapOutputRecords" : 61579335,
      "combineInputRecords" : 0,
      "reduceInputGroups" : -1,
      "reduceInputRecords" : -1,
      "reduceShuffleBytes" : -1,
      "reduceOutputRecords" : -1,
      "spilledRecords" : 59670203,
      "shuffleFinished" : -1,
      "sortFinished" : -1,
      "location" : {
        "layers" : [ "default-rack", "slave3" ]
      },
      "clockSplits" : [ 12378, 7464, 30470, 28599, 59550, 144, 145, 144, 144, 145, 144, 145 ],
      "cpuUsages" : [ 25927, 16286, 64052, 56519, 121626, 0, 0, 0, 0, 0, 0, 0 ],
      "physMemKbytes" : [ 216537, 285449, 290587, 296379, 301319, 301579, 301580, 301579, 301580, 301580, 301579, 301580 ],
      "resourceUsageMetrics" : {
        "cumulativeCpuUsage" : 284410,
        "virtualMemoryUsage" : 2120888320,
        "physicalMemoryUsage" : 308817920,
        "heapUsage" : 209190912
      },
      "vmemKbytes" : [ 1598118, 2071180, 2071180, 2071179, 2071180, 2071179, 2071180, 2071179, 2071180, 2071180, 2071179, 2071180 ]
    } ],
    "preferredLocations" : [ ]
  }, {
    "inputBytes" : 8988445,
    "inputRecords" : 3919,
    "outputBytes" : 5762332189,
    "outputRecords" : 58455405,
    "taskID" : "task_1572946766556_1057_m_000001",
    "startTime" : 1575692631765,
    "finishTime" : 1575692824160,
    "taskType" : "MAP",
    "taskStatus" : "SUCCESS",
    "attempts" : [ {
      "attemptID" : "attempt_1572946766556_1057_m_000001_0",
      "result" : "SUCCESS",
      "startTime" : 1575692633921,
      "finishTime" : 1575692824160,
      "hostName" : "/default-rack/slave3",
      "hdfsBytesRead" : 8988445,
      "hdfsBytesWritten" : 0,
      "fileBytesRead" : 3783532201,
      "fileBytesWritten" : 5762332189,
      "mapInputRecords" : 3919,
      "mapInputBytes" : -1,
      "mapOutputBytes" : 1868574631,
      "mapOutputRecords" : 58455405,
      "combineInputRecords" : 0,
      "reduceInputGroups" : -1,
      "reduceInputRecords" : -1,
      "reduceShuffleBytes" : -1,
      "reduceOutputRecords" : -1,
      "spilledRecords" : 169821125,
      "shuffleFinished" : -1,
      "sortFinished" : -1,
      "location" : {
        "layers" : [ "default-rack", "slave3" ]
      },
      "clockSplits" : [ 21471, 8857, 10837, 26938, 34831, 8942, 6936, 7691, 15943, 15760, 15891, 16114 ],
      "cpuUsages" : [ 46277, 19535, 24728, 59249, 76301, 20270, 14248, 14300, 21641, 20440, 20649, 19432 ],
      "physMemKbytes" : [ 170191, 284341, 291609, 295487, 299521, 308252, 314131, 314258, 319528, 320172, 321035, 319155 ],
      "resourceUsageMetrics" : {
        "cumulativeCpuUsage" : 357070,
        "virtualMemoryUsage" : 2126397440,
        "physicalMemoryUsage" : 325214208,
        "heapUsage" : 208666624
      },
      "vmemKbytes" : [ 1256809, 2073475, 2073476, 2073475, 2073476, 2073475, 2073476, 2073475, 2075340, 2075532, 2075531, 2075615 ]
    } ],
    "preferredLocations" : [ ]
  }, {
    "inputBytes" : 7676204,
    "inputRecords" : 3964,
    "outputBytes" : 7933253448,
    "outputRecords" : 81564432,
    "taskID" : "task_1572946766556_1057_m_000002",
    "startTime" : 1575692631766,
    "finishTime" : 1575693008278,
    "taskType" : "MAP",
    "taskStatus" : "SUCCESS",
    "attempts" : [ {
      "attemptID" : "attempt_1572946766556_1057_m_000002_0",
      "result" : "SUCCESS",
      "startTime" : 1575692633922,
      "finishTime" : 1575693008278,
      "hostName" : "/default-rack/slave2",
      "hdfsBytesRead" : 7676204,
      "hdfsBytesWritten" : 0,
      "fileBytesRead" : 5273251506,
      "fileBytesWritten" : 7933253448,
      "mapInputRecords" : 3964,
      "mapInputBytes" : -1,
      "mapOutputBytes" : 2508184176,
      "mapOutputRecords" : 81564432,
      "combineInputRecords" : 0,
      "reduceInputGroups" : -1,
      "reduceInputRecords" : -1,
      "reduceShuffleBytes" : -1,
      "reduceOutputRecords" : -1,
      "spilledRecords" : 242326400,
      "shuffleFinished" : -1,
      "sortFinished" : -1,
      "location" : {
        "layers" : [ "default-rack", "slave2" ]
      },
      "clockSplits" : [ 10333, 9187, 185997, 23238, 14385, 4926, 3353, 13717, 26550, 26590, 27241, 28827 ],
      "cpuUsages" : [ 19948, 19585, 398071, 47426, 34606, 10472, 7882, 26526, 34168, 33422, 34925, 34919 ],
      "physMemKbytes" : [ 162718, 278544, 287082, 302102, 302873, 303760, 303394, 303461, 310438, 308242, 306579, 307177 ],
      "resourceUsageMetrics" : {
        "cumulativeCpuUsage" : 701950,
        "virtualMemoryUsage" : 2124316672,
        "physicalMemoryUsage" : 315027456,
        "heapUsage" : 209190912
      },
      "vmemKbytes" : [ 1222791, 2068635, 2069072, 2070071, 2070072, 2070071, 2070072, 2070167, 2076712, 2074715, 2073499, 2073513 ]
    }, {
      "attemptID" : "attempt_1572946766556_1057_m_000002_1",
      "result" : "KILLED",
      "startTime" : 1575692826179,
      "finishTime" : 1575693008298,
      "hostName" : "/default-rack/slave5",
      "hdfsBytesRead" : 7676204,
      "hdfsBytesWritten" : 0,
      "fileBytesRead" : 461242368,
      "fileBytesWritten" : 3129368497,
      "mapInputRecords" : 3964,
      "mapInputBytes" : -1,
      "mapOutputBytes" : 2508184176,
      "mapOutputRecords" : 81564432,
      "combineInputRecords" : 0,
      "reduceInputGroups" : -1,
      "reduceInputRecords" : -1,
      "reduceShuffleBytes" : -1,
      "reduceOutputRecords" : -1,
      "spilledRecords" : 92533808,
      "shuffleFinished" : -1,
      "sortFinished" : -1,
      "location" : {
        "layers" : [ "default-rack", "slave5" ]
      },
      "clockSplits" : [ 7523, 7200, 120678, 14562, 8869, 4004, 1972, 7319, 9261, 238, 237, 238 ],
      "cpuUsages" : [ 13488, 14920, 246282, 29055, 17787, 9254, 4372, 13527, 13345, 0, 0, 0 ],
      "physMemKbytes" : [ 128843, 275916, 283573, 293624, 294065, 294975, 295633, 295108, 306367, 306672, 306671, 306672 ],
      "resourceUsageMetrics" : {
        "cumulativeCpuUsage" : 362030,
        "virtualMemoryUsage" : 2123821056,
        "physicalMemoryUsage" : 314032128,
        "heapUsage" : 207093760
      },
      "vmemKbytes" : [ 974461, 2065360, 2069064, 2069063, 2069064, 2069063, 2069064, 2069063, 2073841, 2074044, 2074043, 2074044 ]
    } ],
    "preferredLocations" : [ ]
  } ],
  "reduceTasks" : [ {
    "inputBytes" : 2658198729,
    "inputRecords" : 79679848,
    "outputBytes" : 1608561436,
    "outputRecords" : 67589773,
    "taskID" : "task_1572946766556_1057_r_000000",
    "startTime" : 1575692631766,
    "finishTime" : 1575693168824,
    "taskType" : "REDUCE",
    "taskStatus" : "SUCCESS",
    "attempts" : [ {
      "attemptID" : "attempt_1572946766556_1057_r_000000_0",
      "result" : "SUCCESS",
      "startTime" : 1575692827192,
      "finishTime" : 1575693168824,
      "hostName" : "/default-rack/slave3",
      "hdfsBytesRead" : 0,
      "hdfsBytesWritten" : 1608561436,
      "fileBytesRead" : 2658198729,
      "fileBytesWritten" : 2658322826,
      "mapInputRecords" : -1,
      "mapInputBytes" : -1,
      "mapOutputBytes" : -1,
      "mapOutputRecords" : -1,
      "combineInputRecords" : 0,
      "reduceInputGroups" : 67589773,
      "reduceInputRecords" : 79679848,
      "reduceShuffleBytes" : 2658198729,
      "reduceOutputRecords" : 67589773,
      "spilledRecords" : 79679848,
      "shuffleFinished" : 1575693031248,
      "sortFinished" : 1575693031273,
      "location" : {
        "layers" : [ "default-rack", "slave3" ]
      },
      "clockSplits" : [ 5709, 149494, 48962, 252, 251, 252, 251, 252, 32918, 34472, 34026, 34781 ],
      "cpuUsages" : [ 1109, 7125, 8633, 1223, 1223, 1224, 1223, 1223, 58837, 58619, 58010, 57171 ],
      "physMemKbytes" : [ 61654, 153538, 156562, 160785, 172600, 184415, 196230, 208044, 220075, 218442, 221661, 224879 ],
      "resourceUsageMetrics" : {
        "cumulativeCpuUsage" : 255620,
        "virtualMemoryUsage" : 2133073920,
        "physicalMemoryUsage" : 231161856,
        "heapUsage" : 135790592
      },
      "vmemKbytes" : [ 777820, 1990165, 2077892, 2079299, 2081110, 2082919, 2084730, 2086539, 2089280, 2083080, 2083079, 2083080 ]
    } ],
    "preferredLocations" : [ ]
  }, {
    "inputBytes" : 2658695084,
    "inputRecords" : 79694574,
    "outputBytes" : 1608820777,
    "outputRecords" : 67600228,
    "taskID" : "task_1572946766556_1057_r_000001",
    "startTime" : 1575692631766,
    "finishTime" : 1575693170299,
    "taskType" : "REDUCE",
    "taskStatus" : "SUCCESS",
    "attempts" : [ {
      "attemptID" : "attempt_1572946766556_1057_r_000001_0",
      "result" : "SUCCESS",
      "startTime" : 1575692827200,
      "finishTime" : 1575693170299,
      "hostName" : "/default-rack/slave5",
      "hdfsBytesRead" : 0,
      "hdfsBytesWritten" : 1608820777,
      "fileBytesRead" : 2658695084,
      "fileBytesWritten" : 2658819181,
      "mapInputRecords" : -1,
      "mapInputBytes" : -1,
      "mapOutputBytes" : -1,
      "mapOutputRecords" : -1,
      "combineInputRecords" : 0,
      "reduceInputGroups" : 67600228,
      "reduceInputRecords" : 79694574,
      "reduceShuffleBytes" : 2658695084,
      "reduceOutputRecords" : 67600228,
      "spilledRecords" : 79694574,
      "shuffleFinished" : 1575693030587,
      "sortFinished" : 1575693030610,
      "location" : {
        "layers" : [ "default-rack", "slave5" ]
      },
      "clockSplits" : [ 13215, 160352, 29981, 390, 389, 390, 389, 389, 33025, 35250, 34630, 34686 ],
      "cpuUsages" : [ 5434, 13190, 9137, 1203, 1203, 1204, 1203, 1204, 59818, 60432, 60780, 59462 ],
      "physMemKbytes" : [ 166128, 162489, 159315, 164002, 173737, 183471, 193206, 202939, 222104, 230257, 233527, 236464 ],
      "resourceUsageMetrics" : {
        "cumulativeCpuUsage" : 274270,
        "virtualMemoryUsage" : 2135662592,
        "physicalMemoryUsage" : 243884032,
        "heapUsage" : 135266304
      },
      "vmemKbytes" : [ 2073660, 2073660, 2073783, 2075508, 2077727, 2079946, 2082165, 2084383, 2085605, 2085608, 2085607, 2085608 ]
    } ],
    "preferredLocations" : [ ]
  }, {
    "inputBytes" : 2658326038,
    "inputRecords" : 79683598,
    "outputBytes" : 1608699243,
    "outputRecords" : 67595139,
    "taskID" : "task_1572946766556_1057_r_000002",
    "startTime" : 1575692631766,
    "finishTime" : 1575693169653,
    "taskType" : "REDUCE",
    "taskStatus" : "SUCCESS",
    "attempts" : [ {
      "attemptID" : "attempt_1572946766556_1057_r_000002_0",
      "result" : "SUCCESS",
      "startTime" : 1575692827199,
      "finishTime" : 1575693169653,
      "hostName" : "/default-rack/slave4",
      "hdfsBytesRead" : 0,
      "hdfsBytesWritten" : 1608699243,
      "fileBytesRead" : 2658326038,
      "fileBytesWritten" : 2658450135,
      "mapInputRecords" : -1,
      "mapInputBytes" : -1,
      "mapOutputBytes" : -1,
      "mapOutputRecords" : -1,
      "combineInputRecords" : 0,
      "reduceInputGroups" : 67595139,
      "reduceInputRecords" : 79683598,
      "reduceShuffleBytes" : 2658326038,
      "reduceOutputRecords" : 67595139,
      "spilledRecords" : 79683598,
      "shuffleFinished" : 1575693031013,
      "sortFinished" : 1575693031036,
      "location" : {
        "layers" : [ "default-rack", "slave4" ]
      },
      "clockSplits" : [ 13275, 160491, 30195, 349, 348, 349, 349, 349, 33156, 34608, 34119, 34854 ],
      "cpuUsages" : [ 4632, 13937, 9125, 1363, 1364, 1363, 1364, 1363, 59082, 59148, 58117, 59212 ],
      "physMemKbytes" : [ 164788, 161288, 158696, 164288, 174309, 184328, 194348, 204367, 215171, 220953, 223954, 228101 ],
      "resourceUsageMetrics" : {
        "cumulativeCpuUsage" : 270070,
        "virtualMemoryUsage" : 2149011456,
        "physicalMemoryUsage" : 234708992,
        "heapUsage" : 135790592
      },
      "vmemKbytes" : [ 2072852, 2077043, 2079301, 2081560, 2084466, 2087371, 2090277, 2093182, 2098677, 2098644, 2098643, 2098644 ]
    } ],
    "preferredLocations" : [ ]
  } ],
  "otherTasks" : [ ],
  "successfulMapAttemptCDFs" : [ {
    "numberValues" : 0,
    "minimum" : -9223372036854775808,
    "rankings" : [ ],
    "maximum" : 9223372036854775807
  }, {
    "numberValues" : 0,
    "minimum" : -9223372036854775808,
    "rankings" : [ ],
    "maximum" : 9223372036854775807
  }, {
    "numberValues" : 0,
    "minimum" : -9223372036854775808,
    "rankings" : [ ],
    "maximum" : 9223372036854775807
  }, {
    "numberValues" : 3,
    "minimum" : 190239,
    "rankings" : [ {
      "relativeRanking" : 0.05,
      "datum" : 190239
    }, {
      "relativeRanking" : 0.1,
      "datum" : 190239
    }, {
      "relativeRanking" : 0.15,
      "datum" : 190239
    }, {
      "relativeRanking" : 0.2,
      "datum" : 190239
    }, {
      "relativeRanking" : 0.25,
      "datum" : 190239
    }, {
      "relativeRanking" : 0.3,
      "datum" : 190239
    }, {
      "relativeRanking" : 0.35,
      "datum" : 190239
    }, {
      "relativeRanking" : 0.4,
      "datum" : 190239
    }, {
      "relativeRanking" : 0.45,
      "datum" : 190239
    }, {
      "relativeRanking" : 0.5,
      "datum" : 190239
    }, {
      "relativeRanking" : 0.55,
      "datum" : 190239
    }, {
      "relativeRanking" : 0.6,
      "datum" : 190239
    }, {
      "relativeRanking" : 0.65,
      "datum" : 190239
    }, {
      "relativeRanking" : 0.7,
      "datum" : 346775
    }, {
      "relativeRanking" : 0.75,
      "datum" : 346775
    }, {
      "relativeRanking" : 0.8,
      "datum" : 346775
    }, {
      "relativeRanking" : 0.85,
      "datum" : 346775
    }, {
      "relativeRanking" : 0.9,
      "datum" : 346775
    }, {
      "relativeRanking" : 0.95,
      "datum" : 346775
    } ],
    "maximum" : 374356
  } ],
  "failedMapAttemptCDFs" : [ {
    "numberValues" : 0,
    "minimum" : -9223372036854775808,
    "rankings" : [ ],
    "maximum" : 9223372036854775807
  }, {
    "numberValues" : 0,
    "minimum" : -9223372036854775808,
    "rankings" : [ ],
    "maximum" : 9223372036854775807
  }, {
    "numberValues" : 0,
    "minimum" : -9223372036854775808,
    "rankings" : [ ],
    "maximum" : 9223372036854775807
  }, {
    "numberValues" : 0,
    "minimum" : -9223372036854775808,
    "rankings" : [ ],
    "maximum" : 9223372036854775807
  } ],
  "successfulReduceAttemptCDF" : {
    "numberValues" : 3,
    "minimum" : 341632,
    "rankings" : [ {
      "relativeRanking" : 0.05,
      "datum" : 341632
    }, {
      "relativeRanking" : 0.1,
      "datum" : 341632
    }, {
      "relativeRanking" : 0.15,
      "datum" : 341632
    }, {
      "relativeRanking" : 0.2,
      "datum" : 341632
    }, {
      "relativeRanking" : 0.25,
      "datum" : 341632
    }, {
      "relativeRanking" : 0.3,
      "datum" : 341632
    }, {
      "relativeRanking" : 0.35,
      "datum" : 341632
    }, {
      "relativeRanking" : 0.4,
      "datum" : 341632
    }, {
      "relativeRanking" : 0.45,
      "datum" : 341632
    }, {
      "relativeRanking" : 0.5,
      "datum" : 341632
    }, {
      "relativeRanking" : 0.55,
      "datum" : 341632
    }, {
      "relativeRanking" : 0.6,
      "datum" : 341632
    }, {
      "relativeRanking" : 0.65,
      "datum" : 341632
    }, {
      "relativeRanking" : 0.7,
      "datum" : 342454
    }, {
      "relativeRanking" : 0.75,
      "datum" : 342454
    }, {
      "relativeRanking" : 0.8,
      "datum" : 342454
    }, {
      "relativeRanking" : 0.85,
      "datum" : 342454
    }, {
      "relativeRanking" : 0.9,
      "datum" : 342454
    }, {
      "relativeRanking" : 0.95,
      "datum" : 342454
    } ],
    "maximum" : 343099
  },
  "failedReduceAttemptCDF" : {
    "numberValues" : 0,
    "minimum" : -9223372036854775808,
    "rankings" : [ ],
    "maximum" : 9223372036854775807
  },
  "queue" : "default",
  "jobName" : "CAC_Count-[1575692485592-Similarity2-END]",
  "clusterMapMB" : -1,
  "clusterReduceMB" : -1,
  "jobMapMB" : -1,
  "jobReduceMB" : -1,
  "relativeTime" : 0,
  "mapperTriesToSucceed" : [ 1.0 ],
  "failedMapperFraction" : 0.0,
  "jobProperties" : { }
}