{
  "jobID" : "job_1572946766556_1056",
  "user" : "hadoop",
  "computonsPerMapInputByte" : -1,
  "computonsPerMapOutputByte" : -1,
  "computonsPerReduceInputByte" : -1,
  "computonsPerReduceOutputByte" : -1,
  "submitTime" : 1575692488461,
  "launchTime" : 1575692492252,
  "finishTime" : 1575692626266,
  "heapMegabytes" : -1,
  "totalMaps" : 2,
  "totalReduces" : 3,
  "outcome" : "SUCCESS",
  "jobtype" : "JAVA",
  "priority" : "NORMAL",
  "directDependantJobs" : [ ],
  "mapTasks" : [ {
    "inputBytes" : 7745257,
    "inputRecords" : 246569,
    "outputBytes" : 32289411,
    "outputRecords" : 934712,
    "taskID" : "task_1572946766556_1056_m_000000",
    "startTime" : 1575692492304,
    "finishTime" : 1575692555390,
    "taskType" : "MAP",
    "taskStatus" : "SUCCESS",
    "attempts" : [ {
      "attemptID" : "attempt_1572946766556_1056_m_000000_0",
      "result" : "SUCCESS",
      "startTime" : 1575692494463,
      "finishTime" : 1575692555390,
      "hostName" : "/default-rack/slave4",
      "hdfsBytesRead" : 7745257,
      "hdfsBytesWritten" : 0,
      "fileBytesRead" : 0,
      "fileBytesWritten" : 32289411,
      "mapInputRecords" : 246569,
      "mapInputBytes" : -1,
      "mapOutputBytes" : 30296128,
      "mapOutputRecords" : 934712,
      "combineInputRecords" : 0,
      "reduceInputGroups" : -1,
      "reduceInputRecords" : -1,
      "reduceShuffleBytes" : -1,
      "reduceOutputRecords" : -1,
      "spilledRecords" : 934712,
      "shuffleFinished" : -1,
      "sortFinished" : -1,
      "location" : {
        "layers" : [ "default-rack", "slave4" ]
      },
      "clockSplits" : [ 10416, 7649, 7308, 6885, 6946, 6872, 6873, 6789, 295, 295, 295, 295 ],
      "cpuUsages" : [ 145930, 135737, 126721, 117924, 121658, 118953, 120352, 90641, 7198, 7199, 7198, 7199 ],
      "physMemKbytes" : [ 222244, 353241, 354005, 354266, 356362, 361042, 359632, 359616, 356892, 352870, 348848, 344827 ],
      "resourceUsageMetrics" : {
        "cumulativeCpuUsage" : 1006710,
        "virtualMemoryUsage" : 2122715136,
        "physicalMemoryUsage" : 351043584,
        "heapUsage" : 175112192
      },
      "vmemKbytes" : [ 1350531, 2072963, 2072964, 2072963, 2072964, 2072963, 2072964, 2072963, 2072964, 2072964, 2072963, 2072964 ]
    }, {
      "attemptID" : "attempt_1572946766556_1056_m_000000_1",
      "result" : "KILLED",
      "startTime" : 1575692507362,
      "finishTime" : 1575692555409,
      "hostName" : "/default-rack/slave2",
      "hdfsBytesRead" : 5898385,
      "hdfsBytesWritten" : 0,
      "fileBytesRead" : 0,
      "fileBytesWritten" : 123761,
      "mapInputRecords" : 186904,
      "mapInputBytes" : -1,
      "mapOutputBytes" : 22697236,
      "mapOutputRecords" : 699980,
      "combineInputRecords" : 0,
      "reduceInputGroups" : -1,
      "reduceInputRecords" : -1,
      "reduceShuffleBytes" : -1,
      "reduceOutputRecords" : -1,
      "spilledRecords" : 0,
      "shuffleFinished" : -1,
      "sortFinished" : -1,
      "location" : {
        "layers" : [ "default-rack", "slave2" ]
      },
      "clockSplits" : [ 10486, 7689, 7109, 6582, 6942, 6506, 500, 443, 443, 443, 443, 444 ],
      "cpuUsages" : [ 125642, 112764, 100846, 92488, 98581, 93134, 885, 0, 0, 0, 0, 0 ],
      "physMemKbytes" : [ 219263, 347516, 357333, 360756, 362334, 358171, 358243, 358243, 358244, 358244, 358243, 358244 ],
      "resourceUsageMetrics" : {
        "cumulativeCpuUsage" : 624340,
        "virtualMemoryUsage" : 2120151040,
        "physicalMemoryUsage" : 366841856,
        "heapUsage" : 192937984
      },
      "vmemKbytes" : [ 1368154, 2070459, 2070460, 2070459, 2070460, 2070459, 2070460, 2070459, 2070460, 2070460, 2070459, 2070460 ]
    } ],
    "preferredLocations" : [ ]
  }, {
    "inputBytes" : 1279951,
    "inputRecords" : 32202,
    "outputBytes" : 4613252,
    "outputRecords" : 203769,
    "taskID" : "task_1572946766556_1056_m_000001",
    "startTime" : 1575692492306,
    "finishTime" : 1575692506002,
    "taskType" : "MAP",
    "taskStatus" : "SUCCESS",
    "attempts" : [ {
      "attemptID" : "attempt_1572946766556_1056_m_000001_0",
      "result" : "SUCCESS",
      "startTime" : 1575692494456,
      "finishTime" : 1575692506002,
      "hostName" : "/default-rack/slave3",
      "hdfsBytesRead" : 1279951,
      "hdfsBytesWritten" : 0,
      "fileBytesRead" : 0,
      "fileBytesWritten" : 4613252,
      "mapInputRecords" : 32202,
      "mapInputBytes" : -1,
      "mapOutputBytes" : 4081855,
      "mapOutputRecords" : 203769,
      "combineInputRecords" : 0,
      "reduceInputGroups" : -1,
      "reduceInputRecords" : -1,
      "reduceShuffleBytes" : -1,
      "reduceOutputRecords" : -1,
      "spilledRecords" : 203769,
      "shuffleFinished" : -1,
      "sortFinished" : -1,
      "location" : {
        "layers" : [ "default-rack", "slave3" ]
      },
      "clockSplits" : [ 1450, 1451, 1450, 1451, 1450, 3831, 20, 19, 98, 98, 98, 99 ],
      "cpuUsages" : [ 19060, 19061, 19061, 19060, 19061, 20394, 22002, 22002, 714, 628, 628, 629 ],
      "physMemKbytes" : [ 31851, 95553, 159255, 222956, 286659, 344163, 356495, 359790, 359280, 354902, 350523, 346145 ],
      "resourceUsageMetrics" : {
        "cumulativeCpuUsage" : 162300,
        "virtualMemoryUsage" : 2122215424,
        "physicalMemoryUsage" : 352210944,
        "heapUsage" : 174587904
      },
      "vmemKbytes" : [ 187232, 561696, 936161, 1310625, 1685090, 2020938, 2075341, 2073436, 2072476, 2072476, 2072475, 2072476 ]
    } ],
    "preferredLocations" : [ ]
  } ],
  "reduceTasks" : [ {
    "inputBytes" : 13316912,
    "inputRecords" : 412432,
    "outputBytes" : 9598928,
    "outputRecords" : 3960,
    "taskID" : "task_1572946766556_1056_r_000000",
    "startTime" : 1575692492306,
    "finishTime" : 1575692626186,
    "taskType" : "REDUCE",
    "taskStatus" : "SUCCESS",
    "attempts" : [ {
      "attemptID" : "attempt_1572946766556_1056_r_000000_0",
      "result" : "SUCCESS",
      "startTime" : 1575692508387,
      "finishTime" : 1575692626186,
      "hostName" : "/default-rack/slave5",
      "hdfsBytesRead" : 0,
      "hdfsBytesWritten" : 9598928,
      "fileBytesRead" : 13316906,
      "fileBytesWritten" : 13440644,
      "mapInputRecords" : -1,
      "mapInputBytes" : -1,
      "mapOutputBytes" : -1,
      "mapOutputRecords" : -1,
      "combineInputRecords" : 0,
      "reduceInputGroups" : 3960,
      "reduceInputRecords" : 412432,
      "reduceShuffleBytes" : 13316912,
      "reduceOutputRecords" : 3960,
      "spilledRecords" : 412432,
      "shuffleFinished" : 1575692555557,
      "sortFinished" : 1575692555764,
      "location" : {
        "layers" : [ "default-rack", "slave5" ]
      },
      "clockSplits" : [ 3927, 3928, 39360, 34, 35, 34, 35, 34, 5877, 25904, 19499, 19121 ],
      "cpuUsages" : [ 219, 220, 2169, 118, 118, 119, 118, 118, 21622, 87347, 70217, 70315 ],
      "physMemKbytes" : [ 42427, 127283, 181841, 180940, 180039, 179137, 178236, 177335, 194785, 251292, 276861, 281371 ],
      "resourceUsageMetrics" : {
        "cumulativeCpuUsage" : 252700,
        "virtualMemoryUsage" : 2129731584,
        "physicalMemoryUsage" : 287010816,
        "heapUsage" : 159907840
      },
      "vmemKbytes" : [ 519254, 1557764, 2077019, 2077019, 2077020, 2077019, 2077020, 2077019, 2079254, 2079816, 2079815, 2079816 ]
    } ],
    "preferredLocations" : [ ]
  }, {
    "inputBytes" : 10820170,
    "inputRecords" : 331716,
    "outputBytes" : 7676048,
    "outputRecords" : 3964,
    "taskID" : "task_1572946766556_1056_r_000001",
    "startTime" : 1575692492306,
    "finishTime" : 1575692592362,
    "taskType" : "REDUCE",
    "taskStatus" : "SUCCESS",
    "attempts" : [ {
      "attemptID" : "attempt_1572946766556_1056_r_000001_0",
      "result" : "SUCCESS",
      "startTime" : 1575692508386,
      "finishTime" : 1575692592362,
      "hostName" : "/default-rack/slave2",
      "hdfsBytesRead" : 0,
      "hdfsBytesWritten" : 7676048,
      "fileBytesRead" : 10820164,
      "fileBytesWritten" : 10943902,
      "mapInputRecords" : -1,
      "mapInputBytes" : -1,
      "mapOutputBytes" : -1,
      "mapOutputRecords" : -1,
      "combineInputRecords" : 0,
      "reduceInputGroups" : 3964,
      "reduceInputRecords" : 331716,
      "reduceShuffleBytes" : 10820170,
      "reduceOutputRecords" : 3964,
      "spilledRecords" : 331716,
      "shuffleFinished" : 1575692555691,
      "sortFinished" : 1575692555883,
      "location" : {
        "layers" : [ "default-rack", "slave2" ]
      },
      "clockSplits" : [ 3973, 3974, 39560, 9, 9, 9, 9, 9, 4622, 18722, 6351, 6717 ],
      "cpuUsages" : [ 299, 300, 2399, 138, 138, 139, 138, 138, 14221, 53975, 16508, 16667 ],
      "physMemKbytes" : [ 40422, 121268, 168638, 169333, 170028, 170722, 171417, 172111, 210470, 250365, 264074, 264837 ],
      "resourceUsageMetrics" : {
        "cumulativeCpuUsage" : 105060,
        "virtualMemoryUsage" : 2130415616,
        "physicalMemoryUsage" : 271630336,
        "heapUsage" : 148897792
      },
      "vmemKbytes" : [ 518115, 1554347, 2072634, 2072975, 2073316, 2073657, 2073999, 2074340, 2078462, 2080484, 2080483, 2080484 ]
    } ],
    "preferredLocations" : [ ]
  }, {
    "inputBytes" : 12517899,
    "inputRecords" : 394333,
    "outputBytes" : 8988289,
    "outputRecords" : 3919,
    "taskID" : "task_1572946766556_1056_r_000002",
    "startTime" : 1575692492307,
    "finishTime" : 1575692603637,
    "taskType" : "REDUCE",
    "taskStatus" : "SUCCESS",
    "attempts" : [ {
      "attemptID" : "attempt_1572946766556_1056_r_000002_0",
      "result" : "SUCCESS",
      "startTime" : 1575692508383,
      "finishTime" : 1575692603637,
      "hostName" : "/default-rack/slave1",
      "hdfsBytesRead" : 0,
      "hdfsBytesWritten" : 8988289,
      "fileBytesRead" : 12517893,
      "fileBytesWritten" : 12641631,
      "mapInputRecords" : -1,
      "mapInputBytes" : -1,
      "mapOutputBytes" : -1,
      "mapOutputRecords" : -1,
      "combineInputRecords" : 0,
      "reduceInputGroups" : 3919,
      "reduceInputRecords" : 394333,
      "reduceShuffleBytes" : 12517899,
      "reduceOutputRecords" : 3919,
      "spilledRecords" : 394333,
      "shuffleFinished" : 1575692555701,
      "sortFinished" : 1575692555901,
      "location" : {
        "layers" : [ "default-rack", "slave1" ]
      },
      "clockSplits" : [ 3968, 3968, 39421, 32, 32, 32, 32, 1886, 3680, 19946, 12935, 9308 ],
      "cpuUsages" : [ 234, 235, 2650, 160, 160, 160, 160, 8809, 15817, 76189, 43470, 31426 ],
      "physMemKbytes" : [ 40322, 120968, 174531, 173745, 172960, 172173, 171388, 184395, 217578, 245890, 259711, 261426 ],
      "resourceUsageMetrics" : {
        "cumulativeCpuUsage" : 179470,
        "virtualMemoryUsage" : 2131140608,
        "physicalMemoryUsage" : 268603392,
        "heapUsage" : 146276352
      },
      "vmemKbytes" : [ 518402, 1555208, 2083904, 2082776, 2081649, 2080521, 2079394, 2079367, 2080925, 2081192, 2081191, 2081192 ]
    } ],
    "preferredLocations" : [ ]
  } ],
  "otherTasks" : [ ],
  "successfulMapAttemptCDFs" : [ {
    "numberValues" : 0,
    "minimum" : -9223372036854775808,
    "rankings" : [ ],
    "maximum" : 9223372036854775807
  }, {
    "numberValues" : 0,
    "minimum" : -9223372036854775808,
    "rankings" : [ ],
    "maximum" : 9223372036854775807
  }, {
    "numberValues" : 0,
    "minimum" : -9223372036854775808,
    "rankings" : [ ],
    "maximum" : 9223372036854775807
  }, {
    "numberValues" : 2,
    "minimum" : 11546,
    "rankings" : [ {
      "relativeRanking" : 0.05,
      "datum" : 11546
    }, {
      "relativeRanking" : 0.1,
      "datum" : 11546
    }, {
      "relativeRanking" : 0.15,
      "datum" : 11546
    }, {
      "relativeRanking" : 0.2,
      "datum" : 11546
    }, {
      "relativeRanking" : 0.25,
      "datum" : 11546
    }, {
      "relativeRanking" : 0.3,
      "datum" : 11546
    }, {
      "relativeRanking" : 0.35,
      "datum" : 11546
    }, {
      "relativeRanking" : 0.4,
      "datum" : 11546
    }, {
      "relativeRanking" : 0.45,
      "datum" : 11546
    }, {
      "relativeRanking" : 0.5,
      "datum" : 11546
    }, {
      "relativeRanking" : 0.55,
      "datum" : 11546
    }, {
      "relativeRanking" : 0.6,
      "datum" : 11546
    }, {
      "relativeRanking" : 0.65,
      "datum" : 11546
    }, {
      "relativeRanking" : 0.7,
      "datum" : 11546
    }, {
      "relativeRanking" : 0.75,
      "datum" : 11546
    }, {
      "relativeRanking" : 0.8,
      "datum" : 11546
    }, {
      "relativeRanking" : 0.85,
      "datum" : 11546
    }, {
      "relativeRanking" : 0.9,
      "datum" : 11546
    }, {
      "relativeRanking" : 0.95,
      "datum" : 11546
    } ],
    "maximum" : 60927
  } ],
  "failedMapAttemptCDFs" : [ {
    "numberValues" : 0,
    "minimum" : -9223372036854775808,
    "rankings" : [ ],
    "maximum" : 9223372036854775807
  }, {
    "numberValues" : 0,
    "minimum" : -9223372036854775808,
    "rankings" : [ ],
    "maximum" : 9223372036854775807
  }, {
    "numberValues" : 0,
    "minimum" : -9223372036854775808,
    "rankings" : [ ],
    "maximum" : 9223372036854775807
  }, {
    "numberValues" : 0,
    "minimum" : -9223372036854775808,
    "rankings" : [ ],
    "maximum" : 9223372036854775807
  } ],
  "successfulReduceAttemptCDF" : {
    "numberValues" : 3,
    "minimum" : 83976,
    "rankings" : [ {
      "relativeRanking" : 0.05,
      "datum" : 83976
    }, {
      "relativeRanking" : 0.1,
      "datum" : 83976
    }, {
      "relativeRanking" : 0.15,
      "datum" : 83976
    }, {
      "relativeRanking" : 0.2,
      "datum" : 83976
    }, {
      "relativeRanking" : 0.25,
      "datum" : 83976
    }, {
      "relativeRanking" : 0.3,
      "datum" : 83976
    }, {
      "relativeRanking" : 0.35,
      "datum" : 83976
    }, {
      "relativeRanking" : 0.4,
      "datum" : 83976
    }, {
      "relativeRanking" : 0.45,
      "datum" : 83976
    }, {
      "relativeRanking" : 0.5,
      "datum" : 83976
    }, {
      "relativeRanking" : 0.55,
      "datum" : 83976
    }, {
      "relativeRanking" : 0.6,
      "datum" : 83976
    }, {
      "relativeRanking" : 0.65,
      "datum" : 83976
    }, {
      "relativeRanking" : 0.7,
      "datum" : 95254
    }, {
      "relativeRanking" : 0.75,
      "datum" : 95254
    }, {
      "relativeRanking" : 0.8,
      "datum" : 95254
    }, {
      "relativeRanking" : 0.85,
      "datum" : 95254
    }, {
      "relativeRanking" : 0.9,
      "datum" : 95254
    }, {
      "relativeRanking" : 0.95,
      "datum" : 95254
    } ],
    "maximum" : 117799
  },
  "failedReduceAttemptCDF" : {
    "numberValues" : 0,
    "minimum" : -9223372036854775808,
    "rankings" : [ ],
    "maximum" : 9223372036854775807
  },
  "queue" : "default",
  "jobName" : "CAC_Count-[1575692485592-Indexing1]",
  "clusterMapMB" : -1,
  "clusterReduceMB" : -1,
  "jobMapMB" : -1,
  "jobReduceMB" : -1,
  "relativeTime" : 0,
  "mapperTriesToSucceed" : [ 1.0 ],
  "failedMapperFraction" : 0.0,
  "jobProperties" : { }
}