{
  "jobID" : "job_1572946766556_1069",
  "user" : "hadoop",
  "computonsPerMapInputByte" : -1,
  "computonsPerMapOutputByte" : -1,
  "computonsPerReduceInputByte" : -1,
  "computonsPerReduceOutputByte" : -1,
  "submitTime" : 1575696836277,
  "launchTime" : 1575696839827,
  "finishTime" : 1575697380913,
  "heapMegabytes" : -1,
  "totalMaps" : 3,
  "totalReduces" : 3,
  "outcome" : "SUCCESS",
  "jobtype" : "JAVA",
  "priority" : "NORMAL",
  "directDependantJobs" : [ ],
  "mapTasks" : [ {
    "inputBytes" : 9599084,
    "inputRecords" : 3960,
    "outputBytes" : 9861964448,
    "outputRecords" : 99038183,
    "taskID" : "task_1572946766556_1069_m_000000",
    "startTime" : 1575696839893,
    "finishTime" : 1575697207013,
    "taskType" : "MAP",
    "taskStatus" : "SUCCESS",
    "attempts" : [ {
      "attemptID" : "attempt_1572946766556_1069_m_000000_0",
      "result" : "SUCCESS",
      "startTime" : 1575696842045,
      "finishTime" : 1575697207013,
      "hostName" : "/default-rack/slave4",
      "hdfsBytesRead" : 9599084,
      "hdfsBytesWritten" : 0,
      "fileBytesRead" : 6550379206,
      "fileBytesWritten" : 9861964448,
      "mapInputRecords" : 3960,
      "mapInputBytes" : -1,
      "mapOutputBytes" : 3120344950,
      "mapOutputRecords" : 99038183,
      "combineInputRecords" : 0,
      "reduceInputGroups" : -1,
      "reduceInputRecords" : -1,
      "reduceShuffleBytes" : -1,
      "reduceOutputRecords" : -1,
      "spilledRecords" : 294795473,
      "shuffleFinished" : -1,
      "sortFinished" : -1,
      "location" : {
        "layers" : [ "default-rack", "slave4" ]
      },
      "clockSplits" : [ 11171, 8806, 26409, 29650, 102472, 8455, 50139, 10724, 30500, 28499, 28462, 29667 ],
      "cpuUsages" : [ 18944, 18469, 50638, 53466, 197211, 16924, 88625, 18100, 45647, 39129, 41340, 40467 ],
      "physMemKbytes" : [ 214628, 284849, 289194, 294452, 300300, 301073, 301535, 301455, 312062, 311357, 309686, 309068 ],
      "resourceUsageMetrics" : {
        "cumulativeCpuUsage" : 628960,
        "virtualMemoryUsage" : 2125574144,
        "physicalMemoryUsage" : 316575744,
        "heapUsage" : 209190912
      },
      "vmemKbytes" : [ 1596513, 2069100, 2069100, 2069099, 2069100, 2069099, 2069100, 2069099, 2074511, 2074728, 2074727, 2074746 ]
    } ],
    "preferredLocations" : [ ]
  }, {
    "inputBytes" : 8988445,
    "inputRecords" : 3919,
    "outputBytes" : 5685799518,
    "outputRecords" : 58455405,
    "taskID" : "task_1572946766556_1069_m_000001",
    "startTime" : 1575696839895,
    "finishTime" : 1575697078348,
    "taskType" : "MAP",
    "taskStatus" : "SUCCESS",
    "attempts" : [ {
      "attemptID" : "attempt_1572946766556_1069_m_000001_0",
      "result" : "SUCCESS",
      "startTime" : 1575696842036,
      "finishTime" : 1575697078348,
      "hostName" : "/default-rack/slave2",
      "hdfsBytesRead" : 8988445,
      "hdfsBytesWritten" : 0,
      "fileBytesRead" : 3706999650,
      "fileBytesWritten" : 5685799518,
      "mapInputRecords" : 3919,
      "mapInputBytes" : -1,
      "mapOutputBytes" : 1868574631,
      "mapOutputRecords" : 58455405,
      "combineInputRecords" : 0,
      "reduceInputGroups" : -1,
      "reduceInputRecords" : -1,
      "reduceShuffleBytes" : -1,
      "reduceOutputRecords" : -1,
      "spilledRecords" : 167738402,
      "shuffleFinished" : -1,
      "sortFinished" : -1,
      "location" : {
        "layers" : [ "default-rack", "slave2" ]
      },
      "clockSplits" : [ 21116, 12267, 13875, 39071, 46836, 11775, 8270, 9731, 18085, 18216, 18269, 18471 ],
      "cpuUsages" : [ 40857, 23778, 25472, 73113, 83044, 22968, 14976, 14921, 22540, 20463, 21373, 22365 ],
      "physMemKbytes" : [ 172680, 291607, 301070, 305210, 305140, 306624, 306445, 306515, 308083, 307869, 308009, 308014 ],
      "resourceUsageMetrics" : {
        "cumulativeCpuUsage" : 386500,
        "virtualMemoryUsage" : 2123108352,
        "physicalMemoryUsage" : 315478016,
        "heapUsage" : 208666624
      },
      "vmemKbytes" : [ 1254429, 2071583, 2071584, 2071583, 2071584, 2071583, 2071584, 2071583, 2072260, 2072320, 2072319, 2072320 ]
    } ],
    "preferredLocations" : [ ]
  }, {
    "inputBytes" : 7676204,
    "inputRecords" : 3964,
    "outputBytes" : 7832590947,
    "outputRecords" : 81564432,
    "taskID" : "task_1572946766556_1069_m_000002",
    "startTime" : 1575696839895,
    "finishTime" : 1575697108180,
    "taskType" : "MAP",
    "taskStatus" : "SUCCESS",
    "attempts" : [ {
      "attemptID" : "attempt_1572946766556_1069_m_000002_0",
      "result" : "SUCCESS",
      "startTime" : 1575696842044,
      "finishTime" : 1575697108180,
      "hostName" : "/default-rack/slave1",
      "hdfsBytesRead" : 7676204,
      "hdfsBytesWritten" : 0,
      "fileBytesRead" : 5172327017,
      "fileBytesWritten" : 7832590947,
      "mapInputRecords" : 3964,
      "mapInputBytes" : -1,
      "mapOutputBytes" : 2508184176,
      "mapOutputRecords" : 81564432,
      "combineInputRecords" : 0,
      "reduceInputGroups" : -1,
      "reduceInputRecords" : -1,
      "reduceShuffleBytes" : -1,
      "reduceOutputRecords" : -1,
      "spilledRecords" : 239676086,
      "shuffleFinished" : -1,
      "sortFinished" : -1,
      "location" : {
        "layers" : [ "default-rack", "slave1" ]
      },
      "clockSplits" : [ 7400, 7198, 120729, 13421, 8996, 3676, 2773, 7897, 23709, 22134, 23206, 24985 ],
      "cpuUsages" : [ 13686, 13782, 223933, 26406, 17167, 7542, 5687, 13514, 36175, 31729, 34073, 35936 ],
      "physMemKbytes" : [ 131315, 279936, 288193, 297693, 297573, 297982, 298784, 299181, 302853, 302198, 303541, 305037 ],
      "resourceUsageMetrics" : {
        "cumulativeCpuUsage" : 459630,
        "virtualMemoryUsage" : 2120794112,
        "physicalMemoryUsage" : 313090048,
        "heapUsage" : 209190912
      },
      "vmemKbytes" : [ 974131, 2064671, 2068703, 2068831, 2068832, 2068831, 2068832, 2068831, 2070360, 2070060, 2070059, 2070107 ]
    } ],
    "preferredLocations" : [ ]
  } ],
  "reduceTasks" : [ {
    "inputBytes" : 2658198729,
    "inputRecords" : 79679848,
    "outputBytes" : 1608561436,
    "outputRecords" : 67589773,
    "taskID" : "task_1572946766556_1069_r_000000",
    "startTime" : 1575696839895,
    "finishTime" : 1575697366092,
    "taskType" : "REDUCE",
    "taskStatus" : "SUCCESS",
    "attempts" : [ {
      "attemptID" : "attempt_1572946766556_1069_r_000000_0",
      "result" : "SUCCESS",
      "startTime" : 1575697081305,
      "finishTime" : 1575697366092,
      "hostName" : "/default-rack/slave1",
      "hdfsBytesRead" : 0,
      "hdfsBytesWritten" : 1608561436,
      "fileBytesRead" : 2658198729,
      "fileBytesWritten" : 2658322826,
      "mapInputRecords" : -1,
      "mapInputBytes" : -1,
      "mapOutputBytes" : -1,
      "mapOutputRecords" : -1,
      "combineInputRecords" : 0,
      "reduceInputGroups" : 67589773,
      "reduceInputRecords" : 79679848,
      "reduceShuffleBytes" : 2658198729,
      "reduceOutputRecords" : 67589773,
      "spilledRecords" : 79679848,
      "shuffleFinished" : 1575697228171,
      "sortFinished" : 1575697228194,
      "location" : {
        "layers" : [ "default-rack", "slave1" ]
      },
      "clockSplits" : [ 13039, 14460, 119423, 153, 153, 153, 153, 153, 34011, 34695, 33713, 34668 ],
      "cpuUsages" : [ 5772, 1687, 10994, 910, 911, 910, 911, 910, 62413, 64672, 60236, 63474 ],
      "physMemKbytes" : [ 168463, 170201, 171418, 178428, 186721, 195012, 203304, 211595, 228321, 233772, 237110, 240753 ],
      "resourceUsageMetrics" : {
        "cumulativeCpuUsage" : 273800,
        "virtualMemoryUsage" : 2135130112,
        "physicalMemoryUsage" : 247709696,
        "heapUsage" : 136839168
      },
      "vmemKbytes" : [ 2075388, 2075388, 2075559, 2077958, 2081044, 2084129, 2087215, 2090300, 2085495, 2085088, 2085087, 2085088 ]
    } ],
    "preferredLocations" : [ ]
  }, {
    "inputBytes" : 2658695084,
    "inputRecords" : 79694574,
    "outputBytes" : 1608820777,
    "outputRecords" : 67600228,
    "taskID" : "task_1572946766556_1069_r_000001",
    "startTime" : 1575696839896,
    "finishTime" : 1575697380850,
    "taskType" : "REDUCE",
    "taskStatus" : "SUCCESS",
    "attempts" : [ {
      "attemptID" : "attempt_1572946766556_1069_r_000001_0",
      "result" : "SUCCESS",
      "startTime" : 1575697081306,
      "finishTime" : 1575697380850,
      "hostName" : "/default-rack/slave2",
      "hdfsBytesRead" : 0,
      "hdfsBytesWritten" : 1608820777,
      "fileBytesRead" : 2658695084,
      "fileBytesWritten" : 2658819181,
      "mapInputRecords" : -1,
      "mapInputBytes" : -1,
      "mapOutputBytes" : -1,
      "mapOutputRecords" : -1,
      "combineInputRecords" : 0,
      "reduceInputGroups" : 67600228,
      "reduceInputRecords" : 79694574,
      "reduceShuffleBytes" : 2658695084,
      "reduceOutputRecords" : 67600228,
      "spilledRecords" : 79694574,
      "shuffleFinished" : 1575697228223,
      "sortFinished" : 1575697228248,
      "location" : {
        "layers" : [ "default-rack", "slave2" ]
      },
      "clockSplits" : [ 5956, 37026, 104026, 192, 192, 192, 192, 192, 37350, 37916, 37867, 38434 ],
      "cpuUsages" : [ 997, 9617, 12734, 1047, 1046, 1047, 1046, 1047, 57500, 53480, 53628, 57261 ],
      "physMemKbytes" : [ 61651, 168427, 175516, 171268, 180798, 190327, 199856, 209385, 238787, 251691, 254399, 258993 ],
      "resourceUsageMetrics" : {
        "cumulativeCpuUsage" : 250450,
        "virtualMemoryUsage" : 2155556864,
        "physicalMemoryUsage" : 266354688,
        "heapUsage" : 134742016
      },
      "vmemKbytes" : [ 777652, 1987333, 2073856, 2075490, 2077591, 2079692, 2081793, 2083894, 2099516, 2105036, 2105035, 2105036 ]
    } ],
    "preferredLocations" : [ ]
  }, {
    "inputBytes" : 2658326038,
    "inputRecords" : 79683598,
    "outputBytes" : 1608699243,
    "outputRecords" : 67595139,
    "taskID" : "task_1572946766556_1069_r_000002",
    "startTime" : 1575696839896,
    "finishTime" : 1575697347107,
    "taskType" : "REDUCE",
    "taskStatus" : "SUCCESS",
    "attempts" : [ {
      "attemptID" : "attempt_1572946766556_1069_r_000002_0",
      "result" : "SUCCESS",
      "startTime" : 1575697081310,
      "finishTime" : 1575697347107,
      "hostName" : "/default-rack/slave4",
      "hdfsBytesRead" : 0,
      "hdfsBytesWritten" : 1608699243,
      "fileBytesRead" : 2658326038,
      "fileBytesWritten" : 2658450135,
      "mapInputRecords" : -1,
      "mapInputBytes" : -1,
      "mapOutputBytes" : -1,
      "mapOutputRecords" : -1,
      "combineInputRecords" : 0,
      "reduceInputGroups" : 67595139,
      "reduceInputRecords" : 79683598,
      "reduceShuffleBytes" : 2658326038,
      "reduceOutputRecords" : 67595139,
      "spilledRecords" : 79683598,
      "shuffleFinished" : 1575697208476,
      "sortFinished" : 1575697208498,
      "location" : {
        "layers" : [ "default-rack", "slave4" ]
      },
      "clockSplits" : [ 13122, 29656, 84523, 410, 409, 410, 409, 410, 32616, 34990, 34117, 34712 ],
      "cpuUsages" : [ 3669, 6995, 3679, 1452, 1451, 1451, 1452, 1451, 56601, 59821, 58314, 59984 ],
      "physMemKbytes" : [ 164764, 171913, 170843, 169414, 180251, 191088, 201925, 212762, 226386, 226022, 229665, 234018 ],
      "resourceUsageMetrics" : {
        "cumulativeCpuUsage" : 256320,
        "virtualMemoryUsage" : 2143404032,
        "physicalMemoryUsage" : 240254976,
        "heapUsage" : 134217728
      },
      "vmemKbytes" : [ 2074020, 2080830, 2081371, 2078672, 2083221, 2087768, 2092316, 2096863, 2093781, 2093168, 2093167, 2093168 ]
    } ],
    "preferredLocations" : [ ]
  } ],
  "otherTasks" : [ ],
  "successfulMapAttemptCDFs" : [ {
    "numberValues" : 0,
    "minimum" : -9223372036854775808,
    "rankings" : [ ],
    "maximum" : 9223372036854775807
  }, {
    "numberValues" : 0,
    "minimum" : -9223372036854775808,
    "rankings" : [ ],
    "maximum" : 9223372036854775807
  }, {
    "numberValues" : 0,
    "minimum" : -9223372036854775808,
    "rankings" : [ ],
    "maximum" : 9223372036854775807
  }, {
    "numberValues" : 3,
    "minimum" : 236312,
    "rankings" : [ {
      "relativeRanking" : 0.05,
      "datum" : 236312
    }, {
      "relativeRanking" : 0.1,
      "datum" : 236312
    }, {
      "relativeRanking" : 0.15,
      "datum" : 236312
    }, {
      "relativeRanking" : 0.2,
      "datum" : 236312
    }, {
      "relativeRanking" : 0.25,
      "datum" : 236312
    }, {
      "relativeRanking" : 0.3,
      "datum" : 236312
    }, {
      "relativeRanking" : 0.35,
      "datum" : 236312
    }, {
      "relativeRanking" : 0.4,
      "datum" : 236312
    }, {
      "relativeRanking" : 0.45,
      "datum" : 236312
    }, {
      "relativeRanking" : 0.5,
      "datum" : 236312
    }, {
      "relativeRanking" : 0.55,
      "datum" : 236312
    }, {
      "relativeRanking" : 0.6,
      "datum" : 236312
    }, {
      "relativeRanking" : 0.65,
      "datum" : 236312
    }, {
      "relativeRanking" : 0.7,
      "datum" : 266136
    }, {
      "relativeRanking" : 0.75,
      "datum" : 266136
    }, {
      "relativeRanking" : 0.8,
      "datum" : 266136
    }, {
      "relativeRanking" : 0.85,
      "datum" : 266136
    }, {
      "relativeRanking" : 0.9,
      "datum" : 266136
    }, {
      "relativeRanking" : 0.95,
      "datum" : 266136
    } ],
    "maximum" : 364968
  } ],
  "failedMapAttemptCDFs" : [ {
    "numberValues" : 0,
    "minimum" : -9223372036854775808,
    "rankings" : [ ],
    "maximum" : 9223372036854775807
  }, {
    "numberValues" : 0,
    "minimum" : -9223372036854775808,
    "rankings" : [ ],
    "maximum" : 9223372036854775807
  }, {
    "numberValues" : 0,
    "minimum" : -9223372036854775808,
    "rankings" : [ ],
    "maximum" : 9223372036854775807
  }, {
    "numberValues" : 0,
    "minimum" : -9223372036854775808,
    "rankings" : [ ],
    "maximum" : 9223372036854775807
  } ],
  "successfulReduceAttemptCDF" : {
    "numberValues" : 3,
    "minimum" : 265797,
    "rankings" : [ {
      "relativeRanking" : 0.05,
      "datum" : 265797
    }, {
      "relativeRanking" : 0.1,
      "datum" : 265797
    }, {
      "relativeRanking" : 0.15,
      "datum" : 265797
    }, {
      "relativeRanking" : 0.2,
      "datum" : 265797
    }, {
      "relativeRanking" : 0.25,
      "datum" : 265797
    }, {
      "relativeRanking" : 0.3,
      "datum" : 265797
    }, {
      "relativeRanking" : 0.35,
      "datum" : 265797
    }, {
      "relativeRanking" : 0.4,
      "datum" : 265797
    }, {
      "relativeRanking" : 0.45,
      "datum" : 265797
    }, {
      "relativeRanking" : 0.5,
      "datum" : 265797
    }, {
      "relativeRanking" : 0.55,
      "datum" : 265797
    }, {
      "relativeRanking" : 0.6,
      "datum" : 265797
    }, {
      "relativeRanking" : 0.65,
      "datum" : 265797
    }, {
      "relativeRanking" : 0.7,
      "datum" : 284787
    }, {
      "relativeRanking" : 0.75,
      "datum" : 284787
    }, {
      "relativeRanking" : 0.8,
      "datum" : 284787
    }, {
      "relativeRanking" : 0.85,
      "datum" : 284787
    }, {
      "relativeRanking" : 0.9,
      "datum" : 284787
    }, {
      "relativeRanking" : 0.95,
      "datum" : 284787
    } ],
    "maximum" : 299544
  },
  "failedReduceAttemptCDF" : {
    "numberValues" : 0,
    "minimum" : -9223372036854775808,
    "rankings" : [ ],
    "maximum" : 9223372036854775807
  },
  "queue" : "default",
  "jobName" : "CAC_Count-[1575696690897-Similarity2-END]",
  "clusterMapMB" : -1,
  "clusterReduceMB" : -1,
  "jobMapMB" : -1,
  "jobReduceMB" : -1,
  "relativeTime" : 0,
  "mapperTriesToSucceed" : [ 1.0 ],
  "failedMapperFraction" : 0.0,
  "jobProperties" : { }
}