{
  "jobID" : "job_1572946766556_1068",
  "user" : "hadoop",
  "computonsPerMapInputByte" : -1,
  "computonsPerMapOutputByte" : -1,
  "computonsPerReduceInputByte" : -1,
  "computonsPerReduceOutputByte" : -1,
  "submitTime" : 1575696693681,
  "launchTime" : 1575696697340,
  "finishTime" : 1575696834477,
  "heapMegabytes" : -1,
  "totalMaps" : 2,
  "totalReduces" : 3,
  "outcome" : "SUCCESS",
  "jobtype" : "JAVA",
  "priority" : "NORMAL",
  "directDependantJobs" : [ ],
  "mapTasks" : [ {
    "inputBytes" : 7745257,
    "inputRecords" : 246569,
    "outputBytes" : 32289411,
    "outputRecords" : 934712,
    "taskID" : "task_1572946766556_1068_m_000000",
    "startTime" : 1575696697386,
    "finishTime" : 1575696767783,
    "taskType" : "MAP",
    "taskStatus" : "SUCCESS",
    "attempts" : [ {
      "attemptID" : "attempt_1572946766556_1068_m_000000_0",
      "result" : "SUCCESS",
      "startTime" : 1575696699552,
      "finishTime" : 1575696767783,
      "hostName" : "/default-rack/slave1",
      "hdfsBytesRead" : 7745257,
      "hdfsBytesWritten" : 0,
      "fileBytesRead" : 0,
      "fileBytesWritten" : 32289411,
      "mapInputRecords" : 246569,
      "mapInputBytes" : -1,
      "mapOutputBytes" : 30296128,
      "mapOutputRecords" : 934712,
      "combineInputRecords" : 0,
      "reduceInputGroups" : -1,
      "reduceInputRecords" : -1,
      "reduceShuffleBytes" : -1,
      "reduceOutputRecords" : -1,
      "spilledRecords" : 934712,
      "shuffleFinished" : -1,
      "sortFinished" : -1,
      "location" : {
        "layers" : [ "default-rack", "slave1" ]
      },
      "clockSplits" : [ 11232, 7677, 8220, 8206, 7995, 8059, 7671, 8357, 213, 197, 196, 197 ],
      "cpuUsages" : [ 165024, 126472, 92448, 91105, 85592, 88221, 83444, 79328, 822, 438, 438, 438 ],
      "physMemKbytes" : [ 230488, 356573, 354644, 354820, 363490, 363869, 357121, 357150, 355115, 350679, 346242, 341806 ],
      "resourceUsageMetrics" : {
        "cumulativeCpuUsage" : 813770,
        "virtualMemoryUsage" : 2123173888,
        "physicalMemoryUsage" : 347738112,
        "heapUsage" : 193462272
      },
      "vmemKbytes" : [ 1377781, 2073411, 2073412, 2073411, 2073412, 2073411, 2073412, 2073411, 2073412, 2073412, 2073411, 2073412 ]
    }, {
      "attemptID" : "attempt_1572946766556_1068_m_000000_1",
      "result" : "KILLED",
      "startTime" : 1575696716449,
      "finishTime" : 1575696767805,
      "hostName" : "/default-rack/slave1",
      "hdfsBytesRead" : 6029457,
      "hdfsBytesWritten" : 0,
      "fileBytesRead" : 0,
      "fileBytesWritten" : 123761,
      "mapInputRecords" : 190496,
      "mapInputBytes" : -1,
      "mapOutputBytes" : 23118594,
      "mapOutputRecords" : 712998,
      "combineInputRecords" : 0,
      "reduceInputGroups" : -1,
      "reduceInputRecords" : -1,
      "reduceShuffleBytes" : -1,
      "reduceOutputRecords" : -1,
      "spilledRecords" : 0,
      "shuffleFinished" : -1,
      "sortFinished" : -1,
      "location" : {
        "layers" : [ "default-rack", "slave1" ]
      },
      "clockSplits" : [ 11440, 7807, 7265, 7304, 7177, 6972, 1253, 423, 424, 424, 424, 424 ],
      "cpuUsages" : [ 123411, 101348, 97665, 99479, 96368, 95385, 12214, 0, 0, 0, 0, 0 ],
      "physMemKbytes" : [ 231521, 353741, 358967, 359169, 363864, 362539, 361944, 361943, 361944, 361944, 361943, 361944 ],
      "resourceUsageMetrics" : {
        "cumulativeCpuUsage" : 625870,
        "virtualMemoryUsage" : 2121977856,
        "physicalMemoryUsage" : 370630656,
        "heapUsage" : 193462272
      },
      "vmemKbytes" : [ 1415090, 2074109, 2072244, 2072243, 2072244, 2072243, 2072244, 2072243, 2072244, 2072244, 2072243, 2072244 ]
    } ],
    "preferredLocations" : [ ]
  }, {
    "inputBytes" : 1279951,
    "inputRecords" : 32202,
    "outputBytes" : 4613252,
    "outputRecords" : 203769,
    "taskID" : "task_1572946766556_1068_m_000001",
    "startTime" : 1575696697389,
    "finishTime" : 1575696714686,
    "taskType" : "MAP",
    "taskStatus" : "SUCCESS",
    "attempts" : [ {
      "attemptID" : "attempt_1572946766556_1068_m_000001_0",
      "result" : "SUCCESS",
      "startTime" : 1575696699557,
      "finishTime" : 1575696714686,
      "hostName" : "/default-rack/slave5",
      "hdfsBytesRead" : 1279951,
      "hdfsBytesWritten" : 0,
      "fileBytesRead" : 0,
      "fileBytesWritten" : 4613252,
      "mapInputRecords" : 32202,
      "mapInputBytes" : -1,
      "mapOutputBytes" : 4081855,
      "mapOutputRecords" : 203769,
      "combineInputRecords" : 0,
      "reduceInputGroups" : -1,
      "reduceInputRecords" : -1,
      "reduceShuffleBytes" : -1,
      "reduceOutputRecords" : -1,
      "spilledRecords" : 203769,
      "shuffleFinished" : -1,
      "sortFinished" : -1,
      "location" : {
        "layers" : [ "default-rack", "slave5" ]
      },
      "clockSplits" : [ 1918, 1918, 1918, 1919, 1587, 1488, 1849, 2020, 121, 122, 122, 122 ],
      "cpuUsages" : [ 26317, 26317, 26317, 26317, 27719, 28138, 37678, 40471, 1544, 1544, 1544, 1544 ],
      "physMemKbytes" : [ 41319, 123959, 206599, 289238, 348700, 355164, 358817, 359616, 358993, 357511, 356028, 354545 ],
      "resourceUsageMetrics" : {
        "cumulativeCpuUsage" : 245450,
        "virtualMemoryUsage" : 2124431360,
        "physicalMemoryUsage" : 362295296,
        "heapUsage" : 171966464
      },
      "vmemKbytes" : [ 245210, 735632, 1226054, 1716475, 2061632, 2074639, 2074640, 2074639, 2074640, 2074640, 2074639, 2074640 ]
    } ],
    "preferredLocations" : [ ]
  } ],
  "reduceTasks" : [ {
    "inputBytes" : 13316912,
    "inputRecords" : 412432,
    "outputBytes" : 9598928,
    "outputRecords" : 3960,
    "taskID" : "task_1572946766556_1068_r_000000",
    "startTime" : 1575696697389,
    "finishTime" : 1575696834409,
    "taskType" : "REDUCE",
    "taskStatus" : "SUCCESS",
    "attempts" : [ {
      "attemptID" : "attempt_1572946766556_1068_r_000000_0",
      "result" : "SUCCESS",
      "startTime" : 1575696717475,
      "finishTime" : 1575696834409,
      "hostName" : "/default-rack/slave5",
      "hdfsBytesRead" : 0,
      "hdfsBytesWritten" : 9598928,
      "fileBytesRead" : 13316906,
      "fileBytesWritten" : 13440644,
      "mapInputRecords" : -1,
      "mapInputBytes" : -1,
      "mapOutputBytes" : -1,
      "mapOutputRecords" : -1,
      "combineInputRecords" : 0,
      "reduceInputGroups" : 3960,
      "reduceInputRecords" : 412432,
      "reduceShuffleBytes" : 13316912,
      "reduceOutputRecords" : 3960,
      "spilledRecords" : 412432,
      "shuffleFinished" : 1575696768614,
      "sortFinished" : 1575696768809,
      "location" : {
        "layers" : [ "default-rack", "slave5" ]
      },
      "clockSplits" : [ 3904, 3904, 43880, 330, 331, 330, 330, 331, 2951, 24808, 17448, 18374 ],
      "cpuUsages" : [ 219, 220, 3873, 1653, 1653, 1652, 1653, 1653, 10655, 96717, 64135, 68487 ],
      "physMemKbytes" : [ 41631, 124895, 175996, 182583, 189170, 195756, 202343, 208929, 216416, 247352, 254412, 258531 ],
      "resourceUsageMetrics" : {
        "cumulativeCpuUsage" : 252570,
        "virtualMemoryUsage" : 2128896000,
        "physicalMemoryUsage" : 265109504,
        "heapUsage" : 151519232
      },
      "vmemKbytes" : [ 517727, 1553183, 2074906, 2075609, 2076312, 2077015, 2077718, 2078420, 2078963, 2079000, 2078999, 2079000 ]
    } ],
    "preferredLocations" : [ ]
  }, {
    "inputBytes" : 10820170,
    "inputRecords" : 331716,
    "outputBytes" : 7676048,
    "outputRecords" : 3964,
    "taskID" : "task_1572946766556_1068_r_000001",
    "startTime" : 1575696697389,
    "finishTime" : 1575696808302,
    "taskType" : "REDUCE",
    "taskStatus" : "SUCCESS",
    "attempts" : [ {
      "attemptID" : "attempt_1572946766556_1068_r_000001_0",
      "result" : "SUCCESS",
      "startTime" : 1575696717476,
      "finishTime" : 1575696808302,
      "hostName" : "/default-rack/slave1",
      "hdfsBytesRead" : 0,
      "hdfsBytesWritten" : 7676048,
      "fileBytesRead" : 10820164,
      "fileBytesWritten" : 10943902,
      "mapInputRecords" : -1,
      "mapInputBytes" : -1,
      "mapOutputBytes" : -1,
      "mapOutputRecords" : -1,
      "combineInputRecords" : 0,
      "reduceInputGroups" : 3964,
      "reduceInputRecords" : 331716,
      "reduceShuffleBytes" : 10820170,
      "reduceOutputRecords" : 3964,
      "spilledRecords" : 331716,
      "shuffleFinished" : 1575696767810,
      "sortFinished" : 1575696767976,
      "location" : {
        "layers" : [ "default-rack", "slave1" ]
      },
      "clockSplits" : [ 4064, 4065, 42418, 46, 45, 46, 46, 45, 4755, 21548, 6187, 7548 ],
      "cpuUsages" : [ 344, 345, 2888, 469, 468, 468, 468, 468, 19129, 81764, 21938, 26911 ],
      "physMemKbytes" : [ 40519, 121559, 180577, 187676, 194775, 201874, 208973, 216072, 228103, 251696, 269764, 270148 ],
      "resourceUsageMetrics" : {
        "cumulativeCpuUsage" : 155660,
        "virtualMemoryUsage" : 2132205568,
        "physicalMemoryUsage" : 276389888,
        "heapUsage" : 148897792
      },
      "vmemKbytes" : [ 518383, 1555151, 2074368, 2076034, 2077701, 2079367, 2081034, 2082700, 2082739, 2082232, 2082231, 2082232 ]
    } ],
    "preferredLocations" : [ ]
  }, {
    "inputBytes" : 12517899,
    "inputRecords" : 394333,
    "outputBytes" : 8988289,
    "outputRecords" : 3919,
    "taskID" : "task_1572946766556_1068_r_000002",
    "startTime" : 1575696697389,
    "finishTime" : 1575696816363,
    "taskType" : "REDUCE",
    "taskStatus" : "SUCCESS",
    "attempts" : [ {
      "attemptID" : "attempt_1572946766556_1068_r_000002_0",
      "result" : "SUCCESS",
      "startTime" : 1575696717479,
      "finishTime" : 1575696816363,
      "hostName" : "/default-rack/slave3",
      "hdfsBytesRead" : 0,
      "hdfsBytesWritten" : 8988289,
      "fileBytesRead" : 12517893,
      "fileBytesWritten" : 12641631,
      "mapInputRecords" : -1,
      "mapInputBytes" : -1,
      "mapOutputBytes" : -1,
      "mapOutputRecords" : -1,
      "combineInputRecords" : 0,
      "reduceInputGroups" : 3919,
      "reduceInputRecords" : 394333,
      "reduceShuffleBytes" : 12517899,
      "reduceOutputRecords" : 3919,
      "spilledRecords" : 394333,
      "shuffleFinished" : 1575696768669,
      "sortFinished" : 1575696768876,
      "location" : {
        "layers" : [ "default-rack", "slave3" ]
      },
      "clockSplits" : [ 3930, 3930, 43882, 326, 326, 326, 326, 326, 4330, 18710, 14883, 7576 ],
      "cpuUsages" : [ 229, 230, 3605, 1784, 1785, 1784, 1785, 1784, 14116, 72040, 59120, 28488 ],
      "physMemKbytes" : [ 40943, 122831, 179217, 189230, 199243, 209255, 219268, 229280, 238233, 251253, 270294, 270576 ],
      "resourceUsageMetrics" : {
        "cumulativeCpuUsage" : 186750,
        "virtualMemoryUsage" : 2129199104,
        "physicalMemoryUsage" : 277602304,
        "heapUsage" : 151519232
      },
      "vmemKbytes" : [ 518378, 1555136, 2073966, 2074868, 2075771, 2076673, 2077576, 2078478, 2079221, 2079296, 2079295, 2079296 ]
    } ],
    "preferredLocations" : [ ]
  } ],
  "otherTasks" : [ ],
  "successfulMapAttemptCDFs" : [ {
    "numberValues" : 0,
    "minimum" : -9223372036854775808,
    "rankings" : [ ],
    "maximum" : 9223372036854775807
  }, {
    "numberValues" : 0,
    "minimum" : -9223372036854775808,
    "rankings" : [ ],
    "maximum" : 9223372036854775807
  }, {
    "numberValues" : 0,
    "minimum" : -9223372036854775808,
    "rankings" : [ ],
    "maximum" : 9223372036854775807
  }, {
    "numberValues" : 2,
    "minimum" : 15129,
    "rankings" : [ {
      "relativeRanking" : 0.05,
      "datum" : 15129
    }, {
      "relativeRanking" : 0.1,
      "datum" : 15129
    }, {
      "relativeRanking" : 0.15,
      "datum" : 15129
    }, {
      "relativeRanking" : 0.2,
      "datum" : 15129
    }, {
      "relativeRanking" : 0.25,
      "datum" : 15129
    }, {
      "relativeRanking" : 0.3,
      "datum" : 15129
    }, {
      "relativeRanking" : 0.35,
      "datum" : 15129
    }, {
      "relativeRanking" : 0.4,
      "datum" : 15129
    }, {
      "relativeRanking" : 0.45,
      "datum" : 15129
    }, {
      "relativeRanking" : 0.5,
      "datum" : 15129
    }, {
      "relativeRanking" : 0.55,
      "datum" : 15129
    }, {
      "relativeRanking" : 0.6,
      "datum" : 15129
    }, {
      "relativeRanking" : 0.65,
      "datum" : 15129
    }, {
      "relativeRanking" : 0.7,
      "datum" : 15129
    }, {
      "relativeRanking" : 0.75,
      "datum" : 15129
    }, {
      "relativeRanking" : 0.8,
      "datum" : 15129
    }, {
      "relativeRanking" : 0.85,
      "datum" : 15129
    }, {
      "relativeRanking" : 0.9,
      "datum" : 15129
    }, {
      "relativeRanking" : 0.95,
      "datum" : 15129
    } ],
    "maximum" : 68231
  } ],
  "failedMapAttemptCDFs" : [ {
    "numberValues" : 0,
    "minimum" : -9223372036854775808,
    "rankings" : [ ],
    "maximum" : 9223372036854775807
  }, {
    "numberValues" : 0,
    "minimum" : -9223372036854775808,
    "rankings" : [ ],
    "maximum" : 9223372036854775807
  }, {
    "numberValues" : 0,
    "minimum" : -9223372036854775808,
    "rankings" : [ ],
    "maximum" : 9223372036854775807
  }, {
    "numberValues" : 0,
    "minimum" : -9223372036854775808,
    "rankings" : [ ],
    "maximum" : 9223372036854775807
  } ],
  "successfulReduceAttemptCDF" : {
    "numberValues" : 3,
    "minimum" : 90826,
    "rankings" : [ {
      "relativeRanking" : 0.05,
      "datum" : 90826
    }, {
      "relativeRanking" : 0.1,
      "datum" : 90826
    }, {
      "relativeRanking" : 0.15,
      "datum" : 90826
    }, {
      "relativeRanking" : 0.2,
      "datum" : 90826
    }, {
      "relativeRanking" : 0.25,
      "datum" : 90826
    }, {
      "relativeRanking" : 0.3,
      "datum" : 90826
    }, {
      "relativeRanking" : 0.35,
      "datum" : 90826
    }, {
      "relativeRanking" : 0.4,
      "datum" : 90826
    }, {
      "relativeRanking" : 0.45,
      "datum" : 90826
    }, {
      "relativeRanking" : 0.5,
      "datum" : 90826
    }, {
      "relativeRanking" : 0.55,
      "datum" : 90826
    }, {
      "relativeRanking" : 0.6,
      "datum" : 90826
    }, {
      "relativeRanking" : 0.65,
      "datum" : 90826
    }, {
      "relativeRanking" : 0.7,
      "datum" : 98884
    }, {
      "relativeRanking" : 0.75,
      "datum" : 98884
    }, {
      "relativeRanking" : 0.8,
      "datum" : 98884
    }, {
      "relativeRanking" : 0.85,
      "datum" : 98884
    }, {
      "relativeRanking" : 0.9,
      "datum" : 98884
    }, {
      "relativeRanking" : 0.95,
      "datum" : 98884
    } ],
    "maximum" : 116934
  },
  "failedReduceAttemptCDF" : {
    "numberValues" : 0,
    "minimum" : -9223372036854775808,
    "rankings" : [ ],
    "maximum" : 9223372036854775807
  },
  "queue" : "default",
  "jobName" : "CAC_Count-[1575696690897-Indexing1]",
  "clusterMapMB" : -1,
  "clusterReduceMB" : -1,
  "jobMapMB" : -1,
  "jobReduceMB" : -1,
  "relativeTime" : 0,
  "mapperTriesToSucceed" : [ 1.0 ],
  "failedMapperFraction" : 0.0,
  "jobProperties" : { }
}