{
  "jobID" : "job_1572946766556_1054",
  "user" : "hadoop",
  "computonsPerMapInputByte" : -1,
  "computonsPerMapOutputByte" : -1,
  "computonsPerReduceInputByte" : -1,
  "computonsPerReduceOutputByte" : -1,
  "submitTime" : 1575691793932,
  "launchTime" : 1575691797491,
  "finishTime" : 1575691931584,
  "heapMegabytes" : -1,
  "totalMaps" : 2,
  "totalReduces" : 3,
  "outcome" : "SUCCESS",
  "jobtype" : "JAVA",
  "priority" : "NORMAL",
  "directDependantJobs" : [ ],
  "mapTasks" : [ {
    "inputBytes" : 7745257,
    "inputRecords" : 246569,
    "outputBytes" : 32289411,
    "outputRecords" : 934712,
    "taskID" : "task_1572946766556_1054_m_000000",
    "startTime" : 1575691797528,
    "finishTime" : 1575691864887,
    "taskType" : "MAP",
    "taskStatus" : "SUCCESS",
    "attempts" : [ {
      "attemptID" : "attempt_1572946766556_1054_m_000000_0",
      "result" : "SUCCESS",
      "startTime" : 1575691799695,
      "finishTime" : 1575691864887,
      "hostName" : "/default-rack/slave4",
      "hdfsBytesRead" : 7745257,
      "hdfsBytesWritten" : 0,
      "fileBytesRead" : 0,
      "fileBytesWritten" : 32289411,
      "mapInputRecords" : 246569,
      "mapInputBytes" : -1,
      "mapOutputBytes" : 30296128,
      "mapOutputRecords" : 934712,
      "combineInputRecords" : 0,
      "reduceInputGroups" : -1,
      "reduceInputRecords" : -1,
      "reduceShuffleBytes" : -1,
      "reduceOutputRecords" : -1,
      "spilledRecords" : 934712,
      "shuffleFinished" : -1,
      "sortFinished" : -1,
      "location" : {
        "layers" : [ "default-rack", "slave4" ]
      },
      "clockSplits" : [ 11257, 7861, 7558, 7501, 7282, 7205, 7477, 8128, 230, 226, 226, 227 ],
      "cpuUsages" : [ 168360, 135223, 126900, 124332, 125024, 122592, 126975, 131280, 1224, 623, 623, 624 ],
      "physMemKbytes" : [ 233600, 363495, 359298, 359471, 364235, 366140, 359911, 358183, 356135, 351870, 347603, 343337 ],
      "resourceUsageMetrics" : {
        "cumulativeCpuUsage" : 1063780,
        "virtualMemoryUsage" : 2124488704,
        "physicalMemoryUsage" : 349392896,
        "heapUsage" : 175112192
      },
      "vmemKbytes" : [ 1372866, 2074695, 2074696, 2074695, 2074696, 2074695, 2074696, 2074695, 2074696, 2074696, 2074695, 2074696 ]
    }, {
      "attemptID" : "attempt_1572946766556_1054_m_000000_1",
      "result" : "KILLED",
      "startTime" : 1575691813621,
      "finishTime" : 1575691864910,
      "hostName" : "/default-rack/slave1",
      "hdfsBytesRead" : 5767313,
      "hdfsBytesWritten" : 0,
      "fileBytesRead" : 0,
      "fileBytesWritten" : 123761,
      "mapInputRecords" : 184526,
      "mapInputBytes" : -1,
      "mapOutputBytes" : 22379937,
      "mapOutputRecords" : 690354,
      "combineInputRecords" : 0,
      "reduceInputGroups" : -1,
      "reduceInputRecords" : -1,
      "reduceShuffleBytes" : -1,
      "reduceOutputRecords" : -1,
      "spilledRecords" : 0,
      "shuffleFinished" : -1,
      "sortFinished" : -1,
      "location" : {
        "layers" : [ "default-rack", "slave1" ]
      },
      "clockSplits" : [ 10218, 8087, 7925, 7735, 7645, 6971, 448, 448, 447, 448, 448, 448 ],
      "cpuUsages" : [ 144797, 136941, 130995, 128221, 125451, 115795, 0, 0, 0, 0, 0, 0 ],
      "physMemKbytes" : [ 224964, 363371, 363946, 364095, 370485, 373758, 373740, 373739, 373740, 373740, 373739, 373740 ],
      "resourceUsageMetrics" : {
        "cumulativeCpuUsage" : 782200,
        "virtualMemoryUsage" : 2125287424,
        "physicalMemoryUsage" : 382709760,
        "heapUsage" : 193462272
      },
      "vmemKbytes" : [ 1329971, 2075475, 2075476, 2075475, 2075476, 2075475, 2075476, 2075475, 2075476, 2075476, 2075475, 2075476 ]
    } ],
    "preferredLocations" : [ ]
  }, {
    "inputBytes" : 1279951,
    "inputRecords" : 32202,
    "outputBytes" : 4613252,
    "outputRecords" : 203769,
    "taskID" : "task_1572946766556_1054_m_000001",
    "startTime" : 1575691797530,
    "finishTime" : 1575691811490,
    "taskType" : "MAP",
    "taskStatus" : "SUCCESS",
    "attempts" : [ {
      "attemptID" : "attempt_1572946766556_1054_m_000001_0",
      "result" : "SUCCESS",
      "startTime" : 1575691799688,
      "finishTime" : 1575691811490,
      "hostName" : "/default-rack/slave1",
      "hdfsBytesRead" : 1279951,
      "hdfsBytesWritten" : 0,
      "fileBytesRead" : 0,
      "fileBytesWritten" : 4613252,
      "mapInputRecords" : 32202,
      "mapInputBytes" : -1,
      "mapOutputBytes" : 4081855,
      "mapOutputRecords" : 203769,
      "combineInputRecords" : 0,
      "reduceInputGroups" : -1,
      "reduceInputRecords" : -1,
      "reduceShuffleBytes" : -1,
      "reduceOutputRecords" : -1,
      "spilledRecords" : 203769,
      "shuffleFinished" : -1,
      "sortFinished" : -1,
      "location" : {
        "layers" : [ "default-rack", "slave1" ]
      },
      "clockSplits" : [ 1474, 1475, 1475, 1474, 1475, 1373, 1301, 1327, 102, 102, 102, 103 ],
      "cpuUsages" : [ 19280, 19281, 19281, 19281, 19280, 21256, 22654, 20235, 1393, 1393, 1393, 1393 ],
      "physMemKbytes" : [ 31870, 95611, 159352, 223093, 286834, 340681, 351624, 357534, 357364, 353218, 349071, 344925 ],
      "resourceUsageMetrics" : {
        "cumulativeCpuUsage" : 166120,
        "virtualMemoryUsage" : 2127097856,
        "physicalMemoryUsage" : 351080448,
        "heapUsage" : 193462272
      },
      "vmemKbytes" : [ 191814, 575443, 959073, 1342702, 1726332, 2044254, 2077244, 2077243, 2077244, 2077244, 2077243, 2077244 ]
    } ],
    "preferredLocations" : [ ]
  } ],
  "reduceTasks" : [ {
    "inputBytes" : 13316912,
    "inputRecords" : 412432,
    "outputBytes" : 9598928,
    "outputRecords" : 3960,
    "taskID" : "task_1572946766556_1054_r_000000",
    "startTime" : 1575691797530,
    "finishTime" : 1575691931486,
    "taskType" : "REDUCE",
    "taskStatus" : "SUCCESS",
    "attempts" : [ {
      "attemptID" : "attempt_1572946766556_1054_r_000000_0",
      "result" : "SUCCESS",
      "startTime" : 1575691813620,
      "finishTime" : 1575691931486,
      "hostName" : "/default-rack/slave4",
      "hdfsBytesRead" : 0,
      "hdfsBytesWritten" : 9598928,
      "fileBytesRead" : 13316906,
      "fileBytesWritten" : 13440644,
      "mapInputRecords" : -1,
      "mapInputBytes" : -1,
      "mapOutputBytes" : -1,
      "mapOutputRecords" : -1,
      "combineInputRecords" : 0,
      "reduceInputGroups" : 3960,
      "reduceInputRecords" : 412432,
      "reduceShuffleBytes" : 13316912,
      "reduceOutputRecords" : 3960,
      "spilledRecords" : 412432,
      "shuffleFinished" : 1575691865884,
      "sortFinished" : 1575691866141,
      "location" : {
        "layers" : [ "default-rack", "slave4" ]
      },
      "clockSplits" : [ 4020, 4021, 44673, 184, 184, 184, 184, 184, 5569, 23208, 16470, 18970 ],
      "cpuUsages" : [ 374, 375, 3764, 1124, 1123, 1124, 1124, 1123, 19567, 84160, 63198, 69494 ],
      "physMemKbytes" : [ 40439, 121319, 176316, 188821, 201327, 213832, 226338, 238843, 245222, 267803, 266876, 268759 ],
      "resourceUsageMetrics" : {
        "cumulativeCpuUsage" : 246550,
        "virtualMemoryUsage" : 2130866176,
        "physicalMemoryUsage" : 274993152,
        "heapUsage" : 159907840
      },
      "vmemKbytes" : [ 518372, 1555118, 2078925, 2079529, 2080134, 2080737, 2081342, 2081946, 2081655, 2080924, 2080923, 2080924 ]
    } ],
    "preferredLocations" : [ ]
  }, {
    "inputBytes" : 10820170,
    "inputRecords" : 331716,
    "outputBytes" : 7676048,
    "outputRecords" : 3964,
    "taskID" : "task_1572946766556_1054_r_000001",
    "startTime" : 1575691797530,
    "finishTime" : 1575691904846,
    "taskType" : "REDUCE",
    "taskStatus" : "SUCCESS",
    "attempts" : [ {
      "attemptID" : "attempt_1572946766556_1054_r_000001_0",
      "result" : "SUCCESS",
      "startTime" : 1575691813629,
      "finishTime" : 1575691904846,
      "hostName" : "/default-rack/slave5",
      "hdfsBytesRead" : 0,
      "hdfsBytesWritten" : 7676048,
      "fileBytesRead" : 10820164,
      "fileBytesWritten" : 10943902,
      "mapInputRecords" : -1,
      "mapInputBytes" : -1,
      "mapOutputBytes" : -1,
      "mapOutputRecords" : -1,
      "combineInputRecords" : 0,
      "reduceInputGroups" : 3964,
      "reduceInputRecords" : 331716,
      "reduceShuffleBytes" : 10820170,
      "reduceOutputRecords" : 3964,
      "spilledRecords" : 331716,
      "shuffleFinished" : 1575691865784,
      "sortFinished" : 1575691865967,
      "location" : {
        "layers" : [ "default-rack", "slave5" ]
      },
      "clockSplits" : [ 3928, 3929, 44669, 182, 182, 182, 182, 182, 4358, 19333, 7875, 6201 ],
      "cpuUsages" : [ 244, 245, 3006, 1095, 1096, 1095, 1096, 1095, 15671, 72682, 28691, 22444 ],
      "physMemKbytes" : [ 41351, 124055, 186565, 194921, 203278, 211633, 219990, 228346, 239473, 258870, 271485, 271921 ],
      "resourceUsageMetrics" : {
        "cumulativeCpuUsage" : 148460,
        "virtualMemoryUsage" : 2130530304,
        "physicalMemoryUsage" : 278577152,
        "heapUsage" : 144703488
      },
      "vmemKbytes" : [ 518382, 1555148, 2074167, 2075438, 2076709, 2077980, 2079252, 2080523, 2081053, 2080596, 2080595, 2080596 ]
    } ],
    "preferredLocations" : [ ]
  }, {
    "inputBytes" : 12517899,
    "inputRecords" : 394333,
    "outputBytes" : 8988289,
    "outputRecords" : 3919,
    "taskID" : "task_1572946766556_1054_r_000002",
    "startTime" : 1575691797530,
    "finishTime" : 1575691910488,
    "taskType" : "REDUCE",
    "taskStatus" : "SUCCESS",
    "attempts" : [ {
      "attemptID" : "attempt_1572946766556_1054_r_000002_0",
      "result" : "SUCCESS",
      "startTime" : 1575691813632,
      "finishTime" : 1575691910488,
      "hostName" : "/default-rack/slave2",
      "hdfsBytesRead" : 0,
      "hdfsBytesWritten" : 8988289,
      "fileBytesRead" : 12517893,
      "fileBytesWritten" : 12641631,
      "mapInputRecords" : -1,
      "mapInputBytes" : -1,
      "mapOutputBytes" : -1,
      "mapOutputRecords" : -1,
      "combineInputRecords" : 0,
      "reduceInputGroups" : 3919,
      "reduceInputRecords" : 394333,
      "reduceShuffleBytes" : 12517899,
      "reduceOutputRecords" : 3919,
      "spilledRecords" : 394333,
      "shuffleFinished" : 1575691865940,
      "sortFinished" : 1575691866156,
      "location" : {
        "layers" : [ "default-rack", "slave2" ]
      },
      "clockSplits" : [ 4022, 4023, 44670, 185, 185, 186, 185, 185, 4255, 18242, 12943, 7762 ],
      "cpuUsages" : [ 239, 240, 3090, 1039, 1039, 1039, 1040, 1039, 11593, 50621, 34866, 20095 ],
      "physMemKbytes" : [ 41277, 123833, 173296, 180697, 188100, 195501, 202903, 210304, 219335, 241000, 258929, 261715 ],
      "resourceUsageMetrics" : {
        "cumulativeCpuUsage" : 125940,
        "virtualMemoryUsage" : 2129801216,
        "physicalMemoryUsage" : 270331904,
        "heapUsage" : 153616384
      },
      "vmemKbytes" : [ 517931, 1553795, 2072374, 2073668, 2074963, 2076256, 2077551, 2078844, 2079824, 2079884, 2079883, 2079884 ]
    } ],
    "preferredLocations" : [ ]
  } ],
  "otherTasks" : [ ],
  "successfulMapAttemptCDFs" : [ {
    "numberValues" : 0,
    "minimum" : -9223372036854775808,
    "rankings" : [ ],
    "maximum" : 9223372036854775807
  }, {
    "numberValues" : 0,
    "minimum" : -9223372036854775808,
    "rankings" : [ ],
    "maximum" : 9223372036854775807
  }, {
    "numberValues" : 0,
    "minimum" : -9223372036854775808,
    "rankings" : [ ],
    "maximum" : 9223372036854775807
  }, {
    "numberValues" : 2,
    "minimum" : 11802,
    "rankings" : [ {
      "relativeRanking" : 0.05,
      "datum" : 11802
    }, {
      "relativeRanking" : 0.1,
      "datum" : 11802
    }, {
      "relativeRanking" : 0.15,
      "datum" : 11802
    }, {
      "relativeRanking" : 0.2,
      "datum" : 11802
    }, {
      "relativeRanking" : 0.25,
      "datum" : 11802
    }, {
      "relativeRanking" : 0.3,
      "datum" : 11802
    }, {
      "relativeRanking" : 0.35,
      "datum" : 11802
    }, {
      "relativeRanking" : 0.4,
      "datum" : 11802
    }, {
      "relativeRanking" : 0.45,
      "datum" : 11802
    }, {
      "relativeRanking" : 0.5,
      "datum" : 11802
    }, {
      "relativeRanking" : 0.55,
      "datum" : 11802
    }, {
      "relativeRanking" : 0.6,
      "datum" : 11802
    }, {
      "relativeRanking" : 0.65,
      "datum" : 11802
    }, {
      "relativeRanking" : 0.7,
      "datum" : 11802
    }, {
      "relativeRanking" : 0.75,
      "datum" : 11802
    }, {
      "relativeRanking" : 0.8,
      "datum" : 11802
    }, {
      "relativeRanking" : 0.85,
      "datum" : 11802
    }, {
      "relativeRanking" : 0.9,
      "datum" : 11802
    }, {
      "relativeRanking" : 0.95,
      "datum" : 11802
    } ],
    "maximum" : 65192
  } ],
  "failedMapAttemptCDFs" : [ {
    "numberValues" : 0,
    "minimum" : -9223372036854775808,
    "rankings" : [ ],
    "maximum" : 9223372036854775807
  }, {
    "numberValues" : 0,
    "minimum" : -9223372036854775808,
    "rankings" : [ ],
    "maximum" : 9223372036854775807
  }, {
    "numberValues" : 0,
    "minimum" : -9223372036854775808,
    "rankings" : [ ],
    "maximum" : 9223372036854775807
  }, {
    "numberValues" : 0,
    "minimum" : -9223372036854775808,
    "rankings" : [ ],
    "maximum" : 9223372036854775807
  } ],
  "successfulReduceAttemptCDF" : {
    "numberValues" : 3,
    "minimum" : 91217,
    "rankings" : [ {
      "relativeRanking" : 0.05,
      "datum" : 91217
    }, {
      "relativeRanking" : 0.1,
      "datum" : 91217
    }, {
      "relativeRanking" : 0.15,
      "datum" : 91217
    }, {
      "relativeRanking" : 0.2,
      "datum" : 91217
    }, {
      "relativeRanking" : 0.25,
      "datum" : 91217
    }, {
      "relativeRanking" : 0.3,
      "datum" : 91217
    }, {
      "relativeRanking" : 0.35,
      "datum" : 91217
    }, {
      "relativeRanking" : 0.4,
      "datum" : 91217
    }, {
      "relativeRanking" : 0.45,
      "datum" : 91217
    }, {
      "relativeRanking" : 0.5,
      "datum" : 91217
    }, {
      "relativeRanking" : 0.55,
      "datum" : 91217
    }, {
      "relativeRanking" : 0.6,
      "datum" : 91217
    }, {
      "relativeRanking" : 0.65,
      "datum" : 91217
    }, {
      "relativeRanking" : 0.7,
      "datum" : 96856
    }, {
      "relativeRanking" : 0.75,
      "datum" : 96856
    }, {
      "relativeRanking" : 0.8,
      "datum" : 96856
    }, {
      "relativeRanking" : 0.85,
      "datum" : 96856
    }, {
      "relativeRanking" : 0.9,
      "datum" : 96856
    }, {
      "relativeRanking" : 0.95,
      "datum" : 96856
    } ],
    "maximum" : 117866
  },
  "failedReduceAttemptCDF" : {
    "numberValues" : 0,
    "minimum" : -9223372036854775808,
    "rankings" : [ ],
    "maximum" : 9223372036854775807
  },
  "queue" : "default",
  "jobName" : "CAC_Count-[1575691791069-Indexing1]",
  "clusterMapMB" : -1,
  "clusterReduceMB" : -1,
  "jobMapMB" : -1,
  "jobReduceMB" : -1,
  "relativeTime" : 0,
  "mapperTriesToSucceed" : [ 1.0 ],
  "failedMapperFraction" : 0.0,
  "jobProperties" : { }
}