{
  "jobID" : "job_1572946766556_1055",
  "user" : "hadoop",
  "computonsPerMapInputByte" : -1,
  "computonsPerMapOutputByte" : -1,
  "computonsPerReduceInputByte" : -1,
  "computonsPerReduceOutputByte" : -1,
  "submitTime" : 1575691933477,
  "launchTime" : 1575691936961,
  "finishTime" : 1575692469595,
  "heapMegabytes" : -1,
  "totalMaps" : 3,
  "totalReduces" : 3,
  "outcome" : "SUCCESS",
  "jobtype" : "JAVA",
  "priority" : "NORMAL",
  "directDependantJobs" : [ ],
  "mapTasks" : [ {
    "inputBytes" : 9599084,
    "inputRecords" : 3960,
    "outputBytes" : 9808278733,
    "outputRecords" : 99038183,
    "taskID" : "task_1572946766556_1055_m_000000",
    "startTime" : 1575691937007,
    "finishTime" : 1575692294506,
    "taskType" : "MAP",
    "taskStatus" : "SUCCESS",
    "attempts" : [ {
      "attemptID" : "attempt_1572946766556_1055_m_000000_0",
      "result" : "SUCCESS",
      "startTime" : 1575691939158,
      "finishTime" : 1575692294506,
      "hostName" : "/default-rack/slave1",
      "hdfsBytesRead" : 9599084,
      "hdfsBytesWritten" : 0,
      "fileBytesRead" : 6498921751,
      "fileBytesWritten" : 9808278733,
      "mapInputRecords" : 3960,
      "mapInputBytes" : -1,
      "mapOutputBytes" : 3120344950,
      "mapOutputRecords" : 99038183,
      "combineInputRecords" : 0,
      "reduceInputGroups" : -1,
      "reduceInputRecords" : -1,
      "reduceShuffleBytes" : -1,
      "reduceOutputRecords" : -1,
      "spilledRecords" : 293462848,
      "shuffleFinished" : -1,
      "sortFinished" : -1,
      "location" : {
        "layers" : [ "default-rack", "slave1" ]
      },
      "clockSplits" : [ 13912, 9163, 34054, 28189, 84305, 8452, 46394, 11388, 29234, 30257, 29865, 30118 ],
      "cpuUsages" : [ 26657, 17846, 67243, 51888, 155198, 15597, 77701, 17924, 38847, 35408, 35626, 40055 ],
      "physMemKbytes" : [ 214609, 283675, 298497, 304880, 303343, 303728, 304285, 304177, 309444, 310791, 312412, 311665 ],
      "resourceUsageMetrics" : {
        "cumulativeCpuUsage" : 579990,
        "virtualMemoryUsage" : 2128355328,
        "physicalMemoryUsage" : 319307776,
        "heapUsage" : 209190912
      },
      "vmemKbytes" : [ 1597389, 2070235, 2081515, 2079466, 2073368, 2073367, 2073368, 2073367, 2077228, 2077444, 2077443, 2077447 ]
    } ],
    "preferredLocations" : [ ]
  }, {
    "inputBytes" : 8988445,
    "inputRecords" : 3919,
    "outputBytes" : 5672435262,
    "outputRecords" : 58455405,
    "taskID" : "task_1572946766556_1055_m_000001",
    "startTime" : 1575691937009,
    "finishTime" : 1575692173152,
    "taskType" : "MAP",
    "taskStatus" : "SUCCESS",
    "attempts" : [ {
      "attemptID" : "attempt_1572946766556_1055_m_000001_0",
      "result" : "SUCCESS",
      "startTime" : 1575691939165,
      "finishTime" : 1575692173152,
      "hostName" : "/default-rack/slave4",
      "hdfsBytesRead" : 8988445,
      "hdfsBytesWritten" : 0,
      "fileBytesRead" : 3691800410,
      "fileBytesWritten" : 5672435262,
      "mapInputRecords" : 3919,
      "mapInputBytes" : -1,
      "mapOutputBytes" : 1868574631,
      "mapOutputRecords" : 58455405,
      "combineInputRecords" : 0,
      "reduceInputGroups" : -1,
      "reduceInputRecords" : -1,
      "reduceShuffleBytes" : -1,
      "reduceOutputRecords" : -1,
      "spilledRecords" : 167342921,
      "shuffleFinished" : -1,
      "sortFinished" : -1,
      "location" : {
        "layers" : [ "default-rack", "slave4" ]
      },
      "clockSplits" : [ 20295, 9783, 14029, 53436, 47853, 8481, 7752, 7241, 16851, 15863, 16452, 15925 ],
      "cpuUsages" : [ 37991, 18836, 27289, 108503, 90500, 13648, 12656, 14135, 22598, 21321, 23528, 20485 ],
      "physMemKbytes" : [ 166268, 278160, 288714, 295664, 297342, 298133, 298016, 299062, 307534, 306574, 306546, 306148 ],
      "resourceUsageMetrics" : {
        "cumulativeCpuUsage" : 411490,
        "virtualMemoryUsage" : 2124689408,
        "physicalMemoryUsage" : 313561088,
        "heapUsage" : 208666624
      },
      "vmemKbytes" : [ 1252804, 2068899, 2068900, 2070015, 2070056, 2070055, 2070056, 2070055, 2073615, 2073864, 2073863, 2073888 ]
    } ],
    "preferredLocations" : [ ]
  }, {
    "inputBytes" : 7676204,
    "inputRecords" : 3964,
    "outputBytes" : 7823799611,
    "outputRecords" : 81564432,
    "taskID" : "task_1572946766556_1055_m_000002",
    "startTime" : 1575691937009,
    "finishTime" : 1575692215576,
    "taskType" : "MAP",
    "taskStatus" : "SUCCESS",
    "attempts" : [ {
      "attemptID" : "attempt_1572946766556_1055_m_000002_0",
      "result" : "SUCCESS",
      "startTime" : 1575691939165,
      "finishTime" : 1575692215576,
      "hostName" : "/default-rack/slave4",
      "hdfsBytesRead" : 7676204,
      "hdfsBytesWritten" : 0,
      "fileBytesRead" : 5156851045,
      "fileBytesWritten" : 7823799611,
      "mapInputRecords" : 3964,
      "mapInputBytes" : -1,
      "mapOutputBytes" : 2508184176,
      "mapOutputRecords" : 81564432,
      "combineInputRecords" : 0,
      "reduceInputGroups" : -1,
      "reduceInputRecords" : -1,
      "reduceShuffleBytes" : -1,
      "reduceOutputRecords" : -1,
      "spilledRecords" : 239406738,
      "shuffleFinished" : -1,
      "sortFinished" : -1,
      "location" : {
        "layers" : [ "default-rack", "slave4" ]
      },
      "clockSplits" : [ 10054, 7804, 132540, 11528, 7628, 3230, 2112, 9154, 23222, 22798, 22541, 23787 ],
      "cpuUsages" : [ 20332, 14297, 237643, 19964, 13356, 5372, 3541, 16956, 33352, 31254, 32779, 34004 ],
      "physMemKbytes" : [ 161868, 276623, 284843, 300997, 301137, 301395, 301786, 302733, 310886, 312393, 312526, 311531 ],
      "resourceUsageMetrics" : {
        "cumulativeCpuUsage" : 462850,
        "virtualMemoryUsage" : 2129149952,
        "physicalMemoryUsage" : 319131648,
        "heapUsage" : 209190912
      },
      "vmemKbytes" : [ 1222854, 2068743, 2069069, 2069815, 2069816, 2069815, 2069816, 2069815, 2077720, 2078220, 2078219, 2078233 ]
    } ],
    "preferredLocations" : [ ]
  } ],
  "reduceTasks" : [ {
    "inputBytes" : 2658198729,
    "inputRecords" : 79679848,
    "outputBytes" : 1608561436,
    "outputRecords" : 67589773,
    "taskID" : "task_1572946766556_1055_r_000000",
    "startTime" : 1575691937009,
    "finishTime" : 1575692435847,
    "taskType" : "REDUCE",
    "taskStatus" : "SUCCESS",
    "attempts" : [ {
      "attemptID" : "attempt_1572946766556_1055_r_000000_0",
      "result" : "SUCCESS",
      "startTime" : 1575692175477,
      "finishTime" : 1575692435847,
      "hostName" : "/default-rack/slave1",
      "hdfsBytesRead" : 0,
      "hdfsBytesWritten" : 1608561436,
      "fileBytesRead" : 2658198729,
      "fileBytesWritten" : 2658322826,
      "mapInputRecords" : -1,
      "mapInputBytes" : -1,
      "mapOutputBytes" : -1,
      "mapOutputRecords" : -1,
      "combineInputRecords" : 0,
      "reduceInputGroups" : 67589773,
      "reduceInputRecords" : 79679848,
      "reduceShuffleBytes" : 2658198729,
      "reduceOutputRecords" : 67589773,
      "spilledRecords" : 79679848,
      "shuffleFinished" : 1575692295742,
      "sortFinished" : 1575692295764,
      "location" : {
        "layers" : [ "default-rack", "slave1" ]
      },
      "clockSplits" : [ 19199, 44925, 56160, 12, 12, 13, 12, 12, 35231, 35365, 34503, 34820 ],
      "cpuUsages" : [ 6327, 9997, 1925, 238, 238, 238, 238, 238, 66806, 62598, 59665, 61082 ],
      "physMemKbytes" : [ 171932, 174433, 173446, 169184, 169474, 169763, 170053, 170342, 211014, 225702, 215698, 219995 ],
      "resourceUsageMetrics" : {
        "cumulativeCpuUsage" : 269730,
        "virtualMemoryUsage" : 2136576000,
        "physicalMemoryUsage" : 226250752,
        "heapUsage" : 137363456
      },
      "vmemKbytes" : [ 2075124, 2075950, 2076385, 2076682, 2077067, 2077450, 2077835, 2078218, 2090088, 2092369, 2086499, 2086500 ]
    } ],
    "preferredLocations" : [ ]
  }, {
    "inputBytes" : 2658695084,
    "inputRecords" : 79694574,
    "outputBytes" : 1608820777,
    "outputRecords" : 67600228,
    "taskID" : "task_1572946766556_1055_r_000001",
    "startTime" : 1575691937009,
    "finishTime" : 1575692469496,
    "taskType" : "REDUCE",
    "taskStatus" : "SUCCESS",
    "attempts" : [ {
      "attemptID" : "attempt_1572946766556_1055_r_000001_0",
      "result" : "SUCCESS",
      "startTime" : 1575692175484,
      "finishTime" : 1575692469496,
      "hostName" : "/default-rack/slave2",
      "hdfsBytesRead" : 0,
      "hdfsBytesWritten" : 1608820777,
      "fileBytesRead" : 2658695084,
      "fileBytesWritten" : 2658819181,
      "mapInputRecords" : -1,
      "mapInputBytes" : -1,
      "mapOutputBytes" : -1,
      "mapOutputRecords" : -1,
      "combineInputRecords" : 0,
      "reduceInputGroups" : 67600228,
      "reduceInputRecords" : 79694574,
      "reduceShuffleBytes" : 2658695084,
      "reduceOutputRecords" : 67600228,
      "spilledRecords" : 79694574,
      "shuffleFinished" : 1575692315487,
      "sortFinished" : 1575692315511,
      "location" : {
        "layers" : [ "default-rack", "slave2" ]
      },
      "clockSplits" : [ 19391, 41846, 78889, 330, 329, 330, 330, 329, 37075, 38499, 37994, 38659 ],
      "cpuUsages" : [ 8029, 10480, 11874, 1180, 1181, 1180, 1181, 1180, 55352, 53611, 51827, 53435 ],
      "physMemKbytes" : [ 166246, 170837, 171089, 173757, 184598, 195439, 206280, 217121, 231712, 225698, 228565, 233318 ],
      "resourceUsageMetrics" : {
        "cumulativeCpuUsage" : 250510,
        "virtualMemoryUsage" : 2138890240,
        "physicalMemoryUsage" : 240029696,
        "heapUsage" : 135790592
      },
      "vmemKbytes" : [ 2071287, 2074901, 2076832, 2078576, 2080821, 2083064, 2085309, 2087552, 2088758, 2088760, 2088759, 2088760 ]
    } ],
    "preferredLocations" : [ ]
  }, {
    "inputBytes" : 2658326038,
    "inputRecords" : 79683598,
    "outputBytes" : 1608699243,
    "outputRecords" : 67595139,
    "taskID" : "task_1572946766556_1055_r_000002",
    "startTime" : 1575691937010,
    "finishTime" : 1575692458210,
    "taskType" : "REDUCE",
    "taskStatus" : "SUCCESS",
    "attempts" : [ {
      "attemptID" : "attempt_1572946766556_1055_r_000002_0",
      "result" : "SUCCESS",
      "startTime" : 1575692175475,
      "finishTime" : 1575692458210,
      "hostName" : "/default-rack/slave3",
      "hdfsBytesRead" : 0,
      "hdfsBytesWritten" : 1608699243,
      "fileBytesRead" : 2658326038,
      "fileBytesWritten" : 2658450135,
      "mapInputRecords" : -1,
      "mapInputBytes" : -1,
      "mapOutputBytes" : -1,
      "mapOutputRecords" : -1,
      "combineInputRecords" : 0,
      "reduceInputGroups" : 67595139,
      "reduceInputRecords" : 79683598,
      "reduceShuffleBytes" : 2658326038,
      "reduceOutputRecords" : 67595139,
      "spilledRecords" : 79683598,
      "shuffleFinished" : 1575692315383,
      "sortFinished" : 1575692315407,
      "location" : {
        "layers" : [ "default-rack", "slave3" ]
      },
      "clockSplits" : [ 19284, 44918, 75836, 348, 348, 348, 348, 348, 34216, 35297, 35732, 35700 ],
      "cpuUsages" : [ 7657, 10562, 11038, 1222, 1222, 1222, 1221, 1222, 62039, 62612, 62881, 64122 ],
      "physMemKbytes" : [ 166775, 171750, 172609, 174397, 182060, 189723, 197387, 205050, 217696, 219074, 222686, 225946 ],
      "resourceUsageMetrics" : {
        "cumulativeCpuUsage" : 287020,
        "virtualMemoryUsage" : 2134556672,
        "physicalMemoryUsage" : 234663936,
        "heapUsage" : 136839168
      },
      "vmemKbytes" : [ 2071803, 2071804, 2071935, 2073775, 2076142, 2078508, 2080875, 2083241, 2084525, 2084528, 2084527, 2084528 ]
    } ],
    "preferredLocations" : [ ]
  } ],
  "otherTasks" : [ ],
  "successfulMapAttemptCDFs" : [ {
    "numberValues" : 0,
    "minimum" : -9223372036854775808,
    "rankings" : [ ],
    "maximum" : 9223372036854775807
  }, {
    "numberValues" : 0,
    "minimum" : -9223372036854775808,
    "rankings" : [ ],
    "maximum" : 9223372036854775807
  }, {
    "numberValues" : 0,
    "minimum" : -9223372036854775808,
    "rankings" : [ ],
    "maximum" : 9223372036854775807
  }, {
    "numberValues" : 3,
    "minimum" : 233987,
    "rankings" : [ {
      "relativeRanking" : 0.05,
      "datum" : 233987
    }, {
      "relativeRanking" : 0.1,
      "datum" : 233987
    }, {
      "relativeRanking" : 0.15,
      "datum" : 233987
    }, {
      "relativeRanking" : 0.2,
      "datum" : 233987
    }, {
      "relativeRanking" : 0.25,
      "datum" : 233987
    }, {
      "relativeRanking" : 0.3,
      "datum" : 233987
    }, {
      "relativeRanking" : 0.35,
      "datum" : 233987
    }, {
      "relativeRanking" : 0.4,
      "datum" : 233987
    }, {
      "relativeRanking" : 0.45,
      "datum" : 233987
    }, {
      "relativeRanking" : 0.5,
      "datum" : 233987
    }, {
      "relativeRanking" : 0.55,
      "datum" : 233987
    }, {
      "relativeRanking" : 0.6,
      "datum" : 233987
    }, {
      "relativeRanking" : 0.65,
      "datum" : 233987
    }, {
      "relativeRanking" : 0.7,
      "datum" : 276411
    }, {
      "relativeRanking" : 0.75,
      "datum" : 276411
    }, {
      "relativeRanking" : 0.8,
      "datum" : 276411
    }, {
      "relativeRanking" : 0.85,
      "datum" : 276411
    }, {
      "relativeRanking" : 0.9,
      "datum" : 276411
    }, {
      "relativeRanking" : 0.95,
      "datum" : 276411
    } ],
    "maximum" : 355348
  } ],
  "failedMapAttemptCDFs" : [ {
    "numberValues" : 0,
    "minimum" : -9223372036854775808,
    "rankings" : [ ],
    "maximum" : 9223372036854775807
  }, {
    "numberValues" : 0,
    "minimum" : -9223372036854775808,
    "rankings" : [ ],
    "maximum" : 9223372036854775807
  }, {
    "numberValues" : 0,
    "minimum" : -9223372036854775808,
    "rankings" : [ ],
    "maximum" : 9223372036854775807
  }, {
    "numberValues" : 0,
    "minimum" : -9223372036854775808,
    "rankings" : [ ],
    "maximum" : 9223372036854775807
  } ],
  "successfulReduceAttemptCDF" : {
    "numberValues" : 3,
    "minimum" : 260370,
    "rankings" : [ {
      "relativeRanking" : 0.05,
      "datum" : 260370
    }, {
      "relativeRanking" : 0.1,
      "datum" : 260370
    }, {
      "relativeRanking" : 0.15,
      "datum" : 260370
    }, {
      "relativeRanking" : 0.2,
      "datum" : 260370
    }, {
      "relativeRanking" : 0.25,
      "datum" : 260370
    }, {
      "relativeRanking" : 0.3,
      "datum" : 260370
    }, {
      "relativeRanking" : 0.35,
      "datum" : 260370
    }, {
      "relativeRanking" : 0.4,
      "datum" : 260370
    }, {
      "relativeRanking" : 0.45,
      "datum" : 260370
    }, {
      "relativeRanking" : 0.5,
      "datum" : 260370
    }, {
      "relativeRanking" : 0.55,
      "datum" : 260370
    }, {
      "relativeRanking" : 0.6,
      "datum" : 260370
    }, {
      "relativeRanking" : 0.65,
      "datum" : 260370
    }, {
      "relativeRanking" : 0.7,
      "datum" : 282735
    }, {
      "relativeRanking" : 0.75,
      "datum" : 282735
    }, {
      "relativeRanking" : 0.8,
      "datum" : 282735
    }, {
      "relativeRanking" : 0.85,
      "datum" : 282735
    }, {
      "relativeRanking" : 0.9,
      "datum" : 282735
    }, {
      "relativeRanking" : 0.95,
      "datum" : 282735
    } ],
    "maximum" : 294012
  },
  "failedReduceAttemptCDF" : {
    "numberValues" : 0,
    "minimum" : -9223372036854775808,
    "rankings" : [ ],
    "maximum" : 9223372036854775807
  },
  "queue" : "default",
  "jobName" : "CAC_Count-[1575691791069-Similarity2-END]",
  "clusterMapMB" : -1,
  "clusterReduceMB" : -1,
  "jobMapMB" : -1,
  "jobReduceMB" : -1,
  "relativeTime" : 0,
  "mapperTriesToSucceed" : [ 1.0 ],
  "failedMapperFraction" : 0.0,
  "jobProperties" : { }
}