{
  "jobID" : "job_1572946766556_0698",
  "user" : "hadoop",
  "computonsPerMapInputByte" : -1,
  "computonsPerMapOutputByte" : -1,
  "computonsPerReduceInputByte" : -1,
  "computonsPerReduceOutputByte" : -1,
  "submitTime" : 1575464207896,
  "launchTime" : 1575464211499,
  "finishTime" : 1575464235144,
  "heapMegabytes" : -1,
  "totalMaps" : 2,
  "totalReduces" : 4,
  "outcome" : "SUCCESS",
  "jobtype" : "JAVA",
  "priority" : "NORMAL",
  "directDependantJobs" : [ ],
  "mapTasks" : [ {
    "inputBytes" : 79565870,
    "inputRecords" : 2570811,
    "outputBytes" : 140958898,
    "outputRecords" : 2570810,
    "taskID" : "task_1572946766556_0698_m_000000",
    "startTime" : 1575464211609,
    "finishTime" : 1575464223403,
    "taskType" : "MAP",
    "taskStatus" : "SUCCESS",
    "attempts" : [ {
      "attemptID" : "attempt_1572946766556_0698_m_000000_0",
      "result" : "SUCCESS",
      "startTime" : 1575464213713,
      "finishTime" : 1575464223403,
      "hostName" : "/default-rack/slave3",
      "hdfsBytesRead" : 79565870,
      "hdfsBytesWritten" : 0,
      "fileBytesRead" : 70695634,
      "fileBytesWritten" : 140958898,
      "mapInputRecords" : 2570811,
      "mapInputBytes" : -1,
      "mapOutputBytes" : 65275490,
      "mapOutputRecords" : 2570810,
      "combineInputRecords" : 0,
      "reduceInputGroups" : -1,
      "reduceInputRecords" : -1,
      "reduceShuffleBytes" : -1,
      "reduceOutputRecords" : -1,
      "spilledRecords" : 5141620,
      "shuffleFinished" : -1,
      "sortFinished" : -1,
      "location" : {
        "layers" : [ "default-rack", "slave3" ]
      },
      "clockSplits" : [ 6959, 132, 132, 132, 132, 133, 132, 132, 446, 448, 448, 448 ],
      "cpuUsages" : [ 1641, 1642, 1642, 1641, 1642, 1642, 1641, 1642, 966, 964, 963, 964 ],
      "physMemKbytes" : [ 17511, 52533, 87556, 122579, 157602, 192625, 227648, 262671, 280867, 281963, 283058, 284155 ],
      "vmemKbytes" : [ 129497, 388493, 647488, 906483, 1165479, 1424474, 1683470, 1942465, 2073525, 2074591, 2075654, 2076719 ],
      "resourceUsageMetrics" : {
        "cumulativeCpuUsage" : 16990,
        "virtualMemoryUsage" : 2127106048,
        "physicalMemoryUsage" : 291536896,
        "heapUsage" : 208142336
      }
    }, {
      "attemptID" : "attempt_1572946766556_0698_m_000000_1",
      "result" : "KILLED",
      "startTime" : 1575464222604,
      "finishTime" : 1575464223438,
      "hostName" : "/default-rack/slave4",
      "hdfsBytesRead" : -1,
      "hdfsBytesWritten" : -1,
      "fileBytesRead" : -1,
      "fileBytesWritten" : -1,
      "mapInputRecords" : -1,
      "mapInputBytes" : -1,
      "mapOutputBytes" : -1,
      "mapOutputRecords" : -1,
      "combineInputRecords" : -1,
      "reduceInputGroups" : -1,
      "reduceInputRecords" : -1,
      "reduceShuffleBytes" : -1,
      "reduceOutputRecords" : -1,
      "spilledRecords" : -1,
      "shuffleFinished" : -1,
      "sortFinished" : -1,
      "location" : {
        "layers" : [ "default-rack", "slave4" ]
      },
      "clockSplits" : [ 66, 67, 67, 67, 67, 67, 66, 67, 67, 67, 67, 67 ],
      "cpuUsages" : [ 0, 0, 0, 0, 0, 0, 0, 0, 0, 0, 0, 0 ],
      "physMemKbytes" : [ 0, 0, 0, 0, 0, 0, 0, 0, 0, 0, 0, 0 ],
      "vmemKbytes" : [ 0, 0, 0, 0, 0, 0, 0, 0, 0, 0, 0, 0 ],
      "resourceUsageMetrics" : {
        "cumulativeCpuUsage" : 0,
        "virtualMemoryUsage" : 0,
        "physicalMemoryUsage" : 0,
        "heapUsage" : 0
      }
    } ],
    "preferredLocations" : [ ]
  }, {
    "inputBytes" : 63092039,
    "inputRecords" : 1299730,
    "outputBytes" : 144540642,
    "outputRecords" : 1299729,
    "taskID" : "task_1572946766556_0698_m_000001",
    "startTime" : 1575464211612,
    "finishTime" : 1575464221240,
    "taskType" : "MAP",
    "taskStatus" : "SUCCESS",
    "attempts" : [ {
      "attemptID" : "attempt_1572946766556_0698_m_000001_0",
      "result" : "SUCCESS",
      "startTime" : 1575464213706,
      "finishTime" : 1575464221240,
      "hostName" : "/default-rack/slave3",
      "hdfsBytesRead" : 63092039,
      "hdfsBytesWritten" : 0,
      "fileBytesRead" : 72537855,
      "fileBytesWritten" : 144540642,
      "mapInputRecords" : 1299730,
      "mapInputBytes" : -1,
      "mapOutputBytes" : 69599284,
      "mapOutputRecords" : 1299729,
      "combineInputRecords" : 0,
      "reduceInputGroups" : -1,
      "reduceInputRecords" : -1,
      "reduceShuffleBytes" : -1,
      "reduceOutputRecords" : -1,
      "spilledRecords" : 2599458,
      "shuffleFinished" : -1,
      "sortFinished" : -1,
      "location" : {
        "layers" : [ "default-rack", "slave3" ]
      },
      "clockSplits" : [ 5235, 207, 207, 206, 207, 207, 206, 207, 207, 206, 207, 207 ],
      "cpuUsages" : [ 1073, 1073, 1074, 1073, 1073, 1074, 1073, 1073, 1074, 1073, 1073, 1074 ],
      "physMemKbytes" : [ 11711, 35135, 58559, 81982, 105406, 128829, 152253, 175676, 199101, 222524, 245947, 269372 ],
      "vmemKbytes" : [ 86455, 259365, 432275, 605185, 778096, 951006, 1123917, 1296826, 1469737, 1642648, 1815557, 1988468 ],
      "resourceUsageMetrics" : {
        "cumulativeCpuUsage" : 12880,
        "virtualMemoryUsage" : 2124722176,
        "physicalMemoryUsage" : 287830016,
        "heapUsage" : 206569472
      }
    } ],
    "preferredLocations" : [ ]
  } ],
  "reduceTasks" : [ {
    "inputBytes" : 35475711,
    "inputRecords" : 960696,
    "outputBytes" : 117366671,
    "outputRecords" : 1892904,
    "taskID" : "task_1572946766556_0698_r_000000",
    "startTime" : 1575464211613,
    "finishTime" : 1575464233971,
    "taskType" : "REDUCE",
    "taskStatus" : "SUCCESS",
    "attempts" : [ {
      "attemptID" : "attempt_1572946766556_0698_r_000000_0",
      "result" : "SUCCESS",
      "startTime" : 1575464223624,
      "finishTime" : 1575464233971,
      "hostName" : "/default-rack/slave4",
      "hdfsBytesRead" : 0,
      "hdfsBytesWritten" : 117366671,
      "fileBytesRead" : 35475705,
      "fileBytesWritten" : 35600184,
      "mapInputRecords" : -1,
      "mapInputBytes" : -1,
      "mapOutputBytes" : -1,
      "mapOutputRecords" : -1,
      "combineInputRecords" : 0,
      "reduceInputGroups" : 107400,
      "reduceInputRecords" : 960696,
      "reduceShuffleBytes" : 35475711,
      "reduceOutputRecords" : 1892904,
      "spilledRecords" : 960696,
      "shuffleFinished" : 1575464226284,
      "sortFinished" : 1575464226865,
      "location" : {
        "layers" : [ "default-rack", "slave4" ]
      },
      "clockSplits" : [ 3700, 427, 427, 426, 427, 427, 427, 426, 427, 427, 1051, 1741 ],
      "cpuUsages" : [ 1149, 1150, 1150, 1149, 1150, 1150, 1150, 1149, 1150, 1150, 2011, 2962 ],
      "physMemKbytes" : [ 9018, 27054, 45090, 63126, 81163, 99199, 117236, 135272, 153309, 171345, 187519, 191359 ],
      "vmemKbytes" : [ 98687, 296061, 493436, 690811, 888186, 1085560, 1282935, 1480310, 1677685, 1875060, 2050099, 2077224 ],
      "resourceUsageMetrics" : {
        "cumulativeCpuUsage" : 16470,
        "virtualMemoryUsage" : 2127077376,
        "physicalMemoryUsage" : 196759552,
        "heapUsage" : 150994944
      }
    } ],
    "preferredLocations" : [ ]
  }, {
    "inputBytes" : 35795216,
    "inputRecords" : 972611,
    "outputBytes" : 117030796,
    "outputRecords" : 1896626,
    "taskID" : "task_1572946766556_0698_r_000001",
    "startTime" : 1575464211613,
    "finishTime" : 1575464235038,
    "taskType" : "REDUCE",
    "taskStatus" : "SUCCESS",
    "attempts" : [ {
      "attemptID" : "attempt_1572946766556_0698_r_000001_0",
      "result" : "SUCCESS",
      "startTime" : 1575464223635,
      "finishTime" : 1575464235038,
      "hostName" : "/default-rack/slave2",
      "hdfsBytesRead" : 0,
      "hdfsBytesWritten" : 117030796,
      "fileBytesRead" : 35795210,
      "fileBytesWritten" : 35919689,
      "mapInputRecords" : -1,
      "mapInputBytes" : -1,
      "mapOutputBytes" : -1,
      "mapOutputRecords" : -1,
      "combineInputRecords" : 0,
      "reduceInputGroups" : 108684,
      "reduceInputRecords" : 972611,
      "reduceShuffleBytes" : 35795216,
      "reduceOutputRecords" : 1896626,
      "spilledRecords" : 972611,
      "shuffleFinished" : 1575464226354,
      "sortFinished" : 1575464227053,
      "location" : {
        "layers" : [ "default-rack", "slave2" ]
      },
      "clockSplits" : [ 3853, 430, 430, 429, 430, 430, 430, 429, 430, 430, 1653, 2017 ],
      "cpuUsages" : [ 1205, 1206, 1205, 1206, 1206, 1205, 1206, 1206, 1205, 1206, 2689, 3365 ],
      "physMemKbytes" : [ 9736, 29210, 48683, 68156, 87630, 107103, 126577, 146050, 165524, 184998, 197552, 198443 ],
      "vmemKbytes" : [ 102530, 307592, 512654, 717715, 922778, 1127839, 1332902, 1537963, 1743026, 1948088, 2077991, 2080112 ],
      "resourceUsageMetrics" : {
        "cumulativeCpuUsage" : 18110,
        "virtualMemoryUsage" : 2130034688,
        "physicalMemoryUsage" : 204337152,
        "heapUsage" : 134742016
      }
    } ],
    "preferredLocations" : [ ]
  }, {
    "inputBytes" : 35337632,
    "inputRecords" : 957865,
    "outputBytes" : 115266600,
    "outputRecords" : 1864815,
    "taskID" : "task_1572946766556_0698_r_000002",
    "startTime" : 1575464211613,
    "finishTime" : 1575464234398,
    "taskType" : "REDUCE",
    "taskStatus" : "SUCCESS",
    "attempts" : [ {
      "attemptID" : "attempt_1572946766556_0698_r_000002_0",
      "result" : "SUCCESS",
      "startTime" : 1575464223631,
      "finishTime" : 1575464234398,
      "hostName" : "/default-rack/slave5",
      "hdfsBytesRead" : 0,
      "hdfsBytesWritten" : 115266600,
      "fileBytesRead" : 35337626,
      "fileBytesWritten" : 35462105,
      "mapInputRecords" : -1,
      "mapInputBytes" : -1,
      "mapOutputBytes" : -1,
      "mapOutputRecords" : -1,
      "combineInputRecords" : 0,
      "reduceInputGroups" : 107402,
      "reduceInputRecords" : 957865,
      "reduceShuffleBytes" : 35337632,
      "reduceOutputRecords" : 1864815,
      "spilledRecords" : 957865,
      "shuffleFinished" : 1575464226462,
      "sortFinished" : 1575464227019,
      "location" : {
        "layers" : [ "default-rack", "slave5" ]
      },
      "clockSplits" : [ 3829, 435, 436, 435, 435, 436, 435, 435, 436, 435, 1146, 1861 ],
      "cpuUsages" : [ 1127, 1127, 1128, 1127, 1128, 1127, 1128, 1127, 1128, 1127, 2133, 3143 ],
      "physMemKbytes" : [ 9143, 27429, 45715, 64001, 82288, 100574, 118861, 137147, 155434, 173720, 190064, 194692 ],
      "vmemKbytes" : [ 98983, 296951, 494919, 692886, 890854, 1088821, 1286789, 1484756, 1682725, 1880693, 2054048, 2078928 ],
      "resourceUsageMetrics" : {
        "cumulativeCpuUsage" : 16550,
        "virtualMemoryUsage" : 2128822272,
        "physicalMemoryUsage" : 200728576,
        "heapUsage" : 134742016
      }
    } ],
    "preferredLocations" : [ ]
  }, {
    "inputBytes" : 36016581,
    "inputRecords" : 979367,
    "outputBytes" : 118228254,
    "outputRecords" : 1913423,
    "taskID" : "task_1572946766556_0698_r_000003",
    "startTime" : 1575464211613,
    "finishTime" : 1575464233408,
    "taskType" : "REDUCE",
    "taskStatus" : "SUCCESS",
    "attempts" : [ {
      "attemptID" : "attempt_1572946766556_0698_r_000003_0",
      "result" : "SUCCESS",
      "startTime" : 1575464223627,
      "finishTime" : 1575464233408,
      "hostName" : "/default-rack/slave3",
      "hdfsBytesRead" : 0,
      "hdfsBytesWritten" : 118228254,
      "fileBytesRead" : 36016575,
      "fileBytesWritten" : 36141054,
      "mapInputRecords" : -1,
      "mapInputBytes" : -1,
      "mapOutputBytes" : -1,
      "mapOutputRecords" : -1,
      "combineInputRecords" : 0,
      "reduceInputGroups" : 108985,
      "reduceInputRecords" : 979367,
      "reduceShuffleBytes" : 36016581,
      "reduceOutputRecords" : 1913423,
      "spilledRecords" : 979367,
      "shuffleFinished" : 1575464225468,
      "sortFinished" : 1575464226002,
      "location" : {
        "layers" : [ "default-rack", "slave3" ]
      },
      "clockSplits" : [ 2859, 488, 488, 488, 487, 488, 488, 488, 488, 487, 604, 1916 ],
      "cpuUsages" : [ 1178, 1179, 1179, 1178, 1179, 1179, 1179, 1178, 1179, 1179, 1377, 3616 ],
      "physMemKbytes" : [ 9065, 27195, 45326, 63456, 81587, 99717, 117848, 135978, 154109, 172240, 190322, 200026 ],
      "vmemKbytes" : [ 95416, 286249, 477082, 667915, 858748, 1049581, 1240414, 1431247, 1622080, 1812914, 2003123, 2085148 ],
      "resourceUsageMetrics" : {
        "cumulativeCpuUsage" : 16780,
        "virtualMemoryUsage" : 2136535040,
        "physicalMemoryUsage" : 206647296,
        "heapUsage" : 136314880
      }
    } ],
    "preferredLocations" : [ ]
  } ],
  "otherTasks" : [ ],
  "successfulMapAttemptCDFs" : [ {
    "numberValues" : 0,
    "minimum" : -9223372036854775808,
    "rankings" : [ ],
    "maximum" : 9223372036854775807
  }, {
    "numberValues" : 0,
    "minimum" : -9223372036854775808,
    "rankings" : [ ],
    "maximum" : 9223372036854775807
  }, {
    "numberValues" : 0,
    "minimum" : -9223372036854775808,
    "rankings" : [ ],
    "maximum" : 9223372036854775807
  }, {
    "numberValues" : 2,
    "minimum" : 7534,
    "rankings" : [ {
      "relativeRanking" : 0.05,
      "datum" : 7534
    }, {
      "relativeRanking" : 0.1,
      "datum" : 7534
    }, {
      "relativeRanking" : 0.15,
      "datum" : 7534
    }, {
      "relativeRanking" : 0.2,
      "datum" : 7534
    }, {
      "relativeRanking" : 0.25,
      "datum" : 7534
    }, {
      "relativeRanking" : 0.3,
      "datum" : 7534
    }, {
      "relativeRanking" : 0.35,
      "datum" : 7534
    }, {
      "relativeRanking" : 0.4,
      "datum" : 7534
    }, {
      "relativeRanking" : 0.45,
      "datum" : 7534
    }, {
      "relativeRanking" : 0.5,
      "datum" : 7534
    }, {
      "relativeRanking" : 0.55,
      "datum" : 7534
    }, {
      "relativeRanking" : 0.6,
      "datum" : 7534
    }, {
      "relativeRanking" : 0.65,
      "datum" : 7534
    }, {
      "relativeRanking" : 0.7,
      "datum" : 7534
    }, {
      "relativeRanking" : 0.75,
      "datum" : 7534
    }, {
      "relativeRanking" : 0.8,
      "datum" : 7534
    }, {
      "relativeRanking" : 0.85,
      "datum" : 7534
    }, {
      "relativeRanking" : 0.9,
      "datum" : 7534
    }, {
      "relativeRanking" : 0.95,
      "datum" : 7534
    } ],
    "maximum" : 9690
  } ],
  "failedMapAttemptCDFs" : [ {
    "numberValues" : 0,
    "minimum" : -9223372036854775808,
    "rankings" : [ ],
    "maximum" : 9223372036854775807
  }, {
    "numberValues" : 0,
    "minimum" : -9223372036854775808,
    "rankings" : [ ],
    "maximum" : 9223372036854775807
  }, {
    "numberValues" : 0,
    "minimum" : -9223372036854775808,
    "rankings" : [ ],
    "maximum" : 9223372036854775807
  }, {
    "numberValues" : 0,
    "minimum" : -9223372036854775808,
    "rankings" : [ ],
    "maximum" : 9223372036854775807
  } ],
  "successfulReduceAttemptCDF" : {
    "numberValues" : 4,
    "minimum" : 9781,
    "rankings" : [ {
      "relativeRanking" : 0.05,
      "datum" : 9781
    }, {
      "relativeRanking" : 0.1,
      "datum" : 9781
    }, {
      "relativeRanking" : 0.15,
      "datum" : 9781
    }, {
      "relativeRanking" : 0.2,
      "datum" : 9781
    }, {
      "relativeRanking" : 0.25,
      "datum" : 9781
    }, {
      "relativeRanking" : 0.3,
      "datum" : 9781
    }, {
      "relativeRanking" : 0.35,
      "datum" : 9781
    }, {
      "relativeRanking" : 0.4,
      "datum" : 9781
    }, {
      "relativeRanking" : 0.45,
      "datum" : 9781
    }, {
      "relativeRanking" : 0.5,
      "datum" : 10347
    }, {
      "relativeRanking" : 0.55,
      "datum" : 10347
    }, {
      "relativeRanking" : 0.6,
      "datum" : 10347
    }, {
      "relativeRanking" : 0.65,
      "datum" : 10347
    }, {
      "relativeRanking" : 0.7,
      "datum" : 10347
    }, {
      "relativeRanking" : 0.75,
      "datum" : 10767
    }, {
      "relativeRanking" : 0.8,
      "datum" : 10767
    }, {
      "relativeRanking" : 0.85,
      "datum" : 10767
    }, {
      "relativeRanking" : 0.9,
      "datum" : 10767
    }, {
      "relativeRanking" : 0.95,
      "datum" : 10767
    } ],
    "maximum" : 11403
  },
  "failedReduceAttemptCDF" : {
    "numberValues" : 0,
    "minimum" : -9223372036854775808,
    "rankings" : [ ],
    "maximum" : 9223372036854775807
  },
  "queue" : "default",
  "jobName" : "ReduceJoin-[1575464204863]",
  "clusterMapMB" : -1,
  "clusterReduceMB" : -1,
  "jobMapMB" : -1,
  "jobReduceMB" : -1,
  "relativeTime" : 0,
  "mapperTriesToSucceed" : [ 1.0 ],
  "failedMapperFraction" : 0.0,
  "jobProperties" : { }
}