{
  "jobID" : "job_1572946766556_1079",
  "user" : "hadoop",
  "computonsPerMapInputByte" : -1,
  "computonsPerMapOutputByte" : -1,
  "computonsPerReduceInputByte" : -1,
  "computonsPerReduceOutputByte" : -1,
  "submitTime" : 1575700441917,
  "launchTime" : 1575700445396,
  "finishTime" : 1575701008098,
  "heapMegabytes" : -1,
  "totalMaps" : 3,
  "totalReduces" : 3,
  "outcome" : "SUCCESS",
  "jobtype" : "JAVA",
  "priority" : "NORMAL",
  "directDependantJobs" : [ ],
  "mapTasks" : [ {
    "inputBytes" : 9599084,
    "inputRecords" : 3960,
    "outputBytes" : 9860388471,
    "outputRecords" : 99038183,
    "taskID" : "task_1572946766556_1079_m_000000",
    "startTime" : 1575700445438,
    "finishTime" : 1575700844942,
    "taskType" : "MAP",
    "taskStatus" : "SUCCESS",
    "attempts" : [ {
      "attemptID" : "attempt_1572946766556_1079_m_000000_0",
      "result" : "SUCCESS",
      "startTime" : 1575700447638,
      "finishTime" : 1575700844942,
      "hostName" : "/default-rack/slave2",
      "hdfsBytesRead" : 9599084,
      "hdfsBytesWritten" : 0,
      "fileBytesRead" : 6548934313,
      "fileBytesWritten" : 9860388471,
      "mapInputRecords" : 3960,
      "mapInputBytes" : -1,
      "mapOutputBytes" : 3120344950,
      "mapOutputRecords" : 99038183,
      "combineInputRecords" : 0,
      "reduceInputGroups" : -1,
      "reduceInputRecords" : -1,
      "reduceShuffleBytes" : -1,
      "reduceOutputRecords" : -1,
      "spilledRecords" : 294756347,
      "shuffleFinished" : -1,
      "sortFinished" : -1,
      "location" : {
        "layers" : [ "default-rack", "slave2" ]
      },
      "clockSplits" : [ 14412, 8806, 28620, 33139, 90377, 8859, 52700, 11251, 37483, 37633, 36468, 37256 ],
      "cpuUsages" : [ 26411, 17037, 51541, 55692, 153720, 14500, 82864, 18457, 48518, 46632, 46243, 46305 ],
      "physMemKbytes" : [ 211573, 280462, 298793, 301410, 303574, 303708, 305034, 304425, 311008, 311485, 311308, 310678 ],
      "resourceUsageMetrics" : {
        "cumulativeCpuUsage" : 608230,
        "virtualMemoryUsage" : 2125541376,
        "physicalMemoryUsage" : 318377984,
        "heapUsage" : 209190912
      },
      "vmemKbytes" : [ 1596772, 2069436, 2069436, 2069435, 2069436, 2069435, 2069436, 2069435, 2073370, 2074522, 2074695, 2074696 ]
    } ],
    "preferredLocations" : [ ]
  }, {
    "inputBytes" : 8988445,
    "inputRecords" : 3919,
    "outputBytes" : 5681457241,
    "outputRecords" : 58455405,
    "taskID" : "task_1572946766556_1079_m_000001",
    "startTime" : 1575700445439,
    "finishTime" : 1575700678456,
    "taskType" : "MAP",
    "taskStatus" : "SUCCESS",
    "attempts" : [ {
      "attemptID" : "attempt_1572946766556_1079_m_000001_0",
      "result" : "SUCCESS",
      "startTime" : 1575700447638,
      "finishTime" : 1575700678456,
      "hostName" : "/default-rack/slave2",
      "hdfsBytesRead" : 8988445,
      "hdfsBytesWritten" : 0,
      "fileBytesRead" : 3701215593,
      "fileBytesWritten" : 5681457241,
      "mapInputRecords" : 3919,
      "mapInputBytes" : -1,
      "mapOutputBytes" : 1868574631,
      "mapOutputRecords" : 58455405,
      "combineInputRecords" : 0,
      "reduceInputGroups" : -1,
      "reduceInputRecords" : -1,
      "reduceShuffleBytes" : -1,
      "reduceOutputRecords" : -1,
      "spilledRecords" : 167594175,
      "shuffleFinished" : -1,
      "sortFinished" : -1,
      "location" : {
        "layers" : [ "default-rack", "slave2" ]
      },
      "clockSplits" : [ 21780, 11678, 10999, 35884, 43141, 11025, 7984, 9814, 19445, 19527, 19641, 19874 ],
      "cpuUsages" : [ 41923, 21741, 21168, 66527, 75147, 21978, 14848, 16341, 26405, 27230, 26193, 26669 ],
      "physMemKbytes" : [ 184892, 279416, 293292, 300979, 301314, 302842, 303347, 303902, 311962, 312197, 311368, 312369 ],
      "resourceUsageMetrics" : {
        "cumulativeCpuUsage" : 386170,
        "virtualMemoryUsage" : 2126790656,
        "physicalMemoryUsage" : 320266240,
        "heapUsage" : 208666624
      },
      "vmemKbytes" : [ 1396535, 2068851, 2068852, 2068851, 2068852, 2068851, 2068852, 2068925, 2075780, 2075916, 2075915, 2075923 ]
    } ],
    "preferredLocations" : [ ]
  }, {
    "inputBytes" : 7676204,
    "inputRecords" : 3964,
    "outputBytes" : 7829480962,
    "outputRecords" : 81564432,
    "taskID" : "task_1572946766556_1079_m_000002",
    "startTime" : 1575700445439,
    "finishTime" : 1575700710592,
    "taskType" : "MAP",
    "taskStatus" : "SUCCESS",
    "attempts" : [ {
      "attemptID" : "attempt_1572946766556_1079_m_000002_0",
      "result" : "SUCCESS",
      "startTime" : 1575700447631,
      "finishTime" : 1575700710592,
      "hostName" : "/default-rack/slave4",
      "hdfsBytesRead" : 7676204,
      "hdfsBytesWritten" : 0,
      "fileBytesRead" : 5168168468,
      "fileBytesWritten" : 7829480962,
      "mapInputRecords" : 3964,
      "mapInputBytes" : -1,
      "mapOutputBytes" : 2508184176,
      "mapOutputRecords" : 81564432,
      "combineInputRecords" : 0,
      "reduceInputGroups" : -1,
      "reduceInputRecords" : -1,
      "reduceShuffleBytes" : -1,
      "reduceOutputRecords" : -1,
      "spilledRecords" : 239598675,
      "shuffleFinished" : -1,
      "sortFinished" : -1,
      "location" : {
        "layers" : [ "default-rack", "slave4" ]
      },
      "clockSplits" : [ 7407, 6977, 123902, 14521, 8074, 3536, 2922, 7590, 22223, 21256, 21858, 22679 ],
      "cpuUsages" : [ 12329, 12713, 224654, 24833, 15091, 7166, 5665, 12242, 29280, 27049, 27863, 28005 ],
      "physMemKbytes" : [ 132232, 282322, 290394, 300345, 300480, 301319, 301290, 301339, 307314, 306154, 305401, 302561 ],
      "resourceUsageMetrics" : {
        "cumulativeCpuUsage" : 426890,
        "virtualMemoryUsage" : 2122309632,
        "physicalMemoryUsage" : 308785152,
        "heapUsage" : 209190912
      },
      "vmemKbytes" : [ 974788, 2066055, 2069760, 2069759, 2069760, 2069759, 2069760, 2069759, 2074677, 2074924, 2074923, 2072531 ]
    } ],
    "preferredLocations" : [ ]
  } ],
  "reduceTasks" : [ {
    "inputBytes" : 2658198729,
    "inputRecords" : 79679848,
    "outputBytes" : 1608561436,
    "outputRecords" : 67589773,
    "taskID" : "task_1572946766556_1079_r_000000",
    "startTime" : 1575700445440,
    "finishTime" : 1575701008029,
    "taskType" : "REDUCE",
    "taskStatus" : "SUCCESS",
    "attempts" : [ {
      "attemptID" : "attempt_1572946766556_1079_r_000000_0",
      "result" : "SUCCESS",
      "startTime" : 1575700680955,
      "finishTime" : 1575701008029,
      "hostName" : "/default-rack/slave3",
      "hdfsBytesRead" : 0,
      "hdfsBytesWritten" : 1608561436,
      "fileBytesRead" : 2658198729,
      "fileBytesWritten" : 2658322826,
      "mapInputRecords" : -1,
      "mapInputBytes" : -1,
      "mapOutputBytes" : -1,
      "mapOutputRecords" : -1,
      "combineInputRecords" : 0,
      "reduceInputGroups" : 67589773,
      "reduceInputRecords" : 79679848,
      "reduceShuffleBytes" : 2658198729,
      "reduceOutputRecords" : 67589773,
      "spilledRecords" : 79679848,
      "shuffleFinished" : 1575700865358,
      "sortFinished" : 1575700865388,
      "location" : {
        "layers" : [ "default-rack", "slave3" ]
      },
      "clockSplits" : [ 13103, 38837, 132666, 518, 517, 518, 517, 518, 32861, 35845, 35096, 35983 ],
      "cpuUsages" : [ 5442, 10107, 13130, 1589, 1589, 1589, 1589, 1588, 58401, 63724, 62405, 62427 ],
      "physMemKbytes" : [ 165831, 168798, 165756, 162716, 170859, 179000, 187143, 195285, 216180, 219111, 223433, 226569 ],
      "resourceUsageMetrics" : {
        "cumulativeCpuUsage" : 283790,
        "virtualMemoryUsage" : 2135560192,
        "physicalMemoryUsage" : 236101632,
        "heapUsage" : 137363456
      },
      "vmemKbytes" : [ 2073171, 2074054, 2074608, 2076192, 2078229, 2080266, 2082303, 2084340, 2085502, 2085508, 2085507, 2085508 ]
    } ],
    "preferredLocations" : [ ]
  }, {
    "inputBytes" : 2658695084,
    "inputRecords" : 79694574,
    "outputBytes" : 1608820777,
    "outputRecords" : 67600228,
    "taskID" : "task_1572946766556_1079_r_000001",
    "startTime" : 1575700445440,
    "finishTime" : 1575701001639,
    "taskType" : "REDUCE",
    "taskStatus" : "SUCCESS",
    "attempts" : [ {
      "attemptID" : "attempt_1572946766556_1079_r_000001_0",
      "result" : "SUCCESS",
      "startTime" : 1575700680963,
      "finishTime" : 1575701001639,
      "hostName" : "/default-rack/slave5",
      "hdfsBytesRead" : 0,
      "hdfsBytesWritten" : 1608820777,
      "fileBytesRead" : 2658695084,
      "fileBytesWritten" : 2658819181,
      "mapInputRecords" : -1,
      "mapInputBytes" : -1,
      "mapOutputBytes" : -1,
      "mapOutputRecords" : -1,
      "combineInputRecords" : 0,
      "reduceInputGroups" : 67600228,
      "reduceInputRecords" : 79694574,
      "reduceShuffleBytes" : 2658695084,
      "reduceOutputRecords" : 67600228,
      "spilledRecords" : 79694574,
      "shuffleFinished" : 1575700865649,
      "sortFinished" : 1575700865671,
      "location" : {
        "layers" : [ "default-rack", "slave5" ]
      },
      "clockSplits" : [ 13258, 38830, 132778, 483, 482, 482, 482, 483, 31626, 33670, 33669, 34421 ],
      "cpuUsages" : [ 6099, 10835, 12798, 1566, 1566, 1566, 1566, 1567, 56236, 58367, 56632, 58762 ],
      "physMemKbytes" : [ 168291, 177511, 174906, 166965, 175680, 184394, 193109, 201823, 216306, 225466, 230093, 235743 ],
      "resourceUsageMetrics" : {
        "cumulativeCpuUsage" : 267560,
        "virtualMemoryUsage" : 2139983872,
        "physicalMemoryUsage" : 244133888,
        "heapUsage" : 136314880
      },
      "vmemKbytes" : [ 2074047, 2081839, 2083519, 2080452, 2082505, 2084556, 2086609, 2088660, 2089823, 2089828, 2089827, 2089828 ]
    } ],
    "preferredLocations" : [ ]
  }, {
    "inputBytes" : 2658326038,
    "inputRecords" : 79683598,
    "outputBytes" : 1608699243,
    "outputRecords" : 67595139,
    "taskID" : "task_1572946766556_1079_r_000002",
    "startTime" : 1575700445440,
    "finishTime" : 1575700999293,
    "taskType" : "REDUCE",
    "taskStatus" : "SUCCESS",
    "attempts" : [ {
      "attemptID" : "attempt_1572946766556_1079_r_000002_0",
      "result" : "SUCCESS",
      "startTime" : 1575700680956,
      "finishTime" : 1575700999293,
      "hostName" : "/default-rack/slave2",
      "hdfsBytesRead" : 0,
      "hdfsBytesWritten" : 1608699243,
      "fileBytesRead" : 2658326038,
      "fileBytesWritten" : 2658450135,
      "mapInputRecords" : -1,
      "mapInputBytes" : -1,
      "mapOutputBytes" : -1,
      "mapOutputRecords" : -1,
      "combineInputRecords" : 0,
      "reduceInputGroups" : 67595139,
      "reduceInputRecords" : 79683598,
      "reduceShuffleBytes" : 2658326038,
      "reduceOutputRecords" : 67595139,
      "spilledRecords" : 79683598,
      "shuffleFinished" : 1575700846374,
      "sortFinished" : 1575700846397,
      "location" : {
        "layers" : [ "default-rack", "slave2" ]
      },
      "clockSplits" : [ 5856, 46076, 113573, 77, 76, 77, 77, 76, 38213, 38156, 37606, 38463 ],
      "cpuUsages" : [ 1004, 10210, 3845, 807, 808, 807, 807, 808, 58088, 54137, 52166, 56383 ],
      "physMemKbytes" : [ 64748, 172179, 179047, 175302, 181863, 188424, 194985, 201546, 235787, 246810, 251532, 257125 ],
      "resourceUsageMetrics" : {
        "cumulativeCpuUsage" : 239870,
        "virtualMemoryUsage" : 2138320896,
        "physicalMemoryUsage" : 266502144,
        "heapUsage" : 137887744
      },
      "vmemKbytes" : [ 777436, 1990221, 2078411, 2079631, 2081202, 2082771, 2084342, 2085911, 2088138, 2088204, 2088203, 2088204 ]
    } ],
    "preferredLocations" : [ ]
  } ],
  "otherTasks" : [ ],
  "successfulMapAttemptCDFs" : [ {
    "numberValues" : 0,
    "minimum" : -9223372036854775808,
    "rankings" : [ ],
    "maximum" : 9223372036854775807
  }, {
    "numberValues" : 0,
    "minimum" : -9223372036854775808,
    "rankings" : [ ],
    "maximum" : 9223372036854775807
  }, {
    "numberValues" : 0,
    "minimum" : -9223372036854775808,
    "rankings" : [ ],
    "maximum" : 9223372036854775807
  }, {
    "numberValues" : 3,
    "minimum" : 230818,
    "rankings" : [ {
      "relativeRanking" : 0.05,
      "datum" : 230818
    }, {
      "relativeRanking" : 0.1,
      "datum" : 230818
    }, {
      "relativeRanking" : 0.15,
      "datum" : 230818
    }, {
      "relativeRanking" : 0.2,
      "datum" : 230818
    }, {
      "relativeRanking" : 0.25,
      "datum" : 230818
    }, {
      "relativeRanking" : 0.3,
      "datum" : 230818
    }, {
      "relativeRanking" : 0.35,
      "datum" : 230818
    }, {
      "relativeRanking" : 0.4,
      "datum" : 230818
    }, {
      "relativeRanking" : 0.45,
      "datum" : 230818
    }, {
      "relativeRanking" : 0.5,
      "datum" : 230818
    }, {
      "relativeRanking" : 0.55,
      "datum" : 230818
    }, {
      "relativeRanking" : 0.6,
      "datum" : 230818
    }, {
      "relativeRanking" : 0.65,
      "datum" : 230818
    }, {
      "relativeRanking" : 0.7,
      "datum" : 262961
    }, {
      "relativeRanking" : 0.75,
      "datum" : 262961
    }, {
      "relativeRanking" : 0.8,
      "datum" : 262961
    }, {
      "relativeRanking" : 0.85,
      "datum" : 262961
    }, {
      "relativeRanking" : 0.9,
      "datum" : 262961
    }, {
      "relativeRanking" : 0.95,
      "datum" : 262961
    } ],
    "maximum" : 397304
  } ],
  "failedMapAttemptCDFs" : [ {
    "numberValues" : 0,
    "minimum" : -9223372036854775808,
    "rankings" : [ ],
    "maximum" : 9223372036854775807
  }, {
    "numberValues" : 0,
    "minimum" : -9223372036854775808,
    "rankings" : [ ],
    "maximum" : 9223372036854775807
  }, {
    "numberValues" : 0,
    "minimum" : -9223372036854775808,
    "rankings" : [ ],
    "maximum" : 9223372036854775807
  }, {
    "numberValues" : 0,
    "minimum" : -9223372036854775808,
    "rankings" : [ ],
    "maximum" : 9223372036854775807
  } ],
  "successfulReduceAttemptCDF" : {
    "numberValues" : 3,
    "minimum" : 318337,
    "rankings" : [ {
      "relativeRanking" : 0.05,
      "datum" : 318337
    }, {
      "relativeRanking" : 0.1,
      "datum" : 318337
    }, {
      "relativeRanking" : 0.15,
      "datum" : 318337
    }, {
      "relativeRanking" : 0.2,
      "datum" : 318337
    }, {
      "relativeRanking" : 0.25,
      "datum" : 318337
    }, {
      "relativeRanking" : 0.3,
      "datum" : 318337
    }, {
      "relativeRanking" : 0.35,
      "datum" : 318337
    }, {
      "relativeRanking" : 0.4,
      "datum" : 318337
    }, {
      "relativeRanking" : 0.45,
      "datum" : 318337
    }, {
      "relativeRanking" : 0.5,
      "datum" : 318337
    }, {
      "relativeRanking" : 0.55,
      "datum" : 318337
    }, {
      "relativeRanking" : 0.6,
      "datum" : 318337
    }, {
      "relativeRanking" : 0.65,
      "datum" : 318337
    }, {
      "relativeRanking" : 0.7,
      "datum" : 320676
    }, {
      "relativeRanking" : 0.75,
      "datum" : 320676
    }, {
      "relativeRanking" : 0.8,
      "datum" : 320676
    }, {
      "relativeRanking" : 0.85,
      "datum" : 320676
    }, {
      "relativeRanking" : 0.9,
      "datum" : 320676
    }, {
      "relativeRanking" : 0.95,
      "datum" : 320676
    } ],
    "maximum" : 327074
  },
  "failedReduceAttemptCDF" : {
    "numberValues" : 0,
    "minimum" : -9223372036854775808,
    "rankings" : [ ],
    "maximum" : 9223372036854775807
  },
  "queue" : "default",
  "jobName" : "CAC_Count-[1575700302884-Similarity2-END]",
  "clusterMapMB" : -1,
  "clusterReduceMB" : -1,
  "jobMapMB" : -1,
  "jobReduceMB" : -1,
  "relativeTime" : 0,
  "mapperTriesToSucceed" : [ 1.0 ],
  "failedMapperFraction" : 0.0,
  "jobProperties" : { }
}