{
  "jobID" : "job_1572946766556_1078",
  "user" : "hadoop",
  "computonsPerMapInputByte" : -1,
  "computonsPerMapOutputByte" : -1,
  "computonsPerReduceInputByte" : -1,
  "computonsPerReduceOutputByte" : -1,
  "submitTime" : 1575700305514,
  "launchTime" : 1575700309221,
  "finishTime" : 1575700440338,
  "heapMegabytes" : -1,
  "totalMaps" : 2,
  "totalReduces" : 3,
  "outcome" : "SUCCESS",
  "jobtype" : "JAVA",
  "priority" : "NORMAL",
  "directDependantJobs" : [ ],
  "mapTasks" : [ {
    "inputBytes" : 7745257,
    "inputRecords" : 246569,
    "outputBytes" : 32289411,
    "outputRecords" : 934712,
    "taskID" : "task_1572946766556_1078_m_000000",
    "startTime" : 1575700309276,
    "finishTime" : 1575700375570,
    "taskType" : "MAP",
    "taskStatus" : "SUCCESS",
    "attempts" : [ {
      "attemptID" : "attempt_1572946766556_1078_m_000000_0",
      "result" : "SUCCESS",
      "startTime" : 1575700311442,
      "finishTime" : 1575700375570,
      "hostName" : "/default-rack/slave1",
      "hdfsBytesRead" : 7745257,
      "hdfsBytesWritten" : 0,
      "fileBytesRead" : 0,
      "fileBytesWritten" : 32289411,
      "mapInputRecords" : 246569,
      "mapInputBytes" : -1,
      "mapOutputBytes" : 30296128,
      "mapOutputRecords" : 934712,
      "combineInputRecords" : 0,
      "reduceInputGroups" : -1,
      "reduceInputRecords" : -1,
      "reduceShuffleBytes" : -1,
      "reduceOutputRecords" : -1,
      "spilledRecords" : 934712,
      "shuffleFinished" : -1,
      "sortFinished" : -1,
      "location" : {
        "layers" : [ "default-rack", "slave1" ]
      },
      "clockSplits" : [ 11284, 7760, 7592, 7806, 7410, 7251, 6917, 6870, 306, 306, 306, 306 ],
      "cpuUsages" : [ 169015, 120820, 89776, 95563, 110041, 105962, 93429, 70035, 6467, 6467, 6467, 6468 ],
      "physMemKbytes" : [ 234502, 363173, 359383, 358287, 362647, 360185, 360238, 360224, 357353, 353164, 348975, 344786 ],
      "resourceUsageMetrics" : {
        "cumulativeCpuUsage" : 880510,
        "virtualMemoryUsage" : 2120065024,
        "physicalMemoryUsage" : 350916608,
        "heapUsage" : 175112192
      },
      "vmemKbytes" : [ 1379191, 2073519, 2073520, 2072356, 2070376, 2070375, 2070376, 2070375, 2070376, 2070376, 2070375, 2070376 ]
    }, {
      "attemptID" : "attempt_1572946766556_1078_m_000000_1",
      "result" : "KILLED",
      "startTime" : 1575700325333,
      "finishTime" : 1575700375606,
      "hostName" : "/default-rack/slave1",
      "hdfsBytesRead" : 6029457,
      "hdfsBytesWritten" : 0,
      "fileBytesRead" : 0,
      "fileBytesWritten" : 123761,
      "mapInputRecords" : 190848,
      "mapInputBytes" : -1,
      "mapOutputBytes" : 23156657,
      "mapOutputRecords" : 714175,
      "combineInputRecords" : 0,
      "reduceInputGroups" : -1,
      "reduceInputRecords" : -1,
      "reduceShuffleBytes" : -1,
      "reduceOutputRecords" : -1,
      "spilledRecords" : 0,
      "shuffleFinished" : -1,
      "sortFinished" : -1,
      "location" : {
        "layers" : [ "default-rack", "slave1" ]
      },
      "clockSplits" : [ 11013, 7851, 7672, 7440, 7102, 6717, 1185, 252, 252, 252, 252, 252 ],
      "cpuUsages" : [ 111194, 102620, 84395, 79518, 79614, 75288, 11081, 0, 0, 0, 0, 0 ],
      "physMemKbytes" : [ 235415, 363351, 365732, 365883, 371714, 369776, 369350, 369351, 369352, 369352, 369351, 369352 ],
      "resourceUsageMetrics" : {
        "cumulativeCpuUsage" : 543710,
        "virtualMemoryUsage" : 2130235392,
        "physicalMemoryUsage" : 378216448,
        "heapUsage" : 193462272
      },
      "vmemKbytes" : [ 1413267, 2080307, 2080308, 2080307, 2080308, 2080307, 2080308, 2080307, 2080308, 2080308, 2080307, 2080308 ]
    } ],
    "preferredLocations" : [ ]
  }, {
    "inputBytes" : 1279951,
    "inputRecords" : 32202,
    "outputBytes" : 4613252,
    "outputRecords" : 203769,
    "taskID" : "task_1572946766556_1078_m_000001",
    "startTime" : 1575700309278,
    "finishTime" : 1575700323542,
    "taskType" : "MAP",
    "taskStatus" : "SUCCESS",
    "attempts" : [ {
      "attemptID" : "attempt_1572946766556_1078_m_000001_0",
      "result" : "SUCCESS",
      "startTime" : 1575700311449,
      "finishTime" : 1575700323542,
      "hostName" : "/default-rack/slave3",
      "hdfsBytesRead" : 1279951,
      "hdfsBytesWritten" : 0,
      "fileBytesRead" : 0,
      "fileBytesWritten" : 4613252,
      "mapInputRecords" : 32202,
      "mapInputBytes" : -1,
      "mapOutputBytes" : 4081855,
      "mapOutputRecords" : 203769,
      "combineInputRecords" : 0,
      "reduceInputGroups" : -1,
      "reduceInputRecords" : -1,
      "reduceShuffleBytes" : -1,
      "reduceOutputRecords" : -1,
      "spilledRecords" : 203769,
      "shuffleFinished" : -1,
      "sortFinished" : -1,
      "location" : {
        "layers" : [ "default-rack", "slave3" ]
      },
      "clockSplits" : [ 1473, 1474, 1474, 1474, 1473, 1465, 1453, 1398, 95, 94, 94, 95 ],
      "cpuUsages" : [ 18953, 18954, 18954, 18954, 18954, 23136, 28713, 20772, 1860, 1860, 1860, 1860 ],
      "physMemKbytes" : [ 31134, 93405, 155675, 217945, 280216, 337236, 351667, 356363, 354595, 350561, 346526, 342493 ],
      "resourceUsageMetrics" : {
        "cumulativeCpuUsage" : 174830,
        "virtualMemoryUsage" : 2121928704,
        "physicalMemoryUsage" : 348647424,
        "heapUsage" : 174063616
      },
      "vmemKbytes" : [ 185966, 557898, 929830, 1301761, 1673694, 2011470, 2072196, 2072195, 2072196, 2072196, 2072195, 2072196 ]
    } ],
    "preferredLocations" : [ ]
  } ],
  "reduceTasks" : [ {
    "inputBytes" : 13316912,
    "inputRecords" : 412432,
    "outputBytes" : 9598928,
    "outputRecords" : 3960,
    "taskID" : "task_1572946766556_1078_r_000000",
    "startTime" : 1575700309279,
    "finishTime" : 1575700440270,
    "taskType" : "REDUCE",
    "taskStatus" : "SUCCESS",
    "attempts" : [ {
      "attemptID" : "attempt_1572946766556_1078_r_000000_0",
      "result" : "SUCCESS",
      "startTime" : 1575700326353,
      "finishTime" : 1575700440270,
      "hostName" : "/default-rack/slave1",
      "hdfsBytesRead" : 0,
      "hdfsBytesWritten" : 9598928,
      "fileBytesRead" : 13316906,
      "fileBytesWritten" : 13440644,
      "mapInputRecords" : -1,
      "mapInputBytes" : -1,
      "mapOutputBytes" : -1,
      "mapOutputRecords" : -1,
      "combineInputRecords" : 0,
      "reduceInputGroups" : 3960,
      "reduceInputRecords" : 412432,
      "reduceShuffleBytes" : 13316912,
      "reduceOutputRecords" : 3960,
      "spilledRecords" : 412432,
      "shuffleFinished" : 1575700375642,
      "sortFinished" : 1575700375841,
      "location" : {
        "layers" : [ "default-rack", "slave1" ]
      },
      "clockSplits" : [ 4023, 4023, 41597, 187, 187, 187, 187, 187, 2907, 24757, 17461, 18204 ],
      "cpuUsages" : [ 294, 295, 2927, 1017, 1017, 1017, 1017, 1017, 12819, 95887, 67459, 69114 ],
      "physMemKbytes" : [ 39682, 119048, 165729, 173596, 181463, 189330, 197197, 205064, 214955, 243099, 258922, 260751 ],
      "resourceUsageMetrics" : {
        "cumulativeCpuUsage" : 253880,
        "virtualMemoryUsage" : 2130382848,
        "physicalMemoryUsage" : 266797056,
        "heapUsage" : 144703488
      },
      "vmemKbytes" : [ 518150, 1554452, 2073436, 2074814, 2076193, 2077571, 2078950, 2080328, 2082523, 2082070, 2080451, 2080452 ]
    } ],
    "preferredLocations" : [ ]
  }, {
    "inputBytes" : 10820170,
    "inputRecords" : 331716,
    "outputBytes" : 7676048,
    "outputRecords" : 3964,
    "taskID" : "task_1572946766556_1078_r_000001",
    "startTime" : 1575700309279,
    "finishTime" : 1575700416494,
    "taskType" : "REDUCE",
    "taskStatus" : "SUCCESS",
    "attempts" : [ {
      "attemptID" : "attempt_1572946766556_1078_r_000001_0",
      "result" : "SUCCESS",
      "startTime" : 1575700326359,
      "finishTime" : 1575700416494,
      "hostName" : "/default-rack/slave4",
      "hdfsBytesRead" : 0,
      "hdfsBytesWritten" : 7676048,
      "fileBytesRead" : 10820164,
      "fileBytesWritten" : 10943902,
      "mapInputRecords" : -1,
      "mapInputBytes" : -1,
      "mapOutputBytes" : -1,
      "mapOutputRecords" : -1,
      "combineInputRecords" : 0,
      "reduceInputGroups" : 3964,
      "reduceInputRecords" : 331716,
      "reduceShuffleBytes" : 10820170,
      "reduceOutputRecords" : 3964,
      "spilledRecords" : 331716,
      "shuffleFinished" : 1575700376556,
      "sortFinished" : 1575700376717,
      "location" : {
        "layers" : [ "default-rack", "slave4" ]
      },
      "clockSplits" : [ 3950, 3951, 42450, 29, 29, 29, 29, 29, 4667, 21684, 6177, 7098 ],
      "cpuUsages" : [ 229, 230, 2481, 281, 281, 281, 281, 280, 18253, 81291, 21357, 24665 ],
      "physMemKbytes" : [ 42726, 128180, 179445, 184488, 189533, 194576, 199621, 204664, 225873, 252550, 260793, 261121 ],
      "resourceUsageMetrics" : {
        "cumulativeCpuUsage" : 149910,
        "virtualMemoryUsage" : 2133700608,
        "physicalMemoryUsage" : 267350016,
        "heapUsage" : 142606336
      },
      "vmemKbytes" : [ 518615, 1555847, 2074631, 2074967, 2075304, 2075640, 2075977, 2076312, 2080938, 2083692, 2083691, 2083692 ]
    } ],
    "preferredLocations" : [ ]
  }, {
    "inputBytes" : 12517899,
    "inputRecords" : 394333,
    "outputBytes" : 8988289,
    "outputRecords" : 3919,
    "taskID" : "task_1572946766556_1078_r_000002",
    "startTime" : 1575700309279,
    "finishTime" : 1575700422911,
    "taskType" : "REDUCE",
    "taskStatus" : "SUCCESS",
    "attempts" : [ {
      "attemptID" : "attempt_1572946766556_1078_r_000002_0",
      "result" : "SUCCESS",
      "startTime" : 1575700326358,
      "finishTime" : 1575700422911,
      "hostName" : "/default-rack/slave3",
      "hdfsBytesRead" : 0,
      "hdfsBytesWritten" : 8988289,
      "fileBytesRead" : 12517893,
      "fileBytesWritten" : 12641631,
      "mapInputRecords" : -1,
      "mapInputBytes" : -1,
      "mapOutputBytes" : -1,
      "mapOutputRecords" : -1,
      "combineInputRecords" : 0,
      "reduceInputGroups" : 3919,
      "reduceInputRecords" : 394333,
      "reduceShuffleBytes" : 12517899,
      "reduceOutputRecords" : 3919,
      "spilledRecords" : 394333,
      "shuffleFinished" : 1575700376435,
      "sortFinished" : 1575700376641,
      "location" : {
        "layers" : [ "default-rack", "slave3" ]
      },
      "clockSplits" : [ 3874, 3875, 42523, 21, 20, 21, 21, 20, 5562, 17389, 14876, 8339 ],
      "cpuUsages" : [ 219, 220, 2490, 219, 219, 220, 219, 219, 21325, 62686, 52890, 30244 ],
      "physMemKbytes" : [ 41611, 124835, 175450, 179295, 183141, 186986, 190831, 194676, 214309, 243737, 262061, 263863 ],
      "resourceUsageMetrics" : {
        "cumulativeCpuUsage" : 171170,
        "virtualMemoryUsage" : 2131857408,
        "physicalMemoryUsage" : 270688256,
        "heapUsage" : 148373504
      },
      "vmemKbytes" : [ 518798, 1556396, 2075365, 2075705, 2076046, 2076386, 2076727, 2077066, 2080567, 2081892, 2081891, 2081892 ]
    } ],
    "preferredLocations" : [ ]
  } ],
  "otherTasks" : [ ],
  "successfulMapAttemptCDFs" : [ {
    "numberValues" : 0,
    "minimum" : -9223372036854775808,
    "rankings" : [ ],
    "maximum" : 9223372036854775807
  }, {
    "numberValues" : 0,
    "minimum" : -9223372036854775808,
    "rankings" : [ ],
    "maximum" : 9223372036854775807
  }, {
    "numberValues" : 0,
    "minimum" : -9223372036854775808,
    "rankings" : [ ],
    "maximum" : 9223372036854775807
  }, {
    "numberValues" : 2,
    "minimum" : 12093,
    "rankings" : [ {
      "relativeRanking" : 0.05,
      "datum" : 12093
    }, {
      "relativeRanking" : 0.1,
      "datum" : 12093
    }, {
      "relativeRanking" : 0.15,
      "datum" : 12093
    }, {
      "relativeRanking" : 0.2,
      "datum" : 12093
    }, {
      "relativeRanking" : 0.25,
      "datum" : 12093
    }, {
      "relativeRanking" : 0.3,
      "datum" : 12093
    }, {
      "relativeRanking" : 0.35,
      "datum" : 12093
    }, {
      "relativeRanking" : 0.4,
      "datum" : 12093
    }, {
      "relativeRanking" : 0.45,
      "datum" : 12093
    }, {
      "relativeRanking" : 0.5,
      "datum" : 12093
    }, {
      "relativeRanking" : 0.55,
      "datum" : 12093
    }, {
      "relativeRanking" : 0.6,
      "datum" : 12093
    }, {
      "relativeRanking" : 0.65,
      "datum" : 12093
    }, {
      "relativeRanking" : 0.7,
      "datum" : 12093
    }, {
      "relativeRanking" : 0.75,
      "datum" : 12093
    }, {
      "relativeRanking" : 0.8,
      "datum" : 12093
    }, {
      "relativeRanking" : 0.85,
      "datum" : 12093
    }, {
      "relativeRanking" : 0.9,
      "datum" : 12093
    }, {
      "relativeRanking" : 0.95,
      "datum" : 12093
    } ],
    "maximum" : 64128
  } ],
  "failedMapAttemptCDFs" : [ {
    "numberValues" : 0,
    "minimum" : -9223372036854775808,
    "rankings" : [ ],
    "maximum" : 9223372036854775807
  }, {
    "numberValues" : 0,
    "minimum" : -9223372036854775808,
    "rankings" : [ ],
    "maximum" : 9223372036854775807
  }, {
    "numberValues" : 0,
    "minimum" : -9223372036854775808,
    "rankings" : [ ],
    "maximum" : 9223372036854775807
  }, {
    "numberValues" : 0,
    "minimum" : -9223372036854775808,
    "rankings" : [ ],
    "maximum" : 9223372036854775807
  } ],
  "successfulReduceAttemptCDF" : {
    "numberValues" : 3,
    "minimum" : 90135,
    "rankings" : [ {
      "relativeRanking" : 0.05,
      "datum" : 90135
    }, {
      "relativeRanking" : 0.1,
      "datum" : 90135
    }, {
      "relativeRanking" : 0.15,
      "datum" : 90135
    }, {
      "relativeRanking" : 0.2,
      "datum" : 90135
    }, {
      "relativeRanking" : 0.25,
      "datum" : 90135
    }, {
      "relativeRanking" : 0.3,
      "datum" : 90135
    }, {
      "relativeRanking" : 0.35,
      "datum" : 90135
    }, {
      "relativeRanking" : 0.4,
      "datum" : 90135
    }, {
      "relativeRanking" : 0.45,
      "datum" : 90135
    }, {
      "relativeRanking" : 0.5,
      "datum" : 90135
    }, {
      "relativeRanking" : 0.55,
      "datum" : 90135
    }, {
      "relativeRanking" : 0.6,
      "datum" : 90135
    }, {
      "relativeRanking" : 0.65,
      "datum" : 90135
    }, {
      "relativeRanking" : 0.7,
      "datum" : 96553
    }, {
      "relativeRanking" : 0.75,
      "datum" : 96553
    }, {
      "relativeRanking" : 0.8,
      "datum" : 96553
    }, {
      "relativeRanking" : 0.85,
      "datum" : 96553
    }, {
      "relativeRanking" : 0.9,
      "datum" : 96553
    }, {
      "relativeRanking" : 0.95,
      "datum" : 96553
    } ],
    "maximum" : 113917
  },
  "failedReduceAttemptCDF" : {
    "numberValues" : 0,
    "minimum" : -9223372036854775808,
    "rankings" : [ ],
    "maximum" : 9223372036854775807
  },
  "queue" : "default",
  "jobName" : "CAC_Count-[1575700302884-Indexing1]",
  "clusterMapMB" : -1,
  "clusterReduceMB" : -1,
  "jobMapMB" : -1,
  "jobReduceMB" : -1,
  "relativeTime" : 0,
  "mapperTriesToSucceed" : [ 1.0 ],
  "failedMapperFraction" : 0.0,
  "jobProperties" : { }
}