{
  "jobID" : "job_1572946766556_0701",
  "user" : "hadoop",
  "computonsPerMapInputByte" : -1,
  "computonsPerMapOutputByte" : -1,
  "computonsPerReduceInputByte" : -1,
  "computonsPerReduceOutputByte" : -1,
  "submitTime" : 1575464349434,
  "launchTime" : 1575464352881,
  "finishTime" : 1575464377134,
  "heapMegabytes" : -1,
  "totalMaps" : 2,
  "totalReduces" : 5,
  "outcome" : "SUCCESS",
  "jobtype" : "JAVA",
  "priority" : "NORMAL",
  "directDependantJobs" : [ ],
  "mapTasks" : [ {
    "inputBytes" : 79565870,
    "inputRecords" : 2570811,
    "outputBytes" : 140958970,
    "outputRecords" : 2570810,
    "taskID" : "task_1572946766556_0701_m_000000",
    "startTime" : 1575464352993,
    "finishTime" : 1575464366092,
    "taskType" : "MAP",
    "taskStatus" : "SUCCESS",
    "attempts" : [ {
      "attemptID" : "attempt_1572946766556_0701_m_000000_0",
      "result" : "SUCCESS",
      "startTime" : 1575464355102,
      "finishTime" : 1575464366092,
      "hostName" : "/default-rack/slave2",
      "hdfsBytesRead" : 79565870,
      "hdfsBytesWritten" : 0,
      "fileBytesRead" : 71306750,
      "fileBytesWritten" : 140958970,
      "mapInputRecords" : 2570811,
      "mapInputBytes" : -1,
      "mapOutputBytes" : 65275490,
      "mapOutputRecords" : 2570810,
      "combineInputRecords" : 0,
      "reduceInputGroups" : -1,
      "reduceInputRecords" : -1,
      "reduceShuffleBytes" : -1,
      "reduceOutputRecords" : -1,
      "spilledRecords" : 5141620,
      "shuffleFinished" : -1,
      "sortFinished" : -1,
      "location" : {
        "layers" : [ "default-rack", "slave2" ]
      },
      "clockSplits" : [ 7502, 80, 80, 80, 81, 80, 80, 80, 725, 728, 728, 728 ],
      "cpuUsages" : [ 2012, 2013, 2013, 2012, 2013, 2013, 2013, 2012, 1255, 1251, 1251, 1252 ],
      "physMemKbytes" : [ 17082, 51246, 85411, 119576, 153741, 187906, 222071, 256236, 274422, 276373, 278322, 280273 ],
      "vmemKbytes" : [ 129282, 387849, 646415, 904980, 1163547, 1422113, 1680680, 1939245, 2070115, 2071233, 2072348, 2073465 ],
      "resourceUsageMetrics" : {
        "cumulativeCpuUsage" : 21110,
        "virtualMemoryUsage" : 2123800576,
        "physicalMemoryUsage" : 287997952,
        "heapUsage" : 208142336
      }
    } ],
    "preferredLocations" : [ ]
  }, {
    "inputBytes" : 63092039,
    "inputRecords" : 1299730,
    "outputBytes" : 144540714,
    "outputRecords" : 1299729,
    "taskID" : "task_1572946766556_0701_m_000001",
    "startTime" : 1575464352995,
    "finishTime" : 1575464363969,
    "taskType" : "MAP",
    "taskStatus" : "SUCCESS",
    "attempts" : [ {
      "attemptID" : "attempt_1572946766556_0701_m_000001_0",
      "result" : "SUCCESS",
      "startTime" : 1575464355095,
      "finishTime" : 1575464363969,
      "hostName" : "/default-rack/slave2",
      "hdfsBytesRead" : 63092039,
      "hdfsBytesWritten" : 0,
      "fileBytesRead" : 73048978,
      "fileBytesWritten" : 144540714,
      "mapInputRecords" : 1299730,
      "mapInputBytes" : -1,
      "mapOutputBytes" : 69599284,
      "mapOutputRecords" : 1299729,
      "combineInputRecords" : 0,
      "reduceInputGroups" : -1,
      "reduceInputRecords" : -1,
      "reduceShuffleBytes" : -1,
      "reduceOutputRecords" : -1,
      "spilledRecords" : 2599458,
      "shuffleFinished" : -1,
      "sortFinished" : -1,
      "location" : {
        "layers" : [ "default-rack", "slave2" ]
      },
      "clockSplits" : [ 6768, 160, 160, 160, 160, 160, 160, 160, 160, 255, 269, 270 ],
      "cpuUsages" : [ 1744, 1744, 1744, 1744, 1744, 1744, 1744, 1744, 1744, 600, 432, 432 ],
      "physMemKbytes" : [ 15803, 47410, 79017, 110624, 142232, 173839, 205446, 237053, 268661, 288474, 289304, 289880 ],
      "vmemKbytes" : [ 113672, 341016, 568360, 795703, 1023048, 1250391, 1477736, 1705079, 1932424, 2073365, 2075231, 2075232 ],
      "resourceUsageMetrics" : {
        "cumulativeCpuUsage" : 17160,
        "virtualMemoryUsage" : 2125037568,
        "physicalMemoryUsage" : 297132032,
        "heapUsage" : 207093760
      }
    } ],
    "preferredLocations" : [ ]
  } ],
  "reduceTasks" : [ {
    "inputBytes" : 28301694,
    "inputRecords" : 767248,
    "outputBytes" : 92921883,
    "outputRecords" : 1499523,
    "taskID" : "task_1572946766556_0701_r_000000",
    "startTime" : 1575464352996,
    "finishTime" : 1575464377028,
    "taskType" : "REDUCE",
    "taskStatus" : "SUCCESS",
    "attempts" : [ {
      "attemptID" : "attempt_1572946766556_0701_r_000000_0",
      "result" : "SUCCESS",
      "startTime" : 1575464367010,
      "finishTime" : 1575464377028,
      "hostName" : "/default-rack/slave2",
      "hdfsBytesRead" : 0,
      "hdfsBytesWritten" : 92921883,
      "fileBytesRead" : 28301688,
      "fileBytesWritten" : 28426167,
      "mapInputRecords" : -1,
      "mapInputBytes" : -1,
      "mapOutputBytes" : -1,
      "mapOutputRecords" : -1,
      "combineInputRecords" : 0,
      "reduceInputGroups" : 86038,
      "reduceInputRecords" : 767248,
      "reduceShuffleBytes" : 28301694,
      "reduceOutputRecords" : 1499523,
      "spilledRecords" : 767248,
      "shuffleFinished" : 1575464368988,
      "sortFinished" : 1575464369507,
      "location" : {
        "layers" : [ "default-rack", "slave2" ]
      },
      "clockSplits" : [ 2966, 493, 493, 493, 492, 493, 493, 493, 493, 492, 659, 1940 ],
      "cpuUsages" : [ 1156, 1157, 1156, 1157, 1157, 1156, 1157, 1157, 1156, 1157, 1382, 3122 ],
      "physMemKbytes" : [ 8989, 26967, 44946, 62925, 80904, 98882, 116861, 134840, 152819, 170797, 188660, 195975 ],
      "vmemKbytes" : [ 95707, 287121, 478536, 669951, 861366, 1052781, 1244196, 1435611, 1627026, 1818440, 2008591, 2083564 ],
      "resourceUsageMetrics" : {
        "cumulativeCpuUsage" : 16070,
        "virtualMemoryUsage" : 2133569536,
        "physicalMemoryUsage" : 200908800,
        "heapUsage" : 134742016
      }
    } ],
    "preferredLocations" : [ ]
  }, {
    "inputBytes" : 28473030,
    "inputRecords" : 774394,
    "outputBytes" : 93470287,
    "outputRecords" : 1510425,
    "taskID" : "task_1572946766556_0701_r_000001",
    "startTime" : 1575464352996,
    "finishTime" : 1575464377051,
    "taskType" : "REDUCE",
    "taskStatus" : "SUCCESS",
    "attempts" : [ {
      "attemptID" : "attempt_1572946766556_0701_r_000001_0",
      "result" : "SUCCESS",
      "startTime" : 1575464367024,
      "finishTime" : 1575464377051,
      "hostName" : "/default-rack/slave2",
      "hdfsBytesRead" : 0,
      "hdfsBytesWritten" : 93470287,
      "fileBytesRead" : 28473024,
      "fileBytesWritten" : 28597503,
      "mapInputRecords" : -1,
      "mapInputBytes" : -1,
      "mapOutputBytes" : -1,
      "mapOutputRecords" : -1,
      "combineInputRecords" : 0,
      "reduceInputGroups" : 86359,
      "reduceInputRecords" : 774394,
      "reduceShuffleBytes" : 28473030,
      "reduceOutputRecords" : 1510425,
      "spilledRecords" : 774394,
      "shuffleFinished" : 1575464369012,
      "sortFinished" : 1575464369533,
      "location" : {
        "layers" : [ "default-rack", "slave2" ]
      },
      "clockSplits" : [ 2979, 493, 494, 493, 494, 493, 494, 493, 494, 493, 687, 1906 ],
      "cpuUsages" : [ 1089, 1090, 1090, 1090, 1090, 1090, 1090, 1090, 1090, 1090, 1355, 3036 ],
      "physMemKbytes" : [ 8678, 26034, 43391, 60747, 78104, 95460, 112817, 130174, 147531, 164887, 182086, 188832 ],
      "vmemKbytes" : [ 95852, 287556, 479261, 670965, 862670, 1054374, 1246079, 1437783, 1629488, 1821193, 2011108, 2082560 ],
      "resourceUsageMetrics" : {
        "cumulativeCpuUsage" : 15290,
        "virtualMemoryUsage" : 2132541440,
        "physicalMemoryUsage" : 193589248,
        "heapUsage" : 135266304
      }
    } ],
    "preferredLocations" : [ ]
  }, {
    "inputBytes" : 28549375,
    "inputRecords" : 773436,
    "outputBytes" : 93480774,
    "outputRecords" : 1513228,
    "taskID" : "task_1572946766556_0701_r_000002",
    "startTime" : 1575464352996,
    "finishTime" : 1575464375671,
    "taskType" : "REDUCE",
    "taskStatus" : "SUCCESS",
    "attempts" : [ {
      "attemptID" : "attempt_1572946766556_0701_r_000002_0",
      "result" : "SUCCESS",
      "startTime" : 1575464367019,
      "finishTime" : 1575464375671,
      "hostName" : "/default-rack/slave4",
      "hdfsBytesRead" : 0,
      "hdfsBytesWritten" : 93480774,
      "fileBytesRead" : 28549369,
      "fileBytesWritten" : 28673848,
      "mapInputRecords" : -1,
      "mapInputBytes" : -1,
      "mapOutputBytes" : -1,
      "mapOutputRecords" : -1,
      "combineInputRecords" : 0,
      "reduceInputGroups" : 86665,
      "reduceInputRecords" : 773436,
      "reduceShuffleBytes" : 28549375,
      "reduceOutputRecords" : 1513228,
      "spilledRecords" : 773436,
      "shuffleFinished" : 1575464369195,
      "sortFinished" : 1575464369653,
      "location" : {
        "layers" : [ "default-rack", "slave4" ]
      },
      "clockSplits" : [ 3080, 442, 443, 442, 442, 443, 442, 442, 443, 442, 442, 1135 ],
      "cpuUsages" : [ 1241, 1242, 1242, 1242, 1242, 1242, 1242, 1241, 1242, 1242, 1242, 2590 ],
      "physMemKbytes" : [ 8610, 25830, 43051, 60271, 77492, 94712, 111933, 129153, 146374, 163595, 180815, 195274 ],
      "vmemKbytes" : [ 90937, 272813, 454689, 636564, 818440, 1000315, 1182192, 1364067, 1545943, 1727819, 1909694, 2062484 ],
      "resourceUsageMetrics" : {
        "cumulativeCpuUsage" : 16250,
        "virtualMemoryUsage" : 2129559552,
        "physicalMemoryUsage" : 201605120,
        "heapUsage" : 135266304
      }
    } ],
    "preferredLocations" : [ ]
  }, {
    "inputBytes" : 28681925,
    "inputRecords" : 778010,
    "outputBytes" : 94147947,
    "outputRecords" : 1520181,
    "taskID" : "task_1572946766556_0701_r_000003",
    "startTime" : 1575464352996,
    "finishTime" : 1575464376018,
    "taskType" : "REDUCE",
    "taskStatus" : "SUCCESS",
    "attempts" : [ {
      "attemptID" : "attempt_1572946766556_0701_r_000003_0",
      "result" : "SUCCESS",
      "startTime" : 1575464367015,
      "finishTime" : 1575464376018,
      "hostName" : "/default-rack/slave1",
      "hdfsBytesRead" : 0,
      "hdfsBytesWritten" : 94147947,
      "fileBytesRead" : 28681919,
      "fileBytesWritten" : 28806398,
      "mapInputRecords" : -1,
      "mapInputBytes" : -1,
      "mapOutputBytes" : -1,
      "mapOutputRecords" : -1,
      "combineInputRecords" : 0,
      "reduceInputGroups" : 86866,
      "reduceInputRecords" : 778010,
      "reduceShuffleBytes" : 28681925,
      "reduceOutputRecords" : 1520181,
      "spilledRecords" : 778010,
      "shuffleFinished" : 1575464369585,
      "sortFinished" : 1575464370023,
      "location" : {
        "layers" : [ "default-rack", "slave1" ]
      },
      "clockSplits" : [ 3418, 435, 435, 434, 435, 435, 434, 435, 435, 434, 435, 1226 ],
      "cpuUsages" : [ 1201, 1202, 1202, 1201, 1202, 1202, 1201, 1202, 1202, 1201, 1202, 2242 ],
      "physMemKbytes" : [ 8632, 25896, 43161, 60425, 77690, 94954, 112219, 129483, 146748, 164012, 181276, 194231 ],
      "vmemKbytes" : [ 92096, 276288, 460480, 644671, 828864, 1013055, 1197248, 1381439, 1565632, 1749824, 1934015, 2071018 ],
      "resourceUsageMetrics" : {
        "cumulativeCpuUsage" : 15460,
        "virtualMemoryUsage" : 2128338944,
        "physicalMemoryUsage" : 199815168,
        "heapUsage" : 137363456
      }
    } ],
    "preferredLocations" : [ ]
  }, {
    "inputBytes" : 28619128,
    "inputRecords" : 777451,
    "outputBytes" : 93871430,
    "outputRecords" : 1524411,
    "taskID" : "task_1572946766556_0701_r_000004",
    "startTime" : 1575464352996,
    "finishTime" : 1575464375806,
    "taskType" : "REDUCE",
    "taskStatus" : "SUCCESS",
    "attempts" : [ {
      "attemptID" : "attempt_1572946766556_0701_r_000004_0",
      "result" : "SUCCESS",
      "startTime" : 1575464367019,
      "finishTime" : 1575464375806,
      "hostName" : "/default-rack/slave5",
      "hdfsBytesRead" : 0,
      "hdfsBytesWritten" : 93871430,
      "fileBytesRead" : 28619122,
      "fileBytesWritten" : 28743601,
      "mapInputRecords" : -1,
      "mapInputBytes" : -1,
      "mapOutputBytes" : -1,
      "mapOutputRecords" : -1,
      "combineInputRecords" : 0,
      "reduceInputGroups" : 86543,
      "reduceInputRecords" : 777451,
      "reduceShuffleBytes" : 28619128,
      "reduceOutputRecords" : 1524411,
      "spilledRecords" : 777451,
      "shuffleFinished" : 1575464369564,
      "sortFinished" : 1575464370020,
      "location" : {
        "layers" : [ "default-rack", "slave5" ]
      },
      "clockSplits" : [ 3406, 429, 429, 429, 429, 429, 428, 429, 429, 429, 429, 1079 ],
      "cpuUsages" : [ 1227, 1228, 1228, 1228, 1227, 1228, 1228, 1228, 1228, 1227, 1228, 2185 ],
      "physMemKbytes" : [ 8415, 25245, 42076, 58906, 75737, 92567, 109398, 126228, 143059, 159890, 176720, 190853 ],
      "vmemKbytes" : [ 91288, 273864, 456441, 639018, 821595, 1004172, 1186749, 1369326, 1551903, 1734480, 1917057, 2068815 ],
      "resourceUsageMetrics" : {
        "cumulativeCpuUsage" : 15690,
        "virtualMemoryUsage" : 2134876160,
        "physicalMemoryUsage" : 197304320,
        "heapUsage" : 132644864
      }
    } ],
    "preferredLocations" : [ ]
  } ],
  "otherTasks" : [ ],
  "successfulMapAttemptCDFs" : [ {
    "numberValues" : 0,
    "minimum" : -9223372036854775808,
    "rankings" : [ ],
    "maximum" : 9223372036854775807
  }, {
    "numberValues" : 0,
    "minimum" : -9223372036854775808,
    "rankings" : [ ],
    "maximum" : 9223372036854775807
  }, {
    "numberValues" : 0,
    "minimum" : -9223372036854775808,
    "rankings" : [ ],
    "maximum" : 9223372036854775807
  }, {
    "numberValues" : 2,
    "minimum" : 8874,
    "rankings" : [ {
      "relativeRanking" : 0.05,
      "datum" : 8874
    }, {
      "relativeRanking" : 0.1,
      "datum" : 8874
    }, {
      "relativeRanking" : 0.15,
      "datum" : 8874
    }, {
      "relativeRanking" : 0.2,
      "datum" : 8874
    }, {
      "relativeRanking" : 0.25,
      "datum" : 8874
    }, {
      "relativeRanking" : 0.3,
      "datum" : 8874
    }, {
      "relativeRanking" : 0.35,
      "datum" : 8874
    }, {
      "relativeRanking" : 0.4,
      "datum" : 8874
    }, {
      "relativeRanking" : 0.45,
      "datum" : 8874
    }, {
      "relativeRanking" : 0.5,
      "datum" : 8874
    }, {
      "relativeRanking" : 0.55,
      "datum" : 8874
    }, {
      "relativeRanking" : 0.6,
      "datum" : 8874
    }, {
      "relativeRanking" : 0.65,
      "datum" : 8874
    }, {
      "relativeRanking" : 0.7,
      "datum" : 8874
    }, {
      "relativeRanking" : 0.75,
      "datum" : 8874
    }, {
      "relativeRanking" : 0.8,
      "datum" : 8874
    }, {
      "relativeRanking" : 0.85,
      "datum" : 8874
    }, {
      "relativeRanking" : 0.9,
      "datum" : 8874
    }, {
      "relativeRanking" : 0.95,
      "datum" : 8874
    } ],
    "maximum" : 10990
  } ],
  "failedMapAttemptCDFs" : [ {
    "numberValues" : 0,
    "minimum" : -9223372036854775808,
    "rankings" : [ ],
    "maximum" : 9223372036854775807
  }, {
    "numberValues" : 0,
    "minimum" : -9223372036854775808,
    "rankings" : [ ],
    "maximum" : 9223372036854775807
  }, {
    "numberValues" : 0,
    "minimum" : -9223372036854775808,
    "rankings" : [ ],
    "maximum" : 9223372036854775807
  }, {
    "numberValues" : 0,
    "minimum" : -9223372036854775808,
    "rankings" : [ ],
    "maximum" : 9223372036854775807
  } ],
  "successfulReduceAttemptCDF" : {
    "numberValues" : 5,
    "minimum" : 8652,
    "rankings" : [ {
      "relativeRanking" : 0.05,
      "datum" : 8652
    }, {
      "relativeRanking" : 0.1,
      "datum" : 8652
    }, {
      "relativeRanking" : 0.15,
      "datum" : 8652
    }, {
      "relativeRanking" : 0.2,
      "datum" : 8652
    }, {
      "relativeRanking" : 0.25,
      "datum" : 8652
    }, {
      "relativeRanking" : 0.3,
      "datum" : 8652
    }, {
      "relativeRanking" : 0.35,
      "datum" : 8652
    }, {
      "relativeRanking" : 0.4,
      "datum" : 8787
    }, {
      "relativeRanking" : 0.45,
      "datum" : 8787
    }, {
      "relativeRanking" : 0.5,
      "datum" : 8787
    }, {
      "relativeRanking" : 0.55,
      "datum" : 8787
    }, {
      "relativeRanking" : 0.6,
      "datum" : 9003
    }, {
      "relativeRanking" : 0.65,
      "datum" : 9003
    }, {
      "relativeRanking" : 0.7,
      "datum" : 9003
    }, {
      "relativeRanking" : 0.75,
      "datum" : 9003
    }, {
      "relativeRanking" : 0.8,
      "datum" : 10018
    }, {
      "relativeRanking" : 0.85,
      "datum" : 10018
    }, {
      "relativeRanking" : 0.9,
      "datum" : 10018
    }, {
      "relativeRanking" : 0.95,
      "datum" : 10018
    } ],
    "maximum" : 10027
  },
  "failedReduceAttemptCDF" : {
    "numberValues" : 0,
    "minimum" : -9223372036854775808,
    "rankings" : [ ],
    "maximum" : 9223372036854775807
  },
  "queue" : "default",
  "jobName" : "ReduceJoin-[1575464346748]",
  "clusterMapMB" : -1,
  "clusterReduceMB" : -1,
  "jobMapMB" : -1,
  "jobReduceMB" : -1,
  "relativeTime" : 0,
  "mapperTriesToSucceed" : [ 1.0 ],
  "failedMapperFraction" : 0.0,
  "jobProperties" : { }
}