{
  "jobID" : "job_1600222256971_1110",
  "user" : "hadoop",
  "computonsPerMapInputByte" : -1,
  "computonsPerMapOutputByte" : -1,
  "computonsPerReduceInputByte" : -1,
  "computonsPerReduceOutputByte" : -1,
  "submitTime" : 1601023353483,
  "launchTime" : 1601023357122,
  "finishTime" : 1601023377193,
  "heapMegabytes" : -1,
  "totalMaps" : 8,
  "totalReduces" : 4,
  "outcome" : "SUCCESS",
  "jobtype" : "JAVA",
  "priority" : "NORMAL",
  "directDependantJobs" : [ ],
  "mapTasks" : [ {
    "inputBytes" : 134217938,
    "inputRecords" : 1342178,
    "outputBytes" : 279298038,
    "outputRecords" : 1342178,
    "taskID" : "task_1600222256971_1110_m_000000",
    "startTime" : 1601023357218,
    "finishTime" : 1601023367088,
    "taskType" : "MAP",
    "taskStatus" : "SUCCESS",
    "attempts" : [ {
      "attemptID" : "attempt_1600222256971_1110_m_000000_0",
      "result" : "SUCCESS",
      "startTime" : 1601023359368,
      "finishTime" : 1601023367088,
      "hostName" : "/default-rack/slave2",
      "hdfsBytesRead" : 134217938,
      "hdfsBytesWritten" : 0,
      "fileBytesRead" : 140349657,
      "fileBytesWritten" : 279298038,
      "mapInputRecords" : 1342178,
      "mapInputBytes" : -1,
      "mapOutputBytes" : 136902156,
      "mapOutputRecords" : 1342178,
      "combineInputRecords" : 0,
      "reduceInputGroups" : -1,
      "reduceInputRecords" : -1,
      "reduceShuffleBytes" : -1,
      "reduceOutputRecords" : -1,
      "spilledRecords" : 2684356,
      "shuffleFinished" : -1,
      "sortFinished" : -1,
      "location" : {
        "layers" : [ "default-rack", "slave2" ]
      },
      "clockSplits" : [ 5460, 204, 204, 205, 204, 204, 204, 205, 204, 204, 204, 205 ],
      "cpuUsages" : [ 910, 911, 911, 911, 911, 911, 910, 911, 911, 911, 911, 911 ],
      "physMemKbytes" : [ 11845, 35535, 59226, 82916, 106607, 130298, 153989, 177679, 201370, 225061, 248751, 272442 ],
      "vmemKbytes" : [ 83884, 251653, 419423, 587192, 754961, 922730, 1090500, 1258269, 1426039, 1593808, 1761577, 1929347 ],
      "resourceUsageMetrics" : {
        "cumulativeCpuUsage" : 10930,
        "virtualMemoryUsage" : 2061549568,
        "physicalMemoryUsage" : 291110912,
        "heapUsage" : 197656576
      }
    } ],
    "preferredLocations" : [ ]
  }, {
    "inputBytes" : 134217838,
    "inputRecords" : 1342177,
    "outputBytes" : 279297830,
    "outputRecords" : 1342177,
    "taskID" : "task_1600222256971_1110_m_000001",
    "startTime" : 1601023357220,
    "finishTime" : 1601023368300,
    "taskType" : "MAP",
    "taskStatus" : "SUCCESS",
    "attempts" : [ {
      "attemptID" : "attempt_1600222256971_1110_m_000001_0",
      "result" : "SUCCESS",
      "startTime" : 1601023359367,
      "finishTime" : 1601023368300,
      "hostName" : "/default-rack/slave3",
      "hdfsBytesRead" : 134217838,
      "hdfsBytesWritten" : 0,
      "fileBytesRead" : 140465233,
      "fileBytesWritten" : 279297830,
      "mapInputRecords" : 1342177,
      "mapInputBytes" : -1,
      "mapOutputBytes" : 136902054,
      "mapOutputRecords" : 1342177,
      "combineInputRecords" : 0,
      "reduceInputGroups" : -1,
      "reduceInputRecords" : -1,
      "reduceShuffleBytes" : -1,
      "reduceOutputRecords" : -1,
      "spilledRecords" : 2684354,
      "shuffleFinished" : -1,
      "sortFinished" : -1,
      "location" : {
        "layers" : [ "default-rack", "slave3" ]
      },
      "clockSplits" : [ 7131, 98, 98, 97, 98, 98, 97, 98, 277, 277, 277, 278 ],
      "cpuUsages" : [ 1611, 1612, 1612, 1611, 1612, 1612, 1611, 1612, 674, 671, 671, 671 ],
      "physMemKbytes" : [ 18103, 54310, 90518, 126725, 162932, 199139, 235347, 271554, 289748, 289638, 289527, 289416 ],
      "vmemKbytes" : [ 125697, 377094, 628491, 879888, 1131285, 1382681, 1634078, 1885475, 2012560, 2013334, 2014105, 2014878 ],
      "resourceUsageMetrics" : {
        "cumulativeCpuUsage" : 15580,
        "virtualMemoryUsage" : 2063630336,
        "physicalMemoryUsage" : 296304640,
        "heapUsage" : 197132288
      }
    } ],
    "preferredLocations" : [ ]
  }, {
    "inputBytes" : 134217838,
    "inputRecords" : 1342177,
    "outputBytes" : 279297830,
    "outputRecords" : 1342177,
    "taskID" : "task_1600222256971_1110_m_000002",
    "startTime" : 1601023357220,
    "finishTime" : 1601023365848,
    "taskType" : "MAP",
    "taskStatus" : "SUCCESS",
    "attempts" : [ {
      "attemptID" : "attempt_1600222256971_1110_m_000002_0",
      "result" : "SUCCESS",
      "startTime" : 1601023359367,
      "finishTime" : 1601023365848,
      "hostName" : "/default-rack/slave5",
      "hdfsBytesRead" : 134217838,
      "hdfsBytesWritten" : 0,
      "fileBytesRead" : 140337041,
      "fileBytesWritten" : 279297830,
      "mapInputRecords" : 1342177,
      "mapInputBytes" : -1,
      "mapOutputBytes" : 136902054,
      "mapOutputRecords" : 1342177,
      "combineInputRecords" : 0,
      "reduceInputGroups" : -1,
      "reduceInputRecords" : -1,
      "reduceShuffleBytes" : -1,
      "reduceOutputRecords" : -1,
      "spilledRecords" : 2684354,
      "shuffleFinished" : -1,
      "sortFinished" : -1,
      "location" : {
        "layers" : [ "default-rack", "slave5" ]
      },
      "clockSplits" : [ 4713, 159, 159, 159, 159, 160, 159, 159, 159, 159, 159, 160 ],
      "cpuUsages" : [ 848, 848, 849, 848, 848, 849, 848, 848, 849, 848, 848, 849 ],
      "physMemKbytes" : [ 12052, 36156, 60260, 84364, 108469, 132573, 156678, 180781, 204886, 228991, 253094, 277199 ],
      "vmemKbytes" : [ 83968, 251904, 419841, 587777, 755714, 923651, 1091588, 1259524, 1427461, 1595398, 1763334, 1931271 ],
      "resourceUsageMetrics" : {
        "cumulativeCpuUsage" : 10180,
        "virtualMemoryUsage" : 2063605760,
        "physicalMemoryUsage" : 296194048,
        "heapUsage" : 198180864
      }
    } ],
    "preferredLocations" : [ ]
  }, {
    "inputBytes" : 134217938,
    "inputRecords" : 1342178,
    "outputBytes" : 279298038,
    "outputRecords" : 1342178,
    "taskID" : "task_1600222256971_1110_m_000003",
    "startTime" : 1601023357220,
    "finishTime" : 1601023367587,
    "taskType" : "MAP",
    "taskStatus" : "SUCCESS",
    "attempts" : [ {
      "attemptID" : "attempt_1600222256971_1110_m_000003_0",
      "result" : "SUCCESS",
      "startTime" : 1601023359360,
      "finishTime" : 1601023367587,
      "hostName" : "/default-rack/slave5",
      "hdfsBytesRead" : 134217938,
      "hdfsBytesWritten" : 0,
      "fileBytesRead" : 140478617,
      "fileBytesWritten" : 279298038,
      "mapInputRecords" : 1342178,
      "mapInputBytes" : -1,
      "mapOutputBytes" : 136902156,
      "mapOutputRecords" : 1342178,
      "combineInputRecords" : 0,
      "reduceInputGroups" : -1,
      "reduceInputRecords" : -1,
      "reduceShuffleBytes" : -1,
      "reduceOutputRecords" : -1,
      "spilledRecords" : 2684356,
      "shuffleFinished" : -1,
      "sortFinished" : -1,
      "location" : {
        "layers" : [ "default-rack", "slave5" ]
      },
      "clockSplits" : [ 6312, 161, 161, 161, 161, 161, 161, 160, 161, 161, 161, 295 ],
      "cpuUsages" : [ 1170, 1170, 1170, 1170, 1171, 1170, 1170, 1170, 1171, 1170, 1170, 1038 ],
      "physMemKbytes" : [ 12483, 37449, 62416, 87382, 112349, 137315, 162282, 187248, 212215, 237181, 262147, 283510 ],
      "vmemKbytes" : [ 87992, 263976, 439961, 615945, 791930, 967914, 1143899, 1319883, 1495868, 1671853, 1847837, 1997271 ],
      "resourceUsageMetrics" : {
        "cumulativeCpuUsage" : 13910,
        "virtualMemoryUsage" : 2063507456,
        "physicalMemoryUsage" : 293351424,
        "heapUsage" : 197656576
      }
    }, {
      "attemptID" : "attempt_1600222256971_1110_m_000003_1",
      "result" : "KILLED",
      "startTime" : 1601023367223,
      "finishTime" : 1601023367611,
      "hostName" : "/default-rack/slave3",
      "hdfsBytesRead" : -1,
      "hdfsBytesWritten" : -1,
      "fileBytesRead" : -1,
      "fileBytesWritten" : -1,
      "mapInputRecords" : -1,
      "mapInputBytes" : -1,
      "mapOutputBytes" : -1,
      "mapOutputRecords" : -1,
      "combineInputRecords" : -1,
      "reduceInputGroups" : -1,
      "reduceInputRecords" : -1,
      "reduceShuffleBytes" : -1,
      "reduceOutputRecords" : -1,
      "spilledRecords" : -1,
      "shuffleFinished" : -1,
      "sortFinished" : -1,
      "location" : {
        "layers" : [ "default-rack", "slave3" ]
      },
      "clockSplits" : [ 30, 31, 30, 31, 30, 31, 30, 31, 30, 31, 30, 31 ],
      "cpuUsages" : [ 0, 0, 0, 0, 0, 0, 0, 0, 0, 0, 0, 0 ],
      "physMemKbytes" : [ 0, 0, 0, 0, 0, 0, 0, 0, 0, 0, 0, 0 ],
      "vmemKbytes" : [ 0, 0, 0, 0, 0, 0, 0, 0, 0, 0, 0, 0 ],
      "resourceUsageMetrics" : {
        "cumulativeCpuUsage" : 0,
        "virtualMemoryUsage" : 0,
        "physicalMemoryUsage" : 0,
        "heapUsage" : 0
      }
    } ],
    "preferredLocations" : [ ]
  }, {
    "inputBytes" : 134217838,
    "inputRecords" : 1342177,
    "outputBytes" : 279297830,
    "outputRecords" : 1342177,
    "taskID" : "task_1600222256971_1110_m_000004",
    "startTime" : 1601023357221,
    "finishTime" : 1601023366030,
    "taskType" : "MAP",
    "taskStatus" : "SUCCESS",
    "attempts" : [ {
      "attemptID" : "attempt_1600222256971_1110_m_000004_0",
      "result" : "SUCCESS",
      "startTime" : 1601023359366,
      "finishTime" : 1601023366030,
      "hostName" : "/default-rack/slave1",
      "hdfsBytesRead" : 134217838,
      "hdfsBytesWritten" : 0,
      "fileBytesRead" : 140425433,
      "fileBytesWritten" : 279297830,
      "mapInputRecords" : 1342177,
      "mapInputBytes" : -1,
      "mapOutputBytes" : 136902054,
      "mapOutputRecords" : 1342177,
      "combineInputRecords" : 0,
      "reduceInputGroups" : -1,
      "reduceInputRecords" : -1,
      "reduceShuffleBytes" : -1,
      "reduceOutputRecords" : -1,
      "spilledRecords" : 2684354,
      "shuffleFinished" : -1,
      "sortFinished" : -1,
      "location" : {
        "layers" : [ "default-rack", "slave1" ]
      },
      "clockSplits" : [ 4664, 181, 181, 180, 181, 181, 180, 181, 181, 180, 181, 181 ],
      "cpuUsages" : [ 815, 815, 815, 815, 815, 815, 815, 815, 815, 815, 815, 815 ],
      "physMemKbytes" : [ 12038, 36115, 60193, 84270, 108347, 132424, 156502, 180579, 204657, 228734, 252811, 276889 ],
      "vmemKbytes" : [ 84029, 252087, 420145, 588202, 756261, 924318, 1092377, 1260434, 1428493, 1596551, 1764608, 1932667 ],
      "resourceUsageMetrics" : {
        "cumulativeCpuUsage" : 9780,
        "virtualMemoryUsage" : 2065096704,
        "physicalMemoryUsage" : 295862272,
        "heapUsage" : 197656576
      }
    } ],
    "preferredLocations" : [ ]
  }, {
    "inputBytes" : 134217838,
    "inputRecords" : 1342177,
    "outputBytes" : 279297830,
    "outputRecords" : 1342177,
    "taskID" : "task_1600222256971_1110_m_000005",
    "startTime" : 1601023357221,
    "finishTime" : 1601023367239,
    "taskType" : "MAP",
    "taskStatus" : "SUCCESS",
    "attempts" : [ {
      "attemptID" : "attempt_1600222256971_1110_m_000005_0",
      "result" : "SUCCESS",
      "startTime" : 1601023359369,
      "finishTime" : 1601023367239,
      "hostName" : "/default-rack/slave2",
      "hdfsBytesRead" : 134217838,
      "hdfsBytesWritten" : 0,
      "fileBytesRead" : 140440449,
      "fileBytesWritten" : 279297830,
      "mapInputRecords" : 1342177,
      "mapInputBytes" : -1,
      "mapOutputBytes" : 136902054,
      "mapOutputRecords" : 1342177,
      "combineInputRecords" : 0,
      "reduceInputGroups" : -1,
      "reduceInputRecords" : -1,
      "reduceShuffleBytes" : -1,
      "reduceOutputRecords" : -1,
      "spilledRecords" : 2684354,
      "shuffleFinished" : -1,
      "sortFinished" : -1,
      "location" : {
        "layers" : [ "default-rack", "slave2" ]
      },
      "clockSplits" : [ 5556, 209, 210, 209, 209, 210, 209, 209, 210, 209, 209, 210 ],
      "cpuUsages" : [ 979, 979, 979, 979, 979, 980, 979, 979, 979, 979, 979, 980 ],
      "physMemKbytes" : [ 12125, 36375, 60625, 84874, 109125, 133374, 157625, 181874, 206125, 230375, 254624, 278875 ],
      "vmemKbytes" : [ 84108, 252324, 420540, 588756, 756973, 925189, 1093406, 1261621, 1429838, 1598055, 1766270, 1934487 ],
      "resourceUsageMetrics" : {
        "cumulativeCpuUsage" : 11750,
        "virtualMemoryUsage" : 2067042304,
        "physicalMemoryUsage" : 297984000,
        "heapUsage" : 197132288
      }
    } ],
    "preferredLocations" : [ ]
  }, {
    "inputBytes" : 97346938,
    "inputRecords" : 973468,
    "outputBytes" : 202606334,
    "outputRecords" : 973468,
    "taskID" : "task_1600222256971_1110_m_000006",
    "startTime" : 1601023357221,
    "finishTime" : 1601023365856,
    "taskType" : "MAP",
    "taskStatus" : "SUCCESS",
    "attempts" : [ {
      "attemptID" : "attempt_1600222256971_1110_m_000006_0",
      "result" : "SUCCESS",
      "startTime" : 1601023359369,
      "finishTime" : 1601023365856,
      "hostName" : "/default-rack/slave2",
      "hdfsBytesRead" : 97346938,
      "hdfsBytesWritten" : 0,
      "fileBytesRead" : 101902235,
      "fileBytesWritten" : 202606334,
      "mapInputRecords" : 973468,
      "mapInputBytes" : -1,
      "mapOutputBytes" : 99293736,
      "mapOutputRecords" : 973468,
      "combineInputRecords" : 0,
      "reduceInputGroups" : -1,
      "reduceInputRecords" : -1,
      "reduceShuffleBytes" : -1,
      "reduceOutputRecords" : -1,
      "spilledRecords" : 1946936,
      "shuffleFinished" : -1,
      "sortFinished" : -1,
      "location" : {
        "layers" : [ "default-rack", "slave2" ]
      },
      "clockSplits" : [ 4088, 217, 216, 217, 216, 217, 217, 216, 217, 216, 217, 217 ],
      "cpuUsages" : [ 765, 766, 766, 766, 766, 766, 765, 766, 766, 766, 766, 766 ],
      "physMemKbytes" : [ 11889, 35668, 59447, 83226, 107005, 130784, 154563, 178342, 202121, 225900, 249679, 273458 ],
      "vmemKbytes" : [ 84011, 252033, 420055, 588076, 756099, 924120, 1092143, 1260164, 1428187, 1596209, 1764230, 1932253 ],
      "resourceUsageMetrics" : {
        "cumulativeCpuUsage" : 9190,
        "virtualMemoryUsage" : 2064654336,
        "physicalMemoryUsage" : 292196352,
        "heapUsage" : 198180864
      }
    } ],
    "preferredLocations" : [ ]
  }, {
    "inputBytes" : 97346938,
    "inputRecords" : 973468,
    "outputBytes" : 202606334,
    "outputRecords" : 973468,
    "taskID" : "task_1600222256971_1110_m_000007",
    "startTime" : 1601023357221,
    "finishTime" : 1601023365494,
    "taskType" : "MAP",
    "taskStatus" : "SUCCESS",
    "attempts" : [ {
      "attemptID" : "attempt_1600222256971_1110_m_000007_0",
      "result" : "SUCCESS",
      "startTime" : 1601023359368,
      "finishTime" : 1601023365494,
      "hostName" : "/default-rack/slave1",
      "hdfsBytesRead" : 97346938,
      "hdfsBytesWritten" : 0,
      "fileBytesRead" : 101825347,
      "fileBytesWritten" : 202606334,
      "mapInputRecords" : 973468,
      "mapInputBytes" : -1,
      "mapOutputBytes" : 99293736,
      "mapOutputRecords" : 973468,
      "combineInputRecords" : 0,
      "reduceInputGroups" : -1,
      "reduceInputRecords" : -1,
      "reduceShuffleBytes" : -1,
      "reduceOutputRecords" : -1,
      "spilledRecords" : 1946936,
      "shuffleFinished" : -1,
      "sortFinished" : -1,
      "location" : {
        "layers" : [ "default-rack", "slave1" ]
      },
      "clockSplits" : [ 4074, 184, 184, 184, 183, 184, 184, 184, 183, 184, 184, 184 ],
      "cpuUsages" : [ 776, 777, 777, 776, 777, 777, 776, 777, 777, 776, 777, 777 ],
      "physMemKbytes" : [ 11923, 35769, 59615, 83461, 107308, 131154, 155001, 178846, 202693, 226540, 250385, 274232 ],
      "vmemKbytes" : [ 84065, 252196, 420329, 588460, 756592, 924723, 1092855, 1260986, 1429119, 1597250, 1765381, 1933514 ],
      "resourceUsageMetrics" : {
        "cumulativeCpuUsage" : 9320,
        "virtualMemoryUsage" : 2066001920,
        "physicalMemoryUsage" : 293023744,
        "heapUsage" : 197656576
      }
    } ],
    "preferredLocations" : [ ]
  } ],
  "reduceTasks" : [ {
    "inputBytes" : 260313400,
    "inputRecords" : 2503013,
    "outputBytes" : 250301300,
    "outputRecords" : 2503013,
    "taskID" : "task_1600222256971_1110_r_000000",
    "startTime" : 1601023357222,
    "finishTime" : 1601023375740,
    "taskType" : "REDUCE",
    "taskStatus" : "SUCCESS",
    "attempts" : [ {
      "attemptID" : "attempt_1600222256971_1110_r_000000_0",
      "result" : "SUCCESS",
      "startTime" : 1601023368247,
      "finishTime" : 1601023375740,
      "hostName" : "/default-rack/slave2",
      "hdfsBytesRead" : 0,
      "hdfsBytesWritten" : 250301300,
      "fileBytesRead" : 260313394,
      "fileBytesWritten" : 260438161,
      "mapInputRecords" : -1,
      "mapInputBytes" : -1,
      "mapOutputBytes" : -1,
      "mapOutputRecords" : -1,
      "combineInputRecords" : 0,
      "reduceInputGroups" : 2503013,
      "reduceInputRecords" : 2503013,
      "reduceShuffleBytes" : 260313400,
      "reduceOutputRecords" : 2503013,
      "spilledRecords" : 2503013,
      "shuffleFinished" : 1601023371808,
      "sortFinished" : 1601023372234,
      "location" : {
        "layers" : [ "default-rack", "slave2" ]
      },
      "clockSplits" : [ 4282, 291, 291, 290, 291, 291, 290, 291, 291, 290, 291, 291 ],
      "cpuUsages" : [ 1220, 1221, 1221, 1221, 1221, 1221, 1220, 1221, 1221, 1221, 1221, 1221 ],
      "physMemKbytes" : [ 12395, 37186, 61977, 86768, 111559, 136350, 161141, 185932, 210723, 235514, 260305, 285096 ],
      "vmemKbytes" : [ 84119, 252358, 420598, 588837, 757076, 925315, 1093555, 1261794, 1430034, 1598273, 1766512, 1934752 ],
      "resourceUsageMetrics" : {
        "cumulativeCpuUsage" : 14650,
        "virtualMemoryUsage" : 2067324928,
        "physicalMemoryUsage" : 304631808,
        "heapUsage" : 199229440
      }
    } ],
    "preferredLocations" : [ ]
  }, {
    "inputBytes" : 260014816,
    "inputRecords" : 2500142,
    "outputBytes" : 250014200,
    "outputRecords" : 2500142,
    "taskID" : "task_1600222256971_1110_r_000001",
    "startTime" : 1601023357222,
    "finishTime" : 1601023377062,
    "taskType" : "REDUCE",
    "taskStatus" : "SUCCESS",
    "attempts" : [ {
      "attemptID" : "attempt_1600222256971_1110_r_000001_0",
      "result" : "SUCCESS",
      "startTime" : 1601023368250,
      "finishTime" : 1601023377062,
      "hostName" : "/default-rack/slave3",
      "hdfsBytesRead" : 0,
      "hdfsBytesWritten" : 250014200,
      "fileBytesRead" : 260014810,
      "fileBytesWritten" : 260139577,
      "mapInputRecords" : -1,
      "mapInputBytes" : -1,
      "mapOutputBytes" : -1,
      "mapOutputRecords" : -1,
      "combineInputRecords" : 0,
      "reduceInputGroups" : 2500142,
      "reduceInputRecords" : 2500142,
      "reduceShuffleBytes" : 260014816,
      "reduceOutputRecords" : 2500142,
      "spilledRecords" : 2500142,
      "shuffleFinished" : 1601023374129,
      "sortFinished" : 1601023374387,
      "location" : {
        "layers" : [ "default-rack", "slave3" ]
      },
      "clockSplits" : [ 6307, 165, 165, 165, 165, 165, 165, 165, 165, 165, 370, 640 ],
      "cpuUsages" : [ 1054, 1054, 1054, 1054, 1055, 1054, 1054, 1054, 1054, 1055, 1205, 1403 ],
      "physMemKbytes" : [ 13631, 40894, 68158, 95421, 122685, 149948, 177212, 204475, 231739, 259002, 283740, 288368 ],
      "vmemKbytes" : [ 95863, 287591, 479319, 671046, 862775, 1054502, 1246231, 1437958, 1629687, 1821415, 1995190, 2026036 ],
      "resourceUsageMetrics" : {
        "cumulativeCpuUsage" : 13150,
        "virtualMemoryUsage" : 2074660864,
        "physicalMemoryUsage" : 295436288,
        "heapUsage" : 197132288
      }
    } ],
    "preferredLocations" : [ ]
  }, {
    "inputBytes" : 258962856,
    "inputRecords" : 2490027,
    "outputBytes" : 249002700,
    "outputRecords" : 2490027,
    "taskID" : "task_1600222256971_1110_r_000002",
    "startTime" : 1601023357222,
    "finishTime" : 1601023376203,
    "taskType" : "REDUCE",
    "taskStatus" : "SUCCESS",
    "attempts" : [ {
      "attemptID" : "attempt_1600222256971_1110_r_000002_0",
      "result" : "SUCCESS",
      "startTime" : 1601023368250,
      "finishTime" : 1601023376203,
      "hostName" : "/default-rack/slave3",
      "hdfsBytesRead" : 0,
      "hdfsBytesWritten" : 249002700,
      "fileBytesRead" : 258962850,
      "fileBytesWritten" : 259087617,
      "mapInputRecords" : -1,
      "mapInputBytes" : -1,
      "mapOutputBytes" : -1,
      "mapOutputRecords" : -1,
      "combineInputRecords" : 0,
      "reduceInputGroups" : 2490027,
      "reduceInputRecords" : 2490027,
      "reduceShuffleBytes" : 258962856,
      "reduceOutputRecords" : 2490027,
      "spilledRecords" : 2490027,
      "shuffleFinished" : 1601023373253,
      "sortFinished" : 1601023373517,
      "location" : {
        "layers" : [ "default-rack", "slave3" ]
      },
      "clockSplits" : [ 5482, 212, 212, 211, 212, 212, 211, 212, 212, 211, 212, 212 ],
      "cpuUsages" : [ 1264, 1264, 1264, 1264, 1264, 1265, 1264, 1264, 1264, 1264, 1264, 1265 ],
      "physMemKbytes" : [ 11658, 34975, 58293, 81610, 104927, 128244, 151562, 174879, 198197, 221514, 244831, 268149 ],
      "vmemKbytes" : [ 84598, 253795, 422993, 592190, 761387, 930584, 1099782, 1268979, 1438177, 1607374, 1776571, 1945769 ],
      "resourceUsageMetrics" : {
        "cumulativeCpuUsage" : 15510,
        "virtualMemoryUsage" : 2079096832,
        "physicalMemoryUsage" : 286584832,
        "heapUsage" : 201326592
      }
    } ],
    "preferredLocations" : [ ]
  }, {
    "inputBytes" : 260709120,
    "inputRecords" : 2506818,
    "outputBytes" : 250681800,
    "outputRecords" : 2506818,
    "taskID" : "task_1600222256971_1110_r_000003",
    "startTime" : 1601023357222,
    "finishTime" : 1601023375093,
    "taskType" : "REDUCE",
    "taskStatus" : "SUCCESS",
    "attempts" : [ {
      "attemptID" : "attempt_1600222256971_1110_r_000003_0",
      "result" : "SUCCESS",
      "startTime" : 1601023368249,
      "finishTime" : 1601023375093,
      "hostName" : "/default-rack/slave5",
      "hdfsBytesRead" : 0,
      "hdfsBytesWritten" : 250681800,
      "fileBytesRead" : 260709114,
      "fileBytesWritten" : 260833881,
      "mapInputRecords" : -1,
      "mapInputBytes" : -1,
      "mapOutputBytes" : -1,
      "mapOutputRecords" : -1,
      "combineInputRecords" : 0,
      "reduceInputGroups" : 2506818,
      "reduceInputRecords" : 2506818,
      "reduceShuffleBytes" : 260709120,
      "reduceOutputRecords" : 2506818,
      "spilledRecords" : 2506818,
      "shuffleFinished" : 1601023372208,
      "sortFinished" : 1601023372589,
      "location" : {
        "layers" : [ "default-rack", "slave5" ]
      },
      "clockSplits" : [ 4551, 207, 208, 207, 207, 208, 207, 207, 208, 207, 207, 208 ],
      "cpuUsages" : [ 848, 848, 849, 848, 848, 849, 848, 848, 849, 848, 848, 849 ],
      "physMemKbytes" : [ 10085, 30255, 50425, 70595, 90766, 110936, 131107, 151276, 171447, 191618, 211787, 231958 ],
      "vmemKbytes" : [ 84410, 253230, 422051, 590871, 759692, 928513, 1097334, 1266154, 1434975, 1603796, 1772616, 1941437 ],
      "resourceUsageMetrics" : {
        "cumulativeCpuUsage" : 10180,
        "virtualMemoryUsage" : 2074468352,
        "physicalMemoryUsage" : 247853056,
        "heapUsage" : 130023424
      }
    } ],
    "preferredLocations" : [ ]
  } ],
  "otherTasks" : [ ],
  "successfulMapAttemptCDFs" : [ {
    "numberValues" : 0,
    "minimum" : -9223372036854775808,
    "rankings" : [ ],
    "maximum" : 9223372036854775807
  }, {
    "numberValues" : 0,
    "minimum" : -9223372036854775808,
    "rankings" : [ ],
    "maximum" : 9223372036854775807
  }, {
    "numberValues" : 0,
    "minimum" : -9223372036854775808,
    "rankings" : [ ],
    "maximum" : 9223372036854775807
  }, {
    "numberValues" : 8,
    "minimum" : 6126,
    "rankings" : [ {
      "relativeRanking" : 0.05,
      "datum" : 6126
    }, {
      "relativeRanking" : 0.1,
      "datum" : 6126
    }, {
      "relativeRanking" : 0.15,
      "datum" : 6126
    }, {
      "relativeRanking" : 0.2,
      "datum" : 6126
    }, {
      "relativeRanking" : 0.25,
      "datum" : 6481
    }, {
      "relativeRanking" : 0.3,
      "datum" : 6481
    }, {
      "relativeRanking" : 0.35,
      "datum" : 6481
    }, {
      "relativeRanking" : 0.4,
      "datum" : 6487
    }, {
      "relativeRanking" : 0.45,
      "datum" : 6487
    }, {
      "relativeRanking" : 0.5,
      "datum" : 6664
    }, {
      "relativeRanking" : 0.55,
      "datum" : 6664
    }, {
      "relativeRanking" : 0.6,
      "datum" : 6664
    }, {
      "relativeRanking" : 0.65,
      "datum" : 7720
    }, {
      "relativeRanking" : 0.7,
      "datum" : 7720
    }, {
      "relativeRanking" : 0.75,
      "datum" : 7870
    }, {
      "relativeRanking" : 0.8,
      "datum" : 7870
    }, {
      "relativeRanking" : 0.85,
      "datum" : 7870
    }, {
      "relativeRanking" : 0.9,
      "datum" : 8227
    }, {
      "relativeRanking" : 0.95,
      "datum" : 8227
    } ],
    "maximum" : 8933
  } ],
  "failedMapAttemptCDFs" : [ {
    "numberValues" : 0,
    "minimum" : -9223372036854775808,
    "rankings" : [ ],
    "maximum" : 9223372036854775807
  }, {
    "numberValues" : 0,
    "minimum" : -9223372036854775808,
    "rankings" : [ ],
    "maximum" : 9223372036854775807
  }, {
    "numberValues" : 0,
    "minimum" : -9223372036854775808,
    "rankings" : [ ],
    "maximum" : 9223372036854775807
  }, {
    "numberValues" : 0,
    "minimum" : -9223372036854775808,
    "rankings" : [ ],
    "maximum" : 9223372036854775807
  } ],
  "successfulReduceAttemptCDF" : {
    "numberValues" : 4,
    "minimum" : 6844,
    "rankings" : [ {
      "relativeRanking" : 0.05,
      "datum" : 6844
    }, {
      "relativeRanking" : 0.1,
      "datum" : 6844
    }, {
      "relativeRanking" : 0.15,
      "datum" : 6844
    }, {
      "relativeRanking" : 0.2,
      "datum" : 6844
    }, {
      "relativeRanking" : 0.25,
      "datum" : 6844
    }, {
      "relativeRanking" : 0.3,
      "datum" : 6844
    }, {
      "relativeRanking" : 0.35,
      "datum" : 6844
    }, {
      "relativeRanking" : 0.4,
      "datum" : 6844
    }, {
      "relativeRanking" : 0.45,
      "datum" : 6844
    }, {
      "relativeRanking" : 0.5,
      "datum" : 7493
    }, {
      "relativeRanking" : 0.55,
      "datum" : 7493
    }, {
      "relativeRanking" : 0.6,
      "datum" : 7493
    }, {
      "relativeRanking" : 0.65,
      "datum" : 7493
    }, {
      "relativeRanking" : 0.7,
      "datum" : 7493
    }, {
      "relativeRanking" : 0.75,
      "datum" : 7953
    }, {
      "relativeRanking" : 0.8,
      "datum" : 7953
    }, {
      "relativeRanking" : 0.85,
      "datum" : 7953
    }, {
      "relativeRanking" : 0.9,
      "datum" : 7953
    }, {
      "relativeRanking" : 0.95,
      "datum" : 7953
    } ],
    "maximum" : 8812
  },
  "failedReduceAttemptCDF" : {
    "numberValues" : 0,
    "minimum" : -9223372036854775808,
    "rankings" : [ ],
    "maximum" : 9223372036854775807
  },
  "queue" : "default",
  "jobName" : "TeraSort-[1601023353734]",
  "clusterMapMB" : -1,
  "clusterReduceMB" : -1,
  "jobMapMB" : -1,
  "jobReduceMB" : -1,
  "relativeTime" : 0,
  "mapperTriesToSucceed" : [ 1.0 ],
  "failedMapperFraction" : 0.0,
  "jobProperties" : { }
}