{
  "jobID" : "job_1572946766556_1087",
  "user" : "hadoop",
  "computonsPerMapInputByte" : -1,
  "computonsPerMapOutputByte" : -1,
  "computonsPerReduceInputByte" : -1,
  "computonsPerReduceOutputByte" : -1,
  "submitTime" : 1575703273361,
  "launchTime" : 1575703276994,
  "finishTime" : 1575703815090,
  "heapMegabytes" : -1,
  "totalMaps" : 3,
  "totalReduces" : 3,
  "outcome" : "SUCCESS",
  "jobtype" : "JAVA",
  "priority" : "NORMAL",
  "directDependantJobs" : [ ],
  "mapTasks" : [ {
    "inputBytes" : 9599084,
    "inputRecords" : 3960,
    "outputBytes" : 9861964448,
    "outputRecords" : 99038183,
    "taskID" : "task_1572946766556_1087_m_000000",
    "startTime" : 1575703277074,
    "finishTime" : 1575703632542,
    "taskType" : "MAP",
    "taskStatus" : "SUCCESS",
    "attempts" : [ {
      "attemptID" : "attempt_1572946766556_1087_m_000000_0",
      "result" : "SUCCESS",
      "startTime" : 1575703279203,
      "finishTime" : 1575703632542,
      "hostName" : "/default-rack/slave4",
      "hdfsBytesRead" : 9599084,
      "hdfsBytesWritten" : 0,
      "fileBytesRead" : 6550379206,
      "fileBytesWritten" : 9861964448,
      "mapInputRecords" : 3960,
      "mapInputBytes" : -1,
      "mapOutputBytes" : 3120344950,
      "mapOutputRecords" : 99038183,
      "combineInputRecords" : 0,
      "reduceInputGroups" : -1,
      "reduceInputRecords" : -1,
      "reduceShuffleBytes" : -1,
      "reduceOutputRecords" : -1,
      "spilledRecords" : 294795473,
      "shuffleFinished" : -1,
      "sortFinished" : -1,
      "location" : {
        "layers" : [ "default-rack", "slave4" ]
      },
      "clockSplits" : [ 11237, 5783, 30244, 31488, 78674, 11499, 59307, 10707, 28341, 28318, 27912, 29815 ],
      "cpuUsages" : [ 19584, 12286, 58440, 57555, 147120, 23712, 109549, 17865, 39166, 35237, 34923, 38213 ],
      "physMemKbytes" : [ 212611, 281654, 288375, 295651, 300793, 301594, 301398, 301233, 309598, 310613, 310537, 310345 ],
      "resourceUsageMetrics" : {
        "cumulativeCpuUsage" : 593650,
        "virtualMemoryUsage" : 2124840960,
        "physicalMemoryUsage" : 317526016,
        "heapUsage" : 209190912
      },
      "vmemKbytes" : [ 1596630, 2069252, 2069252, 2069251, 2069252, 2069251, 2069252, 2069251, 2073766, 2074012, 2074011, 2074033 ]
    }, {
      "attemptID" : "attempt_1572946766556_1087_m_000000_1",
      "result" : "KILLED",
      "startTime" : 1575703486489,
      "finishTime" : 1575703632574,
      "hostName" : "/default-rack/slave5",
      "hdfsBytesRead" : 5243036,
      "hdfsBytesWritten" : 0,
      "fileBytesRead" : 0,
      "fileBytesWritten" : 2036329478,
      "mapInputRecords" : 2503,
      "mapInputBytes" : -1,
      "mapOutputBytes" : 1980189431,
      "mapOutputRecords" : 63522332,
      "combineInputRecords" : 0,
      "reduceInputGroups" : -1,
      "reduceInputRecords" : -1,
      "reduceShuffleBytes" : -1,
      "reduceOutputRecords" : -1,
      "spilledRecords" : 61276094,
      "shuffleFinished" : -1,
      "sortFinished" : -1,
      "location" : {
        "layers" : [ "default-rack", "slave5" ]
      },
      "clockSplits" : [ 11786, 8057, 26123, 29632, 68980, 211, 211, 211, 211, 211, 211, 211 ],
      "cpuUsages" : [ 24472, 15037, 48604, 54375, 130622, 0, 0, 0, 0, 0, 0, 0 ],
      "physMemKbytes" : [ 215201, 288869, 290032, 294506, 300007, 300339, 300340, 300339, 300340, 300340, 300339, 300340 ],
      "resourceUsageMetrics" : {
        "cumulativeCpuUsage" : 273110,
        "virtualMemoryUsage" : 2120568832,
        "physicalMemoryUsage" : 307548160,
        "heapUsage" : 209190912
      },
      "vmemKbytes" : [ 1597084, 2069839, 2072449, 2070867, 2070868, 2070867, 2070868, 2070867, 2070868, 2070868, 2070867, 2070868 ]
    } ],
    "preferredLocations" : [ ]
  }, {
    "inputBytes" : 8988445,
    "inputRecords" : 3919,
    "outputBytes" : 5685799518,
    "outputRecords" : 58455405,
    "taskID" : "task_1572946766556_1087_m_000001",
    "startTime" : 1575703277076,
    "finishTime" : 1575703479644,
    "taskType" : "MAP",
    "taskStatus" : "SUCCESS",
    "attempts" : [ {
      "attemptID" : "attempt_1572946766556_1087_m_000001_0",
      "result" : "SUCCESS",
      "startTime" : 1575703279195,
      "finishTime" : 1575703479644,
      "hostName" : "/default-rack/slave5",
      "hdfsBytesRead" : 8988445,
      "hdfsBytesWritten" : 0,
      "fileBytesRead" : 3706999650,
      "fileBytesWritten" : 5685799518,
      "mapInputRecords" : 3919,
      "mapInputBytes" : -1,
      "mapOutputBytes" : 1868574631,
      "mapOutputRecords" : 58455405,
      "combineInputRecords" : 0,
      "reduceInputGroups" : -1,
      "reduceInputRecords" : -1,
      "reduceShuffleBytes" : -1,
      "reduceOutputRecords" : -1,
      "spilledRecords" : 167738402,
      "shuffleFinished" : -1,
      "sortFinished" : -1,
      "location" : {
        "layers" : [ "default-rack", "slave5" ]
      },
      "clockSplits" : [ 23581, 9665, 10834, 29999, 36913, 9436, 7757, 7240, 16596, 16018, 16295, 16089 ],
      "cpuUsages" : [ 47891, 17603, 20069, 54503, 63808, 16069, 15267, 12537, 20907, 19762, 21109, 19185 ],
      "physMemKbytes" : [ 186274, 280840, 292382, 300908, 301562, 302245, 303224, 303245, 305123, 304245, 304529, 304787 ],
      "resourceUsageMetrics" : {
        "cumulativeCpuUsage" : 328710,
        "virtualMemoryUsage" : 2123554816,
        "physicalMemoryUsage" : 312156160,
        "heapUsage" : 208666624
      },
      "vmemKbytes" : [ 1398117, 2071195, 2071196, 2071195, 2071196, 2071195, 2071196, 2071195, 2074587, 2072756, 2072755, 2072781 ]
    } ],
    "preferredLocations" : [ ]
  }, {
    "inputBytes" : 7676204,
    "inputRecords" : 3964,
    "outputBytes" : 7832590947,
    "outputRecords" : 81564432,
    "taskID" : "task_1572946766556_1087_m_000002",
    "startTime" : 1575703277076,
    "finishTime" : 1575703550745,
    "taskType" : "MAP",
    "taskStatus" : "SUCCESS",
    "attempts" : [ {
      "attemptID" : "attempt_1572946766556_1087_m_000002_0",
      "result" : "SUCCESS",
      "startTime" : 1575703279202,
      "finishTime" : 1575703550745,
      "hostName" : "/default-rack/slave5",
      "hdfsBytesRead" : 7676204,
      "hdfsBytesWritten" : 0,
      "fileBytesRead" : 5172327017,
      "fileBytesWritten" : 7832590947,
      "mapInputRecords" : 3964,
      "mapInputBytes" : -1,
      "mapOutputBytes" : 2508184176,
      "mapOutputRecords" : 81564432,
      "combineInputRecords" : 0,
      "reduceInputGroups" : -1,
      "reduceInputRecords" : -1,
      "reduceShuffleBytes" : -1,
      "reduceOutputRecords" : -1,
      "spilledRecords" : 239676086,
      "shuffleFinished" : -1,
      "sortFinished" : -1,
      "location" : {
        "layers" : [ "default-rack", "slave5" ]
      },
      "clockSplits" : [ 8590, 6469, 123343, 16459, 6947, 3884, 2150, 7235, 25567, 23151, 22913, 24819 ],
      "cpuUsages" : [ 16345, 12275, 223837, 28092, 13163, 7611, 4155, 12184, 34020, 30248, 30589, 31831 ],
      "physMemKbytes" : [ 146706, 279293, 287146, 298259, 298546, 299458, 299163, 298879, 306368, 306079, 305795, 303829 ],
      "resourceUsageMetrics" : {
        "cumulativeCpuUsage" : 444350,
        "virtualMemoryUsage" : 2123206656,
        "physicalMemoryUsage" : 312012800,
        "heapUsage" : 209190912
      },
      "vmemKbytes" : [ 1100676, 2069395, 2069688, 2070359, 2070360, 2070359, 2070360, 2070359, 2072339, 2072416, 2072415, 2072440 ]
    } ],
    "preferredLocations" : [ ]
  } ],
  "reduceTasks" : [ {
    "inputBytes" : 2658198729,
    "inputRecords" : 79679848,
    "outputBytes" : 1608561436,
    "outputRecords" : 67589773,
    "taskID" : "task_1572946766556_1087_r_000000",
    "startTime" : 1575703277077,
    "finishTime" : 1575703800055,
    "taskType" : "REDUCE",
    "taskStatus" : "SUCCESS",
    "attempts" : [ {
      "attemptID" : "attempt_1572946766556_1087_r_000000_0",
      "result" : "SUCCESS",
      "startTime" : 1575703482488,
      "finishTime" : 1575703800055,
      "hostName" : "/default-rack/slave5",
      "hdfsBytesRead" : 0,
      "hdfsBytesWritten" : 1608561436,
      "fileBytesRead" : 2658198729,
      "fileBytesWritten" : 2658322826,
      "mapInputRecords" : -1,
      "mapInputBytes" : -1,
      "mapOutputBytes" : -1,
      "mapOutputRecords" : -1,
      "combineInputRecords" : 0,
      "reduceInputGroups" : 67589773,
      "reduceInputRecords" : 79679848,
      "reduceShuffleBytes" : 2658198729,
      "reduceOutputRecords" : 67589773,
      "spilledRecords" : 79679848,
      "shuffleFinished" : 1575703660941,
      "sortFinished" : 1575703660967,
      "location" : {
        "layers" : [ "default-rack", "slave5" ]
      },
      "clockSplits" : [ 5816, 64270, 108554, 481, 482, 481, 482, 481, 32802, 34335, 34832, 34537 ],
      "cpuUsages" : [ 922, 3547, 12641, 1441, 1441, 1441, 1441, 1442, 56718, 57931, 60346, 58439 ],
      "physMemKbytes" : [ 60830, 158989, 164307, 165020, 176523, 188025, 199528, 211030, 226996, 232614, 237074, 241211 ],
      "resourceUsageMetrics" : {
        "cumulativeCpuUsage" : 257750,
        "virtualMemoryUsage" : 2136100864,
        "physicalMemoryUsage" : 248274944,
        "heapUsage" : 133693440
      },
      "vmemKbytes" : [ 777104, 1985934, 2072421, 2074402, 2076951, 2079498, 2082047, 2084595, 2086030, 2086036, 2086035, 2086036 ]
    } ],
    "preferredLocations" : [ ]
  }, {
    "inputBytes" : 2658695084,
    "inputRecords" : 79694574,
    "outputBytes" : 1608820777,
    "outputRecords" : 67600228,
    "taskID" : "task_1572946766556_1087_r_000001",
    "startTime" : 1575703277077,
    "finishTime" : 1575703814978,
    "taskType" : "REDUCE",
    "taskStatus" : "SUCCESS",
    "attempts" : [ {
      "attemptID" : "attempt_1572946766556_1087_r_000001_0",
      "result" : "SUCCESS",
      "startTime" : 1575703482495,
      "finishTime" : 1575703814978,
      "hostName" : "/default-rack/slave2",
      "hdfsBytesRead" : 0,
      "hdfsBytesWritten" : 1608820777,
      "fileBytesRead" : 2658695084,
      "fileBytesWritten" : 2658819181,
      "mapInputRecords" : -1,
      "mapInputBytes" : -1,
      "mapOutputBytes" : -1,
      "mapOutputRecords" : -1,
      "combineInputRecords" : 0,
      "reduceInputGroups" : 67600228,
      "reduceInputRecords" : 79694574,
      "reduceShuffleBytes" : 2658695084,
      "reduceOutputRecords" : 67600228,
      "spilledRecords" : 79694574,
      "shuffleFinished" : 1575703660989,
      "sortFinished" : 1575703661017,
      "location" : {
        "layers" : [ "default-rack", "slave2" ]
      },
      "clockSplits" : [ 13446, 69214, 96090, 541, 541, 540, 541, 541, 35766, 38468, 38141, 38643 ],
      "cpuUsages" : [ 6739, 9930, 12723, 1389, 1388, 1388, 1388, 1389, 52849, 54829, 55703, 55695 ],
      "physMemKbytes" : [ 168345, 173123, 171572, 171028, 180041, 189052, 198064, 207075, 217735, 224140, 227804, 232934 ],
      "resourceUsageMetrics" : {
        "cumulativeCpuUsage" : 255410,
        "virtualMemoryUsage" : 2136596480,
        "physicalMemoryUsage" : 239505408,
        "heapUsage" : 137887744
      },
      "vmemKbytes" : [ 2073596, 2076849, 2078558, 2079716, 2081205, 2082694, 2084183, 2085672, 2086516, 2086520, 2086519, 2086520 ]
    } ],
    "preferredLocations" : [ ]
  }, {
    "inputBytes" : 2658326038,
    "inputRecords" : 79683598,
    "outputBytes" : 1608699243,
    "outputRecords" : 67595139,
    "taskID" : "task_1572946766556_1087_r_000002",
    "startTime" : 1575703277077,
    "finishTime" : 1575703802068,
    "taskType" : "REDUCE",
    "taskStatus" : "SUCCESS",
    "attempts" : [ {
      "attemptID" : "attempt_1572946766556_1087_r_000002_0",
      "result" : "SUCCESS",
      "startTime" : 1575703482496,
      "finishTime" : 1575703802068,
      "hostName" : "/default-rack/slave1",
      "hdfsBytesRead" : 0,
      "hdfsBytesWritten" : 1608699243,
      "fileBytesRead" : 2658326038,
      "fileBytesWritten" : 2658450135,
      "mapInputRecords" : -1,
      "mapInputBytes" : -1,
      "mapOutputBytes" : -1,
      "mapOutputRecords" : -1,
      "combineInputRecords" : 0,
      "reduceInputGroups" : 67595139,
      "reduceInputRecords" : 79683598,
      "reduceShuffleBytes" : 2658326038,
      "reduceOutputRecords" : 67595139,
      "spilledRecords" : 79683598,
      "shuffleFinished" : 1575703660958,
      "sortFinished" : 1575703660980,
      "location" : {
        "layers" : [ "default-rack", "slave1" ]
      },
      "clockSplits" : [ 13189, 69171, 96292, 501, 501, 501, 502, 501, 32734, 35366, 34643, 35656 ],
      "cpuUsages" : [ 5454, 7835, 13552, 1503, 1503, 1503, 1503, 1503, 59704, 61998, 61709, 61893 ],
      "physMemKbytes" : [ 164926, 173314, 173091, 171169, 181170, 191170, 201171, 211171, 225926, 226088, 230829, 238178 ],
      "resourceUsageMetrics" : {
        "cumulativeCpuUsage" : 279660,
        "virtualMemoryUsage" : 2138513408,
        "physicalMemoryUsage" : 248729600,
        "heapUsage" : 137363456
      },
      "vmemKbytes" : [ 2074635, 2082422, 2086346, 2086774, 2087327, 2087878, 2088430, 2088981, 2094676, 2088392, 2088391, 2088392 ]
    } ],
    "preferredLocations" : [ ]
  } ],
  "otherTasks" : [ ],
  "successfulMapAttemptCDFs" : [ {
    "numberValues" : 0,
    "minimum" : -9223372036854775808,
    "rankings" : [ ],
    "maximum" : 9223372036854775807
  }, {
    "numberValues" : 0,
    "minimum" : -9223372036854775808,
    "rankings" : [ ],
    "maximum" : 9223372036854775807
  }, {
    "numberValues" : 0,
    "minimum" : -9223372036854775808,
    "rankings" : [ ],
    "maximum" : 9223372036854775807
  }, {
    "numberValues" : 3,
    "minimum" : 200449,
    "rankings" : [ {
      "relativeRanking" : 0.05,
      "datum" : 200449
    }, {
      "relativeRanking" : 0.1,
      "datum" : 200449
    }, {
      "relativeRanking" : 0.15,
      "datum" : 200449
    }, {
      "relativeRanking" : 0.2,
      "datum" : 200449
    }, {
      "relativeRanking" : 0.25,
      "datum" : 200449
    }, {
      "relativeRanking" : 0.3,
      "datum" : 200449
    }, {
      "relativeRanking" : 0.35,
      "datum" : 200449
    }, {
      "relativeRanking" : 0.4,
      "datum" : 200449
    }, {
      "relativeRanking" : 0.45,
      "datum" : 200449
    }, {
      "relativeRanking" : 0.5,
      "datum" : 200449
    }, {
      "relativeRanking" : 0.55,
      "datum" : 200449
    }, {
      "relativeRanking" : 0.6,
      "datum" : 200449
    }, {
      "relativeRanking" : 0.65,
      "datum" : 200449
    }, {
      "relativeRanking" : 0.7,
      "datum" : 271543
    }, {
      "relativeRanking" : 0.75,
      "datum" : 271543
    }, {
      "relativeRanking" : 0.8,
      "datum" : 271543
    }, {
      "relativeRanking" : 0.85,
      "datum" : 271543
    }, {
      "relativeRanking" : 0.9,
      "datum" : 271543
    }, {
      "relativeRanking" : 0.95,
      "datum" : 271543
    } ],
    "maximum" : 353339
  } ],
  "failedMapAttemptCDFs" : [ {
    "numberValues" : 0,
    "minimum" : -9223372036854775808,
    "rankings" : [ ],
    "maximum" : 9223372036854775807
  }, {
    "numberValues" : 0,
    "minimum" : -9223372036854775808,
    "rankings" : [ ],
    "maximum" : 9223372036854775807
  }, {
    "numberValues" : 0,
    "minimum" : -9223372036854775808,
    "rankings" : [ ],
    "maximum" : 9223372036854775807
  }, {
    "numberValues" : 0,
    "minimum" : -9223372036854775808,
    "rankings" : [ ],
    "maximum" : 9223372036854775807
  } ],
  "successfulReduceAttemptCDF" : {
    "numberValues" : 3,
    "minimum" : 317567,
    "rankings" : [ {
      "relativeRanking" : 0.05,
      "datum" : 317567
    }, {
      "relativeRanking" : 0.1,
      "datum" : 317567
    }, {
      "relativeRanking" : 0.15,
      "datum" : 317567
    }, {
      "relativeRanking" : 0.2,
      "datum" : 317567
    }, {
      "relativeRanking" : 0.25,
      "datum" : 317567
    }, {
      "relativeRanking" : 0.3,
      "datum" : 317567
    }, {
      "relativeRanking" : 0.35,
      "datum" : 317567
    }, {
      "relativeRanking" : 0.4,
      "datum" : 317567
    }, {
      "relativeRanking" : 0.45,
      "datum" : 317567
    }, {
      "relativeRanking" : 0.5,
      "datum" : 317567
    }, {
      "relativeRanking" : 0.55,
      "datum" : 317567
    }, {
      "relativeRanking" : 0.6,
      "datum" : 317567
    }, {
      "relativeRanking" : 0.65,
      "datum" : 317567
    }, {
      "relativeRanking" : 0.7,
      "datum" : 319572
    }, {
      "relativeRanking" : 0.75,
      "datum" : 319572
    }, {
      "relativeRanking" : 0.8,
      "datum" : 319572
    }, {
      "relativeRanking" : 0.85,
      "datum" : 319572
    }, {
      "relativeRanking" : 0.9,
      "datum" : 319572
    }, {
      "relativeRanking" : 0.95,
      "datum" : 319572
    } ],
    "maximum" : 332483
  },
  "failedReduceAttemptCDF" : {
    "numberValues" : 0,
    "minimum" : -9223372036854775808,
    "rankings" : [ ],
    "maximum" : 9223372036854775807
  },
  "queue" : "default",
  "jobName" : "CAC_Count-[1575703129115-Similarity2-END]",
  "clusterMapMB" : -1,
  "clusterReduceMB" : -1,
  "jobMapMB" : -1,
  "jobReduceMB" : -1,
  "relativeTime" : 0,
  "mapperTriesToSucceed" : [ 1.0 ],
  "failedMapperFraction" : 0.0,
  "jobProperties" : { }
}