{
  "jobID" : "job_1572946766556_1086",
  "user" : "hadoop",
  "computonsPerMapInputByte" : -1,
  "computonsPerMapOutputByte" : -1,
  "computonsPerReduceInputByte" : -1,
  "computonsPerReduceOutputByte" : -1,
  "submitTime" : 1575703131725,
  "launchTime" : 1575703135245,
  "finishTime" : 1575703271166,
  "heapMegabytes" : -1,
  "totalMaps" : 2,
  "totalReduces" : 3,
  "outcome" : "SUCCESS",
  "jobtype" : "JAVA",
  "priority" : "NORMAL",
  "directDependantJobs" : [ ],
  "mapTasks" : [ {
    "inputBytes" : 7745257,
    "inputRecords" : 246569,
    "outputBytes" : 32289411,
    "outputRecords" : 934712,
    "taskID" : "task_1572946766556_1086_m_000000",
    "startTime" : 1575703135289,
    "finishTime" : 1575703204726,
    "taskType" : "MAP",
    "taskStatus" : "SUCCESS",
    "attempts" : [ {
      "attemptID" : "attempt_1572946766556_1086_m_000000_0",
      "result" : "SUCCESS",
      "startTime" : 1575703137472,
      "finishTime" : 1575703204726,
      "hostName" : "/default-rack/slave4",
      "hdfsBytesRead" : 7745257,
      "hdfsBytesWritten" : 0,
      "fileBytesRead" : 0,
      "fileBytesWritten" : 32289411,
      "mapInputRecords" : 246569,
      "mapInputBytes" : -1,
      "mapOutputBytes" : 30296128,
      "mapOutputRecords" : 934712,
      "combineInputRecords" : 0,
      "reduceInputGroups" : -1,
      "reduceInputRecords" : -1,
      "reduceShuffleBytes" : -1,
      "reduceOutputRecords" : -1,
      "spilledRecords" : 934712,
      "shuffleFinished" : -1,
      "sortFinished" : -1,
      "location" : {
        "layers" : [ "default-rack", "slave4" ]
      },
      "clockSplits" : [ 11633, 8107, 7899, 7803, 7785, 7624, 7589, 7585, 303, 303, 303, 304 ],
      "cpuUsages" : [ 174273, 134494, 131449, 128229, 129299, 127931, 127486, 103912, 6844, 6844, 6844, 6845 ],
      "physMemKbytes" : [ 237227, 358743, 359156, 359290, 365035, 361447, 361543, 361594, 358680, 354371, 350060, 345751 ],
      "resourceUsageMetrics" : {
        "cumulativeCpuUsage" : 1084450,
        "virtualMemoryUsage" : 2119294976,
        "physicalMemoryUsage" : 351842304,
        "heapUsage" : 174063616
      },
      "vmemKbytes" : [ 1405103, 2069623, 2069624, 2069623, 2069624, 2069623, 2069624, 2069623, 2069624, 2069624, 2069623, 2069624 ]
    }, {
      "attemptID" : "attempt_1572946766556_1086_m_000000_1",
      "result" : "KILLED",
      "startTime" : 1575703151386,
      "finishTime" : 1575703204758,
      "hostName" : "/default-rack/slave2",
      "hdfsBytesRead" : 7078033,
      "hdfsBytesWritten" : 0,
      "fileBytesRead" : 0,
      "fileBytesWritten" : 123761,
      "mapInputRecords" : 225982,
      "mapInputBytes" : -1,
      "mapOutputBytes" : 27625684,
      "mapOutputRecords" : 852158,
      "combineInputRecords" : 0,
      "reduceInputGroups" : -1,
      "reduceInputRecords" : -1,
      "reduceShuffleBytes" : -1,
      "reduceOutputRecords" : -1,
      "spilledRecords" : 0,
      "shuffleFinished" : -1,
      "sortFinished" : -1,
      "location" : {
        "layers" : [ "default-rack", "slave2" ]
      },
      "clockSplits" : [ 9740, 7173, 6716, 6659, 6530, 6379, 6422, 2267, 364, 364, 364, 364 ],
      "cpuUsages" : [ 122257, 113928, 102903, 102840, 98696, 97392, 96917, 31937, 0, 0, 0, 0 ],
      "physMemKbytes" : [ 210903, 351107, 359248, 359786, 362235, 357447, 357504, 357523, 357524, 357524, 357523, 357524 ],
      "resourceUsageMetrics" : {
        "cumulativeCpuUsage" : 766870,
        "virtualMemoryUsage" : 2120765440,
        "physicalMemoryUsage" : 366104576,
        "heapUsage" : 192937984
      },
      "vmemKbytes" : [ 1295462, 2070778, 2071056, 2071059, 2071060, 2071059, 2071060, 2071059, 2071060, 2071060, 2071059, 2071060 ]
    } ],
    "preferredLocations" : [ ]
  }, {
    "inputBytes" : 1279951,
    "inputRecords" : 32202,
    "outputBytes" : 4613252,
    "outputRecords" : 203769,
    "taskID" : "task_1572946766556_1086_m_000001",
    "startTime" : 1575703135291,
    "finishTime" : 1575703149310,
    "taskType" : "MAP",
    "taskStatus" : "SUCCESS",
    "attempts" : [ {
      "attemptID" : "attempt_1572946766556_1086_m_000001_0",
      "result" : "SUCCESS",
      "startTime" : 1575703137466,
      "finishTime" : 1575703149310,
      "hostName" : "/default-rack/slave5",
      "hdfsBytesRead" : 1279951,
      "hdfsBytesWritten" : 0,
      "fileBytesRead" : 0,
      "fileBytesWritten" : 4613252,
      "mapInputRecords" : 32202,
      "mapInputBytes" : -1,
      "mapOutputBytes" : 4081855,
      "mapOutputRecords" : 203769,
      "combineInputRecords" : 0,
      "reduceInputGroups" : -1,
      "reduceInputRecords" : -1,
      "reduceShuffleBytes" : -1,
      "reduceOutputRecords" : -1,
      "spilledRecords" : 203769,
      "shuffleFinished" : -1,
      "sortFinished" : -1,
      "location" : {
        "layers" : [ "default-rack", "slave5" ]
      },
      "clockSplits" : [ 1460, 1460, 1460, 1461, 1460, 1417, 1360, 1351, 96, 95, 96, 96 ],
      "cpuUsages" : [ 19343, 19344, 19343, 19344, 19343, 21327, 23920, 21632, 1063, 1064, 1063, 1064 ],
      "physMemKbytes" : [ 31391, 94174, 156957, 219740, 282523, 339779, 353139, 357004, 356289, 352432, 348574, 344717 ],
      "resourceUsageMetrics" : {
        "cumulativeCpuUsage" : 167850,
        "virtualMemoryUsage" : 2126921728,
        "physicalMemoryUsage" : 351014912,
        "heapUsage" : 174063616
      },
      "vmemKbytes" : [ 186336, 559008, 931680, 1304351, 1677024, 2014716, 2074564, 2074567, 2074930, 2075542, 2076153, 2076766 ]
    } ],
    "preferredLocations" : [ ]
  } ],
  "reduceTasks" : [ {
    "inputBytes" : 13316912,
    "inputRecords" : 412432,
    "outputBytes" : 9598928,
    "outputRecords" : 3960,
    "taskID" : "task_1572946766556_1086_r_000000",
    "startTime" : 1575703135291,
    "finishTime" : 1575703271090,
    "taskType" : "REDUCE",
    "taskStatus" : "SUCCESS",
    "attempts" : [ {
      "attemptID" : "attempt_1572946766556_1086_r_000000_0",
      "result" : "SUCCESS",
      "startTime" : 1575703151384,
      "finishTime" : 1575703271090,
      "hostName" : "/default-rack/slave4",
      "hdfsBytesRead" : 0,
      "hdfsBytesWritten" : 9598928,
      "fileBytesRead" : 13316906,
      "fileBytesWritten" : 13440644,
      "mapInputRecords" : -1,
      "mapInputBytes" : -1,
      "mapOutputBytes" : -1,
      "mapOutputRecords" : -1,
      "combineInputRecords" : 0,
      "reduceInputGroups" : 3960,
      "reduceInputRecords" : 412432,
      "reduceShuffleBytes" : 13316912,
      "reduceOutputRecords" : 3960,
      "spilledRecords" : 412432,
      "shuffleFinished" : 1575703205519,
      "sortFinished" : 1575703205722,
      "location" : {
        "layers" : [ "default-rack", "slave4" ]
      },
      "clockSplits" : [ 3968, 3968, 46764, 374, 373, 374, 373, 374, 2973, 24799, 17446, 17907 ],
      "cpuUsages" : [ 189, 190, 4414, 1893, 1893, 1893, 1893, 1893, 10994, 94902, 64191, 65905 ],
      "physMemKbytes" : [ 41146, 123440, 177111, 185087, 193064, 201040, 209017, 216993, 226075, 246999, 261664, 262601 ],
      "resourceUsageMetrics" : {
        "cumulativeCpuUsage" : 250250,
        "virtualMemoryUsage" : 2128306176,
        "physicalMemoryUsage" : 268279808,
        "heapUsage" : 140509184
      },
      "vmemKbytes" : [ 517852, 1553558, 2072065, 2073156, 2074249, 2075340, 2076433, 2077524, 2078366, 2078424, 2078423, 2078424 ]
    } ],
    "preferredLocations" : [ ]
  }, {
    "inputBytes" : 10820170,
    "inputRecords" : 331716,
    "outputBytes" : 7676048,
    "outputRecords" : 3964,
    "taskID" : "task_1572946766556_1086_r_000001",
    "startTime" : 1575703135291,
    "finishTime" : 1575703247054,
    "taskType" : "REDUCE",
    "taskStatus" : "SUCCESS",
    "attempts" : [ {
      "attemptID" : "attempt_1572946766556_1086_r_000001_0",
      "result" : "SUCCESS",
      "startTime" : 1575703151392,
      "finishTime" : 1575703247054,
      "hostName" : "/default-rack/slave3",
      "hdfsBytesRead" : 0,
      "hdfsBytesWritten" : 7676048,
      "fileBytesRead" : 10820164,
      "fileBytesWritten" : 10943902,
      "mapInputRecords" : -1,
      "mapInputBytes" : -1,
      "mapOutputBytes" : -1,
      "mapOutputRecords" : -1,
      "combineInputRecords" : 0,
      "reduceInputGroups" : 3964,
      "reduceInputRecords" : 331716,
      "reduceShuffleBytes" : 10820170,
      "reduceOutputRecords" : 3964,
      "spilledRecords" : 331716,
      "shuffleFinished" : 1575703205596,
      "sortFinished" : 1575703205765,
      "location" : {
        "layers" : [ "default-rack", "slave3" ]
      },
      "clockSplits" : [ 3924, 3925, 46866, 340, 340, 340, 340, 340, 1961, 22932, 7461, 6881 ],
      "cpuUsages" : [ 239, 240, 4201, 1760, 1760, 1760, 1760, 1760, 6897, 79843, 25767, 22453 ],
      "physMemKbytes" : [ 41397, 124193, 184931, 194554, 204178, 213801, 223425, 233048, 243131, 255779, 261786, 262165 ],
      "resourceUsageMetrics" : {
        "cumulativeCpuUsage" : 148440,
        "virtualMemoryUsage" : 2129457152,
        "physicalMemoryUsage" : 268541952,
        "heapUsage" : 148897792
      },
      "vmemKbytes" : [ 518579, 1555739, 2074716, 2075509, 2076302, 2077095, 2077889, 2078682, 2079409, 2079548, 2079547, 2079548 ]
    } ],
    "preferredLocations" : [ ]
  }, {
    "inputBytes" : 12517899,
    "inputRecords" : 394333,
    "outputBytes" : 8988289,
    "outputRecords" : 3919,
    "taskID" : "task_1572946766556_1086_r_000002",
    "startTime" : 1575703135291,
    "finishTime" : 1575703250750,
    "taskType" : "REDUCE",
    "taskStatus" : "SUCCESS",
    "attempts" : [ {
      "attemptID" : "attempt_1572946766556_1086_r_000002_0",
      "result" : "SUCCESS",
      "startTime" : 1575703151391,
      "finishTime" : 1575703250750,
      "hostName" : "/default-rack/slave1",
      "hdfsBytesRead" : 0,
      "hdfsBytesWritten" : 8988289,
      "fileBytesRead" : 12517893,
      "fileBytesWritten" : 12641631,
      "mapInputRecords" : -1,
      "mapInputBytes" : -1,
      "mapOutputBytes" : -1,
      "mapOutputRecords" : -1,
      "combineInputRecords" : 0,
      "reduceInputGroups" : 3919,
      "reduceInputRecords" : 394333,
      "reduceShuffleBytes" : 12517899,
      "reduceOutputRecords" : 3919,
      "spilledRecords" : 394333,
      "shuffleFinished" : 1575703205624,
      "sortFinished" : 1575703205829,
      "location" : {
        "layers" : [ "default-rack", "slave1" ]
      },
      "clockSplits" : [ 3922, 3922, 46915, 323, 323, 323, 323, 323, 2768, 19863, 12609, 7727 ],
      "cpuUsages" : [ 234, 235, 3488, 1608, 1608, 1608, 1608, 1608, 10130, 75067, 47605, 27861 ],
      "physMemKbytes" : [ 41546, 124640, 183806, 189725, 195644, 201562, 207481, 213400, 220028, 236647, 259261, 261590 ],
      "resourceUsageMetrics" : {
        "cumulativeCpuUsage" : 172660,
        "virtualMemoryUsage" : 2136313856,
        "physicalMemoryUsage" : 268353536,
        "heapUsage" : 147324928
      },
      "vmemKbytes" : [ 518049, 1554149, 2084355, 2084674, 2084995, 2085314, 2085634, 2085953, 2086217, 2086244, 2086243, 2086244 ]
    } ],
    "preferredLocations" : [ ]
  } ],
  "otherTasks" : [ ],
  "successfulMapAttemptCDFs" : [ {
    "numberValues" : 0,
    "minimum" : -9223372036854775808,
    "rankings" : [ ],
    "maximum" : 9223372036854775807
  }, {
    "numberValues" : 0,
    "minimum" : -9223372036854775808,
    "rankings" : [ ],
    "maximum" : 9223372036854775807
  }, {
    "numberValues" : 0,
    "minimum" : -9223372036854775808,
    "rankings" : [ ],
    "maximum" : 9223372036854775807
  }, {
    "numberValues" : 2,
    "minimum" : 11844,
    "rankings" : [ {
      "relativeRanking" : 0.05,
      "datum" : 11844
    }, {
      "relativeRanking" : 0.1,
      "datum" : 11844
    }, {
      "relativeRanking" : 0.15,
      "datum" : 11844
    }, {
      "relativeRanking" : 0.2,
      "datum" : 11844
    }, {
      "relativeRanking" : 0.25,
      "datum" : 11844
    }, {
      "relativeRanking" : 0.3,
      "datum" : 11844
    }, {
      "relativeRanking" : 0.35,
      "datum" : 11844
    }, {
      "relativeRanking" : 0.4,
      "datum" : 11844
    }, {
      "relativeRanking" : 0.45,
      "datum" : 11844
    }, {
      "relativeRanking" : 0.5,
      "datum" : 11844
    }, {
      "relativeRanking" : 0.55,
      "datum" : 11844
    }, {
      "relativeRanking" : 0.6,
      "datum" : 11844
    }, {
      "relativeRanking" : 0.65,
      "datum" : 11844
    }, {
      "relativeRanking" : 0.7,
      "datum" : 11844
    }, {
      "relativeRanking" : 0.75,
      "datum" : 11844
    }, {
      "relativeRanking" : 0.8,
      "datum" : 11844
    }, {
      "relativeRanking" : 0.85,
      "datum" : 11844
    }, {
      "relativeRanking" : 0.9,
      "datum" : 11844
    }, {
      "relativeRanking" : 0.95,
      "datum" : 11844
    } ],
    "maximum" : 67254
  } ],
  "failedMapAttemptCDFs" : [ {
    "numberValues" : 0,
    "minimum" : -9223372036854775808,
    "rankings" : [ ],
    "maximum" : 9223372036854775807
  }, {
    "numberValues" : 0,
    "minimum" : -9223372036854775808,
    "rankings" : [ ],
    "maximum" : 9223372036854775807
  }, {
    "numberValues" : 0,
    "minimum" : -9223372036854775808,
    "rankings" : [ ],
    "maximum" : 9223372036854775807
  }, {
    "numberValues" : 0,
    "minimum" : -9223372036854775808,
    "rankings" : [ ],
    "maximum" : 9223372036854775807
  } ],
  "successfulReduceAttemptCDF" : {
    "numberValues" : 3,
    "minimum" : 95662,
    "rankings" : [ {
      "relativeRanking" : 0.05,
      "datum" : 95662
    }, {
      "relativeRanking" : 0.1,
      "datum" : 95662
    }, {
      "relativeRanking" : 0.15,
      "datum" : 95662
    }, {
      "relativeRanking" : 0.2,
      "datum" : 95662
    }, {
      "relativeRanking" : 0.25,
      "datum" : 95662
    }, {
      "relativeRanking" : 0.3,
      "datum" : 95662
    }, {
      "relativeRanking" : 0.35,
      "datum" : 95662
    }, {
      "relativeRanking" : 0.4,
      "datum" : 95662
    }, {
      "relativeRanking" : 0.45,
      "datum" : 95662
    }, {
      "relativeRanking" : 0.5,
      "datum" : 95662
    }, {
      "relativeRanking" : 0.55,
      "datum" : 95662
    }, {
      "relativeRanking" : 0.6,
      "datum" : 95662
    }, {
      "relativeRanking" : 0.65,
      "datum" : 95662
    }, {
      "relativeRanking" : 0.7,
      "datum" : 99359
    }, {
      "relativeRanking" : 0.75,
      "datum" : 99359
    }, {
      "relativeRanking" : 0.8,
      "datum" : 99359
    }, {
      "relativeRanking" : 0.85,
      "datum" : 99359
    }, {
      "relativeRanking" : 0.9,
      "datum" : 99359
    }, {
      "relativeRanking" : 0.95,
      "datum" : 99359
    } ],
    "maximum" : 119706
  },
  "failedReduceAttemptCDF" : {
    "numberValues" : 0,
    "minimum" : -9223372036854775808,
    "rankings" : [ ],
    "maximum" : 9223372036854775807
  },
  "queue" : "default",
  "jobName" : "CAC_Count-[1575703129115-Indexing1]",
  "clusterMapMB" : -1,
  "clusterReduceMB" : -1,
  "jobMapMB" : -1,
  "jobReduceMB" : -1,
  "relativeTime" : 0,
  "mapperTriesToSucceed" : [ 1.0 ],
  "failedMapperFraction" : 0.0,
  "jobProperties" : { }
}