{
  "jobID" : "job_1600222256971_1114",
  "user" : "hadoop",
  "computonsPerMapInputByte" : -1,
  "computonsPerMapOutputByte" : -1,
  "computonsPerReduceInputByte" : -1,
  "computonsPerReduceOutputByte" : -1,
  "submitTime" : 1601023481007,
  "launchTime" : 1601023484634,
  "finishTime" : 1601023502689,
  "heapMegabytes" : -1,
  "totalMaps" : 8,
  "totalReduces" : 6,
  "outcome" : "SUCCESS",
  "jobtype" : "JAVA",
  "priority" : "NORMAL",
  "directDependantJobs" : [ ],
  "mapTasks" : [ {
    "inputBytes" : 134217938,
    "inputRecords" : 1342178,
    "outputBytes" : 279298146,
    "outputRecords" : 1342178,
    "taskID" : "task_1600222256971_1114_m_000000",
    "startTime" : 1601023484719,
    "finishTime" : 1601023495246,
    "taskType" : "MAP",
    "taskStatus" : "SUCCESS",
    "attempts" : [ {
      "attemptID" : "attempt_1600222256971_1114_m_000000_0",
      "result" : "SUCCESS",
      "startTime" : 1601023486893,
      "finishTime" : 1601023495246,
      "hostName" : "/default-rack/slave2",
      "hdfsBytesRead" : 134217938,
      "hdfsBytesWritten" : 0,
      "fileBytesRead" : 140877023,
      "fileBytesWritten" : 279298146,
      "mapInputRecords" : 1342178,
      "mapInputBytes" : -1,
      "mapOutputBytes" : 136902156,
      "mapOutputRecords" : 1342178,
      "combineInputRecords" : 0,
      "reduceInputGroups" : -1,
      "reduceInputRecords" : -1,
      "reduceShuffleBytes" : -1,
      "reduceOutputRecords" : -1,
      "spilledRecords" : 2684356,
      "shuffleFinished" : -1,
      "sortFinished" : -1,
      "location" : {
        "layers" : [ "default-rack", "slave2" ]
      },
      "clockSplits" : [ 5803, 201, 201, 202, 201, 201, 201, 202, 201, 201, 201, 202 ],
      "cpuUsages" : [ 1038, 1038, 1039, 1038, 1038, 1039, 1038, 1038, 1039, 1038, 1038, 1039 ],
      "physMemKbytes" : [ 11879, 35637, 59395, 83153, 106912, 130670, 154429, 178186, 201945, 225704, 249461, 273220 ],
      "vmemKbytes" : [ 84019, 252057, 420095, 588133, 756172, 924210, 1092249, 1260286, 1428325, 1596364, 1764401, 1932440 ],
      "resourceUsageMetrics" : {
        "cumulativeCpuUsage" : 12720,
        "virtualMemoryUsage" : 2064855040,
        "physicalMemoryUsage" : 291966976,
        "heapUsage" : 197656576
      }
    }, {
      "attemptID" : "attempt_1600222256971_1114_m_000000_1",
      "result" : "KILLED",
      "startTime" : 1601023494740,
      "finishTime" : 1601023495274,
      "hostName" : "/default-rack/slave5",
      "hdfsBytesRead" : -1,
      "hdfsBytesWritten" : -1,
      "fileBytesRead" : -1,
      "fileBytesWritten" : -1,
      "mapInputRecords" : -1,
      "mapInputBytes" : -1,
      "mapOutputBytes" : -1,
      "mapOutputRecords" : -1,
      "combineInputRecords" : -1,
      "reduceInputGroups" : -1,
      "reduceInputRecords" : -1,
      "reduceShuffleBytes" : -1,
      "reduceOutputRecords" : -1,
      "spilledRecords" : -1,
      "shuffleFinished" : -1,
      "sortFinished" : -1,
      "location" : {
        "layers" : [ "default-rack", "slave5" ]
      },
      "clockSplits" : [ 42, 42, 43, 42, 42, 43, 42, 42, 43, 42, 42, 43 ],
      "cpuUsages" : [ 0, 0, 0, 0, 0, 0, 0, 0, 0, 0, 0, 0 ],
      "physMemKbytes" : [ 0, 0, 0, 0, 0, 0, 0, 0, 0, 0, 0, 0 ],
      "vmemKbytes" : [ 0, 0, 0, 0, 0, 0, 0, 0, 0, 0, 0, 0 ],
      "resourceUsageMetrics" : {
        "cumulativeCpuUsage" : 0,
        "virtualMemoryUsage" : 0,
        "physicalMemoryUsage" : 0,
        "heapUsage" : 0
      }
    } ],
    "preferredLocations" : [ ]
  }, {
    "inputBytes" : 134217838,
    "inputRecords" : 1342177,
    "outputBytes" : 279297938,
    "outputRecords" : 1342177,
    "taskID" : "task_1600222256971_1114_m_000001",
    "startTime" : 1601023484721,
    "finishTime" : 1601023494057,
    "taskType" : "MAP",
    "taskStatus" : "SUCCESS",
    "attempts" : [ {
      "attemptID" : "attempt_1600222256971_1114_m_000001_0",
      "result" : "SUCCESS",
      "startTime" : 1601023486894,
      "finishTime" : 1601023494057,
      "hostName" : "/default-rack/slave1",
      "hdfsBytesRead" : 134217838,
      "hdfsBytesWritten" : 0,
      "fileBytesRead" : 141019015,
      "fileBytesWritten" : 279297938,
      "mapInputRecords" : 1342177,
      "mapInputBytes" : -1,
      "mapOutputBytes" : 136902054,
      "mapOutputRecords" : 1342177,
      "combineInputRecords" : 0,
      "reduceInputGroups" : -1,
      "reduceInputRecords" : -1,
      "reduceShuffleBytes" : -1,
      "reduceOutputRecords" : -1,
      "spilledRecords" : 2684354,
      "shuffleFinished" : -1,
      "sortFinished" : -1,
      "location" : {
        "layers" : [ "default-rack", "slave1" ]
      },
      "clockSplits" : [ 5474, 152, 153, 152, 153, 152, 152, 153, 152, 153, 152, 153 ],
      "cpuUsages" : [ 950, 950, 950, 950, 950, 950, 950, 950, 950, 950, 950, 950 ],
      "physMemKbytes" : [ 12019, 36057, 60096, 84134, 108173, 132212, 156251, 180289, 204328, 228367, 252405, 276444 ],
      "vmemKbytes" : [ 84077, 252231, 420385, 588538, 756693, 924846, 1093001, 1261154, 1429309, 1597463, 1765616, 1933771 ],
      "resourceUsageMetrics" : {
        "cumulativeCpuUsage" : 11400,
        "virtualMemoryUsage" : 2066276352,
        "physicalMemoryUsage" : 295387136,
        "heapUsage" : 197132288
      }
    } ],
    "preferredLocations" : [ ]
  }, {
    "inputBytes" : 134217838,
    "inputRecords" : 1342177,
    "outputBytes" : 279297938,
    "outputRecords" : 1342177,
    "taskID" : "task_1600222256971_1114_m_000002",
    "startTime" : 1601023484721,
    "finishTime" : 1601023493459,
    "taskType" : "MAP",
    "taskStatus" : "SUCCESS",
    "attempts" : [ {
      "attemptID" : "attempt_1600222256971_1114_m_000002_0",
      "result" : "SUCCESS",
      "startTime" : 1601023486896,
      "finishTime" : 1601023493459,
      "hostName" : "/default-rack/slave5",
      "hdfsBytesRead" : 134217838,
      "hdfsBytesWritten" : 0,
      "fileBytesRead" : 141078503,
      "fileBytesWritten" : 279297938,
      "mapInputRecords" : 1342177,
      "mapInputBytes" : -1,
      "mapOutputBytes" : 136902054,
      "mapOutputRecords" : 1342177,
      "combineInputRecords" : 0,
      "reduceInputGroups" : -1,
      "reduceInputRecords" : -1,
      "reduceShuffleBytes" : -1,
      "reduceOutputRecords" : -1,
      "spilledRecords" : 2684354,
      "shuffleFinished" : -1,
      "sortFinished" : -1,
      "location" : {
        "layers" : [ "default-rack", "slave5" ]
      },
      "clockSplits" : [ 4636, 174, 174, 174, 174, 174, 174, 174, 174, 174, 174, 174 ],
      "cpuUsages" : [ 859, 859, 859, 859, 859, 860, 859, 859, 859, 859, 859, 860 ],
      "physMemKbytes" : [ 11953, 35859, 59765, 83670, 107577, 131482, 155389, 179294, 203201, 227107, 251012, 274919 ],
      "vmemKbytes" : [ 83927, 251781, 419635, 587488, 755343, 923196, 1091051, 1258904, 1426759, 1594613, 1762466, 1930321 ],
      "resourceUsageMetrics" : {
        "cumulativeCpuUsage" : 10310,
        "virtualMemoryUsage" : 2062589952,
        "physicalMemoryUsage" : 293756928,
        "heapUsage" : 198180864
      }
    } ],
    "preferredLocations" : [ ]
  }, {
    "inputBytes" : 134217938,
    "inputRecords" : 1342178,
    "outputBytes" : 279298146,
    "outputRecords" : 1342178,
    "taskID" : "task_1600222256971_1114_m_000003",
    "startTime" : 1601023484721,
    "finishTime" : 1601023493695,
    "taskType" : "MAP",
    "taskStatus" : "SUCCESS",
    "attempts" : [ {
      "attemptID" : "attempt_1600222256971_1114_m_000003_0",
      "result" : "SUCCESS",
      "startTime" : 1601023486894,
      "finishTime" : 1601023493695,
      "hostName" : "/default-rack/slave5",
      "hdfsBytesRead" : 134217938,
      "hdfsBytesWritten" : 0,
      "fileBytesRead" : 140806167,
      "fileBytesWritten" : 279298146,
      "mapInputRecords" : 1342178,
      "mapInputBytes" : -1,
      "mapOutputBytes" : 136902156,
      "mapOutputRecords" : 1342178,
      "combineInputRecords" : 0,
      "reduceInputGroups" : -1,
      "reduceInputRecords" : -1,
      "reduceShuffleBytes" : -1,
      "reduceOutputRecords" : -1,
      "spilledRecords" : 2684356,
      "shuffleFinished" : -1,
      "sortFinished" : -1,
      "location" : {
        "layers" : [ "default-rack", "slave5" ]
      },
      "clockSplits" : [ 4787, 182, 182, 182, 182, 182, 181, 182, 182, 182, 182, 182 ],
      "cpuUsages" : [ 852, 853, 852, 853, 852, 853, 852, 853, 852, 853, 852, 853 ],
      "physMemKbytes" : [ 11766, 35299, 58832, 82365, 105898, 129431, 152964, 176497, 200030, 223563, 247096, 270629 ],
      "vmemKbytes" : [ 83910, 251731, 419554, 587375, 755197, 923018, 1090840, 1258661, 1426484, 1594305, 1762126, 1929949 ],
      "resourceUsageMetrics" : {
        "cumulativeCpuUsage" : 10230,
        "virtualMemoryUsage" : 2062192640,
        "physicalMemoryUsage" : 289173504,
        "heapUsage" : 198180864
      }
    } ],
    "preferredLocations" : [ ]
  }, {
    "inputBytes" : 134217838,
    "inputRecords" : 1342177,
    "outputBytes" : 279297938,
    "outputRecords" : 1342177,
    "taskID" : "task_1600222256971_1114_m_000004",
    "startTime" : 1601023484721,
    "finishTime" : 1601023494001,
    "taskType" : "MAP",
    "taskStatus" : "SUCCESS",
    "attempts" : [ {
      "attemptID" : "attempt_1600222256971_1114_m_000004_0",
      "result" : "SUCCESS",
      "startTime" : 1601023486865,
      "finishTime" : 1601023494001,
      "hostName" : "/default-rack/slave1",
      "hdfsBytesRead" : 134217838,
      "hdfsBytesWritten" : 0,
      "fileBytesRead" : 141026223,
      "fileBytesWritten" : 279297938,
      "mapInputRecords" : 1342177,
      "mapInputBytes" : -1,
      "mapOutputBytes" : 136902054,
      "mapOutputRecords" : 1342177,
      "combineInputRecords" : 0,
      "reduceInputGroups" : -1,
      "reduceInputRecords" : -1,
      "reduceShuffleBytes" : -1,
      "reduceOutputRecords" : -1,
      "spilledRecords" : 2684354,
      "shuffleFinished" : -1,
      "sortFinished" : -1,
      "location" : {
        "layers" : [ "default-rack", "slave1" ]
      },
      "clockSplits" : [ 5246, 171, 170, 171, 170, 171, 170, 171, 170, 171, 170, 171 ],
      "cpuUsages" : [ 904, 904, 904, 904, 904, 905, 904, 904, 904, 904, 904, 905 ],
      "physMemKbytes" : [ 12067, 36201, 60336, 84470, 108605, 132740, 156875, 181009, 205144, 229279, 253413, 277548 ],
      "vmemKbytes" : [ 83930, 251790, 419650, 587509, 755370, 923229, 1091090, 1258949, 1426810, 1594670, 1762529, 1930390 ],
      "resourceUsageMetrics" : {
        "cumulativeCpuUsage" : 10850,
        "virtualMemoryUsage" : 2062663680,
        "physicalMemoryUsage" : 296566784,
        "heapUsage" : 198705152
      }
    } ],
    "preferredLocations" : [ ]
  }, {
    "inputBytes" : 134217838,
    "inputRecords" : 1342177,
    "outputBytes" : 279297938,
    "outputRecords" : 1342177,
    "taskID" : "task_1600222256971_1114_m_000005",
    "startTime" : 1601023484722,
    "finishTime" : 1601023494269,
    "taskType" : "MAP",
    "taskStatus" : "SUCCESS",
    "attempts" : [ {
      "attemptID" : "attempt_1600222256971_1114_m_000005_0",
      "result" : "SUCCESS",
      "startTime" : 1601023486891,
      "finishTime" : 1601023494269,
      "hostName" : "/default-rack/slave4",
      "hdfsBytesRead" : 134217838,
      "hdfsBytesWritten" : 0,
      "fileBytesRead" : 140971247,
      "fileBytesWritten" : 279297938,
      "mapInputRecords" : 1342177,
      "mapInputBytes" : -1,
      "mapOutputBytes" : 136902054,
      "mapOutputRecords" : 1342177,
      "combineInputRecords" : 0,
      "reduceInputGroups" : -1,
      "reduceInputRecords" : -1,
      "reduceShuffleBytes" : -1,
      "reduceOutputRecords" : -1,
      "spilledRecords" : 2684354,
      "shuffleFinished" : -1,
      "sortFinished" : -1,
      "location" : {
        "layers" : [ "default-rack", "slave4" ]
      },
      "clockSplits" : [ 5648, 156, 156, 156, 156, 156, 156, 156, 156, 156, 156, 156 ],
      "cpuUsages" : [ 1029, 1029, 1029, 1029, 1029, 1030, 1029, 1029, 1029, 1029, 1029, 1030 ],
      "physMemKbytes" : [ 11976, 35929, 59882, 83835, 107788, 131741, 155694, 179647, 203600, 227553, 251506, 275459 ],
      "vmemKbytes" : [ 83990, 251971, 419954, 587935, 755917, 923898, 1091880, 1259861, 1427844, 1595825, 1763806, 1931789 ],
      "resourceUsageMetrics" : {
        "cumulativeCpuUsage" : 12350,
        "virtualMemoryUsage" : 2064158720,
        "physicalMemoryUsage" : 294334464,
        "heapUsage" : 198180864
      }
    } ],
    "preferredLocations" : [ ]
  }, {
    "inputBytes" : 97346938,
    "inputRecords" : 973468,
    "outputBytes" : 202606430,
    "outputRecords" : 973468,
    "taskID" : "task_1600222256971_1114_m_000006",
    "startTime" : 1601023484722,
    "finishTime" : 1601023494462,
    "taskType" : "MAP",
    "taskStatus" : "SUCCESS",
    "attempts" : [ {
      "attemptID" : "attempt_1600222256971_1114_m_000006_0",
      "result" : "SUCCESS",
      "startTime" : 1601023486895,
      "finishTime" : 1601023494462,
      "hostName" : "/default-rack/slave2",
      "hdfsBytesRead" : 97346938,
      "hdfsBytesWritten" : 0,
      "fileBytesRead" : 102354649,
      "fileBytesWritten" : 202606430,
      "mapInputRecords" : 973468,
      "mapInputBytes" : -1,
      "mapOutputBytes" : 99293736,
      "mapOutputRecords" : 973468,
      "combineInputRecords" : 0,
      "reduceInputGroups" : -1,
      "reduceInputRecords" : -1,
      "reduceShuffleBytes" : -1,
      "reduceOutputRecords" : -1,
      "spilledRecords" : 1946936,
      "shuffleFinished" : -1,
      "sortFinished" : -1,
      "location" : {
        "layers" : [ "default-rack", "slave2" ]
      },
      "clockSplits" : [ 5683, 170, 170, 170, 170, 171, 170, 170, 170, 170, 170, 171 ],
      "cpuUsages" : [ 997, 998, 997, 998, 997, 998, 997, 998, 997, 998, 997, 998 ],
      "physMemKbytes" : [ 11932, 35797, 59663, 83528, 107393, 131258, 155124, 178989, 202855, 226720, 250585, 274451 ],
      "vmemKbytes" : [ 83937, 251812, 419688, 587563, 755438, 923313, 1091189, 1259064, 1426940, 1594815, 1762690, 1930566 ],
      "resourceUsageMetrics" : {
        "cumulativeCpuUsage" : 11970,
        "virtualMemoryUsage" : 2062852096,
        "physicalMemoryUsage" : 293257216,
        "heapUsage" : 198180864
      }
    } ],
    "preferredLocations" : [ ]
  }, {
    "inputBytes" : 97346938,
    "inputRecords" : 973468,
    "outputBytes" : 202606430,
    "outputRecords" : 973468,
    "taskID" : "task_1600222256971_1114_m_000007",
    "startTime" : 1601023484722,
    "finishTime" : 1601023492780,
    "taskType" : "MAP",
    "taskStatus" : "SUCCESS",
    "attempts" : [ {
      "attemptID" : "attempt_1600222256971_1114_m_000007_0",
      "result" : "SUCCESS",
      "startTime" : 1601023486891,
      "finishTime" : 1601023492780,
      "hostName" : "/default-rack/slave1",
      "hdfsBytesRead" : 97346938,
      "hdfsBytesWritten" : 0,
      "fileBytesRead" : 102024249,
      "fileBytesWritten" : 202606430,
      "mapInputRecords" : 973468,
      "mapInputBytes" : -1,
      "mapOutputBytes" : 99293736,
      "mapOutputRecords" : 973468,
      "combineInputRecords" : 0,
      "reduceInputGroups" : -1,
      "reduceInputRecords" : -1,
      "reduceShuffleBytes" : -1,
      "reduceOutputRecords" : -1,
      "spilledRecords" : 1946936,
      "shuffleFinished" : -1,
      "sortFinished" : -1,
      "location" : {
        "layers" : [ "default-rack", "slave1" ]
      },
      "clockSplits" : [ 3680, 198, 198, 199, 198, 198, 198, 199, 198, 198, 198, 199 ],
      "cpuUsages" : [ 786, 787, 787, 786, 787, 787, 786, 787, 787, 786, 787, 787 ],
      "physMemKbytes" : [ 11799, 35398, 58997, 82596, 106195, 129794, 153393, 176992, 200591, 224190, 247789, 271388 ],
      "vmemKbytes" : [ 83978, 251934, 419890, 587846, 755803, 923759, 1091716, 1259671, 1427628, 1595585, 1763540, 1931497 ],
      "resourceUsageMetrics" : {
        "cumulativeCpuUsage" : 9440,
        "virtualMemoryUsage" : 2063847424,
        "physicalMemoryUsage" : 289984512,
        "heapUsage" : 198180864
      }
    } ],
    "preferredLocations" : [ ]
  } ],
  "reduceTasks" : [ {
    "inputBytes" : 173711768,
    "inputRecords" : 1670305,
    "outputBytes" : 167030500,
    "outputRecords" : 1670305,
    "taskID" : "task_1600222256971_1114_r_000000",
    "startTime" : 1601023484722,
    "finishTime" : 1601023502600,
    "taskType" : "REDUCE",
    "taskStatus" : "SUCCESS",
    "attempts" : [ {
      "attemptID" : "attempt_1600222256971_1114_r_000000_0",
      "result" : "SUCCESS",
      "startTime" : 1601023495758,
      "finishTime" : 1601023502600,
      "hostName" : "/default-rack/slave5",
      "hdfsBytesRead" : 0,
      "hdfsBytesWritten" : 167030500,
      "fileBytesRead" : 173711732,
      "fileBytesWritten" : 173836499,
      "mapInputRecords" : -1,
      "mapInputBytes" : -1,
      "mapOutputBytes" : -1,
      "mapOutputRecords" : -1,
      "combineInputRecords" : 0,
      "reduceInputGroups" : 1670305,
      "reduceInputRecords" : 1670305,
      "reduceShuffleBytes" : 173711768,
      "reduceOutputRecords" : 1670305,
      "spilledRecords" : 1670305,
      "shuffleFinished" : 1601023500344,
      "sortFinished" : 1601023500717,
      "location" : {
        "layers" : [ "default-rack", "slave5" ]
      },
      "clockSplits" : [ 5117, 156, 156, 155, 156, 156, 155, 156, 156, 155, 156, 156 ],
      "cpuUsages" : [ 1204, 1204, 1204, 1204, 1204, 1205, 1204, 1204, 1204, 1204, 1204, 1205 ],
      "physMemKbytes" : [ 13978, 41937, 69895, 97852, 125811, 153768, 181727, 209684, 237643, 265601, 293558, 321517 ],
      "vmemKbytes" : [ 84288, 252865, 421444, 590021, 758599, 927176, 1095754, 1264331, 1432910, 1601487, 1770064, 1938643 ],
      "resourceUsageMetrics" : {
        "cumulativeCpuUsage" : 14450,
        "virtualMemoryUsage" : 2071482368,
        "physicalMemoryUsage" : 343547904,
        "heapUsage" : 199229440
      }
    } ],
    "preferredLocations" : [ ]
  }, {
    "inputBytes" : 173649680,
    "inputRecords" : 1669708,
    "outputBytes" : 166970800,
    "outputRecords" : 1669708,
    "taskID" : "task_1600222256971_1114_r_000001",
    "startTime" : 1601023484722,
    "finishTime" : 1601023501866,
    "taskType" : "REDUCE",
    "taskStatus" : "SUCCESS",
    "attempts" : [ {
      "attemptID" : "attempt_1600222256971_1114_r_000001_0",
      "result" : "SUCCESS",
      "startTime" : 1601023495777,
      "finishTime" : 1601023501866,
      "hostName" : "/default-rack/slave1",
      "hdfsBytesRead" : 0,
      "hdfsBytesWritten" : 166970800,
      "fileBytesRead" : 173649644,
      "fileBytesWritten" : 173774411,
      "mapInputRecords" : -1,
      "mapInputBytes" : -1,
      "mapOutputBytes" : -1,
      "mapOutputRecords" : -1,
      "combineInputRecords" : 0,
      "reduceInputGroups" : 1669708,
      "reduceInputRecords" : 1669708,
      "reduceShuffleBytes" : 173649680,
      "reduceOutputRecords" : 1669708,
      "spilledRecords" : 1669708,
      "shuffleFinished" : 1601023499610,
      "sortFinished" : 1601023500048,
      "location" : {
        "layers" : [ "default-rack", "slave1" ]
      },
      "clockSplits" : [ 4434, 149, 150, 149, 150, 149, 149, 150, 149, 150, 149, 150 ],
      "cpuUsages" : [ 1364, 1364, 1364, 1364, 1364, 1365, 1364, 1364, 1364, 1364, 1364, 1365 ],
      "physMemKbytes" : [ 14239, 42717, 71195, 99672, 128151, 156628, 185107, 213584, 242063, 270541, 299018, 327497 ],
      "vmemKbytes" : [ 84911, 254733, 424555, 594377, 764200, 934022, 1103845, 1273666, 1443489, 1613312, 1783133, 1952956 ],
      "resourceUsageMetrics" : {
        "cumulativeCpuUsage" : 16370,
        "virtualMemoryUsage" : 2086776832,
        "physicalMemoryUsage" : 349937664,
        "heapUsage" : 199753728
      }
    } ],
    "preferredLocations" : [ ]
  }, {
    "inputBytes" : 172966816,
    "inputRecords" : 1663142,
    "outputBytes" : 166314200,
    "outputRecords" : 1663142,
    "taskID" : "task_1600222256971_1114_r_000002",
    "startTime" : 1601023484723,
    "finishTime" : 1601023502562,
    "taskType" : "REDUCE",
    "taskStatus" : "SUCCESS",
    "attempts" : [ {
      "attemptID" : "attempt_1600222256971_1114_r_000002_0",
      "result" : "SUCCESS",
      "startTime" : 1601023495762,
      "finishTime" : 1601023502562,
      "hostName" : "/default-rack/slave5",
      "hdfsBytesRead" : 0,
      "hdfsBytesWritten" : 166314200,
      "fileBytesRead" : 172966780,
      "fileBytesWritten" : 173091547,
      "mapInputRecords" : -1,
      "mapInputBytes" : -1,
      "mapOutputBytes" : -1,
      "mapOutputRecords" : -1,
      "combineInputRecords" : 0,
      "reduceInputGroups" : 1663142,
      "reduceInputRecords" : 1663142,
      "reduceShuffleBytes" : 172966816,
      "reduceOutputRecords" : 1663142,
      "spilledRecords" : 1663142,
      "shuffleFinished" : 1601023500201,
      "sortFinished" : 1601023500616,
      "location" : {
        "layers" : [ "default-rack", "slave5" ]
      },
      "clockSplits" : [ 5018, 161, 161, 161, 161, 161, 161, 161, 161, 161, 161, 162 ],
      "cpuUsages" : [ 893, 893, 894, 893, 893, 894, 893, 893, 894, 893, 893, 894 ],
      "physMemKbytes" : [ 11638, 34916, 58194, 81471, 104749, 128026, 151304, 174581, 197860, 221137, 244414, 267693 ],
      "vmemKbytes" : [ 84203, 252609, 421016, 589422, 757829, 926236, 1094643, 1263049, 1431456, 1599863, 1768269, 1936676 ],
      "resourceUsageMetrics" : {
        "cumulativeCpuUsage" : 10720,
        "virtualMemoryUsage" : 2069381120,
        "physicalMemoryUsage" : 286035968,
        "heapUsage" : 136314880
      }
    } ],
    "preferredLocations" : [ ]
  }, {
    "inputBytes" : 171729736,
    "inputRecords" : 1651247,
    "outputBytes" : 165124700,
    "outputRecords" : 1651247,
    "taskID" : "task_1600222256971_1114_r_000003",
    "startTime" : 1601023484723,
    "finishTime" : 1601023502416,
    "taskType" : "REDUCE",
    "taskStatus" : "SUCCESS",
    "attempts" : [ {
      "attemptID" : "attempt_1600222256971_1114_r_000003_0",
      "result" : "SUCCESS",
      "startTime" : 1601023495769,
      "finishTime" : 1601023502416,
      "hostName" : "/default-rack/slave2",
      "hdfsBytesRead" : 0,
      "hdfsBytesWritten" : 165124700,
      "fileBytesRead" : 171729700,
      "fileBytesWritten" : 171854467,
      "mapInputRecords" : -1,
      "mapInputBytes" : -1,
      "mapOutputBytes" : -1,
      "mapOutputRecords" : -1,
      "combineInputRecords" : 0,
      "reduceInputGroups" : 1651247,
      "reduceInputRecords" : 1651247,
      "reduceShuffleBytes" : 171729736,
      "reduceOutputRecords" : 1651247,
      "spilledRecords" : 1651247,
      "shuffleFinished" : 1601023500211,
      "sortFinished" : 1601023500566,
      "location" : {
        "layers" : [ "default-rack", "slave2" ]
      },
      "clockSplits" : [ 4953, 153, 153, 153, 153, 153, 152, 153, 153, 153, 153, 153 ],
      "cpuUsages" : [ 1385, 1385, 1385, 1385, 1385, 1385, 1385, 1385, 1385, 1385, 1385, 1385 ],
      "physMemKbytes" : [ 14072, 42217, 70363, 98508, 126653, 154798, 182944, 211089, 239235, 267380, 295525, 323671 ],
      "vmemKbytes" : [ 84929, 254787, 424646, 594504, 764363, 934222, 1104081, 1273939, 1443798, 1613657, 1783515, 1953374 ],
      "resourceUsageMetrics" : {
        "cumulativeCpuUsage" : 16620,
        "virtualMemoryUsage" : 2087223296,
        "physicalMemoryUsage" : 345849856,
        "heapUsage" : 199229440
      }
    } ],
    "preferredLocations" : [ ]
  }, {
    "inputBytes" : 174133176,
    "inputRecords" : 1674357,
    "outputBytes" : 167435700,
    "outputRecords" : 1674357,
    "taskID" : "task_1600222256971_1114_r_000004",
    "startTime" : 1601023484723,
    "finishTime" : 1601023502163,
    "taskType" : "REDUCE",
    "taskStatus" : "SUCCESS",
    "attempts" : [ {
      "attemptID" : "attempt_1600222256971_1114_r_000004_0",
      "result" : "SUCCESS",
      "startTime" : 1601023495775,
      "finishTime" : 1601023502163,
      "hostName" : "/default-rack/slave4",
      "hdfsBytesRead" : 0,
      "hdfsBytesWritten" : 167435700,
      "fileBytesRead" : 174133140,
      "fileBytesWritten" : 174257907,
      "mapInputRecords" : -1,
      "mapInputBytes" : -1,
      "mapOutputBytes" : -1,
      "mapOutputRecords" : -1,
      "combineInputRecords" : 0,
      "reduceInputGroups" : 1674357,
      "reduceInputRecords" : 1674357,
      "reduceShuffleBytes" : 174133176,
      "reduceOutputRecords" : 1674357,
      "spilledRecords" : 1674357,
      "shuffleFinished" : 1601023500155,
      "sortFinished" : 1601023500470,
      "location" : {
        "layers" : [ "default-rack", "slave4" ]
      },
      "clockSplits" : [ 4838, 140, 140, 140, 140, 140, 139, 140, 140, 140, 140, 140 ],
      "cpuUsages" : [ 894, 894, 894, 894, 894, 895, 894, 894, 894, 894, 894, 895 ],
      "physMemKbytes" : [ 12763, 38289, 63816, 89342, 114869, 140396, 165923, 191449, 216976, 242503, 268029, 293556 ],
      "vmemKbytes" : [ 84237, 252711, 421186, 589660, 758135, 926610, 1095085, 1263559, 1432034, 1600509, 1768983, 1937458 ],
      "resourceUsageMetrics" : {
        "cumulativeCpuUsage" : 10730,
        "virtualMemoryUsage" : 2070216704,
        "physicalMemoryUsage" : 313671680,
        "heapUsage" : 159383552
      }
    } ],
    "preferredLocations" : [ ]
  }, {
    "inputBytes" : 173809112,
    "inputRecords" : 1671241,
    "outputBytes" : 167124100,
    "outputRecords" : 1671241,
    "taskID" : "task_1600222256971_1114_r_000005",
    "startTime" : 1601023484723,
    "finishTime" : 1601023502480,
    "taskType" : "REDUCE",
    "taskStatus" : "SUCCESS",
    "attempts" : [ {
      "attemptID" : "attempt_1600222256971_1114_r_000005_0",
      "result" : "SUCCESS",
      "startTime" : 1601023495766,
      "finishTime" : 1601023502480,
      "hostName" : "/default-rack/slave3",
      "hdfsBytesRead" : 0,
      "hdfsBytesWritten" : 167124100,
      "fileBytesRead" : 173809076,
      "fileBytesWritten" : 173933843,
      "mapInputRecords" : -1,
      "mapInputBytes" : -1,
      "mapOutputBytes" : -1,
      "mapOutputRecords" : -1,
      "combineInputRecords" : 0,
      "reduceInputGroups" : 1671241,
      "reduceInputRecords" : 1671241,
      "reduceShuffleBytes" : 173809112,
      "reduceOutputRecords" : 1671241,
      "spilledRecords" : 1671241,
      "shuffleFinished" : 1601023500459,
      "sortFinished" : 1601023500775,
      "location" : {
        "layers" : [ "default-rack", "slave3" ]
      },
      "clockSplits" : [ 5160, 140, 140, 140, 140, 141, 140, 140, 140, 140, 140, 141 ],
      "cpuUsages" : [ 1365, 1365, 1365, 1365, 1365, 1365, 1365, 1365, 1365, 1365, 1365, 1365 ],
      "physMemKbytes" : [ 14047, 42142, 70237, 98332, 126427, 154522, 182617, 210712, 238807, 266902, 294997, 323092 ],
      "vmemKbytes" : [ 84186, 252558, 420930, 589301, 757674, 926045, 1094418, 1262789, 1431162, 1599534, 1767905, 1936278 ],
      "resourceUsageMetrics" : {
        "cumulativeCpuUsage" : 16380,
        "virtualMemoryUsage" : 2068955136,
        "physicalMemoryUsage" : 345231360,
        "heapUsage" : 199753728
      }
    } ],
    "preferredLocations" : [ ]
  } ],
  "otherTasks" : [ ],
  "successfulMapAttemptCDFs" : [ {
    "numberValues" : 0,
    "minimum" : -9223372036854775808,
    "rankings" : [ ],
    "maximum" : 9223372036854775807
  }, {
    "numberValues" : 0,
    "minimum" : -9223372036854775808,
    "rankings" : [ ],
    "maximum" : 9223372036854775807
  }, {
    "numberValues" : 0,
    "minimum" : -9223372036854775808,
    "rankings" : [ ],
    "maximum" : 9223372036854775807
  }, {
    "numberValues" : 8,
    "minimum" : 5889,
    "rankings" : [ {
      "relativeRanking" : 0.05,
      "datum" : 5889
    }, {
      "relativeRanking" : 0.1,
      "datum" : 5889
    }, {
      "relativeRanking" : 0.15,
      "datum" : 5889
    }, {
      "relativeRanking" : 0.2,
      "datum" : 5889
    }, {
      "relativeRanking" : 0.25,
      "datum" : 6563
    }, {
      "relativeRanking" : 0.3,
      "datum" : 6563
    }, {
      "relativeRanking" : 0.35,
      "datum" : 6563
    }, {
      "relativeRanking" : 0.4,
      "datum" : 6801
    }, {
      "relativeRanking" : 0.45,
      "datum" : 6801
    }, {
      "relativeRanking" : 0.5,
      "datum" : 7136
    }, {
      "relativeRanking" : 0.55,
      "datum" : 7136
    }, {
      "relativeRanking" : 0.6,
      "datum" : 7136
    }, {
      "relativeRanking" : 0.65,
      "datum" : 7163
    }, {
      "relativeRanking" : 0.7,
      "datum" : 7163
    }, {
      "relativeRanking" : 0.75,
      "datum" : 7378
    }, {
      "relativeRanking" : 0.8,
      "datum" : 7378
    }, {
      "relativeRanking" : 0.85,
      "datum" : 7378
    }, {
      "relativeRanking" : 0.9,
      "datum" : 7567
    }, {
      "relativeRanking" : 0.95,
      "datum" : 7567
    } ],
    "maximum" : 8353
  } ],
  "failedMapAttemptCDFs" : [ {
    "numberValues" : 0,
    "minimum" : -9223372036854775808,
    "rankings" : [ ],
    "maximum" : 9223372036854775807
  }, {
    "numberValues" : 0,
    "minimum" : -9223372036854775808,
    "rankings" : [ ],
    "maximum" : 9223372036854775807
  }, {
    "numberValues" : 0,
    "minimum" : -9223372036854775808,
    "rankings" : [ ],
    "maximum" : 9223372036854775807
  }, {
    "numberValues" : 0,
    "minimum" : -9223372036854775808,
    "rankings" : [ ],
    "maximum" : 9223372036854775807
  } ],
  "successfulReduceAttemptCDF" : {
    "numberValues" : 6,
    "minimum" : 6089,
    "rankings" : [ {
      "relativeRanking" : 0.05,
      "datum" : 6089
    }, {
      "relativeRanking" : 0.1,
      "datum" : 6089
    }, {
      "relativeRanking" : 0.15,
      "datum" : 6089
    }, {
      "relativeRanking" : 0.2,
      "datum" : 6089
    }, {
      "relativeRanking" : 0.25,
      "datum" : 6089
    }, {
      "relativeRanking" : 0.3,
      "datum" : 6089
    }, {
      "relativeRanking" : 0.35,
      "datum" : 6388
    }, {
      "relativeRanking" : 0.4,
      "datum" : 6388
    }, {
      "relativeRanking" : 0.45,
      "datum" : 6388
    }, {
      "relativeRanking" : 0.5,
      "datum" : 6647
    }, {
      "relativeRanking" : 0.55,
      "datum" : 6647
    }, {
      "relativeRanking" : 0.6,
      "datum" : 6647
    }, {
      "relativeRanking" : 0.65,
      "datum" : 6647
    }, {
      "relativeRanking" : 0.7,
      "datum" : 6714
    }, {
      "relativeRanking" : 0.75,
      "datum" : 6714
    }, {
      "relativeRanking" : 0.8,
      "datum" : 6714
    }, {
      "relativeRanking" : 0.85,
      "datum" : 6800
    }, {
      "relativeRanking" : 0.9,
      "datum" : 6800
    }, {
      "relativeRanking" : 0.95,
      "datum" : 6800
    } ],
    "maximum" : 6842
  },
  "failedReduceAttemptCDF" : {
    "numberValues" : 0,
    "minimum" : -9223372036854775808,
    "rankings" : [ ],
    "maximum" : 9223372036854775807
  },
  "queue" : "default",
  "jobName" : "TeraSort-[1601023481495]",
  "clusterMapMB" : -1,
  "clusterReduceMB" : -1,
  "jobMapMB" : -1,
  "jobReduceMB" : -1,
  "relativeTime" : 0,
  "mapperTriesToSucceed" : [ 1.0 ],
  "failedMapperFraction" : 0.0,
  "jobProperties" : { }
}