{
  "jobID" : "job_1600222256971_1101",
  "user" : "hadoop",
  "computonsPerMapInputByte" : -1,
  "computonsPerMapOutputByte" : -1,
  "computonsPerReduceInputByte" : -1,
  "computonsPerReduceOutputByte" : -1,
  "submitTime" : 1601022896456,
  "launchTime" : 1601022900129,
  "finishTime" : 1601022923960,
  "heapMegabytes" : -1,
  "totalMaps" : 2,
  "totalReduces" : 4,
  "outcome" : "SUCCESS",
  "jobtype" : "JAVA",
  "priority" : "NORMAL",
  "directDependantJobs" : [ ],
  "mapTasks" : [ {
    "inputBytes" : 79565870,
    "inputRecords" : 2570811,
    "outputBytes" : 140958886,
    "outputRecords" : 2570810,
    "taskID" : "task_1600222256971_1101_m_000000",
    "startTime" : 1601022900193,
    "finishTime" : 1601022913112,
    "taskType" : "MAP",
    "taskStatus" : "SUCCESS",
    "attempts" : [ {
      "attemptID" : "attempt_1600222256971_1101_m_000000_0",
      "result" : "SUCCESS",
      "startTime" : 1601022902331,
      "finishTime" : 1601022913112,
      "hostName" : "/default-rack/slave4",
      "hdfsBytesRead" : 79565870,
      "hdfsBytesWritten" : 0,
      "fileBytesRead" : 70826706,
      "fileBytesWritten" : 140958886,
      "mapInputRecords" : 2570811,
      "mapInputBytes" : -1,
      "mapOutputBytes" : 65275490,
      "mapOutputRecords" : 2570810,
      "combineInputRecords" : 0,
      "reduceInputGroups" : -1,
      "reduceInputRecords" : -1,
      "reduceShuffleBytes" : -1,
      "reduceOutputRecords" : -1,
      "spilledRecords" : 5141620,
      "shuffleFinished" : -1,
      "sortFinished" : -1,
      "location" : {
        "layers" : [ "default-rack", "slave4" ]
      },
      "clockSplits" : [ 1008, 1008, 1009, 1008, 1009, 1008, 1008, 1649, 514, 514, 514, 515 ],
      "cpuUsages" : [ 1740, 1740, 1740, 1740, 1740, 1740, 1740, 1686, 1351, 1351, 1351, 1351 ],
      "physMemKbytes" : [ 17946, 53839, 89732, 125625, 161518, 197411, 233304, 268868, 283052, 284407, 285762, 287118 ],
      "resourceUsageMetrics" : {
        "cumulativeCpuUsage" : 19270,
        "virtualMemoryUsage" : 2067890176,
        "physicalMemoryUsage" : 294703104,
        "heapUsage" : 208666624
      },
      "vmemKbytes" : [ 128234, 384704, 641174, 897643, 1154113, 1410582, 1667053, 1921084, 2016815, 2017560, 2018305, 2019051 ]
    } ],
    "preferredLocations" : [ ]
  }, {
    "inputBytes" : 63092039,
    "inputRecords" : 1299730,
    "outputBytes" : 144540630,
    "outputRecords" : 1299729,
    "taskID" : "task_1600222256971_1101_m_000001",
    "startTime" : 1601022900195,
    "finishTime" : 1601022909329,
    "taskType" : "MAP",
    "taskStatus" : "SUCCESS",
    "attempts" : [ {
      "attemptID" : "attempt_1600222256971_1101_m_000001_0",
      "result" : "SUCCESS",
      "startTime" : 1601022902335,
      "finishTime" : 1601022909329,
      "hostName" : "/default-rack/slave4",
      "hdfsBytesRead" : 63092039,
      "hdfsBytesWritten" : 0,
      "fileBytesRead" : 72668927,
      "fileBytesWritten" : 144540630,
      "mapInputRecords" : 1299730,
      "mapInputBytes" : -1,
      "mapOutputBytes" : 69599284,
      "mapOutputRecords" : 1299729,
      "combineInputRecords" : 0,
      "reduceInputGroups" : -1,
      "reduceInputRecords" : -1,
      "reduceShuffleBytes" : -1,
      "reduceOutputRecords" : -1,
      "spilledRecords" : 2599458,
      "shuffleFinished" : -1,
      "sortFinished" : -1,
      "location" : {
        "layers" : [ "default-rack", "slave4" ]
      },
      "clockSplits" : [ 3962, 274, 273, 274, 273, 274, 274, 273, 274, 273, 274, 274 ],
      "cpuUsages" : [ 964, 964, 964, 964, 964, 965, 964, 964, 964, 964, 964, 965 ],
      "physMemKbytes" : [ 11684, 35053, 58423, 81792, 105161, 128530, 151900, 175269, 198639, 222008, 245377, 268747 ],
      "resourceUsageMetrics" : {
        "cumulativeCpuUsage" : 11570,
        "virtualMemoryUsage" : 2062159872,
        "physicalMemoryUsage" : 287162368,
        "heapUsage" : 206569472
      },
      "vmemKbytes" : [ 83909, 251728, 419547, 587366, 755185, 923004, 1090823, 1258642, 1426461, 1594280, 1762099, 1929918 ]
    } ],
    "preferredLocations" : [ ]
  } ],
  "reduceTasks" : [ {
    "inputBytes" : 35475711,
    "inputRecords" : 960696,
    "outputBytes" : 117366671,
    "outputRecords" : 1892904,
    "taskID" : "task_1600222256971_1101_r_000000",
    "startTime" : 1601022900195,
    "finishTime" : 1601022921688,
    "taskType" : "REDUCE",
    "taskStatus" : "SUCCESS",
    "attempts" : [ {
      "attemptID" : "attempt_1600222256971_1101_r_000000_0",
      "result" : "SUCCESS",
      "startTime" : 1601022912242,
      "finishTime" : 1601022921688,
      "hostName" : "/default-rack/slave4",
      "hdfsBytesRead" : 0,
      "hdfsBytesWritten" : 117366671,
      "fileBytesRead" : 35475705,
      "fileBytesWritten" : 35600172,
      "mapInputRecords" : -1,
      "mapInputBytes" : -1,
      "mapOutputBytes" : -1,
      "mapOutputRecords" : -1,
      "combineInputRecords" : 0,
      "reduceInputGroups" : 107400,
      "reduceInputRecords" : 960696,
      "reduceShuffleBytes" : 35475711,
      "reduceOutputRecords" : 1892904,
      "spilledRecords" : 960696,
      "shuffleFinished" : 1601022914208,
      "sortFinished" : 1601022914793,
      "location" : {
        "layers" : [ "default-rack", "slave4" ]
      },
      "clockSplits" : [ 3033, 475, 476, 475, 475, 476, 475, 475, 476, 475, 475, 1647 ],
      "cpuUsages" : [ 1183, 1184, 1184, 1184, 1184, 1184, 1183, 1184, 1184, 1184, 1184, 2828 ],
      "physMemKbytes" : [ 8830, 26492, 44154, 61815, 79478, 97139, 114801, 132462, 150125, 167787, 185448, 197739 ],
      "resourceUsageMetrics" : {
        "cumulativeCpuUsage" : 15850,
        "virtualMemoryUsage" : 2071998464,
        "physicalMemoryUsage" : 204460032,
        "heapUsage" : 136314880
      },
      "vmemKbytes" : [ 90788, 272366, 453943, 635520, 817099, 998676, 1180254, 1361831, 1543409, 1724987, 1906564, 2020096 ]
    } ],
    "preferredLocations" : [ ]
  }, {
    "inputBytes" : 35795216,
    "inputRecords" : 972611,
    "outputBytes" : 117030796,
    "outputRecords" : 1896626,
    "taskID" : "task_1600222256971_1101_r_000001",
    "startTime" : 1601022900195,
    "finishTime" : 1601022922356,
    "taskType" : "REDUCE",
    "taskStatus" : "SUCCESS",
    "attempts" : [ {
      "attemptID" : "attempt_1600222256971_1101_r_000001_0",
      "result" : "SUCCESS",
      "startTime" : 1601022912240,
      "finishTime" : 1601022922356,
      "hostName" : "/default-rack/slave1",
      "hdfsBytesRead" : 0,
      "hdfsBytesWritten" : 117030796,
      "fileBytesRead" : 35795210,
      "fileBytesWritten" : 35919677,
      "mapInputRecords" : -1,
      "mapInputBytes" : -1,
      "mapOutputBytes" : -1,
      "mapOutputRecords" : -1,
      "combineInputRecords" : 0,
      "reduceInputGroups" : 108684,
      "reduceInputRecords" : 972611,
      "reduceShuffleBytes" : 35795216,
      "reduceOutputRecords" : 1896626,
      "spilledRecords" : 972611,
      "shuffleFinished" : 1601022914847,
      "sortFinished" : 1601022915388,
      "location" : {
        "layers" : [ "default-rack", "slave1" ]
      },
      "clockSplits" : [ 3597, 436, 436, 436, 436, 436, 436, 436, 436, 436, 792, 1787 ],
      "cpuUsages" : [ 1254, 1255, 1254, 1255, 1254, 1255, 1254, 1255, 1254, 1255, 1889, 3666 ],
      "physMemKbytes" : [ 9074, 27223, 45372, 63521, 81671, 99820, 117970, 136119, 154268, 172417, 190003, 196281 ],
      "resourceUsageMetrics" : {
        "cumulativeCpuUsage" : 18100,
        "virtualMemoryUsage" : 2067791872,
        "physicalMemoryUsage" : 201940992,
        "heapUsage" : 139460608
      },
      "vmemKbytes" : [ 94036, 282108, 470181, 658254, 846327, 1034399, 1222472, 1410545, 1598618, 1786691, 1968257, 2019328 ]
    } ],
    "preferredLocations" : [ ]
  }, {
    "inputBytes" : 35337632,
    "inputRecords" : 957865,
    "outputBytes" : 115266600,
    "outputRecords" : 1864815,
    "taskID" : "task_1600222256971_1101_r_000002",
    "startTime" : 1601022900195,
    "finishTime" : 1601022923007,
    "taskType" : "REDUCE",
    "taskStatus" : "SUCCESS",
    "attempts" : [ {
      "attemptID" : "attempt_1600222256971_1101_r_000002_0",
      "result" : "SUCCESS",
      "startTime" : 1601022912245,
      "finishTime" : 1601022923007,
      "hostName" : "/default-rack/slave3",
      "hdfsBytesRead" : 0,
      "hdfsBytesWritten" : 115266600,
      "fileBytesRead" : 35337626,
      "fileBytesWritten" : 35462093,
      "mapInputRecords" : -1,
      "mapInputBytes" : -1,
      "mapOutputBytes" : -1,
      "mapOutputRecords" : -1,
      "combineInputRecords" : 0,
      "reduceInputGroups" : 107402,
      "reduceInputRecords" : 957865,
      "reduceShuffleBytes" : 35337632,
      "reduceOutputRecords" : 1864815,
      "spilledRecords" : 957865,
      "shuffleFinished" : 1601022915009,
      "sortFinished" : 1601022915592,
      "location" : {
        "layers" : [ "default-rack", "slave3" ]
      },
      "clockSplits" : [ 3797, 437, 437, 437, 436, 437, 437, 437, 436, 437, 1213, 1807 ],
      "cpuUsages" : [ 1080, 1080, 1080, 1080, 1080, 1080, 1081, 1080, 1080, 1080, 2103, 2886 ],
      "physMemKbytes" : [ 9324, 27974, 46624, 65273, 83924, 102573, 121224, 139873, 158524, 177174, 193069, 196153 ],
      "resourceUsageMetrics" : {
        "cumulativeCpuUsage" : 15790,
        "virtualMemoryUsage" : 2067791872,
        "physicalMemoryUsage" : 201613312,
        "heapUsage" : 139460608
      },
      "vmemKbytes" : [ 96769, 290307, 483846, 677384, 870923, 1064462, 1258001, 1451539, 1645078, 1838617, 2001124, 2019328 ]
    } ],
    "preferredLocations" : [ ]
  }, {
    "inputBytes" : 36016581,
    "inputRecords" : 979367,
    "outputBytes" : 118228254,
    "outputRecords" : 1913423,
    "taskID" : "task_1600222256971_1101_r_000003",
    "startTime" : 1601022900195,
    "finishTime" : 1601022923857,
    "taskType" : "REDUCE",
    "taskStatus" : "SUCCESS",
    "attempts" : [ {
      "attemptID" : "attempt_1600222256971_1101_r_000003_0",
      "result" : "SUCCESS",
      "startTime" : 1601022912243,
      "finishTime" : 1601022923857,
      "hostName" : "/default-rack/slave2",
      "hdfsBytesRead" : 0,
      "hdfsBytesWritten" : 118228254,
      "fileBytesRead" : 36016575,
      "fileBytesWritten" : 36141042,
      "mapInputRecords" : -1,
      "mapInputBytes" : -1,
      "mapOutputBytes" : -1,
      "mapOutputRecords" : -1,
      "combineInputRecords" : 0,
      "reduceInputGroups" : 108985,
      "reduceInputRecords" : 979367,
      "reduceShuffleBytes" : 36016581,
      "reduceOutputRecords" : 1913423,
      "spilledRecords" : 979367,
      "shuffleFinished" : 1601022915084,
      "sortFinished" : 1601022915773,
      "location" : {
        "layers" : [ "default-rack", "slave2" ]
      },
      "clockSplits" : [ 3978, 441, 441, 441, 442, 441, 441, 441, 442, 441, 1618, 2030 ],
      "cpuUsages" : [ 1186, 1187, 1186, 1187, 1187, 1186, 1187, 1187, 1186, 1187, 2494, 3380 ],
      "physMemKbytes" : [ 9593, 28781, 47969, 67156, 86345, 105532, 124721, 143908, 163097, 182285, 194977, 196179 ],
      "resourceUsageMetrics" : {
        "cumulativeCpuUsage" : 17740,
        "virtualMemoryUsage" : 2076766208,
        "physicalMemoryUsage" : 207249408,
        "heapUsage" : 137887744
      },
      "vmemKbytes" : [ 99276, 297828, 496381, 694934, 893487, 1092040, 1290593, 1489146, 1687699, 1886252, 2016673, 2020434 ]
    } ],
    "preferredLocations" : [ ]
  } ],
  "otherTasks" : [ ],
  "successfulMapAttemptCDFs" : [ {
    "numberValues" : 0,
    "minimum" : -9223372036854775808,
    "rankings" : [ ],
    "maximum" : 9223372036854775807
  }, {
    "numberValues" : 0,
    "minimum" : -9223372036854775808,
    "rankings" : [ ],
    "maximum" : 9223372036854775807
  }, {
    "numberValues" : 0,
    "minimum" : -9223372036854775808,
    "rankings" : [ ],
    "maximum" : 9223372036854775807
  }, {
    "numberValues" : 2,
    "minimum" : 6994,
    "rankings" : [ {
      "relativeRanking" : 0.05,
      "datum" : 6994
    }, {
      "relativeRanking" : 0.1,
      "datum" : 6994
    }, {
      "relativeRanking" : 0.15,
      "datum" : 6994
    }, {
      "relativeRanking" : 0.2,
      "datum" : 6994
    }, {
      "relativeRanking" : 0.25,
      "datum" : 6994
    }, {
      "relativeRanking" : 0.3,
      "datum" : 6994
    }, {
      "relativeRanking" : 0.35,
      "datum" : 6994
    }, {
      "relativeRanking" : 0.4,
      "datum" : 6994
    }, {
      "relativeRanking" : 0.45,
      "datum" : 6994
    }, {
      "relativeRanking" : 0.5,
      "datum" : 6994
    }, {
      "relativeRanking" : 0.55,
      "datum" : 6994
    }, {
      "relativeRanking" : 0.6,
      "datum" : 6994
    }, {
      "relativeRanking" : 0.65,
      "datum" : 6994
    }, {
      "relativeRanking" : 0.7,
      "datum" : 6994
    }, {
      "relativeRanking" : 0.75,
      "datum" : 6994
    }, {
      "relativeRanking" : 0.8,
      "datum" : 6994
    }, {
      "relativeRanking" : 0.85,
      "datum" : 6994
    }, {
      "relativeRanking" : 0.9,
      "datum" : 6994
    }, {
      "relativeRanking" : 0.95,
      "datum" : 6994
    } ],
    "maximum" : 10781
  } ],
  "failedMapAttemptCDFs" : [ {
    "numberValues" : 0,
    "minimum" : -9223372036854775808,
    "rankings" : [ ],
    "maximum" : 9223372036854775807
  }, {
    "numberValues" : 0,
    "minimum" : -9223372036854775808,
    "rankings" : [ ],
    "maximum" : 9223372036854775807
  }, {
    "numberValues" : 0,
    "minimum" : -9223372036854775808,
    "rankings" : [ ],
    "maximum" : 9223372036854775807
  }, {
    "numberValues" : 0,
    "minimum" : -9223372036854775808,
    "rankings" : [ ],
    "maximum" : 9223372036854775807
  } ],
  "successfulReduceAttemptCDF" : {
    "numberValues" : 4,
    "minimum" : 9446,
    "rankings" : [ {
      "relativeRanking" : 0.05,
      "datum" : 9446
    }, {
      "relativeRanking" : 0.1,
      "datum" : 9446
    }, {
      "relativeRanking" : 0.15,
      "datum" : 9446
    }, {
      "relativeRanking" : 0.2,
      "datum" : 9446
    }, {
      "relativeRanking" : 0.25,
      "datum" : 9446
    }, {
      "relativeRanking" : 0.3,
      "datum" : 9446
    }, {
      "relativeRanking" : 0.35,
      "datum" : 9446
    }, {
      "relativeRanking" : 0.4,
      "datum" : 9446
    }, {
      "relativeRanking" : 0.45,
      "datum" : 9446
    }, {
      "relativeRanking" : 0.5,
      "datum" : 10116
    }, {
      "relativeRanking" : 0.55,
      "datum" : 10116
    }, {
      "relativeRanking" : 0.6,
      "datum" : 10116
    }, {
      "relativeRanking" : 0.65,
      "datum" : 10116
    }, {
      "relativeRanking" : 0.7,
      "datum" : 10116
    }, {
      "relativeRanking" : 0.75,
      "datum" : 10762
    }, {
      "relativeRanking" : 0.8,
      "datum" : 10762
    }, {
      "relativeRanking" : 0.85,
      "datum" : 10762
    }, {
      "relativeRanking" : 0.9,
      "datum" : 10762
    }, {
      "relativeRanking" : 0.95,
      "datum" : 10762
    } ],
    "maximum" : 11614
  },
  "failedReduceAttemptCDF" : {
    "numberValues" : 0,
    "minimum" : -9223372036854775808,
    "rankings" : [ ],
    "maximum" : 9223372036854775807
  },
  "queue" : "default",
  "jobName" : "ReduceJoin-[1601022897239]",
  "clusterMapMB" : -1,
  "clusterReduceMB" : -1,
  "jobMapMB" : -1,
  "jobReduceMB" : -1,
  "relativeTime" : 0,
  "mapperTriesToSucceed" : [ 1.0 ],
  "failedMapperFraction" : 0.0,
  "jobProperties" : { }
}