{
  "jobID" : "job_1572946766556_0685",
  "user" : "hadoop",
  "computonsPerMapInputByte" : -1,
  "computonsPerMapOutputByte" : -1,
  "computonsPerReduceInputByte" : -1,
  "computonsPerReduceOutputByte" : -1,
  "submitTime" : 1575463505247,
  "launchTime" : 1575463509084,
  "finishTime" : 1575463552385,
  "heapMegabytes" : -1,
  "totalMaps" : 2,
  "totalReduces" : 1,
  "outcome" : "SUCCESS",
  "jobtype" : "JAVA",
  "priority" : "NORMAL",
  "directDependantJobs" : [ ],
  "mapTasks" : [ {
    "inputBytes" : 79565870,
    "inputRecords" : 2570811,
    "outputBytes" : 140958778,
    "outputRecords" : 2570810,
    "taskID" : "task_1572946766556_0685_m_000000",
    "startTime" : 1575463509137,
    "finishTime" : 1575463523614,
    "taskType" : "MAP",
    "taskStatus" : "SUCCESS",
    "attempts" : [ {
      "attemptID" : "attempt_1572946766556_0685_m_000000_0",
      "result" : "SUCCESS",
      "startTime" : 1575463511290,
      "finishTime" : 1575463523614,
      "hostName" : "/default-rack/slave2",
      "hdfsBytesRead" : 79565870,
      "hdfsBytesWritten" : 0,
      "fileBytesRead" : 70417128,
      "fileBytesWritten" : 140958778,
      "mapInputRecords" : 2570811,
      "mapInputBytes" : -1,
      "mapOutputBytes" : 65275490,
      "mapOutputRecords" : 2570810,
      "combineInputRecords" : 0,
      "reduceInputGroups" : -1,
      "reduceInputRecords" : -1,
      "reduceShuffleBytes" : -1,
      "reduceOutputRecords" : -1,
      "spilledRecords" : 5141620,
      "shuffleFinished" : -1,
      "sortFinished" : -1,
      "location" : {
        "layers" : [ "default-rack", "slave2" ]
      },
      "clockSplits" : [ 1174, 1174, 1174, 1174, 1174, 1174, 1688, 1013, 1014, 612, 469, 470 ],
      "cpuUsages" : [ 2366, 2366, 2366, 2366, 2366, 2366, 2289, 1990, 1990, 974, 610, 611 ],
      "physMemKbytes" : [ 20529, 61588, 102648, 143707, 184767, 225826, 266038, 279214, 279453, 279627, 279635, 279636 ],
      "vmemKbytes" : [ 152243, 456731, 761218, 1065705, 1370193, 1674680, 1972884, 2070699, 2072616, 2074013, 2074079, 2074080 ],
      "resourceUsageMetrics" : {
        "cumulativeCpuUsage" : 22660,
        "virtualMemoryUsage" : 2123857920,
        "physicalMemoryUsage" : 286347264,
        "heapUsage" : 207618048
      }
    } ],
    "preferredLocations" : [ ]
  }, {
    "inputBytes" : 63092039,
    "inputRecords" : 1299730,
    "outputBytes" : 144540516,
    "outputRecords" : 1299729,
    "taskID" : "task_1572946766556_0685_m_000001",
    "startTime" : 1575463509139,
    "finishTime" : 1575463518211,
    "taskType" : "MAP",
    "taskStatus" : "SUCCESS",
    "attempts" : [ {
      "attemptID" : "attempt_1572946766556_0685_m_000001_0",
      "result" : "SUCCESS",
      "startTime" : 1575463511283,
      "finishTime" : 1575463518211,
      "hostName" : "/default-rack/slave2",
      "hdfsBytesRead" : 63092039,
      "hdfsBytesWritten" : 0,
      "fileBytesRead" : 72207994,
      "fileBytesWritten" : 144540516,
      "mapInputRecords" : 1299730,
      "mapInputBytes" : -1,
      "mapOutputBytes" : 69599284,
      "mapOutputRecords" : 1299729,
      "combineInputRecords" : 0,
      "reduceInputGroups" : -1,
      "reduceInputRecords" : -1,
      "reduceShuffleBytes" : -1,
      "reduceOutputRecords" : -1,
      "spilledRecords" : 2599458,
      "shuffleFinished" : -1,
      "sortFinished" : -1,
      "location" : {
        "layers" : [ "default-rack", "slave2" ]
      },
      "clockSplits" : [ 4655, 204, 205, 204, 205, 204, 204, 205, 204, 205, 204, 205 ],
      "cpuUsages" : [ 1074, 1074, 1074, 1074, 1074, 1075, 1074, 1074, 1074, 1074, 1074, 1075 ],
      "physMemKbytes" : [ 11681, 35044, 58407, 81770, 105133, 128496, 151859, 175222, 198585, 221948, 245311, 268674 ],
      "vmemKbytes" : [ 86535, 259605, 432675, 605744, 778815, 951884, 1124955, 1298024, 1471095, 1644165, 1817234, 1990305 ],
      "resourceUsageMetrics" : {
        "cumulativeCpuUsage" : 12890,
        "virtualMemoryUsage" : 2126684160,
        "physicalMemoryUsage" : 287084544,
        "heapUsage" : 206569472
      }
    } ],
    "preferredLocations" : [ ]
  } ],
  "reduceTasks" : [ {
    "inputBytes" : 142625104,
    "inputRecords" : 3870539,
    "outputBytes" : 467892321,
    "outputRecords" : 7567768,
    "taskID" : "task_1572946766556_0685_r_000000",
    "startTime" : 1575463509139,
    "finishTime" : 1575463552315,
    "taskType" : "REDUCE",
    "taskStatus" : "SUCCESS",
    "attempts" : [ {
      "attemptID" : "attempt_1572946766556_0685_r_000000_0",
      "result" : "SUCCESS",
      "startTime" : 1575463521190,
      "finishTime" : 1575463552315,
      "hostName" : "/default-rack/slave4",
      "hdfsBytesRead" : 0,
      "hdfsBytesWritten" : 467892321,
      "fileBytesRead" : 142625104,
      "fileBytesWritten" : 142749583,
      "mapInputRecords" : -1,
      "mapInputBytes" : -1,
      "mapOutputBytes" : -1,
      "mapOutputRecords" : -1,
      "combineInputRecords" : 0,
      "reduceInputGroups" : 432471,
      "reduceInputRecords" : 3870539,
      "reduceShuffleBytes" : 142625104,
      "reduceOutputRecords" : 7567768,
      "spilledRecords" : 3870539,
      "shuffleFinished" : 1575463524712,
      "sortFinished" : 1575463524736,
      "location" : {
        "layers" : [ "default-rack", "slave4" ]
      },
      "clockSplits" : [ 4075, 500, 500, 500, 500, 501, 500, 500, 2885, 6736, 6711, 7203 ],
      "cpuUsages" : [ 1421, 1421, 1421, 1421, 1421, 1421, 1422, 1421, 5453, 11503, 11233, 11802 ],
      "physMemKbytes" : [ 10984, 32952, 54921, 76889, 98858, 120826, 142795, 164763, 185714, 207449, 205542, 195189 ],
      "vmemKbytes" : [ 120624, 361875, 603126, 844376, 1085627, 1326877, 1568128, 1809378, 2033970, 2096217, 2092368, 2081200 ],
      "resourceUsageMetrics" : {
        "cumulativeCpuUsage" : 51360,
        "virtualMemoryUsage" : 2131148800,
        "physicalMemoryUsage" : 199823360,
        "heapUsage" : 134217728
      }
    } ],
    "preferredLocations" : [ ]
  } ],
  "otherTasks" : [ ],
  "successfulMapAttemptCDFs" : [ {
    "numberValues" : 0,
    "minimum" : -9223372036854775808,
    "rankings" : [ ],
    "maximum" : 9223372036854775807
  }, {
    "numberValues" : 0,
    "minimum" : -9223372036854775808,
    "rankings" : [ ],
    "maximum" : 9223372036854775807
  }, {
    "numberValues" : 0,
    "minimum" : -9223372036854775808,
    "rankings" : [ ],
    "maximum" : 9223372036854775807
  }, {
    "numberValues" : 2,
    "minimum" : 6928,
    "rankings" : [ {
      "relativeRanking" : 0.05,
      "datum" : 6928
    }, {
      "relativeRanking" : 0.1,
      "datum" : 6928
    }, {
      "relativeRanking" : 0.15,
      "datum" : 6928
    }, {
      "relativeRanking" : 0.2,
      "datum" : 6928
    }, {
      "relativeRanking" : 0.25,
      "datum" : 6928
    }, {
      "relativeRanking" : 0.3,
      "datum" : 6928
    }, {
      "relativeRanking" : 0.35,
      "datum" : 6928
    }, {
      "relativeRanking" : 0.4,
      "datum" : 6928
    }, {
      "relativeRanking" : 0.45,
      "datum" : 6928
    }, {
      "relativeRanking" : 0.5,
      "datum" : 6928
    }, {
      "relativeRanking" : 0.55,
      "datum" : 6928
    }, {
      "relativeRanking" : 0.6,
      "datum" : 6928
    }, {
      "relativeRanking" : 0.65,
      "datum" : 6928
    }, {
      "relativeRanking" : 0.7,
      "datum" : 6928
    }, {
      "relativeRanking" : 0.75,
      "datum" : 6928
    }, {
      "relativeRanking" : 0.8,
      "datum" : 6928
    }, {
      "relativeRanking" : 0.85,
      "datum" : 6928
    }, {
      "relativeRanking" : 0.9,
      "datum" : 6928
    }, {
      "relativeRanking" : 0.95,
      "datum" : 6928
    } ],
    "maximum" : 12324
  } ],
  "failedMapAttemptCDFs" : [ {
    "numberValues" : 0,
    "minimum" : -9223372036854775808,
    "rankings" : [ ],
    "maximum" : 9223372036854775807
  }, {
    "numberValues" : 0,
    "minimum" : -9223372036854775808,
    "rankings" : [ ],
    "maximum" : 9223372036854775807
  }, {
    "numberValues" : 0,
    "minimum" : -9223372036854775808,
    "rankings" : [ ],
    "maximum" : 9223372036854775807
  }, {
    "numberValues" : 0,
    "minimum" : -9223372036854775808,
    "rankings" : [ ],
    "maximum" : 9223372036854775807
  } ],
  "successfulReduceAttemptCDF" : {
    "numberValues" : 1,
    "minimum" : 31125,
    "rankings" : [ {
      "relativeRanking" : 0.05,
      "datum" : 31125
    }, {
      "relativeRanking" : 0.1,
      "datum" : 31125
    }, {
      "relativeRanking" : 0.15,
      "datum" : 31125
    }, {
      "relativeRanking" : 0.2,
      "datum" : 31125
    }, {
      "relativeRanking" : 0.25,
      "datum" : 31125
    }, {
      "relativeRanking" : 0.3,
      "datum" : 31125
    }, {
      "relativeRanking" : 0.35,
      "datum" : 31125
    }, {
      "relativeRanking" : 0.4,
      "datum" : 31125
    }, {
      "relativeRanking" : 0.45,
      "datum" : 31125
    }, {
      "relativeRanking" : 0.5,
      "datum" : 31125
    }, {
      "relativeRanking" : 0.55,
      "datum" : 31125
    }, {
      "relativeRanking" : 0.6,
      "datum" : 31125
    }, {
      "relativeRanking" : 0.65,
      "datum" : 31125
    }, {
      "relativeRanking" : 0.7,
      "datum" : 31125
    }, {
      "relativeRanking" : 0.75,
      "datum" : 31125
    }, {
      "relativeRanking" : 0.8,
      "datum" : 31125
    }, {
      "relativeRanking" : 0.85,
      "datum" : 31125
    }, {
      "relativeRanking" : 0.9,
      "datum" : 31125
    }, {
      "relativeRanking" : 0.95,
      "datum" : 31125
    } ],
    "maximum" : 31125
  },
  "failedReduceAttemptCDF" : {
    "numberValues" : 0,
    "minimum" : -9223372036854775808,
    "rankings" : [ ],
    "maximum" : 9223372036854775807
  },
  "queue" : "default",
  "jobName" : "ReduceJoin-[1575463502771]",
  "clusterMapMB" : -1,
  "clusterReduceMB" : -1,
  "jobMapMB" : -1,
  "jobReduceMB" : -1,
  "relativeTime" : 0,
  "mapperTriesToSucceed" : [ 1.0 ],
  "failedMapperFraction" : 0.0,
  "jobProperties" : { }
}