{
  "jobID" : "job_1572946766556_0703",
  "user" : "hadoop",
  "computonsPerMapInputByte" : -1,
  "computonsPerMapOutputByte" : -1,
  "computonsPerReduceInputByte" : -1,
  "computonsPerReduceOutputByte" : -1,
  "submitTime" : 1575464439835,
  "launchTime" : 1575464443646,
  "finishTime" : 1575464466943,
  "heapMegabytes" : -1,
  "totalMaps" : 2,
  "totalReduces" : 5,
  "outcome" : "SUCCESS",
  "jobtype" : "JAVA",
  "priority" : "NORMAL",
  "directDependantJobs" : [ ],
  "mapTasks" : [ {
    "inputBytes" : 79565870,
    "inputRecords" : 2570811,
    "outputBytes" : 140958940,
    "outputRecords" : 2570810,
    "taskID" : "task_1572946766556_0703_m_000000",
    "startTime" : 1575464443716,
    "finishTime" : 1575464457415,
    "taskType" : "MAP",
    "taskStatus" : "SUCCESS",
    "attempts" : [ {
      "attemptID" : "attempt_1572946766556_0703_m_000000_0",
      "result" : "SUCCESS",
      "startTime" : 1575464445850,
      "finishTime" : 1575464457415,
      "hostName" : "/default-rack/slave2",
      "hdfsBytesRead" : 79565870,
      "hdfsBytesWritten" : 0,
      "fileBytesRead" : 70913528,
      "fileBytesWritten" : 140958940,
      "mapInputRecords" : 2570811,
      "mapInputBytes" : -1,
      "mapOutputBytes" : 65275490,
      "mapOutputRecords" : 2570810,
      "combineInputRecords" : 0,
      "reduceInputGroups" : -1,
      "reduceInputRecords" : -1,
      "reduceShuffleBytes" : -1,
      "reduceOutputRecords" : -1,
      "spilledRecords" : 5141620,
      "shuffleFinished" : -1,
      "sortFinished" : -1,
      "location" : {
        "layers" : [ "default-rack", "slave2" ]
      },
      "clockSplits" : [ 993, 994, 994, 994, 994, 994, 994, 2227, 705, 704, 531, 428 ],
      "cpuUsages" : [ 1750, 1750, 1750, 1750, 1751, 1750, 1750, 1793, 2061, 2062, 1173, 640 ],
      "physMemKbytes" : [ 17591, 52774, 87959, 123142, 158327, 193510, 228694, 263561, 277856, 279808, 281401, 281648 ],
      "vmemKbytes" : [ 131586, 394758, 657930, 921102, 1184275, 1447447, 1710620, 1971300, 2070161, 2071924, 2073343, 2073468 ],
      "resourceUsageMetrics" : {
        "cumulativeCpuUsage" : 19980,
        "virtualMemoryUsage" : 2123231232,
        "physicalMemoryUsage" : 288468992,
        "heapUsage" : 208142336
      }
    } ],
    "preferredLocations" : [ ]
  }, {
    "inputBytes" : 63092039,
    "inputRecords" : 1299730,
    "outputBytes" : 144540684,
    "outputRecords" : 1299729,
    "taskID" : "task_1572946766556_0703_m_000001",
    "startTime" : 1575464443718,
    "finishTime" : 1575464453706,
    "taskType" : "MAP",
    "taskStatus" : "SUCCESS",
    "attempts" : [ {
      "attemptID" : "attempt_1572946766556_0703_m_000001_0",
      "result" : "SUCCESS",
      "startTime" : 1575464445843,
      "finishTime" : 1575464453706,
      "hostName" : "/default-rack/slave2",
      "hdfsBytesRead" : 63092039,
      "hdfsBytesWritten" : 0,
      "fileBytesRead" : 72655756,
      "fileBytesWritten" : 144540684,
      "mapInputRecords" : 1299730,
      "mapInputBytes" : -1,
      "mapOutputBytes" : 69599284,
      "mapOutputRecords" : 1299729,
      "combineInputRecords" : 0,
      "reduceInputGroups" : -1,
      "reduceInputRecords" : -1,
      "reduceShuffleBytes" : -1,
      "reduceOutputRecords" : -1,
      "spilledRecords" : 2599458,
      "shuffleFinished" : -1,
      "sortFinished" : -1,
      "location" : {
        "layers" : [ "default-rack", "slave2" ]
      },
      "clockSplits" : [ 4255, 326, 326, 326, 326, 326, 326, 326, 326, 326, 326, 326 ],
      "cpuUsages" : [ 1038, 1038, 1039, 1038, 1038, 1039, 1038, 1038, 1039, 1038, 1038, 1039 ],
      "physMemKbytes" : [ 11803, 35410, 59018, 82625, 106232, 129839, 153447, 177054, 200662, 224269, 247876, 271484 ],
      "vmemKbytes" : [ 86398, 259195, 431993, 604790, 777587, 950384, 1123182, 1295979, 1468777, 1641574, 1814371, 1987169 ],
      "resourceUsageMetrics" : {
        "cumulativeCpuUsage" : 12460,
        "virtualMemoryUsage" : 2123333632,
        "physicalMemoryUsage" : 290086912,
        "heapUsage" : 207093760
      }
    } ],
    "preferredLocations" : [ ]
  } ],
  "reduceTasks" : [ {
    "inputBytes" : 28301694,
    "inputRecords" : 767248,
    "outputBytes" : 92921883,
    "outputRecords" : 1499523,
    "taskID" : "task_1572946766556_0703_r_000000",
    "startTime" : 1575464443718,
    "finishTime" : 1575464465877,
    "taskType" : "REDUCE",
    "taskStatus" : "SUCCESS",
    "attempts" : [ {
      "attemptID" : "attempt_1572946766556_0703_r_000000_0",
      "result" : "SUCCESS",
      "startTime" : 1575464456770,
      "finishTime" : 1575464465877,
      "hostName" : "/default-rack/slave2",
      "hdfsBytesRead" : 0,
      "hdfsBytesWritten" : 92921883,
      "fileBytesRead" : 28301688,
      "fileBytesWritten" : 28426167,
      "mapInputRecords" : -1,
      "mapInputBytes" : -1,
      "mapOutputBytes" : -1,
      "mapOutputRecords" : -1,
      "combineInputRecords" : 0,
      "reduceInputGroups" : 86038,
      "reduceInputRecords" : 767248,
      "reduceShuffleBytes" : 28301694,
      "reduceOutputRecords" : 1499523,
      "spilledRecords" : 767248,
      "shuffleFinished" : 1575464458804,
      "sortFinished" : 1575464459349,
      "location" : {
        "layers" : [ "default-rack", "slave2" ]
      },
      "clockSplits" : [ 3055, 471, 470, 471, 471, 470, 471, 471, 470, 471, 471, 1332 ],
      "cpuUsages" : [ 1068, 1069, 1069, 1069, 1068, 1069, 1069, 1069, 1069, 1068, 1069, 2164 ],
      "physMemKbytes" : [ 8755, 26265, 43776, 61286, 78797, 96308, 113819, 131329, 148840, 166351, 183861, 197609 ],
      "vmemKbytes" : [ 91800, 275401, 459003, 642604, 826205, 1009806, 1193408, 1377009, 1560611, 1744212, 1927813, 2071406 ],
      "resourceUsageMetrics" : {
        "cumulativeCpuUsage" : 13920,
        "virtualMemoryUsage" : 2131976192,
        "physicalMemoryUsage" : 203497472,
        "heapUsage" : 134217728
      }
    } ],
    "preferredLocations" : [ ]
  }, {
    "inputBytes" : 28473030,
    "inputRecords" : 774394,
    "outputBytes" : 93470287,
    "outputRecords" : 1510425,
    "taskID" : "task_1572946766556_0703_r_000001",
    "startTime" : 1575464443718,
    "finishTime" : 1575464466865,
    "taskType" : "REDUCE",
    "taskStatus" : "SUCCESS",
    "attempts" : [ {
      "attemptID" : "attempt_1572946766556_0703_r_000001_0",
      "result" : "SUCCESS",
      "startTime" : 1575464456787,
      "finishTime" : 1575464466865,
      "hostName" : "/default-rack/slave1",
      "hdfsBytesRead" : 0,
      "hdfsBytesWritten" : 93470287,
      "fileBytesRead" : 28473024,
      "fileBytesWritten" : 28597503,
      "mapInputRecords" : -1,
      "mapInputBytes" : -1,
      "mapOutputBytes" : -1,
      "mapOutputRecords" : -1,
      "combineInputRecords" : 0,
      "reduceInputGroups" : 86359,
      "reduceInputRecords" : 774394,
      "reduceShuffleBytes" : 28473030,
      "reduceOutputRecords" : 1510425,
      "spilledRecords" : 774394,
      "shuffleFinished" : 1575464459664,
      "sortFinished" : 1575464460145,
      "location" : {
        "layers" : [ "default-rack", "slave1" ]
      },
      "clockSplits" : [ 3772, 410, 410, 410, 409, 410, 410, 410, 410, 409, 410, 2194 ],
      "cpuUsages" : [ 1039, 1040, 1040, 1039, 1040, 1040, 1039, 1040, 1040, 1040, 1039, 2214 ],
      "physMemKbytes" : [ 8533, 25601, 42669, 59736, 76805, 93872, 110941, 128008, 145077, 162144, 179211, 192445 ],
      "vmemKbytes" : [ 91997, 275991, 459985, 643978, 827973, 1011966, 1195961, 1379954, 1563949, 1747943, 1931936, 2073445 ],
      "resourceUsageMetrics" : {
        "cumulativeCpuUsage" : 13650,
        "virtualMemoryUsage" : 2132881408,
        "physicalMemoryUsage" : 198172672,
        "heapUsage" : 136839168
      }
    } ],
    "preferredLocations" : [ ]
  }, {
    "inputBytes" : 28549375,
    "inputRecords" : 773436,
    "outputBytes" : 93480774,
    "outputRecords" : 1513228,
    "taskID" : "task_1572946766556_0703_r_000002",
    "startTime" : 1575464443719,
    "finishTime" : 1575464465873,
    "taskType" : "REDUCE",
    "taskStatus" : "SUCCESS",
    "attempts" : [ {
      "attemptID" : "attempt_1572946766556_0703_r_000002_0",
      "result" : "SUCCESS",
      "startTime" : 1575464456783,
      "finishTime" : 1575464465873,
      "hostName" : "/default-rack/slave3",
      "hdfsBytesRead" : 0,
      "hdfsBytesWritten" : 93480774,
      "fileBytesRead" : 28549369,
      "fileBytesWritten" : 28673848,
      "mapInputRecords" : -1,
      "mapInputBytes" : -1,
      "mapOutputBytes" : -1,
      "mapOutputRecords" : -1,
      "combineInputRecords" : 0,
      "reduceInputGroups" : 86665,
      "reduceInputRecords" : 773436,
      "reduceShuffleBytes" : 28549375,
      "reduceOutputRecords" : 1513228,
      "spilledRecords" : 773436,
      "shuffleFinished" : 1575464459615,
      "sortFinished" : 1575464460070,
      "location" : {
        "layers" : [ "default-rack", "slave3" ]
      },
      "clockSplits" : [ 3686, 405, 406, 405, 405, 406, 405, 405, 406, 405, 406, 1336 ],
      "cpuUsages" : [ 1077, 1078, 1078, 1078, 1078, 1078, 1078, 1078, 1078, 1078, 1078, 2403 ],
      "physMemKbytes" : [ 8492, 25477, 42462, 59447, 76433, 93418, 110403, 127388, 144374, 161359, 178344, 190565 ],
      "vmemKbytes" : [ 92675, 278025, 463375, 648725, 834076, 1019425, 1204776, 1390126, 1575477, 1760827, 1946176, 2077180 ],
      "resourceUsageMetrics" : {
        "cumulativeCpuUsage" : 14260,
        "virtualMemoryUsage" : 2132238336,
        "physicalMemoryUsage" : 195973120,
        "heapUsage" : 135790592
      }
    } ],
    "preferredLocations" : [ ]
  }, {
    "inputBytes" : 28681925,
    "inputRecords" : 778010,
    "outputBytes" : 94147947,
    "outputRecords" : 1520181,
    "taskID" : "task_1572946766556_0703_r_000003",
    "startTime" : 1575464443719,
    "finishTime" : 1575464465913,
    "taskType" : "REDUCE",
    "taskStatus" : "SUCCESS",
    "attempts" : [ {
      "attemptID" : "attempt_1572946766556_0703_r_000003_0",
      "result" : "SUCCESS",
      "startTime" : 1575464456780,
      "finishTime" : 1575464465913,
      "hostName" : "/default-rack/slave5",
      "hdfsBytesRead" : 0,
      "hdfsBytesWritten" : 94147947,
      "fileBytesRead" : 28681919,
      "fileBytesWritten" : 28806398,
      "mapInputRecords" : -1,
      "mapInputBytes" : -1,
      "mapOutputBytes" : -1,
      "mapOutputRecords" : -1,
      "combineInputRecords" : 0,
      "reduceInputGroups" : 86866,
      "reduceInputRecords" : 778010,
      "reduceShuffleBytes" : 28681925,
      "reduceOutputRecords" : 1520181,
      "spilledRecords" : 778010,
      "shuffleFinished" : 1575464459551,
      "sortFinished" : 1575464460012,
      "location" : {
        "layers" : [ "default-rack", "slave5" ]
      },
      "clockSplits" : [ 3650, 412, 412, 412, 412, 413, 412, 412, 412, 412, 413, 1348 ],
      "cpuUsages" : [ 1024, 1025, 1025, 1025, 1025, 1025, 1025, 1025, 1024, 1025, 1025, 2277 ],
      "physMemKbytes" : [ 8902, 26708, 44514, 62319, 80125, 97930, 115737, 133542, 151348, 169154, 186959, 198382 ],
      "vmemKbytes" : [ 93404, 280212, 467021, 653829, 840638, 1027447, 1214256, 1401064, 1587873, 1774682, 1961491, 2081221 ],
      "resourceUsageMetrics" : {
        "cumulativeCpuUsage" : 13550,
        "virtualMemoryUsage" : 2133397504,
        "physicalMemoryUsage" : 203370496,
        "heapUsage" : 133693440
      }
    } ],
    "preferredLocations" : [ ]
  }, {
    "inputBytes" : 28619128,
    "inputRecords" : 777451,
    "outputBytes" : 93871430,
    "outputRecords" : 1524411,
    "taskID" : "task_1572946766556_0703_r_000004",
    "startTime" : 1575464443719,
    "finishTime" : 1575464465796,
    "taskType" : "REDUCE",
    "taskStatus" : "SUCCESS",
    "attempts" : [ {
      "attemptID" : "attempt_1572946766556_0703_r_000004_0",
      "result" : "SUCCESS",
      "startTime" : 1575464456776,
      "finishTime" : 1575464465796,
      "hostName" : "/default-rack/slave4",
      "hdfsBytesRead" : 0,
      "hdfsBytesWritten" : 93871430,
      "fileBytesRead" : 28619122,
      "fileBytesWritten" : 28743601,
      "mapInputRecords" : -1,
      "mapInputBytes" : -1,
      "mapOutputBytes" : -1,
      "mapOutputRecords" : -1,
      "combineInputRecords" : 0,
      "reduceInputGroups" : 86543,
      "reduceInputRecords" : 777451,
      "reduceShuffleBytes" : 28619128,
      "reduceOutputRecords" : 1524411,
      "spilledRecords" : 777451,
      "shuffleFinished" : 1575464459566,
      "sortFinished" : 1575464460026,
      "location" : {
        "layers" : [ "default-rack", "slave4" ]
      },
      "clockSplits" : [ 3687, 404, 403, 404, 404, 403, 404, 404, 403, 404, 404, 1278 ],
      "cpuUsages" : [ 1066, 1066, 1066, 1066, 1066, 1067, 1066, 1066, 1066, 1066, 1067, 2182 ],
      "physMemKbytes" : [ 8625, 25876, 43127, 60378, 77629, 94880, 112131, 129382, 146633, 163884, 181135, 193623 ],
      "vmemKbytes" : [ 92495, 277485, 462475, 647464, 832455, 1017444, 1202435, 1387424, 1572415, 1757405, 1942394, 2076043 ],
      "resourceUsageMetrics" : {
        "cumulativeCpuUsage" : 13910,
        "virtualMemoryUsage" : 2132025344,
        "physicalMemoryUsage" : 198885376,
        "heapUsage" : 133693440
      }
    } ],
    "preferredLocations" : [ ]
  } ],
  "otherTasks" : [ ],
  "successfulMapAttemptCDFs" : [ {
    "numberValues" : 0,
    "minimum" : -9223372036854775808,
    "rankings" : [ ],
    "maximum" : 9223372036854775807
  }, {
    "numberValues" : 0,
    "minimum" : -9223372036854775808,
    "rankings" : [ ],
    "maximum" : 9223372036854775807
  }, {
    "numberValues" : 0,
    "minimum" : -9223372036854775808,
    "rankings" : [ ],
    "maximum" : 9223372036854775807
  }, {
    "numberValues" : 2,
    "minimum" : 7863,
    "rankings" : [ {
      "relativeRanking" : 0.05,
      "datum" : 7863
    }, {
      "relativeRanking" : 0.1,
      "datum" : 7863
    }, {
      "relativeRanking" : 0.15,
      "datum" : 7863
    }, {
      "relativeRanking" : 0.2,
      "datum" : 7863
    }, {
      "relativeRanking" : 0.25,
      "datum" : 7863
    }, {
      "relativeRanking" : 0.3,
      "datum" : 7863
    }, {
      "relativeRanking" : 0.35,
      "datum" : 7863
    }, {
      "relativeRanking" : 0.4,
      "datum" : 7863
    }, {
      "relativeRanking" : 0.45,
      "datum" : 7863
    }, {
      "relativeRanking" : 0.5,
      "datum" : 7863
    }, {
      "relativeRanking" : 0.55,
      "datum" : 7863
    }, {
      "relativeRanking" : 0.6,
      "datum" : 7863
    }, {
      "relativeRanking" : 0.65,
      "datum" : 7863
    }, {
      "relativeRanking" : 0.7,
      "datum" : 7863
    }, {
      "relativeRanking" : 0.75,
      "datum" : 7863
    }, {
      "relativeRanking" : 0.8,
      "datum" : 7863
    }, {
      "relativeRanking" : 0.85,
      "datum" : 7863
    }, {
      "relativeRanking" : 0.9,
      "datum" : 7863
    }, {
      "relativeRanking" : 0.95,
      "datum" : 7863
    } ],
    "maximum" : 11565
  } ],
  "failedMapAttemptCDFs" : [ {
    "numberValues" : 0,
    "minimum" : -9223372036854775808,
    "rankings" : [ ],
    "maximum" : 9223372036854775807
  }, {
    "numberValues" : 0,
    "minimum" : -9223372036854775808,
    "rankings" : [ ],
    "maximum" : 9223372036854775807
  }, {
    "numberValues" : 0,
    "minimum" : -9223372036854775808,
    "rankings" : [ ],
    "maximum" : 9223372036854775807
  }, {
    "numberValues" : 0,
    "minimum" : -9223372036854775808,
    "rankings" : [ ],
    "maximum" : 9223372036854775807
  } ],
  "successfulReduceAttemptCDF" : {
    "numberValues" : 5,
    "minimum" : 9020,
    "rankings" : [ {
      "relativeRanking" : 0.05,
      "datum" : 9020
    }, {
      "relativeRanking" : 0.1,
      "datum" : 9020
    }, {
      "relativeRanking" : 0.15,
      "datum" : 9020
    }, {
      "relativeRanking" : 0.2,
      "datum" : 9020
    }, {
      "relativeRanking" : 0.25,
      "datum" : 9020
    }, {
      "relativeRanking" : 0.3,
      "datum" : 9020
    }, {
      "relativeRanking" : 0.35,
      "datum" : 9020
    }, {
      "relativeRanking" : 0.4,
      "datum" : 9090
    }, {
      "relativeRanking" : 0.45,
      "datum" : 9090
    }, {
      "relativeRanking" : 0.5,
      "datum" : 9090
    }, {
      "relativeRanking" : 0.55,
      "datum" : 9090
    }, {
      "relativeRanking" : 0.6,
      "datum" : 9107
    }, {
      "relativeRanking" : 0.65,
      "datum" : 9107
    }, {
      "relativeRanking" : 0.7,
      "datum" : 9107
    }, {
      "relativeRanking" : 0.75,
      "datum" : 9107
    }, {
      "relativeRanking" : 0.8,
      "datum" : 9133
    }, {
      "relativeRanking" : 0.85,
      "datum" : 9133
    }, {
      "relativeRanking" : 0.9,
      "datum" : 9133
    }, {
      "relativeRanking" : 0.95,
      "datum" : 9133
    } ],
    "maximum" : 10078
  },
  "failedReduceAttemptCDF" : {
    "numberValues" : 0,
    "minimum" : -9223372036854775808,
    "rankings" : [ ],
    "maximum" : 9223372036854775807
  },
  "queue" : "default",
  "jobName" : "ReduceJoin-[1575464437284]",
  "clusterMapMB" : -1,
  "clusterReduceMB" : -1,
  "jobMapMB" : -1,
  "jobReduceMB" : -1,
  "relativeTime" : 0,
  "mapperTriesToSucceed" : [ 1.0 ],
  "failedMapperFraction" : 0.0,
  "jobProperties" : { }
}