{
  "jobID" : "job_1600222256971_1116",
  "user" : "hadoop",
  "computonsPerMapInputByte" : -1,
  "computonsPerMapOutputByte" : -1,
  "computonsPerReduceInputByte" : -1,
  "computonsPerReduceOutputByte" : -1,
  "submitTime" : 1601023540661,
  "launchTime" : 1601023544205,
  "finishTime" : 1601023562652,
  "heapMegabytes" : -1,
  "totalMaps" : 8,
  "totalReduces" : 6,
  "outcome" : "SUCCESS",
  "jobtype" : "JAVA",
  "priority" : "NORMAL",
  "directDependantJobs" : [ ],
  "mapTasks" : [ {
    "inputBytes" : 134217938,
    "inputRecords" : 1342178,
    "outputBytes" : 279298110,
    "outputRecords" : 1342178,
    "taskID" : "task_1600222256971_1116_m_000000",
    "startTime" : 1601023544275,
    "finishTime" : 1601023554660,
    "taskType" : "MAP",
    "taskStatus" : "SUCCESS",
    "attempts" : [ {
      "attemptID" : "attempt_1600222256971_1116_m_000000_0",
      "result" : "SUCCESS",
      "startTime" : 1601023546490,
      "finishTime" : 1601023554660,
      "hostName" : "/default-rack/slave2",
      "hdfsBytesRead" : 134217938,
      "hdfsBytesWritten" : 0,
      "fileBytesRead" : 140352729,
      "fileBytesWritten" : 279298110,
      "mapInputRecords" : 1342178,
      "mapInputBytes" : -1,
      "mapOutputBytes" : 136902156,
      "mapOutputRecords" : 1342178,
      "combineInputRecords" : 0,
      "reduceInputGroups" : -1,
      "reduceInputRecords" : -1,
      "reduceShuffleBytes" : -1,
      "reduceOutputRecords" : -1,
      "spilledRecords" : 2684356,
      "shuffleFinished" : -1,
      "sortFinished" : -1,
      "location" : {
        "layers" : [ "default-rack", "slave2" ]
      },
      "clockSplits" : [ 5787, 205, 205, 205, 205, 205, 205, 205, 205, 205, 205, 318 ],
      "cpuUsages" : [ 1031, 1031, 1032, 1031, 1031, 1032, 1031, 1031, 1032, 1031, 1032, 1175 ],
      "physMemKbytes" : [ 12345, 37036, 61728, 86419, 111111, 135802, 160494, 185185, 209877, 234568, 259259, 283076 ],
      "vmemKbytes" : [ 85978, 257934, 429891, 601847, 773804, 945760, 1117717, 1289673, 1461630, 1633587, 1805543, 1971324 ],
      "resourceUsageMetrics" : {
        "cumulativeCpuUsage" : 12520,
        "virtualMemoryUsage" : 2065809408,
        "physicalMemoryUsage" : 296722432,
        "heapUsage" : 197656576
      }
    } ],
    "preferredLocations" : [ ]
  }, {
    "inputBytes" : 134217838,
    "inputRecords" : 1342177,
    "outputBytes" : 279297902,
    "outputRecords" : 1342177,
    "taskID" : "task_1600222256971_1116_m_000001",
    "startTime" : 1601023544277,
    "finishTime" : 1601023553624,
    "taskType" : "MAP",
    "taskStatus" : "SUCCESS",
    "attempts" : [ {
      "attemptID" : "attempt_1600222256971_1116_m_000001_0",
      "result" : "SUCCESS",
      "startTime" : 1601023546491,
      "finishTime" : 1601023553624,
      "hostName" : "/default-rack/slave3",
      "hdfsBytesRead" : 134217838,
      "hdfsBytesWritten" : 0,
      "fileBytesRead" : 140363649,
      "fileBytesWritten" : 279297902,
      "mapInputRecords" : 1342177,
      "mapInputBytes" : -1,
      "mapOutputBytes" : 136902054,
      "mapOutputRecords" : 1342177,
      "combineInputRecords" : 0,
      "reduceInputGroups" : -1,
      "reduceInputRecords" : -1,
      "reduceShuffleBytes" : -1,
      "reduceOutputRecords" : -1,
      "spilledRecords" : 2684354,
      "shuffleFinished" : -1,
      "sortFinished" : -1,
      "location" : {
        "layers" : [ "default-rack", "slave3" ]
      },
      "clockSplits" : [ 5096, 184, 184, 184, 184, 184, 184, 184, 184, 184, 184, 184 ],
      "cpuUsages" : [ 886, 887, 887, 886, 887, 887, 886, 887, 887, 886, 887, 887 ],
      "physMemKbytes" : [ 11717, 35151, 58586, 82020, 105455, 128890, 152325, 175759, 199194, 222629, 246063, 269498 ],
      "vmemKbytes" : [ 83911, 251733, 419555, 587377, 755200, 923022, 1090845, 1258666, 1426489, 1594312, 1762133, 1929956 ],
      "resourceUsageMetrics" : {
        "cumulativeCpuUsage" : 10640,
        "virtualMemoryUsage" : 2062200832,
        "physicalMemoryUsage" : 287965184,
        "heapUsage" : 197656576
      }
    } ],
    "preferredLocations" : [ ]
  }, {
    "inputBytes" : 134217838,
    "inputRecords" : 1342177,
    "outputBytes" : 279297902,
    "outputRecords" : 1342177,
    "taskID" : "task_1600222256971_1116_m_000002",
    "startTime" : 1601023544277,
    "finishTime" : 1601023554920,
    "taskType" : "MAP",
    "taskStatus" : "SUCCESS",
    "attempts" : [ {
      "attemptID" : "attempt_1600222256971_1116_m_000002_0",
      "result" : "SUCCESS",
      "startTime" : 1601023546493,
      "finishTime" : 1601023554920,
      "hostName" : "/default-rack/slave5",
      "hdfsBytesRead" : 134217838,
      "hdfsBytesWritten" : 0,
      "fileBytesRead" : 140554209,
      "fileBytesWritten" : 279297902,
      "mapInputRecords" : 1342177,
      "mapInputBytes" : -1,
      "mapOutputBytes" : 136902054,
      "mapOutputRecords" : 1342177,
      "combineInputRecords" : 0,
      "reduceInputGroups" : -1,
      "reduceInputRecords" : -1,
      "reduceShuffleBytes" : -1,
      "reduceOutputRecords" : -1,
      "spilledRecords" : 2684354,
      "shuffleFinished" : -1,
      "sortFinished" : -1,
      "location" : {
        "layers" : [ "default-rack", "slave5" ]
      },
      "clockSplits" : [ 6313, 173, 173, 173, 173, 172, 173, 173, 173, 173, 272, 273 ],
      "cpuUsages" : [ 1271, 1272, 1272, 1272, 1271, 1272, 1272, 1272, 1271, 1267, 454, 454 ],
      "physMemKbytes" : [ 14227, 42684, 71140, 99596, 128053, 156508, 184965, 213421, 241878, 270333, 284427, 284500 ],
      "vmemKbytes" : [ 100764, 302292, 503821, 705350, 906879, 1108408, 1309937, 1511466, 1712995, 1914521, 2014079, 2014080 ],
      "resourceUsageMetrics" : {
        "cumulativeCpuUsage" : 13620,
        "virtualMemoryUsage" : 2062417920,
        "physicalMemoryUsage" : 291364864,
        "heapUsage" : 197656576
      }
    }, {
      "attemptID" : "attempt_1600222256971_1116_m_000002_1",
      "result" : "KILLED",
      "startTime" : 1601023554303,
      "finishTime" : 1601023554947,
      "hostName" : "/default-rack/slave5",
      "hdfsBytesRead" : -1,
      "hdfsBytesWritten" : -1,
      "fileBytesRead" : -1,
      "fileBytesWritten" : -1,
      "mapInputRecords" : -1,
      "mapInputBytes" : -1,
      "mapOutputBytes" : -1,
      "mapOutputRecords" : -1,
      "combineInputRecords" : -1,
      "reduceInputGroups" : -1,
      "reduceInputRecords" : -1,
      "reduceShuffleBytes" : -1,
      "reduceOutputRecords" : -1,
      "spilledRecords" : -1,
      "shuffleFinished" : -1,
      "sortFinished" : -1,
      "location" : {
        "layers" : [ "default-rack", "slave5" ]
      },
      "clockSplits" : [ 51, 52, 52, 51, 52, 52, 51, 52, 52, 51, 52, 52 ],
      "cpuUsages" : [ 0, 0, 0, 0, 0, 0, 0, 0, 0, 0, 0, 0 ],
      "physMemKbytes" : [ 0, 0, 0, 0, 0, 0, 0, 0, 0, 0, 0, 0 ],
      "vmemKbytes" : [ 0, 0, 0, 0, 0, 0, 0, 0, 0, 0, 0, 0 ],
      "resourceUsageMetrics" : {
        "cumulativeCpuUsage" : 0,
        "virtualMemoryUsage" : 0,
        "physicalMemoryUsage" : 0,
        "heapUsage" : 0
      }
    } ],
    "preferredLocations" : [ ]
  }, {
    "inputBytes" : 134217938,
    "inputRecords" : 1342178,
    "outputBytes" : 279298110,
    "outputRecords" : 1342178,
    "taskID" : "task_1600222256971_1116_m_000003",
    "startTime" : 1601023544277,
    "finishTime" : 1601023553310,
    "taskType" : "MAP",
    "taskStatus" : "SUCCESS",
    "attempts" : [ {
      "attemptID" : "attempt_1600222256971_1116_m_000003_0",
      "result" : "SUCCESS",
      "startTime" : 1601023546494,
      "finishTime" : 1601023553310,
      "hostName" : "/default-rack/slave5",
      "hdfsBytesRead" : 134217938,
      "hdfsBytesWritten" : 0,
      "fileBytesRead" : 140412945,
      "fileBytesWritten" : 279298110,
      "mapInputRecords" : 1342178,
      "mapInputBytes" : -1,
      "mapOutputBytes" : 136902156,
      "mapOutputRecords" : 1342178,
      "combineInputRecords" : 0,
      "reduceInputGroups" : -1,
      "reduceInputRecords" : -1,
      "reduceShuffleBytes" : -1,
      "reduceOutputRecords" : -1,
      "spilledRecords" : 2684356,
      "shuffleFinished" : -1,
      "sortFinished" : -1,
      "location" : {
        "layers" : [ "default-rack", "slave5" ]
      },
      "clockSplits" : [ 4787, 183, 183, 183, 183, 184, 183, 183, 183, 183, 183, 184 ],
      "cpuUsages" : [ 835, 836, 836, 836, 836, 836, 835, 836, 836, 836, 836, 836 ],
      "physMemKbytes" : [ 11650, 34950, 58250, 81550, 104851, 128151, 151452, 174751, 198052, 221353, 244652, 267953 ],
      "vmemKbytes" : [ 83854, 251562, 419270, 586978, 754687, 922395, 1090104, 1257811, 1425520, 1593229, 1760936, 1928645 ],
      "resourceUsageMetrics" : {
        "cumulativeCpuUsage" : 10030,
        "virtualMemoryUsage" : 2060800000,
        "physicalMemoryUsage" : 286314496,
        "heapUsage" : 187695104
      }
    } ],
    "preferredLocations" : [ ]
  }, {
    "inputBytes" : 134217838,
    "inputRecords" : 1342177,
    "outputBytes" : 279297902,
    "outputRecords" : 1342177,
    "taskID" : "task_1600222256971_1116_m_000004",
    "startTime" : 1601023544277,
    "finishTime" : 1601023554389,
    "taskType" : "MAP",
    "taskStatus" : "SUCCESS",
    "attempts" : [ {
      "attemptID" : "attempt_1600222256971_1116_m_000004_0",
      "result" : "SUCCESS",
      "startTime" : 1601023546493,
      "finishTime" : 1601023554389,
      "hostName" : "/default-rack/slave1",
      "hdfsBytesRead" : 134217838,
      "hdfsBytesWritten" : 0,
      "fileBytesRead" : 140501929,
      "fileBytesWritten" : 279297902,
      "mapInputRecords" : 1342177,
      "mapInputBytes" : -1,
      "mapOutputBytes" : 136902054,
      "mapOutputRecords" : 1342177,
      "combineInputRecords" : 0,
      "reduceInputGroups" : -1,
      "reduceInputRecords" : -1,
      "reduceShuffleBytes" : -1,
      "reduceOutputRecords" : -1,
      "spilledRecords" : 2684354,
      "shuffleFinished" : -1,
      "sortFinished" : -1,
      "location" : {
        "layers" : [ "default-rack", "slave1" ]
      },
      "clockSplits" : [ 5805, 186, 186, 186, 186, 187, 186, 186, 186, 186, 186, 187 ],
      "cpuUsages" : [ 1023, 1023, 1024, 1023, 1023, 1024, 1023, 1023, 1024, 1023, 1023, 1024 ],
      "physMemKbytes" : [ 12062, 36186, 60310, 84433, 108558, 132681, 156806, 180929, 205054, 229178, 253301, 277426 ],
      "vmemKbytes" : [ 83884, 251653, 419422, 587191, 754960, 922729, 1090498, 1258267, 1426036, 1593805, 1761574, 1929343 ],
      "resourceUsageMetrics" : {
        "cumulativeCpuUsage" : 12340,
        "virtualMemoryUsage" : 2061545472,
        "physicalMemoryUsage" : 296378368,
        "heapUsage" : 197132288
      }
    } ],
    "preferredLocations" : [ ]
  }, {
    "inputBytes" : 134217838,
    "inputRecords" : 1342177,
    "outputBytes" : 279297902,
    "outputRecords" : 1342177,
    "taskID" : "task_1600222256971_1116_m_000005",
    "startTime" : 1601023544278,
    "finishTime" : 1601023554459,
    "taskType" : "MAP",
    "taskStatus" : "SUCCESS",
    "attempts" : [ {
      "attemptID" : "attempt_1600222256971_1116_m_000005_0",
      "result" : "SUCCESS",
      "startTime" : 1601023546492,
      "finishTime" : 1601023554459,
      "hostName" : "/default-rack/slave1",
      "hdfsBytesRead" : 134217838,
      "hdfsBytesWritten" : 0,
      "fileBytesRead" : 140446953,
      "fileBytesWritten" : 279297902,
      "mapInputRecords" : 1342177,
      "mapInputBytes" : -1,
      "mapOutputBytes" : 136902054,
      "mapOutputRecords" : 1342177,
      "combineInputRecords" : 0,
      "reduceInputGroups" : -1,
      "reduceInputRecords" : -1,
      "reduceShuffleBytes" : -1,
      "reduceOutputRecords" : -1,
      "spilledRecords" : 2684354,
      "shuffleFinished" : -1,
      "sortFinished" : -1,
      "location" : {
        "layers" : [ "default-rack", "slave1" ]
      },
      "clockSplits" : [ 5770, 193, 193, 193, 193, 193, 192, 193, 193, 193, 193, 193 ],
      "cpuUsages" : [ 1055, 1055, 1055, 1055, 1055, 1055, 1055, 1055, 1055, 1055, 1055, 1055 ],
      "physMemKbytes" : [ 11925, 35776, 59628, 83479, 107330, 131181, 155033, 178884, 202736, 226587, 250438, 274290 ],
      "vmemKbytes" : [ 83898, 251694, 419490, 587285, 755082, 922877, 1090674, 1258469, 1426266, 1594062, 1761857, 1929654 ],
      "resourceUsageMetrics" : {
        "cumulativeCpuUsage" : 12840,
        "virtualMemoryUsage" : 2061877248,
        "physicalMemoryUsage" : 293109760,
        "heapUsage" : 187695104
      }
    } ],
    "preferredLocations" : [ ]
  }, {
    "inputBytes" : 97346938,
    "inputRecords" : 973468,
    "outputBytes" : 202606394,
    "outputRecords" : 973468,
    "taskID" : "task_1600222256971_1116_m_000006",
    "startTime" : 1601023544278,
    "finishTime" : 1601023552663,
    "taskType" : "MAP",
    "taskStatus" : "SUCCESS",
    "attempts" : [ {
      "attemptID" : "attempt_1600222256971_1116_m_000006_0",
      "result" : "SUCCESS",
      "startTime" : 1601023546483,
      "finishTime" : 1601023552663,
      "hostName" : "/default-rack/slave2",
      "hdfsBytesRead" : 97346938,
      "hdfsBytesWritten" : 0,
      "fileBytesRead" : 101699283,
      "fileBytesWritten" : 202606394,
      "mapInputRecords" : 973468,
      "mapInputBytes" : -1,
      "mapOutputBytes" : 99293736,
      "mapOutputRecords" : 973468,
      "combineInputRecords" : 0,
      "reduceInputGroups" : -1,
      "reduceInputRecords" : -1,
      "reduceShuffleBytes" : -1,
      "reduceOutputRecords" : -1,
      "spilledRecords" : 1946936,
      "shuffleFinished" : -1,
      "sortFinished" : -1,
      "location" : {
        "layers" : [ "default-rack", "slave2" ]
      },
      "clockSplits" : [ 4399, 161, 161, 160, 161, 161, 160, 161, 161, 160, 161, 161 ],
      "cpuUsages" : [ 670, 671, 671, 671, 671, 671, 670, 671, 671, 671, 671, 671 ],
      "physMemKbytes" : [ 11956, 35870, 59784, 83697, 107611, 131524, 155438, 179351, 203266, 227179, 251092, 275007 ],
      "vmemKbytes" : [ 83869, 251607, 419345, 587082, 754821, 922558, 1090297, 1258034, 1425773, 1593511, 1761248, 1928987 ],
      "resourceUsageMetrics" : {
        "cumulativeCpuUsage" : 8050,
        "virtualMemoryUsage" : 2061164544,
        "physicalMemoryUsage" : 293851136,
        "heapUsage" : 198180864
      }
    } ],
    "preferredLocations" : [ ]
  }, {
    "inputBytes" : 97346938,
    "inputRecords" : 973468,
    "outputBytes" : 202606394,
    "outputRecords" : 973468,
    "taskID" : "task_1600222256971_1116_m_000007",
    "startTime" : 1601023544278,
    "finishTime" : 1601023552337,
    "taskType" : "MAP",
    "taskStatus" : "SUCCESS",
    "attempts" : [ {
      "attemptID" : "attempt_1600222256971_1116_m_000007_0",
      "result" : "SUCCESS",
      "startTime" : 1601023546492,
      "finishTime" : 1601023552337,
      "hostName" : "/default-rack/slave1",
      "hdfsBytesRead" : 97346938,
      "hdfsBytesWritten" : 0,
      "fileBytesRead" : 101631027,
      "fileBytesWritten" : 202606394,
      "mapInputRecords" : 973468,
      "mapInputBytes" : -1,
      "mapOutputBytes" : 99293736,
      "mapOutputRecords" : 973468,
      "combineInputRecords" : 0,
      "reduceInputGroups" : -1,
      "reduceInputRecords" : -1,
      "reduceShuffleBytes" : -1,
      "reduceOutputRecords" : -1,
      "spilledRecords" : 1946936,
      "shuffleFinished" : -1,
      "sortFinished" : -1,
      "location" : {
        "layers" : [ "default-rack", "slave1" ]
      },
      "clockSplits" : [ 4142, 153, 153, 152, 153, 153, 152, 153, 153, 152, 153, 153 ],
      "cpuUsages" : [ 752, 753, 752, 753, 752, 753, 752, 753, 752, 753, 752, 753 ],
      "physMemKbytes" : [ 12066, 36198, 60331, 84463, 108596, 132729, 156862, 180994, 205127, 229260, 253392, 277525 ],
      "vmemKbytes" : [ 83928, 251784, 419640, 587496, 755353, 923209, 1091066, 1258921, 1426778, 1594635, 1762490, 1930347 ],
      "resourceUsageMetrics" : {
        "cumulativeCpuUsage" : 9030,
        "virtualMemoryUsage" : 2062618624,
        "physicalMemoryUsage" : 296542208,
        "heapUsage" : 198180864
      }
    } ],
    "preferredLocations" : [ ]
  } ],
  "reduceTasks" : [ {
    "inputBytes" : 173711768,
    "inputRecords" : 1670305,
    "outputBytes" : 167030500,
    "outputRecords" : 1670305,
    "taskID" : "task_1600222256971_1116_r_000000",
    "startTime" : 1601023544279,
    "finishTime" : 1601023561303,
    "taskType" : "REDUCE",
    "taskStatus" : "SUCCESS",
    "attempts" : [ {
      "attemptID" : "attempt_1600222256971_1116_r_000000_0",
      "result" : "SUCCESS",
      "startTime" : 1601023555325,
      "finishTime" : 1601023561303,
      "hostName" : "/default-rack/slave5",
      "hdfsBytesRead" : 0,
      "hdfsBytesWritten" : 167030500,
      "fileBytesRead" : 173711732,
      "fileBytesWritten" : 173836499,
      "mapInputRecords" : -1,
      "mapInputBytes" : -1,
      "mapOutputBytes" : -1,
      "mapOutputRecords" : -1,
      "combineInputRecords" : 0,
      "reduceInputGroups" : 1670305,
      "reduceInputRecords" : 1670305,
      "reduceShuffleBytes" : 173711768,
      "reduceOutputRecords" : 1670305,
      "spilledRecords" : 1670305,
      "shuffleFinished" : 1601023559031,
      "sortFinished" : 1601023559486,
      "location" : {
        "layers" : [ "default-rack", "slave5" ]
      },
      "clockSplits" : [ 4313, 150, 151, 150, 150, 151, 150, 150, 151, 150, 150, 151 ],
      "cpuUsages" : [ 864, 864, 864, 864, 864, 865, 864, 864, 864, 864, 864, 865 ],
      "physMemKbytes" : [ 12789, 38367, 63945, 89523, 115102, 140680, 166259, 191836, 217415, 242994, 268571, 294150 ],
      "vmemKbytes" : [ 84343, 253030, 421718, 590405, 759092, 927779, 1096467, 1265154, 1433842, 1602529, 1771216, 1939904 ],
      "resourceUsageMetrics" : {
        "cumulativeCpuUsage" : 10370,
        "virtualMemoryUsage" : 2072829952,
        "physicalMemoryUsage" : 314306560,
        "heapUsage" : 143654912
      }
    } ],
    "preferredLocations" : [ ]
  }, {
    "inputBytes" : 173649680,
    "inputRecords" : 1669708,
    "outputBytes" : 166970800,
    "outputRecords" : 1669708,
    "taskID" : "task_1600222256971_1116_r_000001",
    "startTime" : 1601023544279,
    "finishTime" : 1601023562400,
    "taskType" : "REDUCE",
    "taskStatus" : "SUCCESS",
    "attempts" : [ {
      "attemptID" : "attempt_1600222256971_1116_r_000001_0",
      "result" : "SUCCESS",
      "startTime" : 1601023555342,
      "finishTime" : 1601023562400,
      "hostName" : "/default-rack/slave1",
      "hdfsBytesRead" : 0,
      "hdfsBytesWritten" : 166970800,
      "fileBytesRead" : 173649644,
      "fileBytesWritten" : 173774411,
      "mapInputRecords" : -1,
      "mapInputBytes" : -1,
      "mapOutputBytes" : -1,
      "mapOutputRecords" : -1,
      "combineInputRecords" : 0,
      "reduceInputGroups" : 1669708,
      "reduceInputRecords" : 1669708,
      "reduceShuffleBytes" : 173649680,
      "reduceOutputRecords" : 1669708,
      "spilledRecords" : 1669708,
      "shuffleFinished" : 1601023560226,
      "sortFinished" : 1601023560563,
      "location" : {
        "layers" : [ "default-rack", "slave1" ]
      },
      "clockSplits" : [ 5377, 152, 152, 152, 152, 152, 152, 152, 152, 152, 152, 153 ],
      "cpuUsages" : [ 1157, 1158, 1157, 1158, 1157, 1158, 1157, 1158, 1157, 1158, 1157, 1158 ],
      "physMemKbytes" : [ 13831, 41494, 69158, 96821, 124484, 152147, 179811, 207474, 235138, 262801, 290464, 318128 ],
      "vmemKbytes" : [ 84260, 252780, 421300, 589820, 758341, 926861, 1095382, 1263901, 1432422, 1600943, 1769462, 1937983 ],
      "resourceUsageMetrics" : {
        "cumulativeCpuUsage" : 13890,
        "virtualMemoryUsage" : 2070777856,
        "physicalMemoryUsage" : 339927040,
        "heapUsage" : 200278016
      }
    } ],
    "preferredLocations" : [ ]
  }, {
    "inputBytes" : 172966816,
    "inputRecords" : 1663142,
    "outputBytes" : 166314200,
    "outputRecords" : 1663142,
    "taskID" : "task_1600222256971_1116_r_000002",
    "startTime" : 1601023544279,
    "finishTime" : 1601023562463,
    "taskType" : "REDUCE",
    "taskStatus" : "SUCCESS",
    "attempts" : [ {
      "attemptID" : "attempt_1600222256971_1116_r_000002_0",
      "result" : "SUCCESS",
      "startTime" : 1601023555343,
      "finishTime" : 1601023562463,
      "hostName" : "/default-rack/slave1",
      "hdfsBytesRead" : 0,
      "hdfsBytesWritten" : 166314200,
      "fileBytesRead" : 172966780,
      "fileBytesWritten" : 173091547,
      "mapInputRecords" : -1,
      "mapInputBytes" : -1,
      "mapOutputBytes" : -1,
      "mapOutputRecords" : -1,
      "combineInputRecords" : 0,
      "reduceInputGroups" : 1663142,
      "reduceInputRecords" : 1663142,
      "reduceShuffleBytes" : 172966816,
      "reduceOutputRecords" : 1663142,
      "spilledRecords" : 1663142,
      "shuffleFinished" : 1601023560072,
      "sortFinished" : 1601023560469,
      "location" : {
        "layers" : [ "default-rack", "slave1" ]
      },
      "clockSplits" : [ 5295, 165, 165, 166, 165, 165, 165, 166, 165, 165, 165, 166 ],
      "cpuUsages" : [ 1102, 1103, 1102, 1103, 1102, 1103, 1102, 1103, 1102, 1103, 1102, 1103 ],
      "physMemKbytes" : [ 13851, 41553, 69255, 96957, 124660, 152362, 180065, 207766, 235469, 263172, 290873, 318576 ],
      "vmemKbytes" : [ 84365, 253096, 421829, 590560, 759292, 928023, 1096755, 1265486, 1434219, 1602950, 1771681, 1940414 ],
      "resourceUsageMetrics" : {
        "cumulativeCpuUsage" : 13230,
        "virtualMemoryUsage" : 2073374720,
        "physicalMemoryUsage" : 340406272,
        "heapUsage" : 199753728
      }
    } ],
    "preferredLocations" : [ ]
  }, {
    "inputBytes" : 171729736,
    "inputRecords" : 1651247,
    "outputBytes" : 165124700,
    "outputRecords" : 1651247,
    "taskID" : "task_1600222256971_1116_r_000003",
    "startTime" : 1601023544279,
    "finishTime" : 1601023562567,
    "taskType" : "REDUCE",
    "taskStatus" : "SUCCESS",
    "attempts" : [ {
      "attemptID" : "attempt_1600222256971_1116_r_000003_0",
      "result" : "SUCCESS",
      "startTime" : 1601023555334,
      "finishTime" : 1601023562567,
      "hostName" : "/default-rack/slave1",
      "hdfsBytesRead" : 0,
      "hdfsBytesWritten" : 165124700,
      "fileBytesRead" : 171729700,
      "fileBytesWritten" : 171854467,
      "mapInputRecords" : -1,
      "mapInputBytes" : -1,
      "mapOutputBytes" : -1,
      "mapOutputRecords" : -1,
      "combineInputRecords" : 0,
      "reduceInputGroups" : 1651247,
      "reduceInputRecords" : 1651247,
      "reduceShuffleBytes" : 171729736,
      "reduceOutputRecords" : 1651247,
      "spilledRecords" : 1651247,
      "shuffleFinished" : 1601023560383,
      "sortFinished" : 1601023560716,
      "location" : {
        "layers" : [ "default-rack", "slave1" ]
      },
      "clockSplits" : [ 5538, 153, 153, 154, 153, 153, 153, 154, 153, 153, 153, 154 ],
      "cpuUsages" : [ 1270, 1271, 1271, 1271, 1271, 1271, 1270, 1271, 1271, 1271, 1271, 1271 ],
      "physMemKbytes" : [ 13667, 41002, 68337, 95672, 123007, 150342, 177677, 205012, 232347, 259682, 287017, 314352 ],
      "vmemKbytes" : [ 84309, 252927, 421545, 590162, 758781, 927398, 1096017, 1264634, 1433253, 1601871, 1770488, 1939107 ],
      "resourceUsageMetrics" : {
        "cumulativeCpuUsage" : 15250,
        "virtualMemoryUsage" : 2071977984,
        "physicalMemoryUsage" : 335892480,
        "heapUsage" : 199753728
      }
    } ],
    "preferredLocations" : [ ]
  }, {
    "inputBytes" : 174133176,
    "inputRecords" : 1674357,
    "outputBytes" : 167435700,
    "outputRecords" : 1674357,
    "taskID" : "task_1600222256971_1116_r_000004",
    "startTime" : 1601023544279,
    "finishTime" : 1601023561831,
    "taskType" : "REDUCE",
    "taskStatus" : "SUCCESS",
    "attempts" : [ {
      "attemptID" : "attempt_1600222256971_1116_r_000004_0",
      "result" : "SUCCESS",
      "startTime" : 1601023555340,
      "finishTime" : 1601023561831,
      "hostName" : "/default-rack/slave2",
      "hdfsBytesRead" : 0,
      "hdfsBytesWritten" : 167435700,
      "fileBytesRead" : 174133140,
      "fileBytesWritten" : 174257907,
      "mapInputRecords" : -1,
      "mapInputBytes" : -1,
      "mapOutputBytes" : -1,
      "mapOutputRecords" : -1,
      "combineInputRecords" : 0,
      "reduceInputGroups" : 1674357,
      "reduceInputRecords" : 1674357,
      "reduceShuffleBytes" : 174133176,
      "reduceOutputRecords" : 1674357,
      "spilledRecords" : 1674357,
      "shuffleFinished" : 1601023559300,
      "sortFinished" : 1601023559829,
      "location" : {
        "layers" : [ "default-rack", "slave2" ]
      },
      "clockSplits" : [ 4655, 166, 166, 166, 166, 166, 166, 166, 166, 166, 166, 166 ],
      "cpuUsages" : [ 1402, 1403, 1402, 1403, 1402, 1403, 1402, 1403, 1402, 1403, 1402, 1403 ],
      "physMemKbytes" : [ 14588, 43766, 72944, 102121, 131299, 160476, 189654, 218831, 248010, 277187, 306364, 335543 ],
      "vmemKbytes" : [ 84214, 252642, 421070, 589497, 757926, 926353, 1094782, 1263209, 1431638, 1600066, 1768493, 1936922 ],
      "resourceUsageMetrics" : {
        "cumulativeCpuUsage" : 16830,
        "virtualMemoryUsage" : 2069643264,
        "physicalMemoryUsage" : 358535168,
        "heapUsage" : 200278016
      }
    } ],
    "preferredLocations" : [ ]
  }, {
    "inputBytes" : 173809112,
    "inputRecords" : 1671241,
    "outputBytes" : 167124100,
    "outputRecords" : 1671241,
    "taskID" : "task_1600222256971_1116_r_000005",
    "startTime" : 1601023544279,
    "finishTime" : 1601023561517,
    "taskType" : "REDUCE",
    "taskStatus" : "SUCCESS",
    "attempts" : [ {
      "attemptID" : "attempt_1600222256971_1116_r_000005_0",
      "result" : "SUCCESS",
      "startTime" : 1601023555334,
      "finishTime" : 1601023561517,
      "hostName" : "/default-rack/slave3",
      "hdfsBytesRead" : 0,
      "hdfsBytesWritten" : 167124100,
      "fileBytesRead" : 173809076,
      "fileBytesWritten" : 173933843,
      "mapInputRecords" : -1,
      "mapInputBytes" : -1,
      "mapOutputBytes" : -1,
      "mapOutputRecords" : -1,
      "combineInputRecords" : 0,
      "reduceInputGroups" : 1671241,
      "reduceInputRecords" : 1671241,
      "reduceShuffleBytes" : 173809112,
      "reduceOutputRecords" : 1671241,
      "spilledRecords" : 1671241,
      "shuffleFinished" : 1601023559524,
      "sortFinished" : 1601023559849,
      "location" : {
        "layers" : [ "default-rack", "slave3" ]
      },
      "clockSplits" : [ 4655, 138, 138, 138, 138, 138, 138, 138, 138, 138, 138, 139 ],
      "cpuUsages" : [ 1370, 1371, 1371, 1371, 1371, 1371, 1370, 1371, 1371, 1371, 1371, 1371 ],
      "physMemKbytes" : [ 13969, 41909, 69849, 97788, 125728, 153667, 181607, 209546, 237487, 265426, 293365, 321306 ],
      "vmemKbytes" : [ 84213, 252639, 421066, 589492, 757919, 926346, 1094773, 1263199, 1431626, 1600053, 1768479, 1936906 ],
      "resourceUsageMetrics" : {
        "cumulativeCpuUsage" : 16450,
        "virtualMemoryUsage" : 2069626880,
        "physicalMemoryUsage" : 343322624,
        "heapUsage" : 199229440
      }
    } ],
    "preferredLocations" : [ ]
  } ],
  "otherTasks" : [ ],
  "successfulMapAttemptCDFs" : [ {
    "numberValues" : 0,
    "minimum" : -9223372036854775808,
    "rankings" : [ ],
    "maximum" : 9223372036854775807
  }, {
    "numberValues" : 0,
    "minimum" : -9223372036854775808,
    "rankings" : [ ],
    "maximum" : 9223372036854775807
  }, {
    "numberValues" : 0,
    "minimum" : -9223372036854775808,
    "rankings" : [ ],
    "maximum" : 9223372036854775807
  }, {
    "numberValues" : 8,
    "minimum" : 5845,
    "rankings" : [ {
      "relativeRanking" : 0.05,
      "datum" : 5845
    }, {
      "relativeRanking" : 0.1,
      "datum" : 5845
    }, {
      "relativeRanking" : 0.15,
      "datum" : 5845
    }, {
      "relativeRanking" : 0.2,
      "datum" : 5845
    }, {
      "relativeRanking" : 0.25,
      "datum" : 6180
    }, {
      "relativeRanking" : 0.3,
      "datum" : 6180
    }, {
      "relativeRanking" : 0.35,
      "datum" : 6180
    }, {
      "relativeRanking" : 0.4,
      "datum" : 6816
    }, {
      "relativeRanking" : 0.45,
      "datum" : 6816
    }, {
      "relativeRanking" : 0.5,
      "datum" : 7133
    }, {
      "relativeRanking" : 0.55,
      "datum" : 7133
    }, {
      "relativeRanking" : 0.6,
      "datum" : 7133
    }, {
      "relativeRanking" : 0.65,
      "datum" : 7896
    }, {
      "relativeRanking" : 0.7,
      "datum" : 7896
    }, {
      "relativeRanking" : 0.75,
      "datum" : 7967
    }, {
      "relativeRanking" : 0.8,
      "datum" : 7967
    }, {
      "relativeRanking" : 0.85,
      "datum" : 7967
    }, {
      "relativeRanking" : 0.9,
      "datum" : 8170
    }, {
      "relativeRanking" : 0.95,
      "datum" : 8170
    } ],
    "maximum" : 8427
  } ],
  "failedMapAttemptCDFs" : [ {
    "numberValues" : 0,
    "minimum" : -9223372036854775808,
    "rankings" : [ ],
    "maximum" : 9223372036854775807
  }, {
    "numberValues" : 0,
    "minimum" : -9223372036854775808,
    "rankings" : [ ],
    "maximum" : 9223372036854775807
  }, {
    "numberValues" : 0,
    "minimum" : -9223372036854775808,
    "rankings" : [ ],
    "maximum" : 9223372036854775807
  }, {
    "numberValues" : 0,
    "minimum" : -9223372036854775808,
    "rankings" : [ ],
    "maximum" : 9223372036854775807
  } ],
  "successfulReduceAttemptCDF" : {
    "numberValues" : 6,
    "minimum" : 5978,
    "rankings" : [ {
      "relativeRanking" : 0.05,
      "datum" : 5978
    }, {
      "relativeRanking" : 0.1,
      "datum" : 5978
    }, {
      "relativeRanking" : 0.15,
      "datum" : 5978
    }, {
      "relativeRanking" : 0.2,
      "datum" : 5978
    }, {
      "relativeRanking" : 0.25,
      "datum" : 5978
    }, {
      "relativeRanking" : 0.3,
      "datum" : 5978
    }, {
      "relativeRanking" : 0.35,
      "datum" : 6183
    }, {
      "relativeRanking" : 0.4,
      "datum" : 6183
    }, {
      "relativeRanking" : 0.45,
      "datum" : 6183
    }, {
      "relativeRanking" : 0.5,
      "datum" : 6491
    }, {
      "relativeRanking" : 0.55,
      "datum" : 6491
    }, {
      "relativeRanking" : 0.6,
      "datum" : 6491
    }, {
      "relativeRanking" : 0.65,
      "datum" : 6491
    }, {
      "relativeRanking" : 0.7,
      "datum" : 7058
    }, {
      "relativeRanking" : 0.75,
      "datum" : 7058
    }, {
      "relativeRanking" : 0.8,
      "datum" : 7058
    }, {
      "relativeRanking" : 0.85,
      "datum" : 7120
    }, {
      "relativeRanking" : 0.9,
      "datum" : 7120
    }, {
      "relativeRanking" : 0.95,
      "datum" : 7120
    } ],
    "maximum" : 7233
  },
  "failedReduceAttemptCDF" : {
    "numberValues" : 0,
    "minimum" : -9223372036854775808,
    "rankings" : [ ],
    "maximum" : 9223372036854775807
  },
  "queue" : "default",
  "jobName" : "TeraSort-[1601023541192]",
  "clusterMapMB" : -1,
  "clusterReduceMB" : -1,
  "jobMapMB" : -1,
  "jobReduceMB" : -1,
  "relativeTime" : 0,
  "mapperTriesToSucceed" : [ 1.0 ],
  "failedMapperFraction" : 0.0,
  "jobProperties" : { }
}