{
  "jobID" : "job_1600222256971_1108",
  "user" : "hadoop",
  "computonsPerMapInputByte" : -1,
  "computonsPerMapOutputByte" : -1,
  "computonsPerReduceInputByte" : -1,
  "computonsPerReduceOutputByte" : -1,
  "submitTime" : 1601023281095,
  "launchTime" : 1601023284836,
  "finishTime" : 1601023306756,
  "heapMegabytes" : -1,
  "totalMaps" : 8,
  "totalReduces" : 2,
  "outcome" : "SUCCESS",
  "jobtype" : "JAVA",
  "priority" : "NORMAL",
  "directDependantJobs" : [ ],
  "mapTasks" : [ {
    "inputBytes" : 134217938,
    "inputRecords" : 1342178,
    "outputBytes" : 279297918,
    "outputRecords" : 1342178,
    "taskID" : "task_1600222256971_1108_m_000000",
    "startTime" : 1601023284951,
    "finishTime" : 1601023295887,
    "taskType" : "MAP",
    "taskStatus" : "SUCCESS",
    "attempts" : [ {
      "attemptID" : "attempt_1600222256971_1108_m_000000_0",
      "result" : "SUCCESS",
      "startTime" : 1601023287101,
      "finishTime" : 1601023295887,
      "hostName" : "/default-rack/slave2",
      "hdfsBytesRead" : 134217938,
      "hdfsBytesWritten" : 0,
      "fileBytesRead" : 139727909,
      "fileBytesWritten" : 279297918,
      "mapInputRecords" : 1342178,
      "mapInputBytes" : -1,
      "mapOutputBytes" : 136902156,
      "mapOutputRecords" : 1342178,
      "combineInputRecords" : 0,
      "reduceInputGroups" : -1,
      "reduceInputRecords" : -1,
      "reduceShuffleBytes" : -1,
      "reduceOutputRecords" : -1,
      "spilledRecords" : 2684356,
      "shuffleFinished" : -1,
      "sortFinished" : -1,
      "location" : {
        "layers" : [ "default-rack", "slave2" ]
      },
      "clockSplits" : [ 6474, 180, 179, 180, 180, 179, 180, 180, 179, 216, 324, 324 ],
      "cpuUsages" : [ 1342, 1343, 1343, 1343, 1343, 1343, 1343, 1343, 1343, 1182, 706, 706 ],
      "physMemKbytes" : [ 14771, 44315, 73859, 103402, 132947, 162490, 192035, 221578, 251122, 279732, 288202, 288510 ],
      "vmemKbytes" : [ 103300, 309901, 516503, 723104, 929706, 1136307, 1342909, 1549510, 1756112, 1956126, 2014058, 2014403 ],
      "resourceUsageMetrics" : {
        "cumulativeCpuUsage" : 14680,
        "virtualMemoryUsage" : 2062925824,
        "physicalMemoryUsage" : 295591936,
        "heapUsage" : 197656576
      }
    } ],
    "preferredLocations" : [ ]
  }, {
    "inputBytes" : 134217838,
    "inputRecords" : 1342177,
    "outputBytes" : 279297710,
    "outputRecords" : 1342177,
    "taskID" : "task_1600222256971_1108_m_000001",
    "startTime" : 1601023284953,
    "finishTime" : 1601023294450,
    "taskType" : "MAP",
    "taskStatus" : "SUCCESS",
    "attempts" : [ {
      "attemptID" : "attempt_1600222256971_1108_m_000001_0",
      "result" : "SUCCESS",
      "startTime" : 1601023287096,
      "finishTime" : 1601023294450,
      "hostName" : "/default-rack/slave3",
      "hdfsBytesRead" : 134217838,
      "hdfsBytesWritten" : 0,
      "fileBytesRead" : 139689221,
      "fileBytesWritten" : 279297710,
      "mapInputRecords" : 1342177,
      "mapInputBytes" : -1,
      "mapOutputBytes" : 136902054,
      "mapOutputRecords" : 1342177,
      "combineInputRecords" : 0,
      "reduceInputGroups" : -1,
      "reduceInputRecords" : -1,
      "reduceShuffleBytes" : -1,
      "reduceOutputRecords" : -1,
      "spilledRecords" : 2684354,
      "shuffleFinished" : -1,
      "sortFinished" : -1,
      "location" : {
        "layers" : [ "default-rack", "slave3" ]
      },
      "clockSplits" : [ 5046, 209, 208, 209, 208, 209, 209, 208, 209, 208, 209, 209 ],
      "cpuUsages" : [ 863, 863, 864, 863, 863, 864, 863, 863, 864, 863, 863, 864 ],
      "physMemKbytes" : [ 11609, 34827, 58045, 81263, 104482, 127700, 150919, 174136, 197355, 220574, 243791, 267010 ],
      "vmemKbytes" : [ 83860, 251580, 419301, 587021, 754742, 922463, 1090184, 1257904, 1425625, 1593346, 1761066, 1928787 ],
      "resourceUsageMetrics" : {
        "cumulativeCpuUsage" : 10360,
        "virtualMemoryUsage" : 2060951552,
        "physicalMemoryUsage" : 285306880,
        "heapUsage" : 197132288
      }
    } ],
    "preferredLocations" : [ ]
  }, {
    "inputBytes" : 134217838,
    "inputRecords" : 1342177,
    "outputBytes" : 279297710,
    "outputRecords" : 1342177,
    "taskID" : "task_1600222256971_1108_m_000002",
    "startTime" : 1601023284953,
    "finishTime" : 1601023295007,
    "taskType" : "MAP",
    "taskStatus" : "SUCCESS",
    "attempts" : [ {
      "attemptID" : "attempt_1600222256971_1108_m_000002_0",
      "result" : "SUCCESS",
      "startTime" : 1601023287100,
      "finishTime" : 1601023295007,
      "hostName" : "/default-rack/slave5",
      "hdfsBytesRead" : 134217838,
      "hdfsBytesWritten" : 0,
      "fileBytesRead" : 139773877,
      "fileBytesWritten" : 279297710,
      "mapInputRecords" : 1342177,
      "mapInputBytes" : -1,
      "mapOutputBytes" : 136902054,
      "mapOutputRecords" : 1342177,
      "combineInputRecords" : 0,
      "reduceInputGroups" : -1,
      "reduceInputRecords" : -1,
      "reduceShuffleBytes" : -1,
      "reduceOutputRecords" : -1,
      "spilledRecords" : 2684354,
      "shuffleFinished" : -1,
      "sortFinished" : -1,
      "location" : {
        "layers" : [ "default-rack", "slave5" ]
      },
      "clockSplits" : [ 5518, 216, 216, 216, 216, 216, 215, 216, 216, 216, 216, 216 ],
      "cpuUsages" : [ 995, 996, 996, 996, 996, 996, 995, 996, 996, 996, 996, 996 ],
      "physMemKbytes" : [ 11968, 35905, 59842, 83779, 107716, 131653, 155590, 179527, 203464, 227401, 251338, 275275 ],
      "vmemKbytes" : [ 84004, 252013, 420022, 588031, 756040, 924049, 1092058, 1260067, 1428076, 1596085, 1764094, 1932103 ],
      "resourceUsageMetrics" : {
        "cumulativeCpuUsage" : 11950,
        "virtualMemoryUsage" : 2064494592,
        "physicalMemoryUsage" : 294137856,
        "heapUsage" : 197656576
      }
    } ],
    "preferredLocations" : [ ]
  }, {
    "inputBytes" : 134217938,
    "inputRecords" : 1342178,
    "outputBytes" : 279297918,
    "outputRecords" : 1342178,
    "taskID" : "task_1600222256971_1108_m_000003",
    "startTime" : 1601023284953,
    "finishTime" : 1601023295226,
    "taskType" : "MAP",
    "taskStatus" : "SUCCESS",
    "attempts" : [ {
      "attemptID" : "attempt_1600222256971_1108_m_000003_0",
      "result" : "SUCCESS",
      "startTime" : 1601023287101,
      "finishTime" : 1601023295226,
      "hostName" : "/default-rack/slave5",
      "hdfsBytesRead" : 134217938,
      "hdfsBytesWritten" : 0,
      "fileBytesRead" : 139802373,
      "fileBytesWritten" : 279297918,
      "mapInputRecords" : 1342178,
      "mapInputBytes" : -1,
      "mapOutputBytes" : 136902156,
      "mapOutputRecords" : 1342178,
      "combineInputRecords" : 0,
      "reduceInputGroups" : -1,
      "reduceInputRecords" : -1,
      "reduceShuffleBytes" : -1,
      "reduceOutputRecords" : -1,
      "spilledRecords" : 2684356,
      "shuffleFinished" : -1,
      "sortFinished" : -1,
      "location" : {
        "layers" : [ "default-rack", "slave5" ]
      },
      "clockSplits" : [ 5445, 234, 235, 234, 235, 234, 235, 234, 235, 234, 235, 323 ],
      "cpuUsages" : [ 1063, 1064, 1064, 1064, 1064, 1064, 1063, 1064, 1064, 1064, 1064, 1188 ],
      "physMemKbytes" : [ 12192, 36578, 60964, 85349, 109735, 134120, 158507, 182892, 207278, 231664, 256049, 278887 ],
      "vmemKbytes" : [ 86278, 258834, 431391, 603947, 776504, 949060, 1121617, 1294173, 1466730, 1639287, 1811843, 1976289 ],
      "resourceUsageMetrics" : {
        "cumulativeCpuUsage" : 12890,
        "virtualMemoryUsage" : 2066198528,
        "physicalMemoryUsage" : 289308672,
        "heapUsage" : 197656576
      }
    } ],
    "preferredLocations" : [ ]
  }, {
    "inputBytes" : 134217838,
    "inputRecords" : 1342177,
    "outputBytes" : 279297710,
    "outputRecords" : 1342177,
    "taskID" : "task_1600222256971_1108_m_000004",
    "startTime" : 1601023284954,
    "finishTime" : 1601023295766,
    "taskType" : "MAP",
    "taskStatus" : "SUCCESS",
    "attempts" : [ {
      "attemptID" : "attempt_1600222256971_1108_m_000004_0",
      "result" : "SUCCESS",
      "startTime" : 1601023287101,
      "finishTime" : 1601023295766,
      "hostName" : "/default-rack/slave1",
      "hdfsBytesRead" : 134217838,
      "hdfsBytesWritten" : 0,
      "fileBytesRead" : 139764341,
      "fileBytesWritten" : 279297710,
      "mapInputRecords" : 1342177,
      "mapInputBytes" : -1,
      "mapOutputBytes" : 136902054,
      "mapOutputRecords" : 1342177,
      "combineInputRecords" : 0,
      "reduceInputGroups" : -1,
      "reduceInputRecords" : -1,
      "reduceShuffleBytes" : -1,
      "reduceOutputRecords" : -1,
      "spilledRecords" : 2684354,
      "shuffleFinished" : -1,
      "sortFinished" : -1,
      "location" : {
        "layers" : [ "default-rack", "slave1" ]
      },
      "clockSplits" : [ 6543, 157, 157, 157, 157, 157, 157, 156, 206, 270, 270, 270 ],
      "cpuUsages" : [ 1428, 1429, 1428, 1429, 1428, 1429, 1429, 1428, 1022, 486, 487, 487 ],
      "physMemKbytes" : [ 16603, 49810, 83017, 116224, 149431, 182638, 215845, 249052, 279196, 284877, 285264, 285653 ],
      "vmemKbytes" : [ 117683, 353050, 588418, 823785, 1059153, 1294520, 1529887, 1765254, 1978653, 2016612, 2016611, 2016612 ],
      "resourceUsageMetrics" : {
        "cumulativeCpuUsage" : 13910,
        "virtualMemoryUsage" : 2065010688,
        "physicalMemoryUsage" : 292708352,
        "heapUsage" : 197656576
      }
    }, {
      "attemptID" : "attempt_1600222256971_1108_m_000004_1",
      "result" : "KILLED",
      "startTime" : 1601023294934,
      "finishTime" : 1601023295788,
      "hostName" : "/default-rack/slave1",
      "hdfsBytesRead" : -1,
      "hdfsBytesWritten" : -1,
      "fileBytesRead" : -1,
      "fileBytesWritten" : -1,
      "mapInputRecords" : -1,
      "mapInputBytes" : -1,
      "mapOutputBytes" : -1,
      "mapOutputRecords" : -1,
      "combineInputRecords" : -1,
      "reduceInputGroups" : -1,
      "reduceInputRecords" : -1,
      "reduceShuffleBytes" : -1,
      "reduceOutputRecords" : -1,
      "spilledRecords" : -1,
      "shuffleFinished" : -1,
      "sortFinished" : -1,
      "location" : {
        "layers" : [ "default-rack", "slave1" ]
      },
      "clockSplits" : [ 69, 70, 69, 70, 69, 70, 69, 70, 69, 70, 69, 70 ],
      "cpuUsages" : [ 0, 0, 0, 0, 0, 0, 0, 0, 0, 0, 0, 0 ],
      "physMemKbytes" : [ 0, 0, 0, 0, 0, 0, 0, 0, 0, 0, 0, 0 ],
      "vmemKbytes" : [ 0, 0, 0, 0, 0, 0, 0, 0, 0, 0, 0, 0 ],
      "resourceUsageMetrics" : {
        "cumulativeCpuUsage" : 0,
        "virtualMemoryUsage" : 0,
        "physicalMemoryUsage" : 0,
        "heapUsage" : 0
      }
    } ],
    "preferredLocations" : [ ]
  }, {
    "inputBytes" : 134217838,
    "inputRecords" : 1342177,
    "outputBytes" : 279297710,
    "outputRecords" : 1342177,
    "taskID" : "task_1600222256971_1108_m_000005",
    "startTime" : 1601023284954,
    "finishTime" : 1601023294569,
    "taskType" : "MAP",
    "taskStatus" : "SUCCESS",
    "attempts" : [ {
      "attemptID" : "attempt_1600222256971_1108_m_000005_0",
      "result" : "SUCCESS",
      "startTime" : 1601023287102,
      "finishTime" : 1601023294569,
      "hostName" : "/default-rack/slave5",
      "hdfsBytesRead" : 134217838,
      "hdfsBytesWritten" : 0,
      "fileBytesRead" : 139675773,
      "fileBytesWritten" : 279297710,
      "mapInputRecords" : 1342177,
      "mapInputBytes" : -1,
      "mapOutputBytes" : 136902054,
      "mapOutputRecords" : 1342177,
      "combineInputRecords" : 0,
      "reduceInputGroups" : -1,
      "reduceInputRecords" : -1,
      "reduceShuffleBytes" : -1,
      "reduceOutputRecords" : -1,
      "spilledRecords" : 2684354,
      "shuffleFinished" : -1,
      "sortFinished" : -1,
      "location" : {
        "layers" : [ "default-rack", "slave5" ]
      },
      "clockSplits" : [ 5001, 223, 223, 223, 223, 223, 223, 223, 223, 223, 223, 223 ],
      "cpuUsages" : [ 832, 833, 832, 833, 832, 833, 832, 833, 832, 833, 832, 833 ],
      "physMemKbytes" : [ 12093, 36281, 60469, 84656, 108844, 133031, 157219, 181406, 205595, 229782, 253969, 278158 ],
      "vmemKbytes" : [ 84048, 252145, 420243, 588340, 756437, 924534, 1092632, 1260729, 1428827, 1596924, 1765021, 1933119 ],
      "resourceUsageMetrics" : {
        "cumulativeCpuUsage" : 9990,
        "virtualMemoryUsage" : 2065580032,
        "physicalMemoryUsage" : 297218048,
        "heapUsage" : 198180864
      }
    } ],
    "preferredLocations" : [ ]
  }, {
    "inputBytes" : 97346938,
    "inputRecords" : 973468,
    "outputBytes" : 202606226,
    "outputRecords" : 973468,
    "taskID" : "task_1600222256971_1108_m_000006",
    "startTime" : 1601023284954,
    "finishTime" : 1601023293829,
    "taskType" : "MAP",
    "taskStatus" : "SUCCESS",
    "attempts" : [ {
      "attemptID" : "attempt_1600222256971_1108_m_000006_0",
      "result" : "SUCCESS",
      "startTime" : 1601023287102,
      "finishTime" : 1601023293829,
      "hostName" : "/default-rack/slave2",
      "hdfsBytesRead" : 97346938,
      "hdfsBytesWritten" : 0,
      "fileBytesRead" : 101380199,
      "fileBytesWritten" : 202606226,
      "mapInputRecords" : 973468,
      "mapInputBytes" : -1,
      "mapOutputBytes" : 99293736,
      "mapOutputRecords" : 973468,
      "combineInputRecords" : 0,
      "reduceInputGroups" : -1,
      "reduceInputRecords" : -1,
      "reduceShuffleBytes" : -1,
      "reduceOutputRecords" : -1,
      "spilledRecords" : 1946936,
      "shuffleFinished" : -1,
      "sortFinished" : -1,
      "location" : {
        "layers" : [ "default-rack", "slave2" ]
      },
      "clockSplits" : [ 4847, 170, 169, 170, 169, 170, 170, 169, 170, 169, 170, 170 ],
      "cpuUsages" : [ 838, 838, 839, 838, 838, 839, 838, 838, 839, 838, 838, 839 ],
      "physMemKbytes" : [ 12213, 36639, 61065, 85490, 109917, 134342, 158769, 183194, 207621, 232047, 256472, 280899 ],
      "vmemKbytes" : [ 83934, 251802, 419670, 587537, 755406, 923273, 1091142, 1259009, 1426878, 1594746, 1762613, 1930482 ],
      "resourceUsageMetrics" : {
        "cumulativeCpuUsage" : 10060,
        "virtualMemoryUsage" : 2062761984,
        "physicalMemoryUsage" : 300146688,
        "heapUsage" : 198180864
      }
    } ],
    "preferredLocations" : [ ]
  }, {
    "inputBytes" : 97346938,
    "inputRecords" : 973468,
    "outputBytes" : 202606226,
    "outputRecords" : 973468,
    "taskID" : "task_1600222256971_1108_m_000007",
    "startTime" : 1601023284954,
    "finishTime" : 1601023293026,
    "taskType" : "MAP",
    "taskStatus" : "SUCCESS",
    "attempts" : [ {
      "attemptID" : "attempt_1600222256971_1108_m_000007_0",
      "result" : "SUCCESS",
      "startTime" : 1601023287102,
      "finishTime" : 1601023293026,
      "hostName" : "/default-rack/slave1",
      "hdfsBytesRead" : 97346938,
      "hdfsBytesWritten" : 0,
      "fileBytesRead" : 101393895,
      "fileBytesWritten" : 202606226,
      "mapInputRecords" : 973468,
      "mapInputBytes" : -1,
      "mapOutputBytes" : 99293736,
      "mapOutputRecords" : 973468,
      "combineInputRecords" : 0,
      "reduceInputGroups" : -1,
      "reduceInputRecords" : -1,
      "reduceShuffleBytes" : -1,
      "reduceOutputRecords" : -1,
      "spilledRecords" : 1946936,
      "shuffleFinished" : -1,
      "sortFinished" : -1,
      "location" : {
        "layers" : [ "default-rack", "slave1" ]
      },
      "clockSplits" : [ 4106, 163, 163, 163, 163, 164, 163, 163, 163, 163, 163, 164 ],
      "cpuUsages" : [ 690, 691, 691, 691, 691, 691, 690, 691, 691, 691, 691, 691 ],
      "physMemKbytes" : [ 12087, 36261, 60435, 84609, 108784, 132958, 157133, 181306, 205481, 229656, 253829, 278004 ],
      "vmemKbytes" : [ 83958, 251874, 419791, 587707, 755624, 923541, 1091458, 1259374, 1427291, 1595208, 1763124, 1931041 ],
      "resourceUsageMetrics" : {
        "cumulativeCpuUsage" : 8290,
        "virtualMemoryUsage" : 2063360000,
        "physicalMemoryUsage" : 297054208,
        "heapUsage" : 198180864
      }
    } ],
    "preferredLocations" : [ ]
  } ],
  "reduceTasks" : [ {
    "inputBytes" : 520328168,
    "inputRecords" : 5003155,
    "outputBytes" : 500315500,
    "outputRecords" : 5003155,
    "taskID" : "task_1600222256971_1108_r_000000",
    "startTime" : 1601023284955,
    "finishTime" : 1601023305704,
    "taskType" : "REDUCE",
    "taskStatus" : "SUCCESS",
    "attempts" : [ {
      "attemptID" : "attempt_1600222256971_1108_r_000000_0",
      "result" : "SUCCESS",
      "startTime" : 1601023295957,
      "finishTime" : 1601023305704,
      "hostName" : "/default-rack/slave5",
      "hdfsBytesRead" : 0,
      "hdfsBytesWritten" : 500315500,
      "fileBytesRead" : 520328168,
      "fileBytesWritten" : 520452935,
      "mapInputRecords" : -1,
      "mapInputBytes" : -1,
      "mapOutputBytes" : -1,
      "mapOutputRecords" : -1,
      "combineInputRecords" : 0,
      "reduceInputGroups" : 5003155,
      "reduceInputRecords" : 5003155,
      "reduceShuffleBytes" : 520328168,
      "reduceOutputRecords" : 5003155,
      "spilledRecords" : 5003155,
      "shuffleFinished" : 1601023300499,
      "sortFinished" : 1601023300544,
      "location" : {
        "layers" : [ "default-rack", "slave5" ]
      },
      "clockSplits" : [ 4886, 304, 305, 304, 305, 304, 305, 304, 305, 304, 776, 1329 ],
      "cpuUsages" : [ 1272, 1272, 1273, 1272, 1272, 1273, 1272, 1273, 1272, 1272, 2106, 3081 ],
      "physMemKbytes" : [ 11816, 35450, 59083, 82716, 106350, 129983, 153617, 177250, 200884, 224518, 245745, 250000 ],
      "vmemKbytes" : [ 95951, 287853, 479755, 671656, 863559, 1055460, 1247363, 1439264, 1631167, 1823069, 1994603, 2022508 ],
      "resourceUsageMetrics" : {
        "cumulativeCpuUsage" : 17910,
        "virtualMemoryUsage" : 2071048192,
        "physicalMemoryUsage" : 256491520,
        "heapUsage" : 133169152
      }
    } ],
    "preferredLocations" : [ ]
  }, {
    "inputBytes" : 519671928,
    "inputRecords" : 4996845,
    "outputBytes" : 499684500,
    "outputRecords" : 4996845,
    "taskID" : "task_1600222256971_1108_r_000001",
    "startTime" : 1601023284955,
    "finishTime" : 1601023306695,
    "taskType" : "REDUCE",
    "taskStatus" : "SUCCESS",
    "attempts" : [ {
      "attemptID" : "attempt_1600222256971_1108_r_000001_0",
      "result" : "SUCCESS",
      "startTime" : 1601023295951,
      "finishTime" : 1601023306695,
      "hostName" : "/default-rack/slave1",
      "hdfsBytesRead" : 0,
      "hdfsBytesWritten" : 499684500,
      "fileBytesRead" : 519671928,
      "fileBytesWritten" : 519796695,
      "mapInputRecords" : -1,
      "mapInputBytes" : -1,
      "mapOutputBytes" : -1,
      "mapOutputRecords" : -1,
      "combineInputRecords" : 0,
      "reduceInputGroups" : 4996845,
      "reduceInputRecords" : 4996845,
      "reduceShuffleBytes" : 519671928,
      "reduceOutputRecords" : 4996845,
      "spilledRecords" : 4996845,
      "shuffleFinished" : 1601023301480,
      "sortFinished" : 1601023301513,
      "location" : {
        "layers" : [ "default-rack", "slave1" ]
      },
      "clockSplits" : [ 5800, 234, 233, 234, 234, 233, 234, 234, 233, 558, 1253, 1254 ],
      "cpuUsages" : [ 1305, 1306, 1305, 1306, 1305, 1306, 1305, 1306, 1306, 1731, 2644, 2645 ],
      "physMemKbytes" : [ 10525, 31576, 52627, 73678, 94729, 115780, 136831, 157882, 178933, 198991, 204997, 206452 ],
      "vmemKbytes" : [ 104649, 313947, 523246, 732545, 941844, 1151143, 1360442, 1569740, 1779039, 1977729, 2026347, 2026348 ],
      "resourceUsageMetrics" : {
        "cumulativeCpuUsage" : 18770,
        "virtualMemoryUsage" : 2074980352,
        "physicalMemoryUsage" : 212152320,
        "heapUsage" : 133169152
      }
    } ],
    "preferredLocations" : [ ]
  } ],
  "otherTasks" : [ ],
  "successfulMapAttemptCDFs" : [ {
    "numberValues" : 0,
    "minimum" : -9223372036854775808,
    "rankings" : [ ],
    "maximum" : 9223372036854775807
  }, {
    "numberValues" : 0,
    "minimum" : -9223372036854775808,
    "rankings" : [ ],
    "maximum" : 9223372036854775807
  }, {
    "numberValues" : 0,
    "minimum" : -9223372036854775808,
    "rankings" : [ ],
    "maximum" : 9223372036854775807
  }, {
    "numberValues" : 8,
    "minimum" : 5924,
    "rankings" : [ {
      "relativeRanking" : 0.05,
      "datum" : 5924
    }, {
      "relativeRanking" : 0.1,
      "datum" : 5924
    }, {
      "relativeRanking" : 0.15,
      "datum" : 5924
    }, {
      "relativeRanking" : 0.2,
      "datum" : 5924
    }, {
      "relativeRanking" : 0.25,
      "datum" : 6727
    }, {
      "relativeRanking" : 0.3,
      "datum" : 6727
    }, {
      "relativeRanking" : 0.35,
      "datum" : 6727
    }, {
      "relativeRanking" : 0.4,
      "datum" : 7354
    }, {
      "relativeRanking" : 0.45,
      "datum" : 7354
    }, {
      "relativeRanking" : 0.5,
      "datum" : 7467
    }, {
      "relativeRanking" : 0.55,
      "datum" : 7467
    }, {
      "relativeRanking" : 0.6,
      "datum" : 7467
    }, {
      "relativeRanking" : 0.65,
      "datum" : 7907
    }, {
      "relativeRanking" : 0.7,
      "datum" : 7907
    }, {
      "relativeRanking" : 0.75,
      "datum" : 8125
    }, {
      "relativeRanking" : 0.8,
      "datum" : 8125
    }, {
      "relativeRanking" : 0.85,
      "datum" : 8125
    }, {
      "relativeRanking" : 0.9,
      "datum" : 8665
    }, {
      "relativeRanking" : 0.95,
      "datum" : 8665
    } ],
    "maximum" : 8786
  } ],
  "failedMapAttemptCDFs" : [ {
    "numberValues" : 0,
    "minimum" : -9223372036854775808,
    "rankings" : [ ],
    "maximum" : 9223372036854775807
  }, {
    "numberValues" : 0,
    "minimum" : -9223372036854775808,
    "rankings" : [ ],
    "maximum" : 9223372036854775807
  }, {
    "numberValues" : 0,
    "minimum" : -9223372036854775808,
    "rankings" : [ ],
    "maximum" : 9223372036854775807
  }, {
    "numberValues" : 0,
    "minimum" : -9223372036854775808,
    "rankings" : [ ],
    "maximum" : 9223372036854775807
  } ],
  "successfulReduceAttemptCDF" : {
    "numberValues" : 2,
    "minimum" : 9747,
    "rankings" : [ {
      "relativeRanking" : 0.05,
      "datum" : 9747
    }, {
      "relativeRanking" : 0.1,
      "datum" : 9747
    }, {
      "relativeRanking" : 0.15,
      "datum" : 9747
    }, {
      "relativeRanking" : 0.2,
      "datum" : 9747
    }, {
      "relativeRanking" : 0.25,
      "datum" : 9747
    }, {
      "relativeRanking" : 0.3,
      "datum" : 9747
    }, {
      "relativeRanking" : 0.35,
      "datum" : 9747
    }, {
      "relativeRanking" : 0.4,
      "datum" : 9747
    }, {
      "relativeRanking" : 0.45,
      "datum" : 9747
    }, {
      "relativeRanking" : 0.5,
      "datum" : 9747
    }, {
      "relativeRanking" : 0.55,
      "datum" : 9747
    }, {
      "relativeRanking" : 0.6,
      "datum" : 9747
    }, {
      "relativeRanking" : 0.65,
      "datum" : 9747
    }, {
      "relativeRanking" : 0.7,
      "datum" : 9747
    }, {
      "relativeRanking" : 0.75,
      "datum" : 9747
    }, {
      "relativeRanking" : 0.8,
      "datum" : 9747
    }, {
      "relativeRanking" : 0.85,
      "datum" : 9747
    }, {
      "relativeRanking" : 0.9,
      "datum" : 9747
    }, {
      "relativeRanking" : 0.95,
      "datum" : 9747
    } ],
    "maximum" : 10744
  },
  "failedReduceAttemptCDF" : {
    "numberValues" : 0,
    "minimum" : -9223372036854775808,
    "rankings" : [ ],
    "maximum" : 9223372036854775807
  },
  "queue" : "default",
  "jobName" : "TeraSort-[1601023281502]",
  "clusterMapMB" : -1,
  "clusterReduceMB" : -1,
  "jobMapMB" : -1,
  "jobReduceMB" : -1,
  "relativeTime" : 0,
  "mapperTriesToSucceed" : [ 1.0 ],
  "failedMapperFraction" : 0.0,
  "jobProperties" : { }
}