{
  "jobID" : "job_1572946766556_0693",
  "user" : "hadoop",
  "computonsPerMapInputByte" : -1,
  "computonsPerMapOutputByte" : -1,
  "computonsPerReduceInputByte" : -1,
  "computonsPerReduceOutputByte" : -1,
  "submitTime" : 1575463962808,
  "launchTime" : 1575463966382,
  "finishTime" : 1575463993573,
  "heapMegabytes" : -1,
  "totalMaps" : 2,
  "totalReduces" : 3,
  "outcome" : "SUCCESS",
  "jobtype" : "JAVA",
  "priority" : "NORMAL",
  "directDependantJobs" : [ ],
  "mapTasks" : [ {
    "inputBytes" : 79565870,
    "inputRecords" : 2570811,
    "outputBytes" : 140958874,
    "outputRecords" : 2570810,
    "taskID" : "task_1572946766556_0693_m_000000",
    "startTime" : 1575463966475,
    "finishTime" : 1575463981832,
    "taskType" : "MAP",
    "taskStatus" : "SUCCESS",
    "attempts" : [ {
      "attemptID" : "attempt_1572946766556_0693_m_000000_0",
      "result" : "SUCCESS",
      "startTime" : 1575463968624,
      "finishTime" : 1575463981832,
      "hostName" : "/default-rack/slave3",
      "hdfsBytesRead" : 79565870,
      "hdfsBytesWritten" : 0,
      "fileBytesRead" : 70766174,
      "fileBytesWritten" : 140958874,
      "mapInputRecords" : 2570811,
      "mapInputBytes" : -1,
      "mapOutputBytes" : 65275490,
      "mapOutputRecords" : 2570810,
      "combineInputRecords" : 0,
      "reduceInputGroups" : -1,
      "reduceInputRecords" : -1,
      "reduceShuffleBytes" : -1,
      "reduceOutputRecords" : -1,
      "spilledRecords" : 5141620,
      "shuffleFinished" : -1,
      "sortFinished" : -1,
      "location" : {
        "layers" : [ "default-rack", "slave3" ]
      },
      "clockSplits" : [ 1366, 1366, 1366, 1366, 1366, 3033, 595, 595, 535, 534, 535, 535 ],
      "cpuUsages" : [ 2930, 2931, 2931, 2931, 2931, 2921, 2856, 2857, 1013, 1006, 1006, 1007 ],
      "physMemKbytes" : [ 23486, 70458, 117430, 164401, 211374, 257881, 275707, 276547, 277693, 279147, 280601, 282056 ],
      "vmemKbytes" : [ 176698, 530094, 883491, 1236888, 1590285, 1940125, 2070240, 2070239, 2070622, 2071394, 2072165, 2072938 ],
      "resourceUsageMetrics" : {
        "cumulativeCpuUsage" : 27320,
        "virtualMemoryUsage" : 2123083776,
        "physicalMemoryUsage" : 289570816,
        "heapUsage" : 208666624
      }
    }, {
      "attemptID" : "attempt_1572946766556_0693_m_000000_1",
      "result" : "KILLED",
      "startTime" : 1575463978515,
      "finishTime" : 1575463981863,
      "hostName" : "/default-rack/slave1",
      "hdfsBytesRead" : -1,
      "hdfsBytesWritten" : -1,
      "fileBytesRead" : -1,
      "fileBytesWritten" : -1,
      "mapInputRecords" : -1,
      "mapInputBytes" : -1,
      "mapOutputBytes" : -1,
      "mapOutputRecords" : -1,
      "combineInputRecords" : -1,
      "reduceInputGroups" : -1,
      "reduceInputRecords" : -1,
      "reduceShuffleBytes" : -1,
      "reduceOutputRecords" : -1,
      "spilledRecords" : -1,
      "shuffleFinished" : -1,
      "sortFinished" : -1,
      "location" : {
        "layers" : [ "default-rack", "slave1" ]
      },
      "clockSplits" : [ 276, 277, 277, 276, 277, 277, 276, 277, 277, 276, 277, 277 ],
      "cpuUsages" : [ 0, 0, 0, 0, 0, 0, 0, 0, 0, 0, 0, 0 ],
      "physMemKbytes" : [ 0, 0, 0, 0, 0, 0, 0, 0, 0, 0, 0, 0 ],
      "vmemKbytes" : [ 0, 0, 0, 0, 0, 0, 0, 0, 0, 0, 0, 0 ],
      "resourceUsageMetrics" : {
        "cumulativeCpuUsage" : 0,
        "virtualMemoryUsage" : 0,
        "physicalMemoryUsage" : 0,
        "heapUsage" : 0
      }
    } ],
    "preferredLocations" : [ ]
  }, {
    "inputBytes" : 63092039,
    "inputRecords" : 1299730,
    "outputBytes" : 144540618,
    "outputRecords" : 1299729,
    "taskID" : "task_1572946766556_0693_m_000001",
    "startTime" : 1575463966477,
    "finishTime" : 1575463976194,
    "taskType" : "MAP",
    "taskStatus" : "SUCCESS",
    "attempts" : [ {
      "attemptID" : "attempt_1572946766556_0693_m_000001_0",
      "result" : "SUCCESS",
      "startTime" : 1575463968617,
      "finishTime" : 1575463976194,
      "hostName" : "/default-rack/slave3",
      "hdfsBytesRead" : 63092039,
      "hdfsBytesWritten" : 0,
      "fileBytesRead" : 72624555,
      "fileBytesWritten" : 144540618,
      "mapInputRecords" : 1299730,
      "mapInputBytes" : -1,
      "mapOutputBytes" : 69599284,
      "mapOutputRecords" : 1299729,
      "combineInputRecords" : 0,
      "reduceInputGroups" : -1,
      "reduceInputRecords" : -1,
      "reduceShuffleBytes" : -1,
      "reduceOutputRecords" : -1,
      "spilledRecords" : 2599458,
      "shuffleFinished" : -1,
      "sortFinished" : -1,
      "location" : {
        "layers" : [ "default-rack", "slave3" ]
      },
      "clockSplits" : [ 5842, 155, 155, 155, 155, 155, 155, 155, 155, 155, 155, 156 ],
      "cpuUsages" : [ 1364, 1364, 1364, 1364, 1364, 1365, 1364, 1364, 1364, 1364, 1364, 1365 ],
      "physMemKbytes" : [ 12258, 36775, 61292, 85809, 110326, 134843, 159360, 183877, 208394, 232911, 257428, 281945 ],
      "vmemKbytes" : [ 86620, 259860, 433100, 606340, 779581, 952821, 1126062, 1299301, 1472542, 1645783, 1819022, 1992263 ],
      "resourceUsageMetrics" : {
        "cumulativeCpuUsage" : 16370,
        "virtualMemoryUsage" : 2128777216,
        "physicalMemoryUsage" : 301264896,
        "heapUsage" : 207618048
      }
    } ],
    "preferredLocations" : [ ]
  } ],
  "reduceTasks" : [ {
    "inputBytes" : 47500888,
    "inputRecords" : 1289331,
    "outputBytes" : 156087667,
    "outputRecords" : 2523181,
    "taskID" : "task_1572946766556_0693_r_000000",
    "startTime" : 1575463966477,
    "finishTime" : 1575463992242,
    "taskType" : "REDUCE",
    "taskStatus" : "SUCCESS",
    "attempts" : [ {
      "attemptID" : "attempt_1572946766556_0693_r_000000_0",
      "result" : "SUCCESS",
      "startTime" : 1575463978512,
      "finishTime" : 1575463992242,
      "hostName" : "/default-rack/slave4",
      "hdfsBytesRead" : 0,
      "hdfsBytesWritten" : 156087667,
      "fileBytesRead" : 47500882,
      "fileBytesWritten" : 47625361,
      "mapInputRecords" : -1,
      "mapInputBytes" : -1,
      "mapOutputBytes" : -1,
      "mapOutputRecords" : -1,
      "combineInputRecords" : 0,
      "reduceInputGroups" : 144118,
      "reduceInputRecords" : 1289331,
      "reduceShuffleBytes" : 47500888,
      "reduceOutputRecords" : 2523181,
      "spilledRecords" : 1289331,
      "shuffleFinished" : 1575463982838,
      "sortFinished" : 1575463983421,
      "location" : {
        "layers" : [ "default-rack", "slave4" ]
      },
      "clockSplits" : [ 5258, 319, 319, 319, 319, 319, 319, 319, 319, 1486, 2169, 2252 ],
      "cpuUsages" : [ 1224, 1224, 1224, 1224, 1224, 1225, 1224, 1224, 1224, 2967, 4140, 4796 ],
      "physMemKbytes" : [ 15691, 47075, 78459, 109842, 141227, 172610, 203995, 235378, 266763, 291825, 294707, 308760 ],
      "vmemKbytes" : [ 111422, 334268, 557114, 779959, 1002805, 1225650, 1448497, 1671342, 1894189, 2071605, 2086163, 2086164 ],
      "resourceUsageMetrics" : {
        "cumulativeCpuUsage" : 22920,
        "virtualMemoryUsage" : 2136231936,
        "physicalMemoryUsage" : 326406144,
        "heapUsage" : 207618048
      }
    } ],
    "preferredLocations" : [ ]
  }, {
    "inputBytes" : 47416095,
    "inputRecords" : 1286451,
    "outputBytes" : 154976159,
    "outputRecords" : 2507324,
    "taskID" : "task_1572946766556_0693_r_000001",
    "startTime" : 1575463966477,
    "finishTime" : 1575463993503,
    "taskType" : "REDUCE",
    "taskStatus" : "SUCCESS",
    "attempts" : [ {
      "attemptID" : "attempt_1572946766556_0693_r_000001_0",
      "result" : "SUCCESS",
      "startTime" : 1575463978522,
      "finishTime" : 1575463993503,
      "hostName" : "/default-rack/slave2",
      "hdfsBytesRead" : 0,
      "hdfsBytesWritten" : 154976159,
      "fileBytesRead" : 47416089,
      "fileBytesWritten" : 47540568,
      "mapInputRecords" : -1,
      "mapInputBytes" : -1,
      "mapOutputBytes" : -1,
      "mapOutputRecords" : -1,
      "combineInputRecords" : 0,
      "reduceInputGroups" : 143924,
      "reduceInputRecords" : 1286451,
      "reduceShuffleBytes" : 47416095,
      "reduceOutputRecords" : 2507324,
      "spilledRecords" : 1286451,
      "shuffleFinished" : 1575463982959,
      "sortFinished" : 1575463983557,
      "location" : {
        "layers" : [ "default-rack", "slave2" ]
      },
      "clockSplits" : [ 5354, 316, 315, 316, 316, 315, 316, 315, 316, 2131, 2356, 2603 ],
      "cpuUsages" : [ 1169, 1169, 1170, 1169, 1170, 1169, 1170, 1169, 1170, 3729, 4213, 4583 ],
      "physMemKbytes" : [ 16063, 48191, 80319, 112446, 144575, 176702, 208830, 240957, 273086, 293382, 297612, 316145 ],
      "vmemKbytes" : [ 113686, 341059, 568432, 795805, 1023179, 1250552, 1477925, 1705298, 1932671, 2075629, 2080632, 2099001 ],
      "resourceUsageMetrics" : {
        "cumulativeCpuUsage" : 23050,
        "virtualMemoryUsage" : 2154831872,
        "physicalMemoryUsage" : 329306112,
        "heapUsage" : 208142336
      }
    } ],
    "preferredLocations" : [ ]
  }, {
    "inputBytes" : 47708145,
    "inputRecords" : 1294757,
    "outputBytes" : 156828495,
    "outputRecords" : 2537263,
    "taskID" : "task_1572946766556_0693_r_000002",
    "startTime" : 1575463966477,
    "finishTime" : 1575463992086,
    "taskType" : "REDUCE",
    "taskStatus" : "SUCCESS",
    "attempts" : [ {
      "attemptID" : "attempt_1572946766556_0693_r_000002_0",
      "result" : "SUCCESS",
      "startTime" : 1575463978520,
      "finishTime" : 1575463992086,
      "hostName" : "/default-rack/slave3",
      "hdfsBytesRead" : 0,
      "hdfsBytesWritten" : 156828495,
      "fileBytesRead" : 47708139,
      "fileBytesWritten" : 47832618,
      "mapInputRecords" : -1,
      "mapInputBytes" : -1,
      "mapOutputBytes" : -1,
      "mapOutputRecords" : -1,
      "combineInputRecords" : 0,
      "reduceInputGroups" : 144429,
      "reduceInputRecords" : 1294757,
      "reduceShuffleBytes" : 47708145,
      "reduceOutputRecords" : 2537263,
      "spilledRecords" : 1294757,
      "shuffleFinished" : 1575463982532,
      "sortFinished" : 1575463983302,
      "location" : {
        "layers" : [ "default-rack", "slave3" ]
      },
      "clockSplits" : [ 5102, 325, 325, 325, 325, 325, 325, 325, 325, 1393, 2135, 2321 ],
      "cpuUsages" : [ 1211, 1212, 1212, 1211, 1212, 1212, 1211, 1212, 1212, 2575, 3700, 5000 ],
      "physMemKbytes" : [ 15616, 46848, 78080, 109311, 140544, 171775, 203008, 234239, 265472, 291254, 294844, 309051 ],
      "vmemKbytes" : [ 110777, 332331, 553886, 775441, 996996, 1218551, 1440106, 1661661, 1883216, 2064886, 2082607, 2082608 ],
      "resourceUsageMetrics" : {
        "cumulativeCpuUsage" : 22180,
        "virtualMemoryUsage" : 2132590592,
        "physicalMemoryUsage" : 327692288,
        "heapUsage" : 209190912
      }
    } ],
    "preferredLocations" : [ ]
  } ],
  "otherTasks" : [ ],
  "successfulMapAttemptCDFs" : [ {
    "numberValues" : 0,
    "minimum" : -9223372036854775808,
    "rankings" : [ ],
    "maximum" : 9223372036854775807
  }, {
    "numberValues" : 0,
    "minimum" : -9223372036854775808,
    "rankings" : [ ],
    "maximum" : 9223372036854775807
  }, {
    "numberValues" : 0,
    "minimum" : -9223372036854775808,
    "rankings" : [ ],
    "maximum" : 9223372036854775807
  }, {
    "numberValues" : 2,
    "minimum" : 7577,
    "rankings" : [ {
      "relativeRanking" : 0.05,
      "datum" : 7577
    }, {
      "relativeRanking" : 0.1,
      "datum" : 7577
    }, {
      "relativeRanking" : 0.15,
      "datum" : 7577
    }, {
      "relativeRanking" : 0.2,
      "datum" : 7577
    }, {
      "relativeRanking" : 0.25,
      "datum" : 7577
    }, {
      "relativeRanking" : 0.3,
      "datum" : 7577
    }, {
      "relativeRanking" : 0.35,
      "datum" : 7577
    }, {
      "relativeRanking" : 0.4,
      "datum" : 7577
    }, {
      "relativeRanking" : 0.45,
      "datum" : 7577
    }, {
      "relativeRanking" : 0.5,
      "datum" : 7577
    }, {
      "relativeRanking" : 0.55,
      "datum" : 7577
    }, {
      "relativeRanking" : 0.6,
      "datum" : 7577
    }, {
      "relativeRanking" : 0.65,
      "datum" : 7577
    }, {
      "relativeRanking" : 0.7,
      "datum" : 7577
    }, {
      "relativeRanking" : 0.75,
      "datum" : 7577
    }, {
      "relativeRanking" : 0.8,
      "datum" : 7577
    }, {
      "relativeRanking" : 0.85,
      "datum" : 7577
    }, {
      "relativeRanking" : 0.9,
      "datum" : 7577
    }, {
      "relativeRanking" : 0.95,
      "datum" : 7577
    } ],
    "maximum" : 13208
  } ],
  "failedMapAttemptCDFs" : [ {
    "numberValues" : 0,
    "minimum" : -9223372036854775808,
    "rankings" : [ ],
    "maximum" : 9223372036854775807
  }, {
    "numberValues" : 0,
    "minimum" : -9223372036854775808,
    "rankings" : [ ],
    "maximum" : 9223372036854775807
  }, {
    "numberValues" : 0,
    "minimum" : -9223372036854775808,
    "rankings" : [ ],
    "maximum" : 9223372036854775807
  }, {
    "numberValues" : 0,
    "minimum" : -9223372036854775808,
    "rankings" : [ ],
    "maximum" : 9223372036854775807
  } ],
  "successfulReduceAttemptCDF" : {
    "numberValues" : 3,
    "minimum" : 13566,
    "rankings" : [ {
      "relativeRanking" : 0.05,
      "datum" : 13566
    }, {
      "relativeRanking" : 0.1,
      "datum" : 13566
    }, {
      "relativeRanking" : 0.15,
      "datum" : 13566
    }, {
      "relativeRanking" : 0.2,
      "datum" : 13566
    }, {
      "relativeRanking" : 0.25,
      "datum" : 13566
    }, {
      "relativeRanking" : 0.3,
      "datum" : 13566
    }, {
      "relativeRanking" : 0.35,
      "datum" : 13566
    }, {
      "relativeRanking" : 0.4,
      "datum" : 13566
    }, {
      "relativeRanking" : 0.45,
      "datum" : 13566
    }, {
      "relativeRanking" : 0.5,
      "datum" : 13566
    }, {
      "relativeRanking" : 0.55,
      "datum" : 13566
    }, {
      "relativeRanking" : 0.6,
      "datum" : 13566
    }, {
      "relativeRanking" : 0.65,
      "datum" : 13566
    }, {
      "relativeRanking" : 0.7,
      "datum" : 13730
    }, {
      "relativeRanking" : 0.75,
      "datum" : 13730
    }, {
      "relativeRanking" : 0.8,
      "datum" : 13730
    }, {
      "relativeRanking" : 0.85,
      "datum" : 13730
    }, {
      "relativeRanking" : 0.9,
      "datum" : 13730
    }, {
      "relativeRanking" : 0.95,
      "datum" : 13730
    } ],
    "maximum" : 14981
  },
  "failedReduceAttemptCDF" : {
    "numberValues" : 0,
    "minimum" : -9223372036854775808,
    "rankings" : [ ],
    "maximum" : 9223372036854775807
  },
  "queue" : "default",
  "jobName" : "ReduceJoin-[1575463960340]",
  "clusterMapMB" : -1,
  "clusterReduceMB" : -1,
  "jobMapMB" : -1,
  "jobReduceMB" : -1,
  "relativeTime" : 0,
  "mapperTriesToSucceed" : [ 1.0 ],
  "failedMapperFraction" : 0.0,
  "jobProperties" : { }
}