{
  "jobID" : "job_1600222256971_1103",
  "user" : "hadoop",
  "computonsPerMapInputByte" : -1,
  "computonsPerMapOutputByte" : -1,
  "computonsPerReduceInputByte" : -1,
  "computonsPerReduceOutputByte" : -1,
  "submitTime" : 1601022965101,
  "launchTime" : 1601022968751,
  "finishTime" : 1601022989964,
  "heapMegabytes" : -1,
  "totalMaps" : 2,
  "totalReduces" : 6,
  "outcome" : "SUCCESS",
  "jobtype" : "JAVA",
  "priority" : "NORMAL",
  "directDependantJobs" : [ ],
  "mapTasks" : [ {
    "inputBytes" : 79565870,
    "inputRecords" : 2570811,
    "outputBytes" : 140959006,
    "outputRecords" : 2570810,
    "taskID" : "task_1600222256971_1103_m_000000",
    "startTime" : 1601022968787,
    "finishTime" : 1601022980321,
    "taskType" : "MAP",
    "taskStatus" : "SUCCESS",
    "attempts" : [ {
      "attemptID" : "attempt_1600222256971_1103_m_000000_0",
      "result" : "SUCCESS",
      "startTime" : 1601022970952,
      "finishTime" : 1601022980321,
      "hostName" : "/default-rack/slave3",
      "hdfsBytesRead" : 79565870,
      "hdfsBytesWritten" : 0,
      "fileBytesRead" : 71263492,
      "fileBytesWritten" : 140959006,
      "mapInputRecords" : 2570811,
      "mapInputBytes" : -1,
      "mapOutputBytes" : 65275490,
      "mapOutputRecords" : 2570810,
      "combineInputRecords" : 0,
      "reduceInputGroups" : -1,
      "reduceInputRecords" : -1,
      "reduceShuffleBytes" : -1,
      "reduceOutputRecords" : -1,
      "spilledRecords" : 5141620,
      "shuffleFinished" : -1,
      "sortFinished" : -1,
      "location" : {
        "layers" : [ "default-rack", "slave3" ]
      },
      "clockSplits" : [ 6096, 264, 264, 264, 265, 264, 264, 264, 350, 352, 352, 353 ],
      "cpuUsages" : [ 1758, 1758, 1758, 1758, 1758, 1758, 1758, 1758, 668, 633, 632, 633 ],
      "physMemKbytes" : [ 17398, 52195, 86992, 121789, 156587, 191384, 226182, 260979, 279938, 280979, 282002, 283027 ],
      "resourceUsageMetrics" : {
        "cumulativeCpuUsage" : 16630,
        "virtualMemoryUsage" : 2062651392,
        "physicalMemoryUsage" : 290344960,
        "heapUsage" : 208142336
      },
      "vmemKbytes" : [ 125335, 376007, 626679, 877350, 1128023, 1378694, 1629367, 1880038, 2013276, 2013659, 2013918, 2014178 ]
    }, {
      "attemptID" : "attempt_1600222256971_1103_m_000000_1",
      "result" : "KILLED",
      "startTime" : 1601022979850,
      "finishTime" : 1601022980352,
      "hostName" : "/default-rack/slave4",
      "hdfsBytesRead" : -1,
      "hdfsBytesWritten" : -1,
      "fileBytesRead" : -1,
      "fileBytesWritten" : -1,
      "mapInputRecords" : -1,
      "mapInputBytes" : -1,
      "mapOutputBytes" : -1,
      "mapOutputRecords" : -1,
      "combineInputRecords" : -1,
      "reduceInputGroups" : -1,
      "reduceInputRecords" : -1,
      "reduceShuffleBytes" : -1,
      "reduceOutputRecords" : -1,
      "spilledRecords" : -1,
      "shuffleFinished" : -1,
      "sortFinished" : -1,
      "location" : {
        "layers" : [ "default-rack", "slave4" ]
      },
      "clockSplits" : [ 39, 40, 39, 40, 39, 40, 39, 40, 39, 40, 39, 40 ],
      "cpuUsages" : [ 0, 0, 0, 0, 0, 0, 0, 0, 0, 0, 0, 0 ],
      "physMemKbytes" : [ 0, 0, 0, 0, 0, 0, 0, 0, 0, 0, 0, 0 ],
      "resourceUsageMetrics" : {
        "cumulativeCpuUsage" : 0,
        "virtualMemoryUsage" : 0,
        "physicalMemoryUsage" : 0,
        "heapUsage" : 0
      },
      "vmemKbytes" : [ 0, 0, 0, 0, 0, 0, 0, 0, 0, 0, 0, 0 ]
    } ],
    "preferredLocations" : [ ]
  }, {
    "inputBytes" : 63092039,
    "inputRecords" : 1299730,
    "outputBytes" : 144540714,
    "outputRecords" : 1299729,
    "taskID" : "task_1600222256971_1103_m_000001",
    "startTime" : 1601022968789,
    "finishTime" : 1601022978258,
    "taskType" : "MAP",
    "taskStatus" : "SUCCESS",
    "attempts" : [ {
      "attemptID" : "attempt_1600222256971_1103_m_000001_0",
      "result" : "SUCCESS",
      "startTime" : 1601022970959,
      "finishTime" : 1601022978258,
      "hostName" : "/default-rack/slave3",
      "hdfsBytesRead" : 63092039,
      "hdfsBytesWritten" : 0,
      "fileBytesRead" : 72784741,
      "fileBytesWritten" : 144540714,
      "mapInputRecords" : 1299730,
      "mapInputBytes" : -1,
      "mapOutputBytes" : 69599284,
      "mapOutputRecords" : 1299729,
      "combineInputRecords" : 0,
      "reduceInputGroups" : -1,
      "reduceInputRecords" : -1,
      "reduceShuffleBytes" : -1,
      "reduceOutputRecords" : -1,
      "spilledRecords" : 2599458,
      "shuffleFinished" : -1,
      "sortFinished" : -1,
      "location" : {
        "layers" : [ "default-rack", "slave3" ]
      },
      "clockSplits" : [ 5106, 196, 196, 196, 196, 197, 196, 196, 196, 196, 196, 197 ],
      "cpuUsages" : [ 1120, 1121, 1121, 1121, 1121, 1121, 1120, 1121, 1121, 1121, 1121, 1121 ],
      "physMemKbytes" : [ 11796, 35390, 58984, 82577, 106171, 129764, 153358, 176951, 200546, 224139, 247732, 271327 ],
      "resourceUsageMetrics" : {
        "cumulativeCpuUsage" : 13450,
        "virtualMemoryUsage" : 2063196160,
        "physicalMemoryUsage" : 289918976,
        "heapUsage" : 206569472
      },
      "vmemKbytes" : [ 83951, 251854, 419758, 587661, 755564, 923467, 1091371, 1259274, 1427178, 1595081, 1762984, 1930888 ]
    } ],
    "preferredLocations" : [ ]
  } ],
  "reduceTasks" : [ {
    "inputBytes" : 23478435,
    "inputRecords" : 635799,
    "outputBytes" : 76999982,
    "outputRecords" : 1244958,
    "taskID" : "task_1600222256971_1103_r_000000",
    "startTime" : 1601022968790,
    "finishTime" : 1601022988619,
    "taskType" : "REDUCE",
    "taskStatus" : "SUCCESS",
    "attempts" : [ {
      "attemptID" : "attempt_1600222256971_1103_r_000000_0",
      "result" : "SUCCESS",
      "startTime" : 1601022980876,
      "finishTime" : 1601022988619,
      "hostName" : "/default-rack/slave5",
      "hdfsBytesRead" : 0,
      "hdfsBytesWritten" : 76999982,
      "fileBytesRead" : 23478429,
      "fileBytesWritten" : 23602896,
      "mapInputRecords" : -1,
      "mapInputBytes" : -1,
      "mapOutputBytes" : -1,
      "mapOutputRecords" : -1,
      "combineInputRecords" : 0,
      "reduceInputGroups" : 71419,
      "reduceInputRecords" : 635799,
      "reduceShuffleBytes" : 23478435,
      "reduceOutputRecords" : 1244958,
      "spilledRecords" : 635799,
      "shuffleFinished" : 1601022983489,
      "sortFinished" : 1601022983868,
      "location" : {
        "layers" : [ "default-rack", "slave5" ]
      },
      "clockSplits" : [ 3390, 395, 394, 395, 394, 395, 394, 395, 394, 395, 394, 395 ],
      "cpuUsages" : [ 985, 986, 986, 986, 986, 986, 985, 986, 986, 986, 986, 986 ],
      "physMemKbytes" : [ 7962, 23889, 39815, 55741, 71668, 87594, 103521, 119446, 135373, 151300, 167225, 183152 ],
      "resourceUsageMetrics" : {
        "cumulativeCpuUsage" : 11830,
        "virtualMemoryUsage" : 2070228992,
        "physicalMemoryUsage" : 195702784,
        "heapUsage" : 137363456
      },
      "vmemKbytes" : [ 84237, 252712, 421189, 589664, 758140, 926615, 1095091, 1263566, 1432043, 1600518, 1768993, 1937470 ]
    } ],
    "preferredLocations" : [ ]
  }, {
    "inputBytes" : 23803081,
    "inputRecords" : 646554,
    "outputBytes" : 77399444,
    "outputRecords" : 1256706,
    "taskID" : "task_1600222256971_1103_r_000001",
    "startTime" : 1601022968790,
    "finishTime" : 1601022989863,
    "taskType" : "REDUCE",
    "taskStatus" : "SUCCESS",
    "attempts" : [ {
      "attemptID" : "attempt_1600222256971_1103_r_000001_0",
      "result" : "SUCCESS",
      "startTime" : 1601022980889,
      "finishTime" : 1601022989863,
      "hostName" : "/default-rack/slave4",
      "hdfsBytesRead" : 0,
      "hdfsBytesWritten" : 77399444,
      "fileBytesRead" : 23803075,
      "fileBytesWritten" : 23927542,
      "mapInputRecords" : -1,
      "mapInputBytes" : -1,
      "mapOutputBytes" : -1,
      "mapOutputRecords" : -1,
      "combineInputRecords" : 0,
      "reduceInputGroups" : 72260,
      "reduceInputRecords" : 646554,
      "reduceShuffleBytes" : 23803081,
      "reduceOutputRecords" : 1256706,
      "spilledRecords" : 646554,
      "shuffleFinished" : 1601022983399,
      "sortFinished" : 1601022983775,
      "location" : {
        "layers" : [ "default-rack", "slave4" ]
      },
      "clockSplits" : [ 3323, 434, 435, 434, 435, 434, 435, 434, 435, 434, 435, 1295 ],
      "cpuUsages" : [ 1126, 1126, 1126, 1126, 1126, 1127, 1126, 1126, 1126, 1126, 1126, 2333 ],
      "physMemKbytes" : [ 8769, 26309, 43849, 61388, 78928, 96467, 114008, 131547, 149087, 166627, 184166, 196468 ],
      "resourceUsageMetrics" : {
        "cumulativeCpuUsage" : 14720,
        "virtualMemoryUsage" : 2067693568,
        "physicalMemoryUsage" : 202014720,
        "heapUsage" : 138936320
      },
      "vmemKbytes" : [ 90095, 270285, 450476, 630667, 810858, 991049, 1171240, 1351430, 1531621, 1711812, 1892003, 2015405 ]
    } ],
    "preferredLocations" : [ ]
  }, {
    "inputBytes" : 23721894,
    "inputRecords" : 642865,
    "outputBytes" : 78056574,
    "outputRecords" : 1262143,
    "taskID" : "task_1600222256971_1103_r_000002",
    "startTime" : 1601022968790,
    "finishTime" : 1601022988460,
    "taskType" : "REDUCE",
    "taskStatus" : "SUCCESS",
    "attempts" : [ {
      "attemptID" : "attempt_1600222256971_1103_r_000002_0",
      "result" : "SUCCESS",
      "startTime" : 1601022980884,
      "finishTime" : 1601022988460,
      "hostName" : "/default-rack/slave3",
      "hdfsBytesRead" : 0,
      "hdfsBytesWritten" : 78056574,
      "fileBytesRead" : 23721888,
      "fileBytesWritten" : 23846355,
      "mapInputRecords" : -1,
      "mapInputBytes" : -1,
      "mapOutputBytes" : -1,
      "mapOutputRecords" : -1,
      "combineInputRecords" : 0,
      "reduceInputGroups" : 71719,
      "reduceInputRecords" : 642865,
      "reduceShuffleBytes" : 23721894,
      "reduceOutputRecords" : 1262143,
      "spilledRecords" : 642865,
      "shuffleFinished" : 1601022982666,
      "sortFinished" : 1601022983081,
      "location" : {
        "layers" : [ "default-rack", "slave3" ]
      },
      "clockSplits" : [ 2655, 446, 446, 446, 446, 446, 446, 446, 446, 446, 446, 446 ],
      "cpuUsages" : [ 1005, 1005, 1005, 1005, 1005, 1005, 1005, 1005, 1005, 1005, 1005, 1005 ],
      "physMemKbytes" : [ 8330, 24991, 41653, 58314, 74975, 91636, 108298, 124959, 141621, 158282, 174943, 191605 ],
      "resourceUsageMetrics" : {
        "cumulativeCpuUsage" : 12060,
        "virtualMemoryUsage" : 2074509312,
        "physicalMemoryUsage" : 204734464,
        "heapUsage" : 137363456
      },
      "vmemKbytes" : [ 84412, 253236, 422060, 590883, 759708, 928531, 1097356, 1266179, 1435004, 1603828, 1772651, 1941476 ]
    } ],
    "preferredLocations" : [ ]
  }, {
    "inputBytes" : 24022465,
    "inputRecords" : 653532,
    "outputBytes" : 79087685,
    "outputRecords" : 1278223,
    "taskID" : "task_1600222256971_1103_r_000003",
    "startTime" : 1601022968790,
    "finishTime" : 1601022989634,
    "taskType" : "REDUCE",
    "taskStatus" : "SUCCESS",
    "attempts" : [ {
      "attemptID" : "attempt_1600222256971_1103_r_000003_0",
      "result" : "SUCCESS",
      "startTime" : 1601022980879,
      "finishTime" : 1601022989634,
      "hostName" : "/default-rack/slave2",
      "hdfsBytesRead" : 0,
      "hdfsBytesWritten" : 79087685,
      "fileBytesRead" : 24022459,
      "fileBytesWritten" : 24146926,
      "mapInputRecords" : -1,
      "mapInputBytes" : -1,
      "mapOutputBytes" : -1,
      "mapOutputRecords" : -1,
      "combineInputRecords" : 0,
      "reduceInputGroups" : 72699,
      "reduceInputRecords" : 653532,
      "reduceShuffleBytes" : 24022465,
      "reduceOutputRecords" : 1278223,
      "spilledRecords" : 653532,
      "shuffleFinished" : 1601022983576,
      "sortFinished" : 1601022984075,
      "location" : {
        "layers" : [ "default-rack", "slave2" ]
      },
      "clockSplits" : [ 3621, 420, 419, 420, 420, 419, 420, 420, 419, 420, 420, 925 ],
      "cpuUsages" : [ 982, 982, 982, 982, 982, 982, 982, 982, 982, 982, 982, 1568 ],
      "physMemKbytes" : [ 8441, 25325, 42208, 59091, 75975, 92858, 109742, 126625, 143509, 160393, 177276, 192823 ],
      "resourceUsageMetrics" : {
        "cumulativeCpuUsage" : 12370,
        "virtualMemoryUsage" : 2069811200,
        "physicalMemoryUsage" : 200810496,
        "heapUsage" : 139460608
      },
      "vmemKbytes" : [ 87212, 261637, 436063, 610488, 784914, 959339, 1133766, 1308191, 1482617, 1657042, 1831467, 1991113 ]
    } ],
    "preferredLocations" : [ ]
  }, {
    "inputBytes" : 23613026,
    "inputRecords" : 639897,
    "outputBytes" : 77576715,
    "outputRecords" : 1250618,
    "taskID" : "task_1600222256971_1103_r_000004",
    "startTime" : 1601022968790,
    "finishTime" : 1601022988675,
    "taskType" : "REDUCE",
    "taskStatus" : "SUCCESS",
    "attempts" : [ {
      "attemptID" : "attempt_1600222256971_1103_r_000004_0",
      "result" : "SUCCESS",
      "startTime" : 1601022980882,
      "finishTime" : 1601022988675,
      "hostName" : "/default-rack/slave3",
      "hdfsBytesRead" : 0,
      "hdfsBytesWritten" : 77576715,
      "fileBytesRead" : 23613020,
      "fileBytesWritten" : 23737487,
      "mapInputRecords" : -1,
      "mapInputBytes" : -1,
      "mapOutputBytes" : -1,
      "mapOutputRecords" : -1,
      "combineInputRecords" : 0,
      "reduceInputGroups" : 71664,
      "reduceInputRecords" : 639897,
      "reduceShuffleBytes" : 23613026,
      "reduceOutputRecords" : 1250618,
      "spilledRecords" : 639897,
      "shuffleFinished" : 1601022982889,
      "sortFinished" : 1601022983313,
      "location" : {
        "layers" : [ "default-rack", "slave3" ]
      },
      "clockSplits" : [ 2889, 445, 445, 444, 445, 445, 444, 445, 445, 444, 445, 445 ],
      "cpuUsages" : [ 1090, 1091, 1091, 1091, 1091, 1091, 1090, 1091, 1091, 1091, 1091, 1091 ],
      "physMemKbytes" : [ 8336, 25008, 41680, 58351, 75024, 91695, 108368, 125039, 141712, 158384, 175055, 191728 ],
      "resourceUsageMetrics" : {
        "cumulativeCpuUsage" : 13090,
        "virtualMemoryUsage" : 2069229568,
        "physicalMemoryUsage" : 204865536,
        "heapUsage" : 136839168
      },
      "vmemKbytes" : [ 84197, 252591, 420985, 589379, 757774, 926168, 1094563, 1262956, 1431351, 1599746, 1768139, 1936534 ]
    } ],
    "preferredLocations" : [ ]
  }, {
    "inputBytes" : 23986263,
    "inputRecords" : 651892,
    "outputBytes" : 78771921,
    "outputRecords" : 1275120,
    "taskID" : "task_1600222256971_1103_r_000005",
    "startTime" : 1601022968790,
    "finishTime" : 1601022989666,
    "taskType" : "REDUCE",
    "taskStatus" : "SUCCESS",
    "attempts" : [ {
      "attemptID" : "attempt_1600222256971_1103_r_000005_0",
      "result" : "SUCCESS",
      "startTime" : 1601022980888,
      "finishTime" : 1601022989666,
      "hostName" : "/default-rack/slave4",
      "hdfsBytesRead" : 0,
      "hdfsBytesWritten" : 78771921,
      "fileBytesRead" : 23986257,
      "fileBytesWritten" : 24110724,
      "mapInputRecords" : -1,
      "mapInputBytes" : -1,
      "mapOutputBytes" : -1,
      "mapOutputRecords" : -1,
      "combineInputRecords" : 0,
      "reduceInputGroups" : 72710,
      "reduceInputRecords" : 651892,
      "reduceShuffleBytes" : 23986263,
      "reduceOutputRecords" : 1275120,
      "spilledRecords" : 651892,
      "shuffleFinished" : 1601022983262,
      "sortFinished" : 1601022983697,
      "location" : {
        "layers" : [ "default-rack", "slave4" ]
      },
      "clockSplits" : [ 3245, 432, 432, 433, 432, 432, 432, 433, 432, 432, 433, 1199 ],
      "cpuUsages" : [ 1228, 1229, 1229, 1229, 1229, 1229, 1228, 1229, 1229, 1229, 1229, 2553 ],
      "physMemKbytes" : [ 8512, 25536, 42560, 59583, 76608, 93632, 110657, 127680, 144705, 161729, 178752, 193132 ],
      "resourceUsageMetrics" : {
        "cumulativeCpuUsage" : 16070,
        "virtualMemoryUsage" : 2069843968,
        "physicalMemoryUsage" : 199766016,
        "heapUsage" : 139984896
      },
      "vmemKbytes" : [ 88457, 265373, 442288, 619203, 796120, 973035, 1149951, 1326866, 1503782, 1680698, 1857613, 2005324 ]
    } ],
    "preferredLocations" : [ ]
  } ],
  "otherTasks" : [ ],
  "successfulMapAttemptCDFs" : [ {
    "numberValues" : 0,
    "minimum" : -9223372036854775808,
    "rankings" : [ ],
    "maximum" : 9223372036854775807
  }, {
    "numberValues" : 0,
    "minimum" : -9223372036854775808,
    "rankings" : [ ],
    "maximum" : 9223372036854775807
  }, {
    "numberValues" : 0,
    "minimum" : -9223372036854775808,
    "rankings" : [ ],
    "maximum" : 9223372036854775807
  }, {
    "numberValues" : 2,
    "minimum" : 7299,
    "rankings" : [ {
      "relativeRanking" : 0.05,
      "datum" : 7299
    }, {
      "relativeRanking" : 0.1,
      "datum" : 7299
    }, {
      "relativeRanking" : 0.15,
      "datum" : 7299
    }, {
      "relativeRanking" : 0.2,
      "datum" : 7299
    }, {
      "relativeRanking" : 0.25,
      "datum" : 7299
    }, {
      "relativeRanking" : 0.3,
      "datum" : 7299
    }, {
      "relativeRanking" : 0.35,
      "datum" : 7299
    }, {
      "relativeRanking" : 0.4,
      "datum" : 7299
    }, {
      "relativeRanking" : 0.45,
      "datum" : 7299
    }, {
      "relativeRanking" : 0.5,
      "datum" : 7299
    }, {
      "relativeRanking" : 0.55,
      "datum" : 7299
    }, {
      "relativeRanking" : 0.6,
      "datum" : 7299
    }, {
      "relativeRanking" : 0.65,
      "datum" : 7299
    }, {
      "relativeRanking" : 0.7,
      "datum" : 7299
    }, {
      "relativeRanking" : 0.75,
      "datum" : 7299
    }, {
      "relativeRanking" : 0.8,
      "datum" : 7299
    }, {
      "relativeRanking" : 0.85,
      "datum" : 7299
    }, {
      "relativeRanking" : 0.9,
      "datum" : 7299
    }, {
      "relativeRanking" : 0.95,
      "datum" : 7299
    } ],
    "maximum" : 9369
  } ],
  "failedMapAttemptCDFs" : [ {
    "numberValues" : 0,
    "minimum" : -9223372036854775808,
    "rankings" : [ ],
    "maximum" : 9223372036854775807
  }, {
    "numberValues" : 0,
    "minimum" : -9223372036854775808,
    "rankings" : [ ],
    "maximum" : 9223372036854775807
  }, {
    "numberValues" : 0,
    "minimum" : -9223372036854775808,
    "rankings" : [ ],
    "maximum" : 9223372036854775807
  }, {
    "numberValues" : 0,
    "minimum" : -9223372036854775808,
    "rankings" : [ ],
    "maximum" : 9223372036854775807
  } ],
  "successfulReduceAttemptCDF" : {
    "numberValues" : 6,
    "minimum" : 7576,
    "rankings" : [ {
      "relativeRanking" : 0.05,
      "datum" : 7576
    }, {
      "relativeRanking" : 0.1,
      "datum" : 7576
    }, {
      "relativeRanking" : 0.15,
      "datum" : 7576
    }, {
      "relativeRanking" : 0.2,
      "datum" : 7576
    }, {
      "relativeRanking" : 0.25,
      "datum" : 7576
    }, {
      "relativeRanking" : 0.3,
      "datum" : 7576
    }, {
      "relativeRanking" : 0.35,
      "datum" : 7743
    }, {
      "relativeRanking" : 0.4,
      "datum" : 7743
    }, {
      "relativeRanking" : 0.45,
      "datum" : 7743
    }, {
      "relativeRanking" : 0.5,
      "datum" : 7793
    }, {
      "relativeRanking" : 0.55,
      "datum" : 7793
    }, {
      "relativeRanking" : 0.6,
      "datum" : 7793
    }, {
      "relativeRanking" : 0.65,
      "datum" : 7793
    }, {
      "relativeRanking" : 0.7,
      "datum" : 8755
    }, {
      "relativeRanking" : 0.75,
      "datum" : 8755
    }, {
      "relativeRanking" : 0.8,
      "datum" : 8755
    }, {
      "relativeRanking" : 0.85,
      "datum" : 8778
    }, {
      "relativeRanking" : 0.9,
      "datum" : 8778
    }, {
      "relativeRanking" : 0.95,
      "datum" : 8778
    } ],
    "maximum" : 8974
  },
  "failedReduceAttemptCDF" : {
    "numberValues" : 0,
    "minimum" : -9223372036854775808,
    "rankings" : [ ],
    "maximum" : 9223372036854775807
  },
  "queue" : "default",
  "jobName" : "ReduceJoin-[1601022966015]",
  "clusterMapMB" : -1,
  "clusterReduceMB" : -1,
  "jobMapMB" : -1,
  "jobReduceMB" : -1,
  "relativeTime" : 0,
  "mapperTriesToSucceed" : [ 1.0 ],
  "failedMapperFraction" : 0.0,
  "jobProperties" : { }
}