{
  "jobID" : "job_1600222256971_1113",
  "user" : "hadoop",
  "computonsPerMapInputByte" : -1,
  "computonsPerMapOutputByte" : -1,
  "computonsPerReduceInputByte" : -1,
  "computonsPerReduceOutputByte" : -1,
  "submitTime" : 1601023451127,
  "launchTime" : 1601023454971,
  "finishTime" : 1601023473519,
  "heapMegabytes" : -1,
  "totalMaps" : 8,
  "totalReduces" : 4,
  "outcome" : "SUCCESS",
  "jobtype" : "JAVA",
  "priority" : "NORMAL",
  "directDependantJobs" : [ ],
  "mapTasks" : [ {
    "inputBytes" : 134217938,
    "inputRecords" : 1342178,
    "outputBytes" : 279297990,
    "outputRecords" : 1342178,
    "taskID" : "task_1600222256971_1113_m_000000",
    "startTime" : 1601023455021,
    "finishTime" : 1601023465380,
    "taskType" : "MAP",
    "taskStatus" : "SUCCESS",
    "attempts" : [ {
      "attemptID" : "attempt_1600222256971_1113_m_000000_0",
      "result" : "SUCCESS",
      "startTime" : 1601023457232,
      "finishTime" : 1601023465380,
      "hostName" : "/default-rack/slave2",
      "hdfsBytesRead" : 134217938,
      "hdfsBytesWritten" : 0,
      "fileBytesRead" : 140087501,
      "fileBytesWritten" : 279297990,
      "mapInputRecords" : 1342178,
      "mapInputBytes" : -1,
      "mapOutputBytes" : 136902156,
      "mapOutputRecords" : 1342178,
      "combineInputRecords" : 0,
      "reduceInputGroups" : -1,
      "reduceInputRecords" : -1,
      "reduceShuffleBytes" : -1,
      "reduceOutputRecords" : -1,
      "spilledRecords" : 2684356,
      "shuffleFinished" : -1,
      "sortFinished" : -1,
      "location" : {
        "layers" : [ "default-rack", "slave2" ]
      },
      "clockSplits" : [ 5674, 220, 220, 220, 220, 220, 219, 220, 220, 220, 220, 220 ],
      "cpuUsages" : [ 880, 881, 881, 881, 881, 881, 880, 881, 881, 881, 881, 881 ],
      "physMemKbytes" : [ 12160, 36482, 60804, 85125, 109447, 133768, 158090, 182411, 206734, 231055, 255376, 279699 ],
      "vmemKbytes" : [ 83958, 251874, 419791, 587707, 755624, 923541, 1091458, 1259374, 1427291, 1595208, 1763124, 1931041 ],
      "resourceUsageMetrics" : {
        "cumulativeCpuUsage" : 10660,
        "virtualMemoryUsage" : 2063360000,
        "physicalMemoryUsage" : 293326848,
        "heapUsage" : 198705152
      }
    }, {
      "attemptID" : "attempt_1600222256971_1113_m_000000_1",
      "result" : "KILLED",
      "startTime" : 1601023465078,
      "finishTime" : 1601023465400,
      "hostName" : "/default-rack/slave5",
      "hdfsBytesRead" : -1,
      "hdfsBytesWritten" : -1,
      "fileBytesRead" : -1,
      "fileBytesWritten" : -1,
      "mapInputRecords" : -1,
      "mapInputBytes" : -1,
      "mapOutputBytes" : -1,
      "mapOutputRecords" : -1,
      "combineInputRecords" : -1,
      "reduceInputGroups" : -1,
      "reduceInputRecords" : -1,
      "reduceShuffleBytes" : -1,
      "reduceOutputRecords" : -1,
      "spilledRecords" : -1,
      "shuffleFinished" : -1,
      "sortFinished" : -1,
      "location" : {
        "layers" : [ "default-rack", "slave5" ]
      },
      "clockSplits" : [ 25, 25, 26, 25, 26, 25, 25, 26, 25, 26, 25, 26 ],
      "cpuUsages" : [ 0, 0, 0, 0, 0, 0, 0, 0, 0, 0, 0, 0 ],
      "physMemKbytes" : [ 0, 0, 0, 0, 0, 0, 0, 0, 0, 0, 0, 0 ],
      "vmemKbytes" : [ 0, 0, 0, 0, 0, 0, 0, 0, 0, 0, 0, 0 ],
      "resourceUsageMetrics" : {
        "cumulativeCpuUsage" : 0,
        "virtualMemoryUsage" : 0,
        "physicalMemoryUsage" : 0,
        "heapUsage" : 0
      }
    } ],
    "preferredLocations" : [ ]
  }, {
    "inputBytes" : 134217838,
    "inputRecords" : 1342177,
    "outputBytes" : 279297782,
    "outputRecords" : 1342177,
    "taskID" : "task_1600222256971_1113_m_000001",
    "startTime" : 1601023455022,
    "finishTime" : 1601023464550,
    "taskType" : "MAP",
    "taskStatus" : "SUCCESS",
    "attempts" : [ {
      "attemptID" : "attempt_1600222256971_1113_m_000001_0",
      "result" : "SUCCESS",
      "startTime" : 1601023457242,
      "finishTime" : 1601023464550,
      "hostName" : "/default-rack/slave3",
      "hdfsBytesRead" : 134217838,
      "hdfsBytesWritten" : 0,
      "fileBytesRead" : 139940933,
      "fileBytesWritten" : 279297782,
      "mapInputRecords" : 1342177,
      "mapInputBytes" : -1,
      "mapOutputBytes" : 136902054,
      "mapOutputRecords" : 1342177,
      "combineInputRecords" : 0,
      "reduceInputGroups" : -1,
      "reduceInputRecords" : -1,
      "reduceShuffleBytes" : -1,
      "reduceOutputRecords" : -1,
      "spilledRecords" : 2684354,
      "shuffleFinished" : -1,
      "sortFinished" : -1,
      "location" : {
        "layers" : [ "default-rack", "slave3" ]
      },
      "clockSplits" : [ 5141, 196, 196, 196, 195, 196, 196, 196, 195, 196, 196, 196 ],
      "cpuUsages" : [ 784, 784, 784, 784, 784, 785, 784, 784, 784, 784, 784, 785 ],
      "physMemKbytes" : [ 11685, 35055, 58425, 81794, 105165, 128534, 151905, 175274, 198645, 222015, 245384, 268755 ],
      "vmemKbytes" : [ 83889, 251667, 419445, 587222, 755001, 922778, 1090557, 1258334, 1426113, 1593891, 1761668, 1929447 ],
      "resourceUsageMetrics" : {
        "cumulativeCpuUsage" : 9410,
        "virtualMemoryUsage" : 2061656064,
        "physicalMemoryUsage" : 287170560,
        "heapUsage" : 187170816
      }
    } ],
    "preferredLocations" : [ ]
  }, {
    "inputBytes" : 134217838,
    "inputRecords" : 1342177,
    "outputBytes" : 279297782,
    "outputRecords" : 1342177,
    "taskID" : "task_1600222256971_1113_m_000002",
    "startTime" : 1601023455022,
    "finishTime" : 1601023463797,
    "taskType" : "MAP",
    "taskStatus" : "SUCCESS",
    "attempts" : [ {
      "attemptID" : "attempt_1600222256971_1113_m_000002_0",
      "result" : "SUCCESS",
      "startTime" : 1601023457242,
      "finishTime" : 1601023463797,
      "hostName" : "/default-rack/slave5",
      "hdfsBytesRead" : 134217838,
      "hdfsBytesWritten" : 0,
      "fileBytesRead" : 140074885,
      "fileBytesWritten" : 279297782,
      "mapInputRecords" : 1342177,
      "mapInputBytes" : -1,
      "mapOutputBytes" : 136902054,
      "mapOutputRecords" : 1342177,
      "combineInputRecords" : 0,
      "reduceInputGroups" : -1,
      "reduceInputRecords" : -1,
      "reduceShuffleBytes" : -1,
      "reduceOutputRecords" : -1,
      "spilledRecords" : 2684354,
      "shuffleFinished" : -1,
      "sortFinished" : -1,
      "location" : {
        "layers" : [ "default-rack", "slave5" ]
      },
      "clockSplits" : [ 4504, 184, 184, 184, 184, 185, 184, 184, 184, 184, 184, 185 ],
      "cpuUsages" : [ 733, 733, 734, 733, 733, 734, 733, 733, 734, 733, 733, 734 ],
      "physMemKbytes" : [ 12228, 36686, 61144, 85601, 110059, 134516, 158974, 183431, 207890, 232347, 256804, 281263 ],
      "vmemKbytes" : [ 84143, 252430, 420719, 589006, 757294, 925581, 1093869, 1262156, 1430445, 1598732, 1767019, 1935308 ],
      "resourceUsageMetrics" : {
        "cumulativeCpuUsage" : 8800,
        "virtualMemoryUsage" : 2067918848,
        "physicalMemoryUsage" : 300535808,
        "heapUsage" : 198180864
      }
    } ],
    "preferredLocations" : [ ]
  }, {
    "inputBytes" : 134217938,
    "inputRecords" : 1342178,
    "outputBytes" : 279297990,
    "outputRecords" : 1342178,
    "taskID" : "task_1600222256971_1113_m_000003",
    "startTime" : 1601023455022,
    "finishTime" : 1601023464110,
    "taskType" : "MAP",
    "taskStatus" : "SUCCESS",
    "attempts" : [ {
      "attemptID" : "attempt_1600222256971_1113_m_000003_0",
      "result" : "SUCCESS",
      "startTime" : 1601023457241,
      "finishTime" : 1601023464110,
      "hostName" : "/default-rack/slave5",
      "hdfsBytesRead" : 134217938,
      "hdfsBytesWritten" : 0,
      "fileBytesRead" : 140085389,
      "fileBytesWritten" : 279297990,
      "mapInputRecords" : 1342178,
      "mapInputBytes" : -1,
      "mapOutputBytes" : 136902156,
      "mapOutputRecords" : 1342178,
      "combineInputRecords" : 0,
      "reduceInputGroups" : -1,
      "reduceInputRecords" : -1,
      "reduceShuffleBytes" : -1,
      "reduceOutputRecords" : -1,
      "spilledRecords" : 2684356,
      "shuffleFinished" : -1,
      "sortFinished" : -1,
      "location" : {
        "layers" : [ "default-rack", "slave5" ]
      },
      "clockSplits" : [ 4714, 195, 195, 195, 194, 195, 195, 195, 194, 195, 195, 195 ],
      "cpuUsages" : [ 732, 733, 732, 733, 732, 733, 732, 733, 732, 733, 732, 733 ],
      "physMemKbytes" : [ 11797, 35391, 58985, 82578, 106173, 129766, 153361, 176954, 200549, 224143, 247736, 271331 ],
      "vmemKbytes" : [ 83911, 251734, 419559, 587382, 755206, 923029, 1090853, 1258676, 1426501, 1594324, 1762147, 1929972 ],
      "resourceUsageMetrics" : {
        "cumulativeCpuUsage" : 8790,
        "virtualMemoryUsage" : 2062217216,
        "physicalMemoryUsage" : 289923072,
        "heapUsage" : 197656576
      }
    } ],
    "preferredLocations" : [ ]
  }, {
    "inputBytes" : 134217838,
    "inputRecords" : 1342177,
    "outputBytes" : 279297782,
    "outputRecords" : 1342177,
    "taskID" : "task_1600222256971_1113_m_000004",
    "startTime" : 1601023455023,
    "finishTime" : 1601023464157,
    "taskType" : "MAP",
    "taskStatus" : "SUCCESS",
    "attempts" : [ {
      "attemptID" : "attempt_1600222256971_1113_m_000004_0",
      "result" : "SUCCESS",
      "startTime" : 1601023457243,
      "finishTime" : 1601023464157,
      "hostName" : "/default-rack/slave1",
      "hdfsBytesRead" : 134217838,
      "hdfsBytesWritten" : 0,
      "fileBytesRead" : 140032205,
      "fileBytesWritten" : 279297782,
      "mapInputRecords" : 1342177,
      "mapInputBytes" : -1,
      "mapOutputBytes" : 136902054,
      "mapOutputRecords" : 1342177,
      "combineInputRecords" : 0,
      "reduceInputGroups" : -1,
      "reduceInputRecords" : -1,
      "reduceShuffleBytes" : -1,
      "reduceOutputRecords" : -1,
      "spilledRecords" : 2684354,
      "shuffleFinished" : -1,
      "sortFinished" : -1,
      "location" : {
        "layers" : [ "default-rack", "slave1" ]
      },
      "clockSplits" : [ 4737, 197, 197, 197, 196, 197, 197, 197, 196, 197, 197, 197 ],
      "cpuUsages" : [ 775, 775, 775, 775, 775, 775, 775, 775, 775, 775, 775, 775 ],
      "physMemKbytes" : [ 11930, 35792, 59654, 83515, 107377, 131238, 155100, 178961, 202824, 226685, 250546, 274409 ],
      "vmemKbytes" : [ 84000, 252001, 420003, 588004, 756005, 924006, 1092008, 1260009, 1428011, 1596012, 1764013, 1932015 ],
      "resourceUsageMetrics" : {
        "cumulativeCpuUsage" : 9300,
        "virtualMemoryUsage" : 2064400384,
        "physicalMemoryUsage" : 293212160,
        "heapUsage" : 198180864
      }
    } ],
    "preferredLocations" : [ ]
  }, {
    "inputBytes" : 134217838,
    "inputRecords" : 1342177,
    "outputBytes" : 279297782,
    "outputRecords" : 1342177,
    "taskID" : "task_1600222256971_1113_m_000005",
    "startTime" : 1601023455023,
    "finishTime" : 1601023464094,
    "taskType" : "MAP",
    "taskStatus" : "SUCCESS",
    "attempts" : [ {
      "attemptID" : "attempt_1600222256971_1113_m_000005_0",
      "result" : "SUCCESS",
      "startTime" : 1601023457242,
      "finishTime" : 1601023464094,
      "hostName" : "/default-rack/slave4",
      "hdfsBytesRead" : 134217838,
      "hdfsBytesWritten" : 0,
      "fileBytesRead" : 140047221,
      "fileBytesWritten" : 279297782,
      "mapInputRecords" : 1342177,
      "mapInputBytes" : -1,
      "mapOutputBytes" : 136902054,
      "mapOutputRecords" : 1342177,
      "combineInputRecords" : 0,
      "reduceInputGroups" : -1,
      "reduceInputRecords" : -1,
      "reduceShuffleBytes" : -1,
      "reduceOutputRecords" : -1,
      "spilledRecords" : 2684354,
      "shuffleFinished" : -1,
      "sortFinished" : -1,
      "location" : {
        "layers" : [ "default-rack", "slave4" ]
      },
      "clockSplits" : [ 4721, 193, 192, 193, 192, 193, 192, 193, 192, 193, 192, 193 ],
      "cpuUsages" : [ 755, 756, 756, 756, 756, 756, 755, 756, 756, 756, 756, 756 ],
      "physMemKbytes" : [ 11848, 35545, 59242, 82939, 106636, 130333, 154030, 177727, 201424, 225121, 248818, 272515 ],
      "vmemKbytes" : [ 84035, 252105, 420176, 588246, 756317, 924388, 1092459, 1260529, 1428600, 1596671, 1764741, 1932812 ],
      "resourceUsageMetrics" : {
        "cumulativeCpuUsage" : 9070,
        "virtualMemoryUsage" : 2065252352,
        "physicalMemoryUsage" : 291188736,
        "heapUsage" : 197132288
      }
    } ],
    "preferredLocations" : [ ]
  }, {
    "inputBytes" : 97346938,
    "inputRecords" : 973468,
    "outputBytes" : 202606310,
    "outputRecords" : 973468,
    "taskID" : "task_1600222256971_1113_m_000006",
    "startTime" : 1601023455023,
    "finishTime" : 1601023463931,
    "taskType" : "MAP",
    "taskStatus" : "SUCCESS",
    "attempts" : [ {
      "attemptID" : "attempt_1600222256971_1113_m_000006_0",
      "result" : "SUCCESS",
      "startTime" : 1601023457240,
      "finishTime" : 1601023463931,
      "hostName" : "/default-rack/slave2",
      "hdfsBytesRead" : 97346938,
      "hdfsBytesWritten" : 0,
      "fileBytesRead" : 101640085,
      "fileBytesWritten" : 202606310,
      "mapInputRecords" : 973468,
      "mapInputBytes" : -1,
      "mapOutputBytes" : 99293736,
      "mapOutputRecords" : 973468,
      "combineInputRecords" : 0,
      "reduceInputGroups" : -1,
      "reduceInputRecords" : -1,
      "reduceShuffleBytes" : -1,
      "reduceOutputRecords" : -1,
      "spilledRecords" : 1946936,
      "shuffleFinished" : -1,
      "sortFinished" : -1,
      "location" : {
        "layers" : [ "default-rack", "slave2" ]
      },
      "clockSplits" : [ 5306, 124, 125, 124, 125, 124, 124, 125, 124, 125, 124, 125 ],
      "cpuUsages" : [ 733, 733, 734, 733, 733, 734, 733, 733, 734, 733, 733, 734 ],
      "physMemKbytes" : [ 12011, 36033, 60056, 84078, 108101, 132124, 156147, 180169, 204192, 228215, 252237, 276260 ],
      "vmemKbytes" : [ 84040, 252120, 420200, 588280, 756361, 924441, 1092522, 1260601, 1428682, 1596763, 1764842, 1932923 ],
      "resourceUsageMetrics" : {
        "cumulativeCpuUsage" : 8800,
        "virtualMemoryUsage" : 2065371136,
        "physicalMemoryUsage" : 295190528,
        "heapUsage" : 198180864
      }
    } ],
    "preferredLocations" : [ ]
  }, {
    "inputBytes" : 97346938,
    "inputRecords" : 973468,
    "outputBytes" : 202606310,
    "outputRecords" : 973468,
    "taskID" : "task_1600222256971_1113_m_000007",
    "startTime" : 1601023455023,
    "finishTime" : 1601023463943,
    "taskType" : "MAP",
    "taskStatus" : "SUCCESS",
    "attempts" : [ {
      "attemptID" : "attempt_1600222256971_1113_m_000007_0",
      "result" : "SUCCESS",
      "startTime" : 1601023457242,
      "finishTime" : 1601023463943,
      "hostName" : "/default-rack/slave2",
      "hdfsBytesRead" : 97346938,
      "hdfsBytesWritten" : 0,
      "fileBytesRead" : 101825341,
      "fileBytesWritten" : 202606310,
      "mapInputRecords" : 973468,
      "mapInputBytes" : -1,
      "mapOutputBytes" : 99293736,
      "mapOutputRecords" : 973468,
      "combineInputRecords" : 0,
      "reduceInputGroups" : -1,
      "reduceInputRecords" : -1,
      "reduceShuffleBytes" : -1,
      "reduceOutputRecords" : -1,
      "spilledRecords" : 1946936,
      "shuffleFinished" : -1,
      "sortFinished" : -1,
      "location" : {
        "layers" : [ "default-rack", "slave2" ]
      },
      "clockSplits" : [ 5136, 141, 141, 141, 140, 141, 141, 141, 140, 141, 141, 141 ],
      "cpuUsages" : [ 720, 721, 721, 721, 721, 721, 720, 721, 721, 721, 721, 721 ],
      "physMemKbytes" : [ 12052, 36158, 60264, 84369, 108475, 132580, 156686, 180791, 204898, 229003, 253108, 277215 ],
      "vmemKbytes" : [ 83888, 251664, 419441, 587217, 754994, 922771, 1090548, 1258324, 1426101, 1593878, 1761654, 1929431 ],
      "resourceUsageMetrics" : {
        "cumulativeCpuUsage" : 8650,
        "virtualMemoryUsage" : 2061639680,
        "physicalMemoryUsage" : 296210432,
        "heapUsage" : 198180864
      }
    } ],
    "preferredLocations" : [ ]
  } ],
  "reduceTasks" : [ {
    "inputBytes" : 260313400,
    "inputRecords" : 2503013,
    "outputBytes" : 250301300,
    "outputRecords" : 2503013,
    "taskID" : "task_1600222256971_1113_r_000000",
    "startTime" : 1601023455023,
    "finishTime" : 1601023473032,
    "taskType" : "REDUCE",
    "taskStatus" : "SUCCESS",
    "attempts" : [ {
      "attemptID" : "attempt_1600222256971_1113_r_000000_0",
      "result" : "SUCCESS",
      "startTime" : 1601023466102,
      "finishTime" : 1601023473032,
      "hostName" : "/default-rack/slave4",
      "hdfsBytesRead" : 0,
      "hdfsBytesWritten" : 250301300,
      "fileBytesRead" : 260313394,
      "fileBytesWritten" : 260438161,
      "mapInputRecords" : -1,
      "mapInputBytes" : -1,
      "mapOutputBytes" : -1,
      "mapOutputRecords" : -1,
      "combineInputRecords" : 0,
      "reduceInputGroups" : 2503013,
      "reduceInputRecords" : 2503013,
      "reduceShuffleBytes" : 260313400,
      "reduceOutputRecords" : 2503013,
      "spilledRecords" : 2503013,
      "shuffleFinished" : 1601023470398,
      "sortFinished" : 1601023470637,
      "location" : {
        "layers" : [ "default-rack", "slave4" ]
      },
      "clockSplits" : [ 4738, 198, 198, 199, 198, 198, 198, 199, 198, 198, 198, 199 ],
      "cpuUsages" : [ 1174, 1174, 1174, 1174, 1174, 1175, 1174, 1174, 1174, 1174, 1174, 1175 ],
      "physMemKbytes" : [ 13159, 39480, 65800, 92119, 118440, 144759, 171080, 197399, 223720, 250040, 276359, 302680 ],
      "vmemKbytes" : [ 84424, 253273, 422122, 590971, 759820, 928669, 1097518, 1266367, 1435216, 1604065, 1772914, 1941763 ],
      "resourceUsageMetrics" : {
        "cumulativeCpuUsage" : 14090,
        "virtualMemoryUsage" : 2074816512,
        "physicalMemoryUsage" : 323420160,
        "heapUsage" : 195035136
      }
    } ],
    "preferredLocations" : [ ]
  }, {
    "inputBytes" : 260014816,
    "inputRecords" : 2500142,
    "outputBytes" : 250014200,
    "outputRecords" : 2500142,
    "taskID" : "task_1600222256971_1113_r_000001",
    "startTime" : 1601023455024,
    "finishTime" : 1601023473448,
    "taskType" : "REDUCE",
    "taskStatus" : "SUCCESS",
    "attempts" : [ {
      "attemptID" : "attempt_1600222256971_1113_r_000001_0",
      "result" : "SUCCESS",
      "startTime" : 1601023466111,
      "finishTime" : 1601023473448,
      "hostName" : "/default-rack/slave5",
      "hdfsBytesRead" : 0,
      "hdfsBytesWritten" : 250014200,
      "fileBytesRead" : 260014810,
      "fileBytesWritten" : 260139577,
      "mapInputRecords" : -1,
      "mapInputBytes" : -1,
      "mapOutputBytes" : -1,
      "mapOutputRecords" : -1,
      "combineInputRecords" : 0,
      "reduceInputGroups" : 2500142,
      "reduceInputRecords" : 2500142,
      "reduceShuffleBytes" : 260014816,
      "reduceOutputRecords" : 2500142,
      "spilledRecords" : 2500142,
      "shuffleFinished" : 1601023470676,
      "sortFinished" : 1601023470914,
      "location" : {
        "layers" : [ "default-rack", "slave5" ]
      },
      "clockSplits" : [ 5017, 210, 210, 210, 210, 210, 210, 210, 210, 210, 210, 211 ],
      "cpuUsages" : [ 1229, 1229, 1229, 1229, 1229, 1230, 1229, 1229, 1229, 1229, 1229, 1230 ],
      "physMemKbytes" : [ 13270, 39811, 66353, 92894, 119435, 145976, 172518, 199059, 225601, 252142, 278683, 305225 ],
      "vmemKbytes" : [ 84771, 254313, 423855, 593396, 762939, 932480, 1102023, 1271564, 1441107, 1610649, 1780190, 1949733 ],
      "resourceUsageMetrics" : {
        "cumulativeCpuUsage" : 14750,
        "virtualMemoryUsage" : 2083332096,
        "physicalMemoryUsage" : 326139904,
        "heapUsage" : 198180864
      }
    } ],
    "preferredLocations" : [ ]
  }, {
    "inputBytes" : 258962856,
    "inputRecords" : 2490027,
    "outputBytes" : 249002700,
    "outputRecords" : 2490027,
    "taskID" : "task_1600222256971_1113_r_000002",
    "startTime" : 1601023455024,
    "finishTime" : 1601023473404,
    "taskType" : "REDUCE",
    "taskStatus" : "SUCCESS",
    "attempts" : [ {
      "attemptID" : "attempt_1600222256971_1113_r_000002_0",
      "result" : "SUCCESS",
      "startTime" : 1601023466106,
      "finishTime" : 1601023473404,
      "hostName" : "/default-rack/slave1",
      "hdfsBytesRead" : 0,
      "hdfsBytesWritten" : 249002700,
      "fileBytesRead" : 258962850,
      "fileBytesWritten" : 259087617,
      "mapInputRecords" : -1,
      "mapInputBytes" : -1,
      "mapOutputBytes" : -1,
      "mapOutputRecords" : -1,
      "combineInputRecords" : 0,
      "reduceInputGroups" : 2490027,
      "reduceInputRecords" : 2490027,
      "reduceShuffleBytes" : 258962856,
      "reduceOutputRecords" : 2490027,
      "spilledRecords" : 2490027,
      "shuffleFinished" : 1601023470621,
      "sortFinished" : 1601023470861,
      "location" : {
        "layers" : [ "default-rack", "slave1" ]
      },
      "clockSplits" : [ 4979, 210, 209, 210, 209, 210, 210, 209, 210, 209, 210, 210 ],
      "cpuUsages" : [ 985, 986, 986, 986, 986, 986, 985, 986, 986, 986, 986, 986 ],
      "physMemKbytes" : [ 10880, 32641, 54402, 76163, 97924, 119685, 141446, 163207, 184968, 206729, 228490, 250251 ],
      "vmemKbytes" : [ 85180, 255540, 425901, 596261, 766622, 936983, 1107344, 1277704, 1448065, 1618426, 1788786, 1959147 ],
      "resourceUsageMetrics" : {
        "cumulativeCpuUsage" : 11830,
        "virtualMemoryUsage" : 2093391872,
        "physicalMemoryUsage" : 267399168,
        "heapUsage" : 130023424
      }
    } ],
    "preferredLocations" : [ ]
  }, {
    "inputBytes" : 260709120,
    "inputRecords" : 2506818,
    "outputBytes" : 250681800,
    "outputRecords" : 2506818,
    "taskID" : "task_1600222256971_1113_r_000003",
    "startTime" : 1601023455024,
    "finishTime" : 1601023473396,
    "taskType" : "REDUCE",
    "taskStatus" : "SUCCESS",
    "attempts" : [ {
      "attemptID" : "attempt_1600222256971_1113_r_000003_0",
      "result" : "SUCCESS",
      "startTime" : 1601023466106,
      "finishTime" : 1601023473396,
      "hostName" : "/default-rack/slave2",
      "hdfsBytesRead" : 0,
      "hdfsBytesWritten" : 250681800,
      "fileBytesRead" : 260709114,
      "fileBytesWritten" : 260833881,
      "mapInputRecords" : -1,
      "mapInputBytes" : -1,
      "mapOutputBytes" : -1,
      "mapOutputRecords" : -1,
      "combineInputRecords" : 0,
      "reduceInputGroups" : 2506818,
      "reduceInputRecords" : 2506818,
      "reduceShuffleBytes" : 260709120,
      "reduceOutputRecords" : 2506818,
      "spilledRecords" : 2506818,
      "shuffleFinished" : 1601023470049,
      "sortFinished" : 1601023470461,
      "location" : {
        "layers" : [ "default-rack", "slave2" ]
      },
      "clockSplits" : [ 4605, 243, 243, 243, 243, 243, 243, 243, 243, 243, 243, 243 ],
      "cpuUsages" : [ 1175, 1176, 1176, 1176, 1176, 1176, 1175, 1176, 1176, 1176, 1176, 1176 ],
      "physMemKbytes" : [ 11998, 35995, 59992, 83989, 107986, 131983, 155980, 179977, 203974, 227971, 251968, 275965 ],
      "vmemKbytes" : [ 84183, 252550, 420917, 589284, 757651, 926018, 1094385, 1262752, 1431119, 1599486, 1767853, 1936220 ],
      "resourceUsageMetrics" : {
        "cumulativeCpuUsage" : 14110,
        "virtualMemoryUsage" : 2068893696,
        "physicalMemoryUsage" : 294875136,
        "heapUsage" : 201850880
      }
    } ],
    "preferredLocations" : [ ]
  } ],
  "otherTasks" : [ ],
  "successfulMapAttemptCDFs" : [ {
    "numberValues" : 0,
    "minimum" : -9223372036854775808,
    "rankings" : [ ],
    "maximum" : 9223372036854775807
  }, {
    "numberValues" : 0,
    "minimum" : -9223372036854775808,
    "rankings" : [ ],
    "maximum" : 9223372036854775807
  }, {
    "numberValues" : 0,
    "minimum" : -9223372036854775808,
    "rankings" : [ ],
    "maximum" : 9223372036854775807
  }, {
    "numberValues" : 8,
    "minimum" : 6555,
    "rankings" : [ {
      "relativeRanking" : 0.05,
      "datum" : 6555
    }, {
      "relativeRanking" : 0.1,
      "datum" : 6555
    }, {
      "relativeRanking" : 0.15,
      "datum" : 6555
    }, {
      "relativeRanking" : 0.2,
      "datum" : 6555
    }, {
      "relativeRanking" : 0.25,
      "datum" : 6691
    }, {
      "relativeRanking" : 0.3,
      "datum" : 6691
    }, {
      "relativeRanking" : 0.35,
      "datum" : 6691
    }, {
      "relativeRanking" : 0.4,
      "datum" : 6701
    }, {
      "relativeRanking" : 0.45,
      "datum" : 6701
    }, {
      "relativeRanking" : 0.5,
      "datum" : 6852
    }, {
      "relativeRanking" : 0.55,
      "datum" : 6852
    }, {
      "relativeRanking" : 0.6,
      "datum" : 6852
    }, {
      "relativeRanking" : 0.65,
      "datum" : 6869
    }, {
      "relativeRanking" : 0.7,
      "datum" : 6869
    }, {
      "relativeRanking" : 0.75,
      "datum" : 6914
    }, {
      "relativeRanking" : 0.8,
      "datum" : 6914
    }, {
      "relativeRanking" : 0.85,
      "datum" : 6914
    }, {
      "relativeRanking" : 0.9,
      "datum" : 7308
    }, {
      "relativeRanking" : 0.95,
      "datum" : 7308
    } ],
    "maximum" : 8148
  } ],
  "failedMapAttemptCDFs" : [ {
    "numberValues" : 0,
    "minimum" : -9223372036854775808,
    "rankings" : [ ],
    "maximum" : 9223372036854775807
  }, {
    "numberValues" : 0,
    "minimum" : -9223372036854775808,
    "rankings" : [ ],
    "maximum" : 9223372036854775807
  }, {
    "numberValues" : 0,
    "minimum" : -9223372036854775808,
    "rankings" : [ ],
    "maximum" : 9223372036854775807
  }, {
    "numberValues" : 0,
    "minimum" : -9223372036854775808,
    "rankings" : [ ],
    "maximum" : 9223372036854775807
  } ],
  "successfulReduceAttemptCDF" : {
    "numberValues" : 4,
    "minimum" : 6930,
    "rankings" : [ {
      "relativeRanking" : 0.05,
      "datum" : 6930
    }, {
      "relativeRanking" : 0.1,
      "datum" : 6930
    }, {
      "relativeRanking" : 0.15,
      "datum" : 6930
    }, {
      "relativeRanking" : 0.2,
      "datum" : 6930
    }, {
      "relativeRanking" : 0.25,
      "datum" : 6930
    }, {
      "relativeRanking" : 0.3,
      "datum" : 6930
    }, {
      "relativeRanking" : 0.35,
      "datum" : 6930
    }, {
      "relativeRanking" : 0.4,
      "datum" : 6930
    }, {
      "relativeRanking" : 0.45,
      "datum" : 6930
    }, {
      "relativeRanking" : 0.5,
      "datum" : 7290
    }, {
      "relativeRanking" : 0.55,
      "datum" : 7290
    }, {
      "relativeRanking" : 0.6,
      "datum" : 7290
    }, {
      "relativeRanking" : 0.65,
      "datum" : 7290
    }, {
      "relativeRanking" : 0.7,
      "datum" : 7290
    }, {
      "relativeRanking" : 0.75,
      "datum" : 7298
    }, {
      "relativeRanking" : 0.8,
      "datum" : 7298
    }, {
      "relativeRanking" : 0.85,
      "datum" : 7298
    }, {
      "relativeRanking" : 0.9,
      "datum" : 7298
    }, {
      "relativeRanking" : 0.95,
      "datum" : 7298
    } ],
    "maximum" : 7337
  },
  "failedReduceAttemptCDF" : {
    "numberValues" : 0,
    "minimum" : -9223372036854775808,
    "rankings" : [ ],
    "maximum" : 9223372036854775807
  },
  "queue" : "default",
  "jobName" : "TeraSort-[1601023451695]",
  "clusterMapMB" : -1,
  "clusterReduceMB" : -1,
  "jobMapMB" : -1,
  "jobReduceMB" : -1,
  "relativeTime" : 0,
  "mapperTriesToSucceed" : [ 1.0 ],
  "failedMapperFraction" : 0.0,
  "jobProperties" : { }
}