{
  "jobID" : "job_1572946766556_0692",
  "user" : "hadoop",
  "computonsPerMapInputByte" : -1,
  "computonsPerMapOutputByte" : -1,
  "computonsPerReduceInputByte" : -1,
  "computonsPerReduceOutputByte" : -1,
  "submitTime" : 1575463914544,
  "launchTime" : 1575463918019,
  "finishTime" : 1575463943949,
  "heapMegabytes" : -1,
  "totalMaps" : 2,
  "totalReduces" : 3,
  "outcome" : "SUCCESS",
  "jobtype" : "JAVA",
  "priority" : "NORMAL",
  "directDependantJobs" : [ ],
  "mapTasks" : [ {
    "inputBytes" : 79565870,
    "inputRecords" : 2570811,
    "outputBytes" : 140958892,
    "outputRecords" : 2570810,
    "taskID" : "task_1572946766556_0692_m_000000",
    "startTime" : 1575463918126,
    "finishTime" : 1575463930311,
    "taskType" : "MAP",
    "taskStatus" : "SUCCESS",
    "attempts" : [ {
      "attemptID" : "attempt_1572946766556_0692_m_000000_0",
      "result" : "SUCCESS",
      "startTime" : 1575463920236,
      "finishTime" : 1575463930311,
      "hostName" : "/default-rack/slave5",
      "hdfsBytesRead" : 79565870,
      "hdfsBytesWritten" : 0,
      "fileBytesRead" : 70897252,
      "fileBytesWritten" : 140958892,
      "mapInputRecords" : 2570811,
      "mapInputBytes" : -1,
      "mapOutputBytes" : 65275490,
      "mapOutputRecords" : 2570810,
      "combineInputRecords" : 0,
      "reduceInputGroups" : -1,
      "reduceInputRecords" : -1,
      "reduceShuffleBytes" : -1,
      "reduceOutputRecords" : -1,
      "spilledRecords" : 5141620,
      "shuffleFinished" : -1,
      "sortFinished" : -1,
      "location" : {
        "layers" : [ "default-rack", "slave5" ]
      },
      "clockSplits" : [ 7086, 130, 130, 130, 130, 130, 130, 130, 515, 517, 517, 517 ],
      "cpuUsages" : [ 2128, 2129, 2129, 2129, 2129, 2129, 2129, 2129, 956, 951, 951, 951 ],
      "physMemKbytes" : [ 17743, 53229, 88716, 124203, 159690, 195176, 230663, 266150, 285184, 287501, 289816, 292133 ],
      "vmemKbytes" : [ 129227, 387681, 646135, 904589, 1163044, 1421497, 1679952, 1938406, 2069430, 2070975, 2072517, 2074060 ],
      "resourceUsageMetrics" : {
        "cumulativeCpuUsage" : 20840,
        "virtualMemoryUsage" : 2124627968,
        "physicalMemoryUsage" : 300331008,
        "heapUsage" : 208142336
      }
    }, {
      "attemptID" : "attempt_1572946766556_0692_m_000000_1",
      "result" : "KILLED",
      "startTime" : 1575463929138,
      "finishTime" : 1575463930342,
      "hostName" : "/default-rack/slave1",
      "hdfsBytesRead" : -1,
      "hdfsBytesWritten" : -1,
      "fileBytesRead" : -1,
      "fileBytesWritten" : -1,
      "mapInputRecords" : -1,
      "mapInputBytes" : -1,
      "mapOutputBytes" : -1,
      "mapOutputRecords" : -1,
      "combineInputRecords" : -1,
      "reduceInputGroups" : -1,
      "reduceInputRecords" : -1,
      "reduceShuffleBytes" : -1,
      "reduceOutputRecords" : -1,
      "spilledRecords" : -1,
      "shuffleFinished" : -1,
      "sortFinished" : -1,
      "location" : {
        "layers" : [ "default-rack", "slave1" ]
      },
      "clockSplits" : [ 97, 98, 98, 98, 98, 98, 98, 98, 98, 98, 98, 98 ],
      "cpuUsages" : [ 0, 0, 0, 0, 0, 0, 0, 0, 0, 0, 0, 0 ],
      "physMemKbytes" : [ 0, 0, 0, 0, 0, 0, 0, 0, 0, 0, 0, 0 ],
      "vmemKbytes" : [ 0, 0, 0, 0, 0, 0, 0, 0, 0, 0, 0, 0 ],
      "resourceUsageMetrics" : {
        "cumulativeCpuUsage" : 0,
        "virtualMemoryUsage" : 0,
        "physicalMemoryUsage" : 0,
        "heapUsage" : 0
      }
    } ],
    "preferredLocations" : [ ]
  }, {
    "inputBytes" : 63092039,
    "inputRecords" : 1299730,
    "outputBytes" : 144540618,
    "outputRecords" : 1299729,
    "taskID" : "task_1572946766556_0692_m_000001",
    "startTime" : 1575463918133,
    "finishTime" : 1575463926784,
    "taskType" : "MAP",
    "taskStatus" : "SUCCESS",
    "attempts" : [ {
      "attemptID" : "attempt_1572946766556_0692_m_000001_0",
      "result" : "SUCCESS",
      "startTime" : 1575463920230,
      "finishTime" : 1575463926784,
      "hostName" : "/default-rack/slave5",
      "hdfsBytesRead" : 63092039,
      "hdfsBytesWritten" : 0,
      "fileBytesRead" : 72755627,
      "fileBytesWritten" : 144540618,
      "mapInputRecords" : 1299730,
      "mapInputBytes" : -1,
      "mapOutputBytes" : 69599284,
      "mapOutputRecords" : 1299729,
      "combineInputRecords" : 0,
      "reduceInputGroups" : -1,
      "reduceInputRecords" : -1,
      "reduceShuffleBytes" : -1,
      "reduceOutputRecords" : -1,
      "spilledRecords" : 2599458,
      "shuffleFinished" : -1,
      "sortFinished" : -1,
      "location" : {
        "layers" : [ "default-rack", "slave5" ]
      },
      "clockSplits" : [ 4522, 182, 182, 182, 182, 182, 182, 182, 182, 182, 182, 182 ],
      "cpuUsages" : [ 970, 971, 971, 971, 971, 971, 970, 971, 971, 971, 971, 971 ],
      "physMemKbytes" : [ 11707, 35121, 58535, 81948, 105363, 128776, 152191, 175604, 199019, 222433, 245846, 269261 ],
      "vmemKbytes" : [ 86401, 259204, 432009, 604812, 777616, 950419, 1123223, 1296026, 1468831, 1641634, 1814437, 1987242 ],
      "resourceUsageMetrics" : {
        "cumulativeCpuUsage" : 11650,
        "virtualMemoryUsage" : 2123411456,
        "physicalMemoryUsage" : 287711232,
        "heapUsage" : 206569472
      }
    } ],
    "preferredLocations" : [ ]
  } ],
  "reduceTasks" : [ {
    "inputBytes" : 47500888,
    "inputRecords" : 1289331,
    "outputBytes" : 156087667,
    "outputRecords" : 2523181,
    "taskID" : "task_1572946766556_0692_r_000000",
    "startTime" : 1575463918134,
    "finishTime" : 1575463943848,
    "taskType" : "REDUCE",
    "taskStatus" : "SUCCESS",
    "attempts" : [ {
      "attemptID" : "attempt_1572946766556_0692_r_000000_0",
      "result" : "SUCCESS",
      "startTime" : 1575463929134,
      "finishTime" : 1575463943848,
      "hostName" : "/default-rack/slave2",
      "hdfsBytesRead" : 0,
      "hdfsBytesWritten" : 156087667,
      "fileBytesRead" : 47500882,
      "fileBytesWritten" : 47625361,
      "mapInputRecords" : -1,
      "mapInputBytes" : -1,
      "mapOutputBytes" : -1,
      "mapOutputRecords" : -1,
      "combineInputRecords" : 0,
      "reduceInputGroups" : 144118,
      "reduceInputRecords" : 1289331,
      "reduceShuffleBytes" : 47500888,
      "reduceOutputRecords" : 2523181,
      "spilledRecords" : 1289331,
      "shuffleFinished" : 1575463932337,
      "sortFinished" : 1575463933224,
      "location" : {
        "layers" : [ "default-rack", "slave2" ]
      },
      "clockSplits" : [ 4521, 418, 418, 417, 418, 418, 418, 417, 418, 1585, 2583, 2669 ],
      "cpuUsages" : [ 1393, 1393, 1393, 1393, 1393, 1394, 1393, 1393, 1393, 2683, 4031, 5058 ],
      "physMemKbytes" : [ 15424, 46275, 77126, 107977, 138828, 169679, 200530, 231380, 262231, 288880, 293906, 308116 ],
      "vmemKbytes" : [ 109827, 329481, 549136, 768791, 988446, 1208101, 1427756, 1647411, 1867066, 2056422, 2081175, 2081176 ],
      "resourceUsageMetrics" : {
        "cumulativeCpuUsage" : 24310,
        "virtualMemoryUsage" : 2131124224,
        "physicalMemoryUsage" : 322359296,
        "heapUsage" : 208666624
      }
    } ],
    "preferredLocations" : [ ]
  }, {
    "inputBytes" : 47416095,
    "inputRecords" : 1286451,
    "outputBytes" : 154976159,
    "outputRecords" : 2507324,
    "taskID" : "task_1572946766556_0692_r_000001",
    "startTime" : 1575463918134,
    "finishTime" : 1575463941944,
    "taskType" : "REDUCE",
    "taskStatus" : "SUCCESS",
    "attempts" : [ {
      "attemptID" : "attempt_1572946766556_0692_r_000001_0",
      "result" : "SUCCESS",
      "startTime" : 1575463929142,
      "finishTime" : 1575463941944,
      "hostName" : "/default-rack/slave3",
      "hdfsBytesRead" : 0,
      "hdfsBytesWritten" : 154976159,
      "fileBytesRead" : 47416089,
      "fileBytesWritten" : 47540568,
      "mapInputRecords" : -1,
      "mapInputBytes" : -1,
      "mapOutputBytes" : -1,
      "mapOutputRecords" : -1,
      "combineInputRecords" : 0,
      "reduceInputGroups" : 143924,
      "reduceInputRecords" : 1286451,
      "reduceShuffleBytes" : 47416095,
      "reduceOutputRecords" : 2507324,
      "spilledRecords" : 1286451,
      "shuffleFinished" : 1575463932067,
      "sortFinished" : 1575463932774,
      "location" : {
        "layers" : [ "default-rack", "slave3" ]
      },
      "clockSplits" : [ 4064, 427, 426, 427, 426, 427, 426, 427, 426, 770, 2138, 2404 ],
      "cpuUsages" : [ 1310, 1310, 1310, 1310, 1311, 1310, 1310, 1310, 1311, 1757, 3545, 4396 ],
      "physMemKbytes" : [ 15352, 46056, 76760, 107464, 138169, 168873, 199578, 230282, 260987, 291231, 306330, 315399 ],
      "vmemKbytes" : [ 106217, 318651, 531085, 743518, 955953, 1168386, 1380821, 1593254, 1805689, 2013913, 2083500, 2083864 ],
      "resourceUsageMetrics" : {
        "cumulativeCpuUsage" : 21490,
        "virtualMemoryUsage" : 2131767296,
        "physicalMemoryUsage" : 329068544,
        "heapUsage" : 208666624
      }
    } ],
    "preferredLocations" : [ ]
  }, {
    "inputBytes" : 47708145,
    "inputRecords" : 1294757,
    "outputBytes" : 156828495,
    "outputRecords" : 2537263,
    "taskID" : "task_1572946766556_0692_r_000002",
    "startTime" : 1575463918134,
    "finishTime" : 1575463942709,
    "taskType" : "REDUCE",
    "taskStatus" : "SUCCESS",
    "attempts" : [ {
      "attemptID" : "attempt_1572946766556_0692_r_000002_0",
      "result" : "SUCCESS",
      "startTime" : 1575463929139,
      "finishTime" : 1575463942709,
      "hostName" : "/default-rack/slave4",
      "hdfsBytesRead" : 0,
      "hdfsBytesWritten" : 156828495,
      "fileBytesRead" : 47708139,
      "fileBytesWritten" : 47832618,
      "mapInputRecords" : -1,
      "mapInputBytes" : -1,
      "mapOutputBytes" : -1,
      "mapOutputRecords" : -1,
      "combineInputRecords" : 0,
      "reduceInputGroups" : 144429,
      "reduceInputRecords" : 1294757,
      "reduceShuffleBytes" : 47708145,
      "reduceOutputRecords" : 2537263,
      "spilledRecords" : 1294757,
      "shuffleFinished" : 1575463932152,
      "sortFinished" : 1575463932931,
      "location" : {
        "layers" : [ "default-rack", "slave4" ]
      },
      "clockSplits" : [ 4251, 418, 418, 418, 418, 418, 418, 418, 417, 1003, 2300, 2659 ],
      "cpuUsages" : [ 1389, 1389, 1389, 1389, 1389, 1389, 1390, 1389, 1389, 2222, 4070, 4996 ],
      "physMemKbytes" : [ 13990, 41972, 69954, 97935, 125918, 153899, 181882, 209863, 237846, 264518, 271821, 284615 ],
      "vmemKbytes" : [ 107366, 322099, 536832, 751565, 966299, 1181032, 1395766, 1610499, 1825232, 2029599, 2080607, 2080608 ],
      "resourceUsageMetrics" : {
        "cumulativeCpuUsage" : 23790,
        "virtualMemoryUsage" : 2130542592,
        "physicalMemoryUsage" : 304447488,
        "heapUsage" : 209190912
      }
    } ],
    "preferredLocations" : [ ]
  } ],
  "otherTasks" : [ ],
  "successfulMapAttemptCDFs" : [ {
    "numberValues" : 0,
    "minimum" : -9223372036854775808,
    "rankings" : [ ],
    "maximum" : 9223372036854775807
  }, {
    "numberValues" : 0,
    "minimum" : -9223372036854775808,
    "rankings" : [ ],
    "maximum" : 9223372036854775807
  }, {
    "numberValues" : 0,
    "minimum" : -9223372036854775808,
    "rankings" : [ ],
    "maximum" : 9223372036854775807
  }, {
    "numberValues" : 2,
    "minimum" : 6554,
    "rankings" : [ {
      "relativeRanking" : 0.05,
      "datum" : 6554
    }, {
      "relativeRanking" : 0.1,
      "datum" : 6554
    }, {
      "relativeRanking" : 0.15,
      "datum" : 6554
    }, {
      "relativeRanking" : 0.2,
      "datum" : 6554
    }, {
      "relativeRanking" : 0.25,
      "datum" : 6554
    }, {
      "relativeRanking" : 0.3,
      "datum" : 6554
    }, {
      "relativeRanking" : 0.35,
      "datum" : 6554
    }, {
      "relativeRanking" : 0.4,
      "datum" : 6554
    }, {
      "relativeRanking" : 0.45,
      "datum" : 6554
    }, {
      "relativeRanking" : 0.5,
      "datum" : 6554
    }, {
      "relativeRanking" : 0.55,
      "datum" : 6554
    }, {
      "relativeRanking" : 0.6,
      "datum" : 6554
    }, {
      "relativeRanking" : 0.65,
      "datum" : 6554
    }, {
      "relativeRanking" : 0.7,
      "datum" : 6554
    }, {
      "relativeRanking" : 0.75,
      "datum" : 6554
    }, {
      "relativeRanking" : 0.8,
      "datum" : 6554
    }, {
      "relativeRanking" : 0.85,
      "datum" : 6554
    }, {
      "relativeRanking" : 0.9,
      "datum" : 6554
    }, {
      "relativeRanking" : 0.95,
      "datum" : 6554
    } ],
    "maximum" : 10075
  } ],
  "failedMapAttemptCDFs" : [ {
    "numberValues" : 0,
    "minimum" : -9223372036854775808,
    "rankings" : [ ],
    "maximum" : 9223372036854775807
  }, {
    "numberValues" : 0,
    "minimum" : -9223372036854775808,
    "rankings" : [ ],
    "maximum" : 9223372036854775807
  }, {
    "numberValues" : 0,
    "minimum" : -9223372036854775808,
    "rankings" : [ ],
    "maximum" : 9223372036854775807
  }, {
    "numberValues" : 0,
    "minimum" : -9223372036854775808,
    "rankings" : [ ],
    "maximum" : 9223372036854775807
  } ],
  "successfulReduceAttemptCDF" : {
    "numberValues" : 3,
    "minimum" : 12802,
    "rankings" : [ {
      "relativeRanking" : 0.05,
      "datum" : 12802
    }, {
      "relativeRanking" : 0.1,
      "datum" : 12802
    }, {
      "relativeRanking" : 0.15,
      "datum" : 12802
    }, {
      "relativeRanking" : 0.2,
      "datum" : 12802
    }, {
      "relativeRanking" : 0.25,
      "datum" : 12802
    }, {
      "relativeRanking" : 0.3,
      "datum" : 12802
    }, {
      "relativeRanking" : 0.35,
      "datum" : 12802
    }, {
      "relativeRanking" : 0.4,
      "datum" : 12802
    }, {
      "relativeRanking" : 0.45,
      "datum" : 12802
    }, {
      "relativeRanking" : 0.5,
      "datum" : 12802
    }, {
      "relativeRanking" : 0.55,
      "datum" : 12802
    }, {
      "relativeRanking" : 0.6,
      "datum" : 12802
    }, {
      "relativeRanking" : 0.65,
      "datum" : 12802
    }, {
      "relativeRanking" : 0.7,
      "datum" : 13570
    }, {
      "relativeRanking" : 0.75,
      "datum" : 13570
    }, {
      "relativeRanking" : 0.8,
      "datum" : 13570
    }, {
      "relativeRanking" : 0.85,
      "datum" : 13570
    }, {
      "relativeRanking" : 0.9,
      "datum" : 13570
    }, {
      "relativeRanking" : 0.95,
      "datum" : 13570
    } ],
    "maximum" : 14714
  },
  "failedReduceAttemptCDF" : {
    "numberValues" : 0,
    "minimum" : -9223372036854775808,
    "rankings" : [ ],
    "maximum" : 9223372036854775807
  },
  "queue" : "default",
  "jobName" : "ReduceJoin-[1575463911935]",
  "clusterMapMB" : -1,
  "clusterReduceMB" : -1,
  "jobMapMB" : -1,
  "jobReduceMB" : -1,
  "relativeTime" : 0,
  "mapperTriesToSucceed" : [ 1.0 ],
  "failedMapperFraction" : 0.0,
  "jobProperties" : { }
}