{
  "jobID" : "job_1572946766556_0700",
  "user" : "hadoop",
  "computonsPerMapInputByte" : -1,
  "computonsPerMapOutputByte" : -1,
  "computonsPerReduceInputByte" : -1,
  "computonsPerReduceOutputByte" : -1,
  "submitTime" : 1575464304370,
  "launchTime" : 1575464307858,
  "finishTime" : 1575464330015,
  "heapMegabytes" : -1,
  "totalMaps" : 2,
  "totalReduces" : 5,
  "outcome" : "SUCCESS",
  "jobtype" : "JAVA",
  "priority" : "NORMAL",
  "directDependantJobs" : [ ],
  "mapTasks" : [ {
    "inputBytes" : 79565870,
    "inputRecords" : 2570811,
    "outputBytes" : 140959000,
    "outputRecords" : 2570810,
    "taskID" : "task_1572946766556_0700_m_000000",
    "startTime" : 1575464307915,
    "finishTime" : 1575464322067,
    "taskType" : "MAP",
    "taskStatus" : "SUCCESS",
    "attempts" : [ {
      "attemptID" : "attempt_1572946766556_0700_m_000000_0",
      "result" : "SUCCESS",
      "startTime" : 1575464310066,
      "finishTime" : 1575464322067,
      "hostName" : "/default-rack/slave2",
      "hdfsBytesRead" : 79565870,
      "hdfsBytesWritten" : 0,
      "fileBytesRead" : 71699972,
      "fileBytesWritten" : 140959000,
      "mapInputRecords" : 2570811,
      "mapInputBytes" : -1,
      "mapOutputBytes" : 65275490,
      "mapOutputRecords" : 2570810,
      "combineInputRecords" : 0,
      "reduceInputGroups" : -1,
      "reduceInputRecords" : -1,
      "reduceShuffleBytes" : -1,
      "reduceOutputRecords" : -1,
      "spilledRecords" : 5141620,
      "shuffleFinished" : -1,
      "sortFinished" : -1,
      "location" : {
        "layers" : [ "default-rack", "slave2" ]
      },
      "clockSplits" : [ 1104, 1104, 1104, 1105, 1104, 1104, 1105, 1582, 910, 889, 435, 435 ],
      "cpuUsages" : [ 2278, 2278, 2279, 2278, 2279, 2278, 2278, 1945, 1814, 1762, 660, 661 ],
      "physMemKbytes" : [ 19102, 57306, 95510, 133713, 171918, 210121, 248326, 276792, 278774, 279261, 279574, 279743 ],
      "vmemKbytes" : [ 142072, 426217, 710363, 994508, 1278654, 1562799, 1846944, 2058026, 2070385, 2071537, 2072063, 2072064 ],
      "resourceUsageMetrics" : {
        "cumulativeCpuUsage" : 22790,
        "virtualMemoryUsage" : 2121793536,
        "physicalMemoryUsage" : 286543872,
        "heapUsage" : 207618048
      }
    } ],
    "preferredLocations" : [ ]
  }, {
    "inputBytes" : 63092039,
    "inputRecords" : 1299730,
    "outputBytes" : 144540714,
    "outputRecords" : 1299729,
    "taskID" : "task_1572946766556_0700_m_000001",
    "startTime" : 1575464307917,
    "finishTime" : 1575464317158,
    "taskType" : "MAP",
    "taskStatus" : "SUCCESS",
    "attempts" : [ {
      "attemptID" : "attempt_1572946766556_0700_m_000001_0",
      "result" : "SUCCESS",
      "startTime" : 1575464310058,
      "finishTime" : 1575464317158,
      "hostName" : "/default-rack/slave2",
      "hdfsBytesRead" : 63092039,
      "hdfsBytesWritten" : 0,
      "fileBytesRead" : 72917906,
      "fileBytesWritten" : 144540714,
      "mapInputRecords" : 1299730,
      "mapInputBytes" : -1,
      "mapOutputBytes" : 69599284,
      "mapOutputRecords" : 1299729,
      "combineInputRecords" : 0,
      "reduceInputGroups" : -1,
      "reduceInputRecords" : -1,
      "reduceShuffleBytes" : -1,
      "reduceOutputRecords" : -1,
      "spilledRecords" : 2599458,
      "shuffleFinished" : -1,
      "sortFinished" : -1,
      "location" : {
        "layers" : [ "default-rack", "slave2" ]
      },
      "clockSplits" : [ 4734, 212, 212, 213, 212, 212, 212, 213, 212, 212, 212, 213 ],
      "cpuUsages" : [ 1080, 1081, 1081, 1081, 1081, 1081, 1080, 1081, 1081, 1081, 1081, 1081 ],
      "physMemKbytes" : [ 12342, 37027, 61713, 86398, 111083, 135768, 160454, 185139, 209825, 234510, 259195, 283881 ],
      "vmemKbytes" : [ 86535, 259605, 432675, 605744, 778815, 951884, 1124955, 1298024, 1471095, 1644165, 1817234, 1990305 ],
      "resourceUsageMetrics" : {
        "cumulativeCpuUsage" : 12970,
        "virtualMemoryUsage" : 2126684160,
        "physicalMemoryUsage" : 303333376,
        "heapUsage" : 207093760
      }
    } ],
    "preferredLocations" : [ ]
  } ],
  "reduceTasks" : [ {
    "inputBytes" : 28301694,
    "inputRecords" : 767248,
    "outputBytes" : 92921883,
    "outputRecords" : 1499523,
    "taskID" : "task_1572946766556_0700_r_000000",
    "startTime" : 1575464307917,
    "finishTime" : 1575464329472,
    "taskType" : "REDUCE",
    "taskStatus" : "SUCCESS",
    "attempts" : [ {
      "attemptID" : "attempt_1572946766556_0700_r_000000_0",
      "result" : "SUCCESS",
      "startTime" : 1575464319975,
      "finishTime" : 1575464329472,
      "hostName" : "/default-rack/slave4",
      "hdfsBytesRead" : 0,
      "hdfsBytesWritten" : 92921883,
      "fileBytesRead" : 28301688,
      "fileBytesWritten" : 28426167,
      "mapInputRecords" : -1,
      "mapInputBytes" : -1,
      "mapOutputBytes" : -1,
      "mapOutputRecords" : -1,
      "combineInputRecords" : 0,
      "reduceInputGroups" : 86038,
      "reduceInputRecords" : 767248,
      "reduceShuffleBytes" : 28301694,
      "reduceOutputRecords" : 1499523,
      "spilledRecords" : 767248,
      "shuffleFinished" : 1575464323157,
      "sortFinished" : 1575464323612,
      "location" : {
        "layers" : [ "default-rack", "slave4" ]
      },
      "clockSplits" : [ 4058, 386, 386, 386, 386, 386, 386, 387, 386, 386, 439, 1511 ],
      "cpuUsages" : [ 1046, 1046, 1047, 1046, 1046, 1047, 1046, 1046, 1047, 1046, 1130, 2807 ],
      "physMemKbytes" : [ 8663, 25989, 43315, 60641, 77968, 95293, 112620, 129946, 147273, 164599, 181908, 190918 ],
      "vmemKbytes" : [ 94881, 284644, 474407, 664170, 853934, 1043697, 1233460, 1423223, 1612986, 1802750, 1992298, 2078356 ],
      "resourceUsageMetrics" : {
        "cumulativeCpuUsage" : 14400,
        "virtualMemoryUsage" : 2128236544,
        "physicalMemoryUsage" : 196579328,
        "heapUsage" : 133693440
      }
    } ],
    "preferredLocations" : [ ]
  }, {
    "inputBytes" : 28473030,
    "inputRecords" : 774394,
    "outputBytes" : 93470287,
    "outputRecords" : 1510425,
    "taskID" : "task_1572946766556_0700_r_000001",
    "startTime" : 1575464307917,
    "finishTime" : 1575464329931,
    "taskType" : "REDUCE",
    "taskStatus" : "SUCCESS",
    "attempts" : [ {
      "attemptID" : "attempt_1572946766556_0700_r_000001_0",
      "result" : "SUCCESS",
      "startTime" : 1575464319985,
      "finishTime" : 1575464329931,
      "hostName" : "/default-rack/slave2",
      "hdfsBytesRead" : 0,
      "hdfsBytesWritten" : 93470287,
      "fileBytesRead" : 28473024,
      "fileBytesWritten" : 28597503,
      "mapInputRecords" : -1,
      "mapInputBytes" : -1,
      "mapOutputBytes" : -1,
      "mapOutputRecords" : -1,
      "combineInputRecords" : 0,
      "reduceInputGroups" : 86359,
      "reduceInputRecords" : 774394,
      "reduceShuffleBytes" : 28473030,
      "reduceOutputRecords" : 1510425,
      "spilledRecords" : 774394,
      "shuffleFinished" : 1575464322865,
      "sortFinished" : 1575464323384,
      "location" : {
        "layers" : [ "default-rack", "slave2" ]
      },
      "clockSplits" : [ 3815, 412, 412, 412, 412, 412, 413, 412, 412, 412, 736, 1674 ],
      "cpuUsages" : [ 1041, 1042, 1041, 1042, 1041, 1042, 1041, 1042, 1041, 1042, 1381, 2364 ],
      "physMemKbytes" : [ 8977, 26933, 44888, 62843, 80800, 98755, 116711, 134666, 152622, 170578, 187944, 192917 ],
      "vmemKbytes" : [ 97051, 291154, 485258, 679361, 873465, 1067568, 1261672, 1455775, 1649879, 1843982, 2031706, 2085372 ],
      "resourceUsageMetrics" : {
        "cumulativeCpuUsage" : 14160,
        "virtualMemoryUsage" : 2135420928,
        "physicalMemoryUsage" : 197554176,
        "heapUsage" : 135790592
      }
    } ],
    "preferredLocations" : [ ]
  }, {
    "inputBytes" : 28549375,
    "inputRecords" : 773436,
    "outputBytes" : 93480774,
    "outputRecords" : 1513228,
    "taskID" : "task_1572946766556_0700_r_000002",
    "startTime" : 1575464307917,
    "finishTime" : 1575464328882,
    "taskType" : "REDUCE",
    "taskStatus" : "SUCCESS",
    "attempts" : [ {
      "attemptID" : "attempt_1572946766556_0700_r_000002_0",
      "result" : "SUCCESS",
      "startTime" : 1575464319982,
      "finishTime" : 1575464328882,
      "hostName" : "/default-rack/slave1",
      "hdfsBytesRead" : 0,
      "hdfsBytesWritten" : 93480774,
      "fileBytesRead" : 28549369,
      "fileBytesWritten" : 28673848,
      "mapInputRecords" : -1,
      "mapInputBytes" : -1,
      "mapOutputBytes" : -1,
      "mapOutputRecords" : -1,
      "combineInputRecords" : 0,
      "reduceInputGroups" : 86665,
      "reduceInputRecords" : 773436,
      "reduceShuffleBytes" : 28549375,
      "reduceOutputRecords" : 1513228,
      "spilledRecords" : 773436,
      "shuffleFinished" : 1575464322826,
      "sortFinished" : 1575464323257,
      "location" : {
        "layers" : [ "default-rack", "slave1" ]
      },
      "clockSplits" : [ 3669, 391, 391, 391, 391, 391, 391, 390, 391, 391, 391, 1309 ],
      "cpuUsages" : [ 1043, 1044, 1044, 1043, 1044, 1044, 1044, 1043, 1044, 1044, 1044, 2669 ],
      "physMemKbytes" : [ 8342, 25026, 41710, 58393, 75078, 91762, 108447, 125130, 141815, 158499, 175182, 187021 ],
      "vmemKbytes" : [ 92613, 277840, 463067, 648294, 833522, 1018749, 1203976, 1389203, 1574431, 1759658, 1944885, 2075037 ],
      "resourceUsageMetrics" : {
        "cumulativeCpuUsage" : 14150,
        "virtualMemoryUsage" : 2129805312,
        "physicalMemoryUsage" : 192143360,
        "heapUsage" : 137363456
      }
    } ],
    "preferredLocations" : [ ]
  }, {
    "inputBytes" : 28681925,
    "inputRecords" : 778010,
    "outputBytes" : 94147947,
    "outputRecords" : 1520181,
    "taskID" : "task_1572946766556_0700_r_000003",
    "startTime" : 1575464307917,
    "finishTime" : 1575464329721,
    "taskType" : "REDUCE",
    "taskStatus" : "SUCCESS",
    "attempts" : [ {
      "attemptID" : "attempt_1572946766556_0700_r_000003_0",
      "result" : "SUCCESS",
      "startTime" : 1575464319984,
      "finishTime" : 1575464329721,
      "hostName" : "/default-rack/slave5",
      "hdfsBytesRead" : 0,
      "hdfsBytesWritten" : 94147947,
      "fileBytesRead" : 28681919,
      "fileBytesWritten" : 28806398,
      "mapInputRecords" : -1,
      "mapInputBytes" : -1,
      "mapOutputBytes" : -1,
      "mapOutputRecords" : -1,
      "combineInputRecords" : 0,
      "reduceInputGroups" : 86866,
      "reduceInputRecords" : 778010,
      "reduceShuffleBytes" : 28681925,
      "reduceOutputRecords" : 1520181,
      "spilledRecords" : 778010,
      "shuffleFinished" : 1575464323261,
      "sortFinished" : 1575464323698,
      "location" : {
        "layers" : [ "default-rack", "slave5" ]
      },
      "clockSplits" : [ 4107, 387, 387, 387, 388, 387, 387, 387, 388, 387, 594, 1537 ],
      "cpuUsages" : [ 1005, 1006, 1005, 1006, 1005, 1006, 1005, 1006, 1005, 1006, 1324, 2781 ],
      "physMemKbytes" : [ 9015, 27045, 45075, 63105, 81136, 99166, 117197, 135226, 153257, 171288, 189046, 195903 ],
      "vmemKbytes" : [ 96208, 288626, 481044, 673461, 865880, 1058297, 1250716, 1443133, 1635552, 1827969, 2017277, 2082000 ],
      "resourceUsageMetrics" : {
        "cumulativeCpuUsage" : 14160,
        "virtualMemoryUsage" : 2131968000,
        "physicalMemoryUsage" : 201216000,
        "heapUsage" : 134742016
      }
    } ],
    "preferredLocations" : [ ]
  }, {
    "inputBytes" : 28619128,
    "inputRecords" : 777451,
    "outputBytes" : 93871430,
    "outputRecords" : 1524411,
    "taskID" : "task_1572946766556_0700_r_000004",
    "startTime" : 1575464307917,
    "finishTime" : 1575464329809,
    "taskType" : "REDUCE",
    "taskStatus" : "SUCCESS",
    "attempts" : [ {
      "attemptID" : "attempt_1572946766556_0700_r_000004_0",
      "result" : "SUCCESS",
      "startTime" : 1575464319979,
      "finishTime" : 1575464329809,
      "hostName" : "/default-rack/slave3",
      "hdfsBytesRead" : 0,
      "hdfsBytesWritten" : 93871430,
      "fileBytesRead" : 28619122,
      "fileBytesWritten" : 28743601,
      "mapInputRecords" : -1,
      "mapInputBytes" : -1,
      "mapOutputBytes" : -1,
      "mapOutputRecords" : -1,
      "combineInputRecords" : 0,
      "reduceInputGroups" : 86543,
      "reduceInputRecords" : 777451,
      "reduceShuffleBytes" : 28619128,
      "reduceOutputRecords" : 1524411,
      "spilledRecords" : 777451,
      "shuffleFinished" : 1575464323295,
      "sortFinished" : 1575464323723,
      "location" : {
        "layers" : [ "default-rack", "slave3" ]
      },
      "clockSplits" : [ 4133, 393, 393, 393, 393, 394, 393, 393, 393, 393, 656, 1488 ],
      "cpuUsages" : [ 1096, 1097, 1096, 1097, 1096, 1097, 1097, 1096, 1097, 1096, 1429, 2486 ],
      "physMemKbytes" : [ 8974, 26922, 44871, 62819, 80768, 98717, 116666, 134614, 152563, 170512, 187952, 193264 ],
      "vmemKbytes" : [ 96655, 289965, 483276, 676586, 869897, 1063207, 1256518, 1449828, 1643139, 1836449, 2024223, 2080148 ],
      "resourceUsageMetrics" : {
        "cumulativeCpuUsage" : 14880,
        "virtualMemoryUsage" : 2130071552,
        "physicalMemoryUsage" : 197988352,
        "heapUsage" : 138936320
      }
    } ],
    "preferredLocations" : [ ]
  } ],
  "otherTasks" : [ ],
  "successfulMapAttemptCDFs" : [ {
    "numberValues" : 0,
    "minimum" : -9223372036854775808,
    "rankings" : [ ],
    "maximum" : 9223372036854775807
  }, {
    "numberValues" : 0,
    "minimum" : -9223372036854775808,
    "rankings" : [ ],
    "maximum" : 9223372036854775807
  }, {
    "numberValues" : 0,
    "minimum" : -9223372036854775808,
    "rankings" : [ ],
    "maximum" : 9223372036854775807
  }, {
    "numberValues" : 2,
    "minimum" : 7100,
    "rankings" : [ {
      "relativeRanking" : 0.05,
      "datum" : 7100
    }, {
      "relativeRanking" : 0.1,
      "datum" : 7100
    }, {
      "relativeRanking" : 0.15,
      "datum" : 7100
    }, {
      "relativeRanking" : 0.2,
      "datum" : 7100
    }, {
      "relativeRanking" : 0.25,
      "datum" : 7100
    }, {
      "relativeRanking" : 0.3,
      "datum" : 7100
    }, {
      "relativeRanking" : 0.35,
      "datum" : 7100
    }, {
      "relativeRanking" : 0.4,
      "datum" : 7100
    }, {
      "relativeRanking" : 0.45,
      "datum" : 7100
    }, {
      "relativeRanking" : 0.5,
      "datum" : 7100
    }, {
      "relativeRanking" : 0.55,
      "datum" : 7100
    }, {
      "relativeRanking" : 0.6,
      "datum" : 7100
    }, {
      "relativeRanking" : 0.65,
      "datum" : 7100
    }, {
      "relativeRanking" : 0.7,
      "datum" : 7100
    }, {
      "relativeRanking" : 0.75,
      "datum" : 7100
    }, {
      "relativeRanking" : 0.8,
      "datum" : 7100
    }, {
      "relativeRanking" : 0.85,
      "datum" : 7100
    }, {
      "relativeRanking" : 0.9,
      "datum" : 7100
    }, {
      "relativeRanking" : 0.95,
      "datum" : 7100
    } ],
    "maximum" : 12001
  } ],
  "failedMapAttemptCDFs" : [ {
    "numberValues" : 0,
    "minimum" : -9223372036854775808,
    "rankings" : [ ],
    "maximum" : 9223372036854775807
  }, {
    "numberValues" : 0,
    "minimum" : -9223372036854775808,
    "rankings" : [ ],
    "maximum" : 9223372036854775807
  }, {
    "numberValues" : 0,
    "minimum" : -9223372036854775808,
    "rankings" : [ ],
    "maximum" : 9223372036854775807
  }, {
    "numberValues" : 0,
    "minimum" : -9223372036854775808,
    "rankings" : [ ],
    "maximum" : 9223372036854775807
  } ],
  "successfulReduceAttemptCDF" : {
    "numberValues" : 5,
    "minimum" : 8900,
    "rankings" : [ {
      "relativeRanking" : 0.05,
      "datum" : 8900
    }, {
      "relativeRanking" : 0.1,
      "datum" : 8900
    }, {
      "relativeRanking" : 0.15,
      "datum" : 8900
    }, {
      "relativeRanking" : 0.2,
      "datum" : 8900
    }, {
      "relativeRanking" : 0.25,
      "datum" : 8900
    }, {
      "relativeRanking" : 0.3,
      "datum" : 8900
    }, {
      "relativeRanking" : 0.35,
      "datum" : 8900
    }, {
      "relativeRanking" : 0.4,
      "datum" : 9497
    }, {
      "relativeRanking" : 0.45,
      "datum" : 9497
    }, {
      "relativeRanking" : 0.5,
      "datum" : 9497
    }, {
      "relativeRanking" : 0.55,
      "datum" : 9497
    }, {
      "relativeRanking" : 0.6,
      "datum" : 9737
    }, {
      "relativeRanking" : 0.65,
      "datum" : 9737
    }, {
      "relativeRanking" : 0.7,
      "datum" : 9737
    }, {
      "relativeRanking" : 0.75,
      "datum" : 9737
    }, {
      "relativeRanking" : 0.8,
      "datum" : 9830
    }, {
      "relativeRanking" : 0.85,
      "datum" : 9830
    }, {
      "relativeRanking" : 0.9,
      "datum" : 9830
    }, {
      "relativeRanking" : 0.95,
      "datum" : 9830
    } ],
    "maximum" : 9946
  },
  "failedReduceAttemptCDF" : {
    "numberValues" : 0,
    "minimum" : -9223372036854775808,
    "rankings" : [ ],
    "maximum" : 9223372036854775807
  },
  "queue" : "default",
  "jobName" : "ReduceJoin-[1575464301142]",
  "clusterMapMB" : -1,
  "clusterReduceMB" : -1,
  "jobMapMB" : -1,
  "jobReduceMB" : -1,
  "relativeTime" : 0,
  "mapperTriesToSucceed" : [ 1.0 ],
  "failedMapperFraction" : 0.0,
  "jobProperties" : { }
}