{
  "jobID" : "job_1600222256971_1094",
  "user" : "hadoop",
  "computonsPerMapInputByte" : -1,
  "computonsPerMapOutputByte" : -1,
  "computonsPerReduceInputByte" : -1,
  "computonsPerReduceOutputByte" : -1,
  "submitTime" : 1601022620700,
  "launchTime" : 1601022624335,
  "finishTime" : 1601022654914,
  "heapMegabytes" : -1,
  "totalMaps" : 2,
  "totalReduces" : 2,
  "outcome" : "SUCCESS",
  "jobtype" : "JAVA",
  "priority" : "NORMAL",
  "directDependantJobs" : [ ],
  "mapTasks" : [ {
    "inputBytes" : 79565870,
    "inputRecords" : 2570811,
    "outputBytes" : 140958814,
    "outputRecords" : 2570810,
    "taskID" : "task_1600222256971_1094_m_000000",
    "startTime" : 1601022624441,
    "finishTime" : 1601022636729,
    "taskType" : "MAP",
    "taskStatus" : "SUCCESS",
    "attempts" : [ {
      "attemptID" : "attempt_1600222256971_1094_m_000000_0",
      "result" : "SUCCESS",
      "startTime" : 1601022626556,
      "finishTime" : 1601022636729,
      "hostName" : "/default-rack/slave2",
      "hdfsBytesRead" : 79565870,
      "hdfsBytesWritten" : 0,
      "fileBytesRead" : 70579111,
      "fileBytesWritten" : 140958814,
      "mapInputRecords" : 2570811,
      "mapInputBytes" : -1,
      "mapOutputBytes" : 65275490,
      "mapOutputRecords" : 2570810,
      "combineInputRecords" : 0,
      "reduceInputGroups" : -1,
      "reduceInputRecords" : -1,
      "reduceShuffleBytes" : -1,
      "reduceOutputRecords" : -1,
      "spilledRecords" : 5141620,
      "shuffleFinished" : -1,
      "sortFinished" : -1,
      "location" : {
        "layers" : [ "default-rack", "slave2" ]
      },
      "clockSplits" : [ 6633, 218, 217, 218, 218, 217, 218, 218, 499, 500, 501, 501 ],
      "cpuUsages" : [ 2058, 2059, 2059, 2059, 2059, 2059, 2059, 2059, 968, 964, 963, 964 ],
      "physMemKbytes" : [ 17692, 53077, 88464, 123849, 159236, 194621, 230007, 265392, 283741, 284778, 285815, 286853 ],
      "resourceUsageMetrics" : {
        "cumulativeCpuUsage" : 20330,
        "virtualMemoryUsage" : 2063327232,
        "physicalMemoryUsage" : 294268928,
        "heapUsage" : 208142336
      },
      "vmemKbytes" : [ 125630, 376891, 628153, 879414, 1130675, 1381936, 1633198, 1884459, 2011574, 2012545, 2013514, 2014483 ]
    } ],
    "preferredLocations" : [ ]
  }, {
    "inputBytes" : 63092039,
    "inputRecords" : 1299730,
    "outputBytes" : 144540570,
    "outputRecords" : 1299729,
    "taskID" : "task_1600222256971_1094_m_000001",
    "startTime" : 1601022624443,
    "finishTime" : 1601022635219,
    "taskType" : "MAP",
    "taskStatus" : "SUCCESS",
    "attempts" : [ {
      "attemptID" : "attempt_1600222256971_1094_m_000001_0",
      "result" : "SUCCESS",
      "startTime" : 1601022626549,
      "finishTime" : 1601022635219,
      "hostName" : "/default-rack/slave2",
      "hdfsBytesRead" : 63092039,
      "hdfsBytesWritten" : 0,
      "fileBytesRead" : 72482324,
      "fileBytesWritten" : 144540570,
      "mapInputRecords" : 1299730,
      "mapInputBytes" : -1,
      "mapOutputBytes" : 69599284,
      "mapOutputRecords" : 1299729,
      "combineInputRecords" : 0,
      "reduceInputGroups" : -1,
      "reduceInputRecords" : -1,
      "reduceShuffleBytes" : -1,
      "reduceOutputRecords" : -1,
      "spilledRecords" : 2599458,
      "shuffleFinished" : -1,
      "sortFinished" : -1,
      "location" : {
        "layers" : [ "default-rack", "slave2" ]
      },
      "clockSplits" : [ 6784, 145, 145, 145, 145, 145, 145, 145, 145, 151, 273, 273 ],
      "cpuUsages" : [ 1678, 1678, 1679, 1678, 1679, 1678, 1679, 1678, 1679, 1642, 856, 856 ],
      "physMemKbytes" : [ 14094, 42282, 70471, 98659, 126848, 155036, 183225, 211413, 239602, 267772, 286038, 295975 ],
      "resourceUsageMetrics" : {
        "cumulativeCpuUsage" : 18460,
        "virtualMemoryUsage" : 2062282752,
        "physicalMemoryUsage" : 308166656,
        "heapUsage" : 207093760
      },
      "vmemKbytes" : [ 101132, 303397, 505663, 707928, 910194, 1112459, 1314725, 1516990, 1719256, 1921320, 2013715, 2013870 ]
    } ],
    "preferredLocations" : [ ]
  } ],
  "reduceTasks" : [ {
    "inputBytes" : 70813331,
    "inputRecords" : 1918561,
    "outputBytes" : 232633271,
    "outputRecords" : 3757719,
    "taskID" : "task_1600222256971_1094_r_000000",
    "startTime" : 1601022624443,
    "finishTime" : 1601022654855,
    "taskType" : "REDUCE",
    "taskStatus" : "SUCCESS",
    "attempts" : [ {
      "attemptID" : "attempt_1600222256971_1094_r_000000_0",
      "result" : "SUCCESS",
      "startTime" : 1601022637451,
      "finishTime" : 1601022654855,
      "hostName" : "/default-rack/slave2",
      "hdfsBytesRead" : 0,
      "hdfsBytesWritten" : 232633271,
      "fileBytesRead" : 70813331,
      "fileBytesWritten" : 70937798,
      "mapInputRecords" : -1,
      "mapInputBytes" : -1,
      "mapOutputBytes" : -1,
      "mapOutputRecords" : -1,
      "combineInputRecords" : 0,
      "reduceInputGroups" : 214802,
      "reduceInputRecords" : 1918561,
      "reduceShuffleBytes" : 70813331,
      "reduceOutputRecords" : 3757719,
      "spilledRecords" : 1918561,
      "shuffleFinished" : 1601022639478,
      "sortFinished" : 1601022639504,
      "location" : {
        "layers" : [ "default-rack", "slave2" ]
      },
      "clockSplits" : [ 2661, 609, 609, 609, 609, 609, 608, 609, 609, 2209, 3673, 3976 ],
      "cpuUsages" : [ 1159, 1160, 1159, 1160, 1159, 1160, 1159, 1160, 1159, 3827, 6149, 6199 ],
      "physMemKbytes" : [ 9845, 29535, 49226, 68917, 88608, 108299, 127990, 147681, 167372, 188756, 213017, 215892 ],
      "resourceUsageMetrics" : {
        "cumulativeCpuUsage" : 26610,
        "virtualMemoryUsage" : 2067136512,
        "physicalMemoryUsage" : 221442048,
        "heapUsage" : 137363456
      },
      "vmemKbytes" : [ 105993, 317979, 529965, 741951, 953938, 1165924, 1377911, 1589897, 1801884, 1989582, 2018387, 2018526 ]
    } ],
    "preferredLocations" : [ ]
  }, {
    "inputBytes" : 71811785,
    "inputRecords" : 1951978,
    "outputBytes" : 235259050,
    "outputRecords" : 3810049,
    "taskID" : "task_1600222256971_1094_r_000001",
    "startTime" : 1601022624444,
    "finishTime" : 1601022653856,
    "taskType" : "REDUCE",
    "taskStatus" : "SUCCESS",
    "attempts" : [ {
      "attemptID" : "attempt_1600222256971_1094_r_000001_0",
      "result" : "SUCCESS",
      "startTime" : 1601022637452,
      "finishTime" : 1601022653856,
      "hostName" : "/default-rack/slave3",
      "hdfsBytesRead" : 0,
      "hdfsBytesWritten" : 235259050,
      "fileBytesRead" : 71811785,
      "fileBytesWritten" : 71936252,
      "mapInputRecords" : -1,
      "mapInputBytes" : -1,
      "mapOutputBytes" : -1,
      "mapOutputRecords" : -1,
      "combineInputRecords" : 0,
      "reduceInputGroups" : 217669,
      "reduceInputRecords" : 1951978,
      "reduceShuffleBytes" : 71811785,
      "reduceOutputRecords" : 3810049,
      "spilledRecords" : 1951978,
      "shuffleFinished" : 1601022640007,
      "sortFinished" : 1601022640031,
      "location" : {
        "layers" : [ "default-rack", "slave3" ]
      },
      "clockSplits" : [ 3136, 552, 552, 552, 553, 552, 552, 552, 553, 2019, 3320, 3497 ],
      "cpuUsages" : [ 1400, 1401, 1400, 1401, 1400, 1401, 1401, 1400, 1401, 4173, 5876, 6136 ],
      "physMemKbytes" : [ 10420, 31260, 52101, 72942, 93783, 114624, 135465, 156305, 177146, 196905, 207766, 208822 ],
      "resourceUsageMetrics" : {
        "cumulativeCpuUsage" : 28790,
        "virtualMemoryUsage" : 2066808832,
        "physicalMemoryUsage" : 213766144,
        "heapUsage" : 138936320
      },
      "vmemKbytes" : [ 106193, 318579, 530966, 743353, 955740, 1168127, 1380514, 1592901, 1805288, 1991472, 2018367, 2018368 ]
    } ],
    "preferredLocations" : [ ]
  } ],
  "otherTasks" : [ ],
  "successfulMapAttemptCDFs" : [ {
    "numberValues" : 0,
    "minimum" : -9223372036854775808,
    "rankings" : [ ],
    "maximum" : 9223372036854775807
  }, {
    "numberValues" : 0,
    "minimum" : -9223372036854775808,
    "rankings" : [ ],
    "maximum" : 9223372036854775807
  }, {
    "numberValues" : 0,
    "minimum" : -9223372036854775808,
    "rankings" : [ ],
    "maximum" : 9223372036854775807
  }, {
    "numberValues" : 2,
    "minimum" : 8670,
    "rankings" : [ {
      "relativeRanking" : 0.05,
      "datum" : 8670
    }, {
      "relativeRanking" : 0.1,
      "datum" : 8670
    }, {
      "relativeRanking" : 0.15,
      "datum" : 8670
    }, {
      "relativeRanking" : 0.2,
      "datum" : 8670
    }, {
      "relativeRanking" : 0.25,
      "datum" : 8670
    }, {
      "relativeRanking" : 0.3,
      "datum" : 8670
    }, {
      "relativeRanking" : 0.35,
      "datum" : 8670
    }, {
      "relativeRanking" : 0.4,
      "datum" : 8670
    }, {
      "relativeRanking" : 0.45,
      "datum" : 8670
    }, {
      "relativeRanking" : 0.5,
      "datum" : 8670
    }, {
      "relativeRanking" : 0.55,
      "datum" : 8670
    }, {
      "relativeRanking" : 0.6,
      "datum" : 8670
    }, {
      "relativeRanking" : 0.65,
      "datum" : 8670
    }, {
      "relativeRanking" : 0.7,
      "datum" : 8670
    }, {
      "relativeRanking" : 0.75,
      "datum" : 8670
    }, {
      "relativeRanking" : 0.8,
      "datum" : 8670
    }, {
      "relativeRanking" : 0.85,
      "datum" : 8670
    }, {
      "relativeRanking" : 0.9,
      "datum" : 8670
    }, {
      "relativeRanking" : 0.95,
      "datum" : 8670
    } ],
    "maximum" : 10173
  } ],
  "failedMapAttemptCDFs" : [ {
    "numberValues" : 0,
    "minimum" : -9223372036854775808,
    "rankings" : [ ],
    "maximum" : 9223372036854775807
  }, {
    "numberValues" : 0,
    "minimum" : -9223372036854775808,
    "rankings" : [ ],
    "maximum" : 9223372036854775807
  }, {
    "numberValues" : 0,
    "minimum" : -9223372036854775808,
    "rankings" : [ ],
    "maximum" : 9223372036854775807
  }, {
    "numberValues" : 0,
    "minimum" : -9223372036854775808,
    "rankings" : [ ],
    "maximum" : 9223372036854775807
  } ],
  "successfulReduceAttemptCDF" : {
    "numberValues" : 2,
    "minimum" : 16404,
    "rankings" : [ {
      "relativeRanking" : 0.05,
      "datum" : 16404
    }, {
      "relativeRanking" : 0.1,
      "datum" : 16404
    }, {
      "relativeRanking" : 0.15,
      "datum" : 16404
    }, {
      "relativeRanking" : 0.2,
      "datum" : 16404
    }, {
      "relativeRanking" : 0.25,
      "datum" : 16404
    }, {
      "relativeRanking" : 0.3,
      "datum" : 16404
    }, {
      "relativeRanking" : 0.35,
      "datum" : 16404
    }, {
      "relativeRanking" : 0.4,
      "datum" : 16404
    }, {
      "relativeRanking" : 0.45,
      "datum" : 16404
    }, {
      "relativeRanking" : 0.5,
      "datum" : 16404
    }, {
      "relativeRanking" : 0.55,
      "datum" : 16404
    }, {
      "relativeRanking" : 0.6,
      "datum" : 16404
    }, {
      "relativeRanking" : 0.65,
      "datum" : 16404
    }, {
      "relativeRanking" : 0.7,
      "datum" : 16404
    }, {
      "relativeRanking" : 0.75,
      "datum" : 16404
    }, {
      "relativeRanking" : 0.8,
      "datum" : 16404
    }, {
      "relativeRanking" : 0.85,
      "datum" : 16404
    }, {
      "relativeRanking" : 0.9,
      "datum" : 16404
    }, {
      "relativeRanking" : 0.95,
      "datum" : 16404
    } ],
    "maximum" : 17404
  },
  "failedReduceAttemptCDF" : {
    "numberValues" : 0,
    "minimum" : -9223372036854775808,
    "rankings" : [ ],
    "maximum" : 9223372036854775807
  },
  "queue" : "default",
  "jobName" : "ReduceJoin-[1601022620571]",
  "clusterMapMB" : -1,
  "clusterReduceMB" : -1,
  "jobMapMB" : -1,
  "jobReduceMB" : -1,
  "relativeTime" : 0,
  "mapperTriesToSucceed" : [ 1.0 ],
  "failedMapperFraction" : 0.0,
  "jobProperties" : { }
}