{
  "jobID" : "job_1572946766556_0691",
  "user" : "hadoop",
  "computonsPerMapInputByte" : -1,
  "computonsPerMapOutputByte" : -1,
  "computonsPerReduceInputByte" : -1,
  "computonsPerReduceOutputByte" : -1,
  "submitTime" : 1575463861193,
  "launchTime" : 1575463864615,
  "finishTime" : 1575463896042,
  "heapMegabytes" : -1,
  "totalMaps" : 2,
  "totalReduces" : 2,
  "outcome" : "SUCCESS",
  "jobtype" : "JAVA",
  "priority" : "NORMAL",
  "directDependantJobs" : [ ],
  "mapTasks" : [ {
    "inputBytes" : 79565870,
    "inputRecords" : 2570811,
    "outputBytes" : 140958814,
    "outputRecords" : 2570810,
    "taskID" : "task_1572946766556_0691_m_000000",
    "startTime" : 1575463864656,
    "finishTime" : 1575463876131,
    "taskType" : "MAP",
    "taskStatus" : "SUCCESS",
    "attempts" : [ {
      "attemptID" : "attempt_1572946766556_0691_m_000000_0",
      "result" : "SUCCESS",
      "startTime" : 1575463866830,
      "finishTime" : 1575463876131,
      "hostName" : "/default-rack/slave5",
      "hdfsBytesRead" : 79565870,
      "hdfsBytesWritten" : 0,
      "fileBytesRead" : 70579105,
      "fileBytesWritten" : 140958814,
      "mapInputRecords" : 2570811,
      "mapInputBytes" : -1,
      "mapOutputBytes" : 65275490,
      "mapOutputRecords" : 2570810,
      "combineInputRecords" : 0,
      "reduceInputGroups" : -1,
      "reduceInputRecords" : -1,
      "reduceShuffleBytes" : -1,
      "reduceOutputRecords" : -1,
      "spilledRecords" : 5141620,
      "shuffleFinished" : -1,
      "sortFinished" : -1,
      "location" : {
        "layers" : [ "default-rack", "slave5" ]
      },
      "clockSplits" : [ 7297, 82, 83, 82, 82, 83, 82, 82, 352, 353, 353, 354 ],
      "cpuUsages" : [ 1532, 1533, 1533, 1533, 1533, 1533, 1533, 1533, 809, 806, 806, 806 ],
      "physMemKbytes" : [ 17400, 52201, 87002, 121803, 156604, 191405, 226206, 261007, 279406, 281138, 282869, 284602 ],
      "vmemKbytes" : [ 129437, 388311, 647185, 906058, 1164933, 1423806, 1682681, 1941554, 2072979, 2074903, 2076824, 2078747 ],
      "resourceUsageMetrics" : {
        "cumulativeCpuUsage" : 15490,
        "virtualMemoryUsage" : 2129620992,
        "physicalMemoryUsage" : 292319232,
        "heapUsage" : 208666624
      }
    }, {
      "attemptID" : "attempt_1572946766556_0691_m_000000_1",
      "result" : "KILLED",
      "startTime" : 1575463875712,
      "finishTime" : 1575463876163,
      "hostName" : "/default-rack/slave5",
      "hdfsBytesRead" : -1,
      "hdfsBytesWritten" : -1,
      "fileBytesRead" : -1,
      "fileBytesWritten" : -1,
      "mapInputRecords" : -1,
      "mapInputBytes" : -1,
      "mapOutputBytes" : -1,
      "mapOutputRecords" : -1,
      "combineInputRecords" : -1,
      "reduceInputGroups" : -1,
      "reduceInputRecords" : -1,
      "reduceShuffleBytes" : -1,
      "reduceOutputRecords" : -1,
      "spilledRecords" : -1,
      "shuffleFinished" : -1,
      "sortFinished" : -1,
      "location" : {
        "layers" : [ "default-rack", "slave5" ]
      },
      "clockSplits" : [ 35, 35, 35, 35, 35, 36, 35, 35, 35, 35, 35, 36 ],
      "cpuUsages" : [ 0, 0, 0, 0, 0, 0, 0, 0, 0, 0, 0, 0 ],
      "physMemKbytes" : [ 0, 0, 0, 0, 0, 0, 0, 0, 0, 0, 0, 0 ],
      "vmemKbytes" : [ 0, 0, 0, 0, 0, 0, 0, 0, 0, 0, 0, 0 ],
      "resourceUsageMetrics" : {
        "cumulativeCpuUsage" : 0,
        "virtualMemoryUsage" : 0,
        "physicalMemoryUsage" : 0,
        "heapUsage" : 0
      }
    } ],
    "preferredLocations" : [ ]
  }, {
    "inputBytes" : 63092039,
    "inputRecords" : 1299730,
    "outputBytes" : 144540558,
    "outputRecords" : 1299729,
    "taskID" : "task_1572946766556_0691_m_000001",
    "startTime" : 1575463864657,
    "finishTime" : 1575463873703,
    "taskType" : "MAP",
    "taskStatus" : "SUCCESS",
    "attempts" : [ {
      "attemptID" : "attempt_1572946766556_0691_m_000001_0",
      "result" : "SUCCESS",
      "startTime" : 1575463866824,
      "finishTime" : 1575463873703,
      "hostName" : "/default-rack/slave5",
      "hdfsBytesRead" : 63092039,
      "hdfsBytesWritten" : 0,
      "fileBytesRead" : 72273716,
      "fileBytesWritten" : 144540558,
      "mapInputRecords" : 1299730,
      "mapInputBytes" : -1,
      "mapOutputBytes" : 69599284,
      "mapOutputRecords" : 1299729,
      "combineInputRecords" : 0,
      "reduceInputGroups" : -1,
      "reduceInputRecords" : -1,
      "reduceShuffleBytes" : -1,
      "reduceOutputRecords" : -1,
      "spilledRecords" : 2599458,
      "shuffleFinished" : -1,
      "sortFinished" : -1,
      "location" : {
        "layers" : [ "default-rack", "slave5" ]
      },
      "clockSplits" : [ 4080, 252, 252, 252, 252, 252, 251, 252, 252, 252, 252, 252 ],
      "cpuUsages" : [ 992, 993, 992, 993, 992, 993, 992, 993, 992, 993, 992, 993 ],
      "physMemKbytes" : [ 11904, 35714, 59524, 83333, 107143, 130952, 154762, 178571, 202382, 226191, 250000, 273811 ],
      "vmemKbytes" : [ 86443, 259329, 432216, 605102, 777989, 950876, 1123763, 1296649, 1469536, 1642423, 1815309, 1988196 ],
      "resourceUsageMetrics" : {
        "cumulativeCpuUsage" : 11910,
        "virtualMemoryUsage" : 2124431360,
        "physicalMemoryUsage" : 292573184,
        "heapUsage" : 204996608
      }
    } ],
    "preferredLocations" : [ ]
  } ],
  "reduceTasks" : [ {
    "inputBytes" : 70813331,
    "inputRecords" : 1918561,
    "outputBytes" : 232633271,
    "outputRecords" : 3757719,
    "taskID" : "task_1572946766556_0691_r_000000",
    "startTime" : 1575463864658,
    "finishTime" : 1575463895463,
    "taskType" : "REDUCE",
    "taskStatus" : "SUCCESS",
    "attempts" : [ {
      "attemptID" : "attempt_1572946766556_0691_r_000000_0",
      "result" : "SUCCESS",
      "startTime" : 1575463876727,
      "finishTime" : 1575463895463,
      "hostName" : "/default-rack/slave5",
      "hdfsBytesRead" : 0,
      "hdfsBytesWritten" : 232633271,
      "fileBytesRead" : 70813331,
      "fileBytesWritten" : 70937810,
      "mapInputRecords" : -1,
      "mapInputBytes" : -1,
      "mapOutputBytes" : -1,
      "mapOutputRecords" : -1,
      "combineInputRecords" : 0,
      "reduceInputGroups" : 214802,
      "reduceInputRecords" : 1918561,
      "reduceShuffleBytes" : 70813331,
      "reduceOutputRecords" : 3757719,
      "spilledRecords" : 1918561,
      "shuffleFinished" : 1575463878745,
      "sortFinished" : 1575463878767,
      "location" : {
        "layers" : [ "default-rack", "slave5" ]
      },
      "clockSplits" : [ 2660, 617, 617, 617, 617, 617, 617, 617, 617, 2772, 4025, 4330 ],
      "cpuUsages" : [ 1266, 1267, 1266, 1267, 1267, 1266, 1267, 1267, 1266, 4797, 6814, 7130 ],
      "physMemKbytes" : [ 10301, 30903, 51506, 72108, 92711, 113313, 133916, 154518, 175121, 194361, 211288, 212669 ],
      "vmemKbytes" : [ 110536, 331610, 552684, 773757, 994832, 1215905, 1436980, 1658053, 1879128, 2062817, 2082171, 2082172 ],
      "resourceUsageMetrics" : {
        "cumulativeCpuUsage" : 30140,
        "virtualMemoryUsage" : 2132144128,
        "physicalMemoryUsage" : 214343680,
        "heapUsage" : 133693440
      }
    } ],
    "preferredLocations" : [ ]
  }, {
    "inputBytes" : 71811785,
    "inputRecords" : 1951978,
    "outputBytes" : 235259050,
    "outputRecords" : 3810049,
    "taskID" : "task_1572946766556_0691_r_000001",
    "startTime" : 1575463864658,
    "finishTime" : 1575463895971,
    "taskType" : "REDUCE",
    "taskStatus" : "SUCCESS",
    "attempts" : [ {
      "attemptID" : "attempt_1572946766556_0691_r_000001_0",
      "result" : "SUCCESS",
      "startTime" : 1575463876731,
      "finishTime" : 1575463895971,
      "hostName" : "/default-rack/slave5",
      "hdfsBytesRead" : 0,
      "hdfsBytesWritten" : 235259050,
      "fileBytesRead" : 71811785,
      "fileBytesWritten" : 71936264,
      "mapInputRecords" : -1,
      "mapInputBytes" : -1,
      "mapOutputBytes" : -1,
      "mapOutputRecords" : -1,
      "combineInputRecords" : 0,
      "reduceInputGroups" : 217669,
      "reduceInputRecords" : 1951978,
      "reduceShuffleBytes" : 71811785,
      "reduceOutputRecords" : 3810049,
      "spilledRecords" : 1951978,
      "shuffleFinished" : 1575463878727,
      "sortFinished" : 1575463878749,
      "location" : {
        "layers" : [ "default-rack", "slave5" ]
      },
      "clockSplits" : [ 2642, 622, 622, 622, 622, 622, 621, 622, 622, 3122, 4152, 4335 ],
      "cpuUsages" : [ 1455, 1456, 1456, 1456, 1455, 1456, 1456, 1456, 1456, 5415, 7694, 7539 ],
      "physMemKbytes" : [ 10574, 31722, 52871, 74020, 95169, 116318, 137467, 158615, 179764, 197019, 214243, 215535 ],
      "vmemKbytes" : [ 111152, 333458, 555763, 778068, 1000374, 1222679, 1444986, 1667291, 1889597, 2066742, 2081355, 2081356 ],
      "resourceUsageMetrics" : {
        "cumulativeCpuUsage" : 33750,
        "virtualMemoryUsage" : 2131308544,
        "physicalMemoryUsage" : 218599424,
        "heapUsage" : 133693440
      }
    } ],
    "preferredLocations" : [ ]
  } ],
  "otherTasks" : [ ],
  "successfulMapAttemptCDFs" : [ {
    "numberValues" : 0,
    "minimum" : -9223372036854775808,
    "rankings" : [ ],
    "maximum" : 9223372036854775807
  }, {
    "numberValues" : 0,
    "minimum" : -9223372036854775808,
    "rankings" : [ ],
    "maximum" : 9223372036854775807
  }, {
    "numberValues" : 0,
    "minimum" : -9223372036854775808,
    "rankings" : [ ],
    "maximum" : 9223372036854775807
  }, {
    "numberValues" : 2,
    "minimum" : 6879,
    "rankings" : [ {
      "relativeRanking" : 0.05,
      "datum" : 6879
    }, {
      "relativeRanking" : 0.1,
      "datum" : 6879
    }, {
      "relativeRanking" : 0.15,
      "datum" : 6879
    }, {
      "relativeRanking" : 0.2,
      "datum" : 6879
    }, {
      "relativeRanking" : 0.25,
      "datum" : 6879
    }, {
      "relativeRanking" : 0.3,
      "datum" : 6879
    }, {
      "relativeRanking" : 0.35,
      "datum" : 6879
    }, {
      "relativeRanking" : 0.4,
      "datum" : 6879
    }, {
      "relativeRanking" : 0.45,
      "datum" : 6879
    }, {
      "relativeRanking" : 0.5,
      "datum" : 6879
    }, {
      "relativeRanking" : 0.55,
      "datum" : 6879
    }, {
      "relativeRanking" : 0.6,
      "datum" : 6879
    }, {
      "relativeRanking" : 0.65,
      "datum" : 6879
    }, {
      "relativeRanking" : 0.7,
      "datum" : 6879
    }, {
      "relativeRanking" : 0.75,
      "datum" : 6879
    }, {
      "relativeRanking" : 0.8,
      "datum" : 6879
    }, {
      "relativeRanking" : 0.85,
      "datum" : 6879
    }, {
      "relativeRanking" : 0.9,
      "datum" : 6879
    }, {
      "relativeRanking" : 0.95,
      "datum" : 6879
    } ],
    "maximum" : 9301
  } ],
  "failedMapAttemptCDFs" : [ {
    "numberValues" : 0,
    "minimum" : -9223372036854775808,
    "rankings" : [ ],
    "maximum" : 9223372036854775807
  }, {
    "numberValues" : 0,
    "minimum" : -9223372036854775808,
    "rankings" : [ ],
    "maximum" : 9223372036854775807
  }, {
    "numberValues" : 0,
    "minimum" : -9223372036854775808,
    "rankings" : [ ],
    "maximum" : 9223372036854775807
  }, {
    "numberValues" : 0,
    "minimum" : -9223372036854775808,
    "rankings" : [ ],
    "maximum" : 9223372036854775807
  } ],
  "successfulReduceAttemptCDF" : {
    "numberValues" : 2,
    "minimum" : 18736,
    "rankings" : [ {
      "relativeRanking" : 0.05,
      "datum" : 18736
    }, {
      "relativeRanking" : 0.1,
      "datum" : 18736
    }, {
      "relativeRanking" : 0.15,
      "datum" : 18736
    }, {
      "relativeRanking" : 0.2,
      "datum" : 18736
    }, {
      "relativeRanking" : 0.25,
      "datum" : 18736
    }, {
      "relativeRanking" : 0.3,
      "datum" : 18736
    }, {
      "relativeRanking" : 0.35,
      "datum" : 18736
    }, {
      "relativeRanking" : 0.4,
      "datum" : 18736
    }, {
      "relativeRanking" : 0.45,
      "datum" : 18736
    }, {
      "relativeRanking" : 0.5,
      "datum" : 18736
    }, {
      "relativeRanking" : 0.55,
      "datum" : 18736
    }, {
      "relativeRanking" : 0.6,
      "datum" : 18736
    }, {
      "relativeRanking" : 0.65,
      "datum" : 18736
    }, {
      "relativeRanking" : 0.7,
      "datum" : 18736
    }, {
      "relativeRanking" : 0.75,
      "datum" : 18736
    }, {
      "relativeRanking" : 0.8,
      "datum" : 18736
    }, {
      "relativeRanking" : 0.85,
      "datum" : 18736
    }, {
      "relativeRanking" : 0.9,
      "datum" : 18736
    }, {
      "relativeRanking" : 0.95,
      "datum" : 18736
    } ],
    "maximum" : 19240
  },
  "failedReduceAttemptCDF" : {
    "numberValues" : 0,
    "minimum" : -9223372036854775808,
    "rankings" : [ ],
    "maximum" : 9223372036854775807
  },
  "queue" : "default",
  "jobName" : "ReduceJoin-[1575463858458]",
  "clusterMapMB" : -1,
  "clusterReduceMB" : -1,
  "jobMapMB" : -1,
  "jobReduceMB" : -1,
  "relativeTime" : 0,
  "mapperTriesToSucceed" : [ 1.0 ],
  "failedMapperFraction" : 0.0,
  "jobProperties" : { }
}