{
  "jobID" : "job_1600222256971_1109",
  "user" : "hadoop",
  "computonsPerMapInputByte" : -1,
  "computonsPerMapOutputByte" : -1,
  "computonsPerReduceInputByte" : -1,
  "computonsPerReduceOutputByte" : -1,
  "submitTime" : 1601023315110,
  "launchTime" : 1601023318831,
  "finishTime" : 1601023343738,
  "heapMegabytes" : -1,
  "totalMaps" : 8,
  "totalReduces" : 2,
  "outcome" : "SUCCESS",
  "jobtype" : "JAVA",
  "priority" : "NORMAL",
  "directDependantJobs" : [ ],
  "mapTasks" : [ {
    "inputBytes" : 134217938,
    "inputRecords" : 1342178,
    "outputBytes" : 279297906,
    "outputRecords" : 1342178,
    "taskID" : "task_1600222256971_1109_m_000000",
    "startTime" : 1601023318898,
    "finishTime" : 1601023329218,
    "taskType" : "MAP",
    "taskStatus" : "SUCCESS",
    "attempts" : [ {
      "attemptID" : "attempt_1600222256971_1109_m_000000_0",
      "result" : "SUCCESS",
      "startTime" : 1601023321102,
      "finishTime" : 1601023329218,
      "hostName" : "/default-rack/slave2",
      "hdfsBytesRead" : 134217938,
      "hdfsBytesWritten" : 0,
      "fileBytesRead" : 139727903,
      "fileBytesWritten" : 279297906,
      "mapInputRecords" : 1342178,
      "mapInputBytes" : -1,
      "mapOutputBytes" : 136902156,
      "mapOutputRecords" : 1342178,
      "combineInputRecords" : 0,
      "reduceInputGroups" : -1,
      "reduceInputRecords" : -1,
      "reduceShuffleBytes" : -1,
      "reduceOutputRecords" : -1,
      "spilledRecords" : 2684356,
      "shuffleFinished" : -1,
      "sortFinished" : -1,
      "location" : {
        "layers" : [ "default-rack", "slave2" ]
      },
      "clockSplits" : [ 5478, 230, 230, 230, 230, 229, 230, 230, 230, 230, 230, 326 ],
      "cpuUsages" : [ 851, 851, 851, 851, 851, 852, 851, 851, 851, 851, 852, 907 ],
      "physMemKbytes" : [ 12193, 36579, 60966, 85352, 109739, 134125, 158512, 182898, 207285, 231671, 256057, 279715 ],
      "vmemKbytes" : [ 85731, 257194, 428659, 600122, 771586, 943049, 1114514, 1285977, 1457442, 1628905, 1800368, 1966394 ],
      "resourceUsageMetrics" : {
        "cumulativeCpuUsage" : 10270,
        "virtualMemoryUsage" : 2062725120,
        "physicalMemoryUsage" : 293732352,
        "heapUsage" : 187695104
      }
    } ],
    "preferredLocations" : [ ]
  }, {
    "inputBytes" : 134217838,
    "inputRecords" : 1342177,
    "outputBytes" : 279297698,
    "outputRecords" : 1342177,
    "taskID" : "task_1600222256971_1109_m_000001",
    "startTime" : 1601023318900,
    "finishTime" : 1601023328529,
    "taskType" : "MAP",
    "taskStatus" : "SUCCESS",
    "attempts" : [ {
      "attemptID" : "attempt_1600222256971_1109_m_000001_0",
      "result" : "SUCCESS",
      "startTime" : 1601023321101,
      "finishTime" : 1601023328529,
      "hostName" : "/default-rack/slave3",
      "hdfsBytesRead" : 134217838,
      "hdfsBytesWritten" : 0,
      "fileBytesRead" : 139689215,
      "fileBytesWritten" : 279297698,
      "mapInputRecords" : 1342177,
      "mapInputBytes" : -1,
      "mapOutputBytes" : 136902054,
      "mapOutputRecords" : 1342177,
      "combineInputRecords" : 0,
      "reduceInputGroups" : -1,
      "reduceInputRecords" : -1,
      "reduceShuffleBytes" : -1,
      "reduceOutputRecords" : -1,
      "spilledRecords" : 2684354,
      "shuffleFinished" : -1,
      "sortFinished" : -1,
      "location" : {
        "layers" : [ "default-rack", "slave3" ]
      },
      "clockSplits" : [ 5080, 212, 212, 213, 212, 212, 212, 213, 212, 212, 212, 213 ],
      "cpuUsages" : [ 776, 777, 777, 776, 777, 777, 776, 777, 777, 776, 777, 777 ],
      "physMemKbytes" : [ 11854, 35562, 59271, 82979, 106688, 130397, 154106, 177814, 201523, 225232, 248940, 272649 ],
      "vmemKbytes" : [ 83980, 251941, 419902, 587863, 755824, 923785, 1091746, 1259707, 1427668, 1595629, 1763590, 1931551 ],
      "resourceUsageMetrics" : {
        "cumulativeCpuUsage" : 9320,
        "virtualMemoryUsage" : 2063904768,
        "physicalMemoryUsage" : 291332096,
        "heapUsage" : 187170816
      }
    } ],
    "preferredLocations" : [ ]
  }, {
    "inputBytes" : 134217838,
    "inputRecords" : 1342177,
    "outputBytes" : 279297698,
    "outputRecords" : 1342177,
    "taskID" : "task_1600222256971_1109_m_000002",
    "startTime" : 1601023318900,
    "finishTime" : 1601023328683,
    "taskType" : "MAP",
    "taskStatus" : "SUCCESS",
    "attempts" : [ {
      "attemptID" : "attempt_1600222256971_1109_m_000002_0",
      "result" : "SUCCESS",
      "startTime" : 1601023321092,
      "finishTime" : 1601023328683,
      "hostName" : "/default-rack/slave5",
      "hdfsBytesRead" : 134217838,
      "hdfsBytesWritten" : 0,
      "fileBytesRead" : 139773871,
      "fileBytesWritten" : 279297698,
      "mapInputRecords" : 1342177,
      "mapInputBytes" : -1,
      "mapOutputBytes" : 136902054,
      "mapOutputRecords" : 1342177,
      "combineInputRecords" : 0,
      "reduceInputGroups" : -1,
      "reduceInputRecords" : -1,
      "reduceShuffleBytes" : -1,
      "reduceOutputRecords" : -1,
      "spilledRecords" : 2684354,
      "shuffleFinished" : -1,
      "sortFinished" : -1,
      "location" : {
        "layers" : [ "default-rack", "slave5" ]
      },
      "clockSplits" : [ 5367, 201, 201, 201, 201, 201, 200, 201, 201, 201, 201, 201 ],
      "cpuUsages" : [ 807, 808, 807, 808, 807, 808, 807, 808, 807, 808, 807, 808 ],
      "physMemKbytes" : [ 12061, 36184, 60308, 84431, 108554, 132677, 156801, 180924, 205048, 229171, 253294, 277418 ],
      "vmemKbytes" : [ 84044, 252132, 420220, 588307, 756396, 924483, 1092572, 1260659, 1428748, 1596836, 1764923, 1933012 ],
      "resourceUsageMetrics" : {
        "cumulativeCpuUsage" : 9690,
        "virtualMemoryUsage" : 2065465344,
        "physicalMemoryUsage" : 296427520,
        "heapUsage" : 187695104
      }
    } ],
    "preferredLocations" : [ ]
  }, {
    "inputBytes" : 134217938,
    "inputRecords" : 1342178,
    "outputBytes" : 279297906,
    "outputRecords" : 1342178,
    "taskID" : "task_1600222256971_1109_m_000003",
    "startTime" : 1601023318900,
    "finishTime" : 1601023328475,
    "taskType" : "MAP",
    "taskStatus" : "SUCCESS",
    "attempts" : [ {
      "attemptID" : "attempt_1600222256971_1109_m_000003_0",
      "result" : "SUCCESS",
      "startTime" : 1601023321100,
      "finishTime" : 1601023328475,
      "hostName" : "/default-rack/slave5",
      "hdfsBytesRead" : 134217938,
      "hdfsBytesWritten" : 0,
      "fileBytesRead" : 139671295,
      "fileBytesWritten" : 279297906,
      "mapInputRecords" : 1342178,
      "mapInputBytes" : -1,
      "mapOutputBytes" : 136902156,
      "mapOutputRecords" : 1342178,
      "combineInputRecords" : 0,
      "reduceInputGroups" : -1,
      "reduceInputRecords" : -1,
      "reduceShuffleBytes" : -1,
      "reduceOutputRecords" : -1,
      "spilledRecords" : 2684356,
      "shuffleFinished" : -1,
      "sortFinished" : -1,
      "location" : {
        "layers" : [ "default-rack", "slave5" ]
      },
      "clockSplits" : [ 5133, 203, 202, 203, 202, 203, 202, 203, 202, 203, 202, 203 ],
      "cpuUsages" : [ 851, 852, 852, 851, 852, 852, 851, 852, 852, 851, 852, 852 ],
      "physMemKbytes" : [ 11719, 35157, 58596, 82034, 105473, 128912, 152351, 175789, 199228, 222667, 246105, 269544 ],
      "vmemKbytes" : [ 83933, 251799, 419665, 587530, 755397, 923262, 1091129, 1258994, 1426861, 1594727, 1762592, 1930459 ],
      "resourceUsageMetrics" : {
        "cumulativeCpuUsage" : 10220,
        "virtualMemoryUsage" : 2062737408,
        "physicalMemoryUsage" : 288014336,
        "heapUsage" : 187170816
      }
    } ],
    "preferredLocations" : [ ]
  }, {
    "inputBytes" : 134217838,
    "inputRecords" : 1342177,
    "outputBytes" : 279297698,
    "outputRecords" : 1342177,
    "taskID" : "task_1600222256971_1109_m_000004",
    "startTime" : 1601023318900,
    "finishTime" : 1601023328093,
    "taskType" : "MAP",
    "taskStatus" : "SUCCESS",
    "attempts" : [ {
      "attemptID" : "attempt_1600222256971_1109_m_000004_0",
      "result" : "SUCCESS",
      "startTime" : 1601023321103,
      "finishTime" : 1601023328093,
      "hostName" : "/default-rack/slave1",
      "hdfsBytesRead" : 134217838,
      "hdfsBytesWritten" : 0,
      "fileBytesRead" : 139764335,
      "fileBytesWritten" : 279297698,
      "mapInputRecords" : 1342177,
      "mapInputBytes" : -1,
      "mapOutputBytes" : 136902054,
      "mapOutputRecords" : 1342177,
      "combineInputRecords" : 0,
      "reduceInputGroups" : -1,
      "reduceInputRecords" : -1,
      "reduceShuffleBytes" : -1,
      "reduceOutputRecords" : -1,
      "spilledRecords" : 2684354,
      "shuffleFinished" : -1,
      "sortFinished" : -1,
      "location" : {
        "layers" : [ "default-rack", "slave1" ]
      },
      "clockSplits" : [ 4718, 205, 206, 205, 205, 206, 205, 205, 206, 205, 205, 206 ],
      "cpuUsages" : [ 784, 784, 784, 784, 784, 785, 784, 784, 784, 784, 784, 785 ],
      "physMemKbytes" : [ 11770, 35312, 58854, 82395, 105937, 129478, 153020, 176561, 200104, 223645, 247186, 270729 ],
      "vmemKbytes" : [ 84064, 252193, 420322, 588451, 756580, 924709, 1092838, 1260967, 1429096, 1597225, 1765354, 1933483 ],
      "resourceUsageMetrics" : {
        "cumulativeCpuUsage" : 9410,
        "virtualMemoryUsage" : 2065969152,
        "physicalMemoryUsage" : 289280000,
        "heapUsage" : 187695104
      }
    } ],
    "preferredLocations" : [ ]
  }, {
    "inputBytes" : 134217838,
    "inputRecords" : 1342177,
    "outputBytes" : 279297698,
    "outputRecords" : 1342177,
    "taskID" : "task_1600222256971_1109_m_000005",
    "startTime" : 1601023318901,
    "finishTime" : 1601023329232,
    "taskType" : "MAP",
    "taskStatus" : "SUCCESS",
    "attempts" : [ {
      "attemptID" : "attempt_1600222256971_1109_m_000005_0",
      "result" : "SUCCESS",
      "startTime" : 1601023321100,
      "finishTime" : 1601023329232,
      "hostName" : "/default-rack/slave5",
      "hdfsBytesRead" : 134217838,
      "hdfsBytesWritten" : 0,
      "fileBytesRead" : 139806839,
      "fileBytesWritten" : 279297698,
      "mapInputRecords" : 1342177,
      "mapInputBytes" : -1,
      "mapOutputBytes" : 136902054,
      "mapOutputRecords" : 1342177,
      "combineInputRecords" : 0,
      "reduceInputGroups" : -1,
      "reduceInputRecords" : -1,
      "reduceShuffleBytes" : -1,
      "reduceOutputRecords" : -1,
      "spilledRecords" : 2684354,
      "shuffleFinished" : -1,
      "sortFinished" : -1,
      "location" : {
        "layers" : [ "default-rack", "slave5" ]
      },
      "clockSplits" : [ 5598, 220, 220, 220, 220, 221, 220, 220, 220, 220, 220, 318 ],
      "cpuUsages" : [ 818, 818, 818, 818, 818, 818, 818, 818, 818, 818, 818, 1012 ],
      "physMemKbytes" : [ 12175, 36526, 60877, 85228, 109580, 133931, 158282, 182633, 206985, 231336, 255687, 279752 ],
      "vmemKbytes" : [ 85065, 255196, 425327, 595458, 765590, 935721, 1105852, 1275983, 1446115, 1616246, 1786377, 1954468 ],
      "resourceUsageMetrics" : {
        "cumulativeCpuUsage" : 10010,
        "virtualMemoryUsage" : 2063593472,
        "physicalMemoryUsage" : 295432192,
        "heapUsage" : 197656576
      }
    }, {
      "attemptID" : "attempt_1600222256971_1109_m_000005_1",
      "result" : "KILLED",
      "startTime" : 1601023327929,
      "finishTime" : 1601023329261,
      "hostName" : "/default-rack/slave2",
      "hdfsBytesRead" : -1,
      "hdfsBytesWritten" : -1,
      "fileBytesRead" : -1,
      "fileBytesWritten" : -1,
      "mapInputRecords" : -1,
      "mapInputBytes" : -1,
      "mapOutputBytes" : -1,
      "mapOutputRecords" : -1,
      "combineInputRecords" : -1,
      "reduceInputGroups" : -1,
      "reduceInputRecords" : -1,
      "reduceShuffleBytes" : -1,
      "reduceOutputRecords" : -1,
      "spilledRecords" : -1,
      "shuffleFinished" : -1,
      "sortFinished" : -1,
      "location" : {
        "layers" : [ "default-rack", "slave2" ]
      },
      "clockSplits" : [ 108, 109, 109, 109, 108, 109, 109, 109, 108, 109, 109, 109 ],
      "cpuUsages" : [ 0, 0, 0, 0, 0, 0, 0, 0, 0, 0, 0, 0 ],
      "physMemKbytes" : [ 0, 0, 0, 0, 0, 0, 0, 0, 0, 0, 0, 0 ],
      "vmemKbytes" : [ 0, 0, 0, 0, 0, 0, 0, 0, 0, 0, 0, 0 ],
      "resourceUsageMetrics" : {
        "cumulativeCpuUsage" : 0,
        "virtualMemoryUsage" : 0,
        "physicalMemoryUsage" : 0,
        "heapUsage" : 0
      }
    } ],
    "preferredLocations" : [ ]
  }, {
    "inputBytes" : 97346938,
    "inputRecords" : 973468,
    "outputBytes" : 202606226,
    "outputRecords" : 973468,
    "taskID" : "task_1600222256971_1109_m_000006",
    "startTime" : 1601023318901,
    "finishTime" : 1601023327990,
    "taskType" : "MAP",
    "taskStatus" : "SUCCESS",
    "attempts" : [ {
      "attemptID" : "attempt_1600222256971_1109_m_000006_0",
      "result" : "SUCCESS",
      "startTime" : 1601023321103,
      "finishTime" : 1601023327990,
      "hostName" : "/default-rack/slave2",
      "hdfsBytesRead" : 97346938,
      "hdfsBytesWritten" : 0,
      "fileBytesRead" : 101380199,
      "fileBytesWritten" : 202606226,
      "mapInputRecords" : 973468,
      "mapInputBytes" : -1,
      "mapOutputBytes" : 99293736,
      "mapOutputRecords" : 973468,
      "combineInputRecords" : 0,
      "reduceInputGroups" : -1,
      "reduceInputRecords" : -1,
      "reduceShuffleBytes" : -1,
      "reduceOutputRecords" : -1,
      "spilledRecords" : 1946936,
      "shuffleFinished" : -1,
      "sortFinished" : -1,
      "location" : {
        "layers" : [ "default-rack", "slave2" ]
      },
      "clockSplits" : [ 5492, 126, 126, 125, 126, 126, 125, 126, 126, 125, 126, 126 ],
      "cpuUsages" : [ 755, 756, 756, 756, 756, 756, 755, 756, 756, 756, 756, 756 ],
      "physMemKbytes" : [ 11728, 35186, 58644, 82101, 105559, 129016, 152474, 175931, 199390, 222847, 246304, 269763 ],
      "vmemKbytes" : [ 83927, 251781, 419635, 587489, 755344, 923198, 1091053, 1258906, 1426761, 1594616, 1762469, 1930324 ],
      "resourceUsageMetrics" : {
        "cumulativeCpuUsage" : 9070,
        "virtualMemoryUsage" : 2062594048,
        "physicalMemoryUsage" : 288247808,
        "heapUsage" : 197132288
      }
    } ],
    "preferredLocations" : [ ]
  }, {
    "inputBytes" : 97346938,
    "inputRecords" : 973468,
    "outputBytes" : 202606226,
    "outputRecords" : 973468,
    "taskID" : "task_1600222256971_1109_m_000007",
    "startTime" : 1601023318901,
    "finishTime" : 1601023326639,
    "taskType" : "MAP",
    "taskStatus" : "SUCCESS",
    "attempts" : [ {
      "attemptID" : "attempt_1600222256971_1109_m_000007_0",
      "result" : "SUCCESS",
      "startTime" : 1601023321101,
      "finishTime" : 1601023326639,
      "hostName" : "/default-rack/slave1",
      "hdfsBytesRead" : 97346938,
      "hdfsBytesWritten" : 0,
      "fileBytesRead" : 101393895,
      "fileBytesWritten" : 202606226,
      "mapInputRecords" : 973468,
      "mapInputBytes" : -1,
      "mapOutputBytes" : 99293736,
      "mapOutputRecords" : 973468,
      "combineInputRecords" : 0,
      "reduceInputGroups" : -1,
      "reduceInputRecords" : -1,
      "reduceShuffleBytes" : -1,
      "reduceOutputRecords" : -1,
      "spilledRecords" : 1946936,
      "shuffleFinished" : -1,
      "sortFinished" : -1,
      "location" : {
        "layers" : [ "default-rack", "slave1" ]
      },
      "clockSplits" : [ 4354, 105, 106, 105, 106, 105, 105, 106, 105, 106, 105, 106 ],
      "cpuUsages" : [ 607, 608, 607, 608, 607, 608, 607, 608, 607, 608, 607, 608 ],
      "physMemKbytes" : [ 11754, 35262, 58770, 82278, 105787, 129295, 152804, 176311, 199820, 223329, 246836, 270345 ],
      "vmemKbytes" : [ 83948, 251845, 419744, 587641, 755539, 923436, 1091334, 1259231, 1427130, 1595027, 1762924, 1930823 ],
      "resourceUsageMetrics" : {
        "cumulativeCpuUsage" : 7290,
        "virtualMemoryUsage" : 2063126528,
        "physicalMemoryUsage" : 288870400,
        "heapUsage" : 198180864
      }
    } ],
    "preferredLocations" : [ ]
  } ],
  "reduceTasks" : [ {
    "inputBytes" : 520328168,
    "inputRecords" : 5003155,
    "outputBytes" : 500315500,
    "outputRecords" : 5003155,
    "taskID" : "task_1600222256971_1109_r_000000",
    "startTime" : 1601023318902,
    "finishTime" : 1601023343650,
    "taskType" : "REDUCE",
    "taskStatus" : "SUCCESS",
    "attempts" : [ {
      "attemptID" : "attempt_1600222256971_1109_r_000000_0",
      "result" : "SUCCESS",
      "startTime" : 1601023328945,
      "finishTime" : 1601023343650,
      "hostName" : "/default-rack/slave2",
      "hdfsBytesRead" : 0,
      "hdfsBytesWritten" : 500315500,
      "fileBytesRead" : 520328168,
      "fileBytesWritten" : 520452935,
      "mapInputRecords" : -1,
      "mapInputBytes" : -1,
      "mapOutputBytes" : -1,
      "mapOutputRecords" : -1,
      "combineInputRecords" : 0,
      "reduceInputGroups" : 5003155,
      "reduceInputRecords" : 5003155,
      "reduceShuffleBytes" : 520328168,
      "reduceOutputRecords" : 5003155,
      "spilledRecords" : 5003155,
      "shuffleFinished" : 1601023337690,
      "sortFinished" : 1601023337721,
      "location" : {
        "layers" : [ "default-rack", "slave2" ]
      },
      "clockSplits" : [ 2287, 2288, 2288, 2098, 379, 379, 379, 379, 379, 873, 1375, 1589 ],
      "cpuUsages" : [ 1165, 1166, 1166, 1219, 1274, 1274, 1274, 1274, 1274, 2094, 2928, 3072 ],
      "physMemKbytes" : [ 23778, 71334, 118891, 161442, 173967, 181486, 189007, 196526, 204047, 210809, 212932, 214305 ],
      "vmemKbytes" : [ 287646, 862939, 1438234, 1941779, 2014834, 2016139, 2017446, 2018752, 2020059, 2021205, 2021371, 2021372 ],
      "resourceUsageMetrics" : {
        "cumulativeCpuUsage" : 19180,
        "virtualMemoryUsage" : 2069884928,
        "physicalMemoryUsage" : 220352512,
        "heapUsage" : 135790592
      }
    } ],
    "preferredLocations" : [ ]
  }, {
    "inputBytes" : 519671928,
    "inputRecords" : 4996845,
    "outputBytes" : 499684500,
    "outputRecords" : 4996845,
    "taskID" : "task_1600222256971_1109_r_000001",
    "startTime" : 1601023318902,
    "finishTime" : 1601023343201,
    "taskType" : "REDUCE",
    "taskStatus" : "SUCCESS",
    "attempts" : [ {
      "attemptID" : "attempt_1600222256971_1109_r_000001_0",
      "result" : "SUCCESS",
      "startTime" : 1601023328948,
      "finishTime" : 1601023343201,
      "hostName" : "/default-rack/slave2",
      "hdfsBytesRead" : 0,
      "hdfsBytesWritten" : 499684500,
      "fileBytesRead" : 519671928,
      "fileBytesWritten" : 519796695,
      "mapInputRecords" : -1,
      "mapInputBytes" : -1,
      "mapOutputBytes" : -1,
      "mapOutputRecords" : -1,
      "combineInputRecords" : 0,
      "reduceInputGroups" : 4996845,
      "reduceInputRecords" : 4996845,
      "reduceShuffleBytes" : 519671928,
      "reduceOutputRecords" : 4996845,
      "spilledRecords" : 4996845,
      "shuffleFinished" : 1601023337454,
      "sortFinished" : 1601023337486,
      "location" : {
        "layers" : [ "default-rack", "slave2" ]
      },
      "clockSplits" : [ 2248, 2249, 2249, 1985, 390, 390, 390, 390, 390, 743, 1279, 1535 ],
      "cpuUsages" : [ 1131, 1131, 1132, 1174, 1218, 1217, 1218, 1217, 1217, 1754, 2568, 3123 ],
      "physMemKbytes" : [ 24609, 73830, 123051, 166834, 177992, 183712, 189433, 195153, 200874, 206220, 208050, 209020 ],
      "vmemKbytes" : [ 288212, 864637, 1441062, 1945825, 2020614, 2023741, 2026868, 2029995, 2033122, 2036003, 2036571, 2036572 ],
      "resourceUsageMetrics" : {
        "cumulativeCpuUsage" : 18100,
        "virtualMemoryUsage" : 2085449728,
        "physicalMemoryUsage" : 214777856,
        "heapUsage" : 136314880
      }
    } ],
    "preferredLocations" : [ ]
  } ],
  "otherTasks" : [ ],
  "successfulMapAttemptCDFs" : [ {
    "numberValues" : 0,
    "minimum" : -9223372036854775808,
    "rankings" : [ ],
    "maximum" : 9223372036854775807
  }, {
    "numberValues" : 0,
    "minimum" : -9223372036854775808,
    "rankings" : [ ],
    "maximum" : 9223372036854775807
  }, {
    "numberValues" : 0,
    "minimum" : -9223372036854775808,
    "rankings" : [ ],
    "maximum" : 9223372036854775807
  }, {
    "numberValues" : 8,
    "minimum" : 5538,
    "rankings" : [ {
      "relativeRanking" : 0.05,
      "datum" : 5538
    }, {
      "relativeRanking" : 0.1,
      "datum" : 5538
    }, {
      "relativeRanking" : 0.15,
      "datum" : 5538
    }, {
      "relativeRanking" : 0.2,
      "datum" : 5538
    }, {
      "relativeRanking" : 0.25,
      "datum" : 6887
    }, {
      "relativeRanking" : 0.3,
      "datum" : 6887
    }, {
      "relativeRanking" : 0.35,
      "datum" : 6887
    }, {
      "relativeRanking" : 0.4,
      "datum" : 6990
    }, {
      "relativeRanking" : 0.45,
      "datum" : 6990
    }, {
      "relativeRanking" : 0.5,
      "datum" : 7375
    }, {
      "relativeRanking" : 0.55,
      "datum" : 7375
    }, {
      "relativeRanking" : 0.6,
      "datum" : 7375
    }, {
      "relativeRanking" : 0.65,
      "datum" : 7428
    }, {
      "relativeRanking" : 0.7,
      "datum" : 7428
    }, {
      "relativeRanking" : 0.75,
      "datum" : 7591
    }, {
      "relativeRanking" : 0.8,
      "datum" : 7591
    }, {
      "relativeRanking" : 0.85,
      "datum" : 7591
    }, {
      "relativeRanking" : 0.9,
      "datum" : 8116
    }, {
      "relativeRanking" : 0.95,
      "datum" : 8116
    } ],
    "maximum" : 8132
  } ],
  "failedMapAttemptCDFs" : [ {
    "numberValues" : 0,
    "minimum" : -9223372036854775808,
    "rankings" : [ ],
    "maximum" : 9223372036854775807
  }, {
    "numberValues" : 0,
    "minimum" : -9223372036854775808,
    "rankings" : [ ],
    "maximum" : 9223372036854775807
  }, {
    "numberValues" : 0,
    "minimum" : -9223372036854775808,
    "rankings" : [ ],
    "maximum" : 9223372036854775807
  }, {
    "numberValues" : 0,
    "minimum" : -9223372036854775808,
    "rankings" : [ ],
    "maximum" : 9223372036854775807
  } ],
  "successfulReduceAttemptCDF" : {
    "numberValues" : 2,
    "minimum" : 14253,
    "rankings" : [ {
      "relativeRanking" : 0.05,
      "datum" : 14253
    }, {
      "relativeRanking" : 0.1,
      "datum" : 14253
    }, {
      "relativeRanking" : 0.15,
      "datum" : 14253
    }, {
      "relativeRanking" : 0.2,
      "datum" : 14253
    }, {
      "relativeRanking" : 0.25,
      "datum" : 14253
    }, {
      "relativeRanking" : 0.3,
      "datum" : 14253
    }, {
      "relativeRanking" : 0.35,
      "datum" : 14253
    }, {
      "relativeRanking" : 0.4,
      "datum" : 14253
    }, {
      "relativeRanking" : 0.45,
      "datum" : 14253
    }, {
      "relativeRanking" : 0.5,
      "datum" : 14253
    }, {
      "relativeRanking" : 0.55,
      "datum" : 14253
    }, {
      "relativeRanking" : 0.6,
      "datum" : 14253
    }, {
      "relativeRanking" : 0.65,
      "datum" : 14253
    }, {
      "relativeRanking" : 0.7,
      "datum" : 14253
    }, {
      "relativeRanking" : 0.75,
      "datum" : 14253
    }, {
      "relativeRanking" : 0.8,
      "datum" : 14253
    }, {
      "relativeRanking" : 0.85,
      "datum" : 14253
    }, {
      "relativeRanking" : 0.9,
      "datum" : 14253
    }, {
      "relativeRanking" : 0.95,
      "datum" : 14253
    } ],
    "maximum" : 14705
  },
  "failedReduceAttemptCDF" : {
    "numberValues" : 0,
    "minimum" : -9223372036854775808,
    "rankings" : [ ],
    "maximum" : 9223372036854775807
  },
  "queue" : "default",
  "jobName" : "TeraSort-[1601023315415]",
  "clusterMapMB" : -1,
  "clusterReduceMB" : -1,
  "jobMapMB" : -1,
  "jobReduceMB" : -1,
  "relativeTime" : 0,
  "mapperTriesToSucceed" : [ 1.0 ],
  "failedMapperFraction" : 0.0,
  "jobProperties" : { }
}