{
  "jobID" : "job_1572946766556_1062",
  "user" : "hadoop",
  "computonsPerMapInputByte" : -1,
  "computonsPerMapOutputByte" : -1,
  "computonsPerReduceInputByte" : -1,
  "computonsPerReduceOutputByte" : -1,
  "submitTime" : 1575694577415,
  "launchTime" : 1575694581103,
  "finishTime" : 1575694729215,
  "heapMegabytes" : -1,
  "totalMaps" : 2,
  "totalReduces" : 3,
  "outcome" : "SUCCESS",
  "jobtype" : "JAVA",
  "priority" : "NORMAL",
  "directDependantJobs" : [ ],
  "mapTasks" : [ {
    "inputBytes" : 7745257,
    "inputRecords" : 246569,
    "outputBytes" : 32289411,
    "outputRecords" : 934712,
    "taskID" : "task_1572946766556_1062_m_000000",
    "startTime" : 1575694581148,
    "finishTime" : 1575694662489,
    "taskType" : "MAP",
    "taskStatus" : "SUCCESS",
    "attempts" : [ {
      "attemptID" : "attempt_1572946766556_1062_m_000000_0",
      "result" : "KILLED",
      "startTime" : 1575694583325,
      "finishTime" : 1575694662525,
      "hostName" : "/default-rack/slave4",
      "hdfsBytesRead" : 6815889,
      "hdfsBytesWritten" : 0,
      "fileBytesRead" : 0,
      "fileBytesWritten" : 123761,
      "mapInputRecords" : 217977,
      "mapInputBytes" : -1,
      "mapOutputBytes" : 26549741,
      "mapOutputRecords" : 819069,
      "combineInputRecords" : 0,
      "reduceInputGroups" : -1,
      "reduceInputRecords" : -1,
      "reduceShuffleBytes" : -1,
      "reduceOutputRecords" : -1,
      "spilledRecords" : 0,
      "shuffleFinished" : -1,
      "sortFinished" : -1,
      "location" : {
        "layers" : [ "default-rack", "slave4" ]
      },
      "clockSplits" : [ 13672, 10673, 10692, 10899, 10657, 10716, 10595, 573, 173, 172, 172, 173 ],
      "cpuUsages" : [ 228202, 169477, 174315, 168129, 176544, 182329, 184686, 7228, 0, 0, 0, 0 ],
      "physMemKbytes" : [ 266273, 361366, 360127, 362492, 360151, 360220, 360355, 360371, 360372, 360372, 360371, 360372 ],
      "resourceUsageMetrics" : {
        "cumulativeCpuUsage" : 1290910,
        "virtualMemoryUsage" : 2125746176,
        "physicalMemoryUsage" : 369020928,
        "heapUsage" : 171966464
      },
      "vmemKbytes" : [ 1530008, 2075923, 2075924, 2075923, 2075924, 2075923, 2075924, 2075923, 2075924, 2075924, 2075923, 2075924 ]
    }, {
      "attemptID" : "attempt_1572946766556_1062_m_000000_1",
      "result" : "SUCCESS",
      "startTime" : 1575694597228,
      "finishTime" : 1575694662489,
      "hostName" : "/default-rack/slave4",
      "hdfsBytesRead" : 7745257,
      "hdfsBytesWritten" : 0,
      "fileBytesRead" : 0,
      "fileBytesWritten" : 32289411,
      "mapInputRecords" : 246569,
      "mapInputBytes" : -1,
      "mapOutputBytes" : 30296128,
      "mapOutputRecords" : 934712,
      "combineInputRecords" : 0,
      "reduceInputGroups" : -1,
      "reduceInputRecords" : -1,
      "reduceShuffleBytes" : -1,
      "reduceOutputRecords" : -1,
      "spilledRecords" : 934712,
      "shuffleFinished" : -1,
      "sortFinished" : -1,
      "location" : {
        "layers" : [ "default-rack", "slave4" ]
      },
      "clockSplits" : [ 11917, 7754, 8620, 7291, 7129, 7063, 7041, 7649, 200, 194, 194, 194 ],
      "cpuUsages" : [ 133076, 83669, 105603, 78800, 72241, 74744, 72195, 76768, 944, 643, 643, 644 ],
      "physMemKbytes" : [ 238672, 354313, 360638, 359133, 366006, 367324, 367331, 367341, 365101, 360499, 355896, 351293 ],
      "resourceUsageMetrics" : {
        "cumulativeCpuUsage" : 699970,
        "virtualMemoryUsage" : 2128576512,
        "physicalMemoryUsage" : 357367808,
        "heapUsage" : 173539328
      },
      "vmemKbytes" : [ 1451033, 2078687, 2078688, 2078687, 2078688, 2078687, 2078688, 2078687, 2078688, 2078688, 2078687, 2078688 ]
    } ],
    "preferredLocations" : [ ]
  }, {
    "inputBytes" : 1279951,
    "inputRecords" : 32202,
    "outputBytes" : 4613252,
    "outputRecords" : 203769,
    "taskID" : "task_1572946766556_1062_m_000001",
    "startTime" : 1575694581150,
    "finishTime" : 1575694595489,
    "taskType" : "MAP",
    "taskStatus" : "SUCCESS",
    "attempts" : [ {
      "attemptID" : "attempt_1572946766556_1062_m_000001_0",
      "result" : "SUCCESS",
      "startTime" : 1575694583332,
      "finishTime" : 1575694595489,
      "hostName" : "/default-rack/slave3",
      "hdfsBytesRead" : 1279951,
      "hdfsBytesWritten" : 0,
      "fileBytesRead" : 0,
      "fileBytesWritten" : 4613252,
      "mapInputRecords" : 32202,
      "mapInputBytes" : -1,
      "mapOutputBytes" : 4081855,
      "mapOutputRecords" : 203769,
      "combineInputRecords" : 0,
      "reduceInputGroups" : -1,
      "reduceInputRecords" : -1,
      "reduceShuffleBytes" : -1,
      "reduceOutputRecords" : -1,
      "spilledRecords" : 203769,
      "shuffleFinished" : -1,
      "sortFinished" : -1,
      "location" : {
        "layers" : [ "default-rack", "slave3" ]
      },
      "clockSplits" : [ 1505, 1506, 1506, 1506, 1506, 1452, 1411, 1362, 92, 93, 93, 93 ],
      "cpuUsages" : [ 19083, 19083, 19083, 19083, 19083, 22533, 25201, 18146, 2051, 2051, 2051, 2052 ],
      "physMemKbytes" : [ 32363, 97089, 161815, 226541, 291268, 346581, 357708, 362786, 361535, 358134, 354733, 351332 ],
      "resourceUsageMetrics" : {
        "cumulativeCpuUsage" : 169500,
        "virtualMemoryUsage" : 2126204928,
        "physicalMemoryUsage" : 358023168,
        "heapUsage" : 174063616
      },
      "vmemKbytes" : [ 190684, 572054, 953423, 1334792, 1716162, 2036925, 2073212, 2073245, 2073802, 2074536, 2075269, 2076004 ]
    } ],
    "preferredLocations" : [ ]
  } ],
  "reduceTasks" : [ {
    "inputBytes" : 13316912,
    "inputRecords" : 412432,
    "outputBytes" : 9598928,
    "outputRecords" : 3960,
    "taskID" : "task_1572946766556_1062_r_000000",
    "startTime" : 1575694581150,
    "finishTime" : 1575694729144,
    "taskType" : "REDUCE",
    "taskStatus" : "SUCCESS",
    "attempts" : [ {
      "attemptID" : "attempt_1572946766556_1062_r_000000_0",
      "result" : "SUCCESS",
      "startTime" : 1575694598245,
      "finishTime" : 1575694729144,
      "hostName" : "/default-rack/slave4",
      "hdfsBytesRead" : 0,
      "hdfsBytesWritten" : 9598928,
      "fileBytesRead" : 13316906,
      "fileBytesWritten" : 13440644,
      "mapInputRecords" : -1,
      "mapInputBytes" : -1,
      "mapOutputBytes" : -1,
      "mapOutputRecords" : -1,
      "combineInputRecords" : 0,
      "reduceInputGroups" : 3960,
      "reduceInputRecords" : 412432,
      "reduceShuffleBytes" : 13316912,
      "reduceOutputRecords" : 3960,
      "spilledRecords" : 412432,
      "shuffleFinished" : 1575694662569,
      "sortFinished" : 1575694662754,
      "location" : {
        "layers" : [ "default-rack", "slave4" ]
      },
      "clockSplits" : [ 4042, 4042, 56651, 228, 227, 228, 227, 228, 2930, 25918, 16461, 19705 ],
      "cpuUsages" : [ 209, 210, 3843, 1262, 1262, 1262, 1262, 1262, 14951, 95841, 62351, 71005 ],
      "physMemKbytes" : [ 40679, 122039, 174907, 182716, 190525, 198334, 206143, 213951, 223733, 255179, 268941, 271071 ],
      "resourceUsageMetrics" : {
        "cumulativeCpuUsage" : 254720,
        "virtualMemoryUsage" : 2129539072,
        "physicalMemoryUsage" : 279453696,
        "heapUsage" : 152043520
      },
      "vmemKbytes" : [ 517864, 1553594, 2072105, 2073396, 2074689, 2075980, 2077272, 2078563, 2079560, 2079628, 2079627, 2079628 ]
    } ],
    "preferredLocations" : [ ]
  }, {
    "inputBytes" : 10820170,
    "inputRecords" : 331716,
    "outputBytes" : 7676048,
    "outputRecords" : 3964,
    "taskID" : "task_1572946766556_1062_r_000001",
    "startTime" : 1575694581150,
    "finishTime" : 1575694703326,
    "taskType" : "REDUCE",
    "taskStatus" : "SUCCESS",
    "attempts" : [ {
      "attemptID" : "attempt_1572946766556_1062_r_000001_0",
      "result" : "SUCCESS",
      "startTime" : 1575694598260,
      "finishTime" : 1575694703326,
      "hostName" : "/default-rack/slave3",
      "hdfsBytesRead" : 0,
      "hdfsBytesWritten" : 7676048,
      "fileBytesRead" : 10820164,
      "fileBytesWritten" : 10943902,
      "mapInputRecords" : -1,
      "mapInputBytes" : -1,
      "mapOutputBytes" : -1,
      "mapOutputRecords" : -1,
      "combineInputRecords" : 0,
      "reduceInputGroups" : 3964,
      "reduceInputRecords" : 331716,
      "reduceShuffleBytes" : 10820170,
      "reduceOutputRecords" : 3964,
      "spilledRecords" : 331716,
      "shuffleFinished" : 1575694663454,
      "sortFinished" : 1575694663621,
      "location" : {
        "layers" : [ "default-rack", "slave3" ]
      },
      "clockSplits" : [ 3930, 3930, 57559, 57, 57, 57, 57, 56, 4308, 20448, 7787, 6805 ],
      "cpuUsages" : [ 229, 230, 3910, 700, 699, 700, 699, 700, 16242, 76612, 27048, 23721 ],
      "physMemKbytes" : [ 40462, 121388, 176541, 188530, 200519, 212507, 224496, 236485, 247052, 253883, 260357, 260845 ],
      "resourceUsageMetrics" : {
        "cumulativeCpuUsage" : 151490,
        "virtualMemoryUsage" : 2129149952,
        "physicalMemoryUsage" : 266342400,
        "heapUsage" : 145752064
      },
      "vmemKbytes" : [ 518360, 1555082, 2074145, 2075549, 2076954, 2078358, 2079763, 2081166, 2081872, 2079493, 2079247, 2079248 ]
    } ],
    "preferredLocations" : [ ]
  }, {
    "inputBytes" : 12517899,
    "inputRecords" : 394333,
    "outputBytes" : 8988289,
    "outputRecords" : 3919,
    "taskID" : "task_1572946766556_1062_r_000002",
    "startTime" : 1575694581151,
    "finishTime" : 1575694709770,
    "taskType" : "REDUCE",
    "taskStatus" : "SUCCESS",
    "attempts" : [ {
      "attemptID" : "attempt_1572946766556_1062_r_000002_0",
      "result" : "SUCCESS",
      "startTime" : 1575694598246,
      "finishTime" : 1575694709770,
      "hostName" : "/default-rack/slave1",
      "hdfsBytesRead" : 0,
      "hdfsBytesWritten" : 8988289,
      "fileBytesRead" : 12517893,
      "fileBytesWritten" : 12641631,
      "mapInputRecords" : -1,
      "mapInputBytes" : -1,
      "mapOutputBytes" : -1,
      "mapOutputRecords" : -1,
      "combineInputRecords" : 0,
      "reduceInputGroups" : 3919,
      "reduceInputRecords" : 394333,
      "reduceShuffleBytes" : 12517899,
      "reduceOutputRecords" : 3919,
      "spilledRecords" : 394333,
      "shuffleFinished" : 1575694663421,
      "sortFinished" : 1575694663617,
      "location" : {
        "layers" : [ "default-rack", "slave1" ]
      },
      "clockSplits" : [ 3899, 3900, 57615, 42, 42, 42, 42, 41, 5502, 17457, 14883, 8047 ],
      "cpuUsages" : [ 429, 430, 3184, 423, 423, 423, 423, 423, 20262, 67950, 57047, 28563 ],
      "physMemKbytes" : [ 41407, 124223, 170877, 176888, 182901, 188912, 194924, 200935, 218700, 247634, 261507, 262095 ],
      "resourceUsageMetrics" : {
        "cumulativeCpuUsage" : 179980,
        "virtualMemoryUsage" : 2132459520,
        "physicalMemoryUsage" : 269033472,
        "heapUsage" : 145752064
      },
      "vmemKbytes" : [ 518613, 1555841, 2073567, 2074701, 2075836, 2076970, 2078105, 2079240, 2081578, 2082480, 2082479, 2082480 ]
    } ],
    "preferredLocations" : [ ]
  } ],
  "otherTasks" : [ ],
  "successfulMapAttemptCDFs" : [ {
    "numberValues" : 0,
    "minimum" : -9223372036854775808,
    "rankings" : [ ],
    "maximum" : 9223372036854775807
  }, {
    "numberValues" : 0,
    "minimum" : -9223372036854775808,
    "rankings" : [ ],
    "maximum" : 9223372036854775807
  }, {
    "numberValues" : 0,
    "minimum" : -9223372036854775808,
    "rankings" : [ ],
    "maximum" : 9223372036854775807
  }, {
    "numberValues" : 2,
    "minimum" : 12157,
    "rankings" : [ {
      "relativeRanking" : 0.05,
      "datum" : 12157
    }, {
      "relativeRanking" : 0.1,
      "datum" : 12157
    }, {
      "relativeRanking" : 0.15,
      "datum" : 12157
    }, {
      "relativeRanking" : 0.2,
      "datum" : 12157
    }, {
      "relativeRanking" : 0.25,
      "datum" : 12157
    }, {
      "relativeRanking" : 0.3,
      "datum" : 12157
    }, {
      "relativeRanking" : 0.35,
      "datum" : 12157
    }, {
      "relativeRanking" : 0.4,
      "datum" : 12157
    }, {
      "relativeRanking" : 0.45,
      "datum" : 12157
    }, {
      "relativeRanking" : 0.5,
      "datum" : 12157
    }, {
      "relativeRanking" : 0.55,
      "datum" : 12157
    }, {
      "relativeRanking" : 0.6,
      "datum" : 12157
    }, {
      "relativeRanking" : 0.65,
      "datum" : 12157
    }, {
      "relativeRanking" : 0.7,
      "datum" : 12157
    }, {
      "relativeRanking" : 0.75,
      "datum" : 12157
    }, {
      "relativeRanking" : 0.8,
      "datum" : 12157
    }, {
      "relativeRanking" : 0.85,
      "datum" : 12157
    }, {
      "relativeRanking" : 0.9,
      "datum" : 12157
    }, {
      "relativeRanking" : 0.95,
      "datum" : 12157
    } ],
    "maximum" : 65261
  } ],
  "failedMapAttemptCDFs" : [ {
    "numberValues" : 0,
    "minimum" : -9223372036854775808,
    "rankings" : [ ],
    "maximum" : 9223372036854775807
  }, {
    "numberValues" : 0,
    "minimum" : -9223372036854775808,
    "rankings" : [ ],
    "maximum" : 9223372036854775807
  }, {
    "numberValues" : 0,
    "minimum" : -9223372036854775808,
    "rankings" : [ ],
    "maximum" : 9223372036854775807
  }, {
    "numberValues" : 0,
    "minimum" : -9223372036854775808,
    "rankings" : [ ],
    "maximum" : 9223372036854775807
  } ],
  "successfulReduceAttemptCDF" : {
    "numberValues" : 3,
    "minimum" : 105066,
    "rankings" : [ {
      "relativeRanking" : 0.05,
      "datum" : 105066
    }, {
      "relativeRanking" : 0.1,
      "datum" : 105066
    }, {
      "relativeRanking" : 0.15,
      "datum" : 105066
    }, {
      "relativeRanking" : 0.2,
      "datum" : 105066
    }, {
      "relativeRanking" : 0.25,
      "datum" : 105066
    }, {
      "relativeRanking" : 0.3,
      "datum" : 105066
    }, {
      "relativeRanking" : 0.35,
      "datum" : 105066
    }, {
      "relativeRanking" : 0.4,
      "datum" : 105066
    }, {
      "relativeRanking" : 0.45,
      "datum" : 105066
    }, {
      "relativeRanking" : 0.5,
      "datum" : 105066
    }, {
      "relativeRanking" : 0.55,
      "datum" : 105066
    }, {
      "relativeRanking" : 0.6,
      "datum" : 105066
    }, {
      "relativeRanking" : 0.65,
      "datum" : 105066
    }, {
      "relativeRanking" : 0.7,
      "datum" : 111524
    }, {
      "relativeRanking" : 0.75,
      "datum" : 111524
    }, {
      "relativeRanking" : 0.8,
      "datum" : 111524
    }, {
      "relativeRanking" : 0.85,
      "datum" : 111524
    }, {
      "relativeRanking" : 0.9,
      "datum" : 111524
    }, {
      "relativeRanking" : 0.95,
      "datum" : 111524
    } ],
    "maximum" : 130899
  },
  "failedReduceAttemptCDF" : {
    "numberValues" : 0,
    "minimum" : -9223372036854775808,
    "rankings" : [ ],
    "maximum" : 9223372036854775807
  },
  "queue" : "default",
  "jobName" : "CAC_Count-[1575694574368-Indexing1]",
  "clusterMapMB" : -1,
  "clusterReduceMB" : -1,
  "jobMapMB" : -1,
  "jobReduceMB" : -1,
  "relativeTime" : 0,
  "mapperTriesToSucceed" : [ 0.5, 0.5 ],
  "failedMapperFraction" : 0.0,
  "jobProperties" : { }
}