{
  "jobID" : "job_1572946766556_1063",
  "user" : "hadoop",
  "computonsPerMapInputByte" : -1,
  "computonsPerMapOutputByte" : -1,
  "computonsPerReduceInputByte" : -1,
  "computonsPerReduceOutputByte" : -1,
  "submitTime" : 1575694731055,
  "launchTime" : 1575694734634,
  "finishTime" : 1575695278910,
  "heapMegabytes" : -1,
  "totalMaps" : 3,
  "totalReduces" : 3,
  "outcome" : "SUCCESS",
  "jobtype" : "JAVA",
  "priority" : "NORMAL",
  "directDependantJobs" : [ ],
  "mapTasks" : [ {
    "inputBytes" : 9599084,
    "inputRecords" : 3960,
    "outputBytes" : 9869734439,
    "outputRecords" : 99038183,
    "taskID" : "task_1572946766556_1063_m_000000",
    "startTime" : 1575694734679,
    "finishTime" : 1575695096083,
    "taskType" : "MAP",
    "taskStatus" : "SUCCESS",
    "attempts" : [ {
      "attemptID" : "attempt_1572946766556_1063_m_000000_0",
      "result" : "SUCCESS",
      "startTime" : 1575694736833,
      "finishTime" : 1575695096083,
      "hostName" : "/default-rack/slave1",
      "hdfsBytesRead" : 9599084,
      "hdfsBytesWritten" : 0,
      "fileBytesRead" : 6559721977,
      "fileBytesWritten" : 9869734439,
      "mapInputRecords" : 3960,
      "mapInputBytes" : -1,
      "mapOutputBytes" : 3120344950,
      "mapOutputRecords" : 99038183,
      "combineInputRecords" : 0,
      "reduceInputGroups" : -1,
      "reduceInputRecords" : -1,
      "reduceShuffleBytes" : -1,
      "reduceOutputRecords" : -1,
      "spilledRecords" : 294988325,
      "shuffleFinished" : -1,
      "sortFinished" : -1,
      "location" : {
        "layers" : [ "default-rack", "slave1" ]
      },
      "clockSplits" : [ 11806, 5217, 27462, 28366, 81019, 5854, 64870, 23301, 26727, 27465, 27923, 29231 ],
      "cpuUsages" : [ 22568, 10473, 52354, 52257, 147961, 10936, 124496, 48090, 34727, 34270, 36335, 36683 ],
      "physMemKbytes" : [ 214151, 285932, 293436, 298299, 303652, 304403, 304645, 304980, 305296, 303237, 303193, 303161 ],
      "resourceUsageMetrics" : {
        "cumulativeCpuUsage" : 611150,
        "virtualMemoryUsage" : 2130010112,
        "physicalMemoryUsage" : 310272000,
        "heapUsage" : 209190912
      },
      "vmemKbytes" : [ 1597170, 2075951, 2077004, 2077003, 2077004, 2077003, 2077004, 2077119, 2079059, 2079060, 2079059, 2079081 ]
    }, {
      "attemptID" : "attempt_1572946766556_1063_m_000000_1",
      "result" : "KILLED",
      "startTime" : 1575694941138,
      "finishTime" : 1575695096099,
      "hostName" : "/default-rack/slave4",
      "hdfsBytesRead" : 5243036,
      "hdfsBytesWritten" : 0,
      "fileBytesRead" : 0,
      "fileBytesWritten" : 2069035294,
      "mapInputRecords" : 2503,
      "mapInputBytes" : -1,
      "mapOutputBytes" : 2011473722,
      "mapOutputRecords" : 64578462,
      "combineInputRecords" : 0,
      "reduceInputGroups" : -1,
      "reduceInputRecords" : -1,
      "reduceShuffleBytes" : -1,
      "reduceOutputRecords" : -1,
      "spilledRecords" : 62310379,
      "shuffleFinished" : -1,
      "sortFinished" : -1,
      "location" : {
        "layers" : [ "default-rack", "slave4" ]
      },
      "clockSplits" : [ 11636, 8254, 30189, 31683, 71976, 173, 173, 172, 173, 172, 173, 173 ],
      "cpuUsages" : [ 21720, 16843, 61778, 62843, 144606, 0, 0, 0, 0, 0, 0, 0 ],
      "physMemKbytes" : [ 213795, 281948, 298362, 298000, 302956, 303331, 303332, 303331, 303332, 303332, 303331, 303332 ],
      "resourceUsageMetrics" : {
        "cumulativeCpuUsage" : 307790,
        "virtualMemoryUsage" : 2118959104,
        "physicalMemoryUsage" : 310611968,
        "heapUsage" : 209190912
      },
      "vmemKbytes" : [ 1596664, 2069295, 2069296, 2069295, 2069296, 2069295, 2069296, 2069295, 2069296, 2069296, 2069295, 2069296 ]
    } ],
    "preferredLocations" : [ ]
  }, {
    "inputBytes" : 8988445,
    "inputRecords" : 3919,
    "outputBytes" : 5749628982,
    "outputRecords" : 58455405,
    "taskID" : "task_1572946766556_1063_m_000001",
    "startTime" : 1575694734681,
    "finishTime" : 1575694923849,
    "taskType" : "MAP",
    "taskStatus" : "SUCCESS",
    "attempts" : [ {
      "attemptID" : "attempt_1572946766556_1063_m_000001_0",
      "result" : "SUCCESS",
      "startTime" : 1575694736834,
      "finishTime" : 1575694923849,
      "hostName" : "/default-rack/slave1",
      "hdfsBytesRead" : 8988445,
      "hdfsBytesWritten" : 0,
      "fileBytesRead" : 3769780490,
      "fileBytesWritten" : 5749628982,
      "mapInputRecords" : 3919,
      "mapInputBytes" : -1,
      "mapOutputBytes" : 1868574631,
      "mapOutputRecords" : 58455405,
      "combineInputRecords" : 0,
      "reduceInputGroups" : -1,
      "reduceInputRecords" : -1,
      "reduceShuffleBytes" : -1,
      "reduceOutputRecords" : -1,
      "spilledRecords" : 169544062,
      "shuffleFinished" : -1,
      "sortFinished" : -1,
      "location" : {
        "layers" : [ "default-rack", "slave1" ]
      },
      "clockSplits" : [ 15501, 8800, 10853, 26948, 37455, 8674, 7177, 5009, 17932, 15988, 15950, 16694 ],
      "cpuUsages" : [ 30099, 17156, 21336, 54458, 71277, 17072, 15094, 9633, 25886, 22019, 22068, 23752 ],
      "physMemKbytes" : [ 168993, 283232, 292126, 308430, 310141, 310418, 310840, 311112, 314774, 315407, 315222, 314733 ],
      "resourceUsageMetrics" : {
        "cumulativeCpuUsage" : 329850,
        "virtualMemoryUsage" : 2122940416,
        "physicalMemoryUsage" : 322220032,
        "heapUsage" : 209190912
      },
      "vmemKbytes" : [ 1254124, 2071079, 2071080, 2071079, 2071080, 2071079, 2071080, 2071079, 2072548, 2072156, 2072155, 2072230 ]
    } ],
    "preferredLocations" : [ ]
  }, {
    "inputBytes" : 7676204,
    "inputRecords" : 3964,
    "outputBytes" : 7888960989,
    "outputRecords" : 81564432,
    "taskID" : "task_1572946766556_1063_m_000002",
    "startTime" : 1575694734681,
    "finishTime" : 1575695063028,
    "taskType" : "MAP",
    "taskStatus" : "SUCCESS",
    "attempts" : [ {
      "attemptID" : "attempt_1572946766556_1063_m_000002_0",
      "result" : "SUCCESS",
      "startTime" : 1575694736827,
      "finishTime" : 1575695063028,
      "hostName" : "/default-rack/slave2",
      "hdfsBytesRead" : 7676204,
      "hdfsBytesWritten" : 0,
      "fileBytesRead" : 5224895899,
      "fileBytesWritten" : 7888960989,
      "mapInputRecords" : 3964,
      "mapInputBytes" : -1,
      "mapOutputBytes" : 2508184176,
      "mapOutputRecords" : 81564432,
      "combineInputRecords" : 0,
      "reduceInputGroups" : -1,
      "reduceInputRecords" : -1,
      "reduceShuffleBytes" : -1,
      "reduceOutputRecords" : -1,
      "spilledRecords" : 241271058,
      "shuffleFinished" : -1,
      "sortFinished" : -1,
      "location" : {
        "layers" : [ "default-rack", "slave2" ]
      },
      "clockSplits" : [ 7476, 10111, 151236, 17580, 13960, 3625, 3213, 10419, 28251, 26303, 26440, 27572 ],
      "cpuUsages" : [ 14260, 20181, 290841, 30287, 29099, 6742, 5936, 19062, 35918, 31236, 31621, 31927 ],
      "physMemKbytes" : [ 128796, 276364, 284915, 296024, 296743, 297176, 297296, 297214, 302391, 303150, 304205, 301838 ],
      "resourceUsageMetrics" : {
        "cumulativeCpuUsage" : 547110,
        "virtualMemoryUsage" : 2122887168,
        "physicalMemoryUsage" : 308158464,
        "heapUsage" : 208666624
      },
      "vmemKbytes" : [ 974590, 2065636, 2069299, 2069207, 2069208, 2069207, 2069208, 2069207, 2076331, 2076488, 2076487, 2073869 ]
    }, {
      "attemptID" : "attempt_1572946766556_1063_m_000002_1",
      "result" : "KILLED",
      "startTime" : 1575694926130,
      "finishTime" : 1575695063060,
      "hostName" : "/default-rack/slave3",
      "hdfsBytesRead" : 2621596,
      "hdfsBytesWritten" : 0,
      "fileBytesRead" : 0,
      "fileBytesWritten" : 1728286980,
      "mapInputRecords" : 1499,
      "mapInputBytes" : -1,
      "mapOutputBytes" : 1674478229,
      "mapOutputRecords" : 55488386,
      "combineInputRecords" : 0,
      "reduceInputGroups" : -1,
      "reduceInputRecords" : -1,
      "reduceShuffleBytes" : -1,
      "reduceOutputRecords" : -1,
      "spilledRecords" : 53694294,
      "shuffleFinished" : -1,
      "sortFinished" : -1,
      "location" : {
        "layers" : [ "default-rack", "slave3" ]
      },
      "clockSplits" : [ 10270, 10971, 114415, 139, 138, 138, 138, 138, 138, 138, 138, 139 ],
      "cpuUsages" : [ 20119, 22918, 217353, 0, 0, 0, 0, 0, 0, 0, 0, 0 ],
      "physMemKbytes" : [ 165500, 283473, 291429, 305831, 305832, 305831, 305832, 305831, 305832, 305832, 305831, 305832 ],
      "resourceUsageMetrics" : {
        "cumulativeCpuUsage" : 260390,
        "virtualMemoryUsage" : 2121850880,
        "physicalMemoryUsage" : 313171968,
        "heapUsage" : 209190912
      },
      "vmemKbytes" : [ 1224850, 2072119, 2072120, 2072119, 2072120, 2072119, 2072120, 2072119, 2072120, 2072120, 2072119, 2072120 ]
    } ],
    "preferredLocations" : [ ]
  } ],
  "reduceTasks" : [ {
    "inputBytes" : 2658198729,
    "inputRecords" : 79679848,
    "outputBytes" : 1608561436,
    "outputRecords" : 67589773,
    "taskID" : "task_1572946766556_1063_r_000000",
    "startTime" : 1575694734682,
    "finishTime" : 1575695278810,
    "taskType" : "REDUCE",
    "taskStatus" : "SUCCESS",
    "attempts" : [ {
      "attemptID" : "attempt_1572946766556_1063_r_000000_0",
      "result" : "SUCCESS",
      "startTime" : 1575694926128,
      "finishTime" : 1575695278810,
      "hostName" : "/default-rack/slave2",
      "hdfsBytesRead" : 0,
      "hdfsBytesWritten" : 1608561436,
      "fileBytesRead" : 2658198729,
      "fileBytesWritten" : 2658322826,
      "mapInputRecords" : -1,
      "mapInputBytes" : -1,
      "mapOutputBytes" : -1,
      "mapOutputRecords" : -1,
      "combineInputRecords" : 0,
      "reduceInputGroups" : 67589773,
      "reduceInputRecords" : 79679848,
      "reduceShuffleBytes" : 2658198729,
      "reduceOutputRecords" : 67589773,
      "spilledRecords" : 79679848,
      "shuffleFinished" : 1575695124462,
      "sortFinished" : 1575695124483,
      "location" : {
        "layers" : [ "default-rack", "slave2" ]
      },
      "clockSplits" : [ 19289, 117747, 61413, 210, 209, 209, 210, 209, 37561, 38548, 38257, 38807 ],
      "cpuUsages" : [ 8329, 4570, 12513, 1087, 1087, 1087, 1087, 1087, 56273, 53560, 53877, 53653 ],
      "physMemKbytes" : [ 169301, 175098, 175411, 175930, 184411, 192891, 201372, 209852, 229182, 232429, 237437, 242679 ],
      "resourceUsageMetrics" : {
        "cumulativeCpuUsage" : 248210,
        "virtualMemoryUsage" : 2141900800,
        "physicalMemoryUsage" : 251047936,
        "heapUsage" : 135266304
      },
      "vmemKbytes" : [ 2072400, 2083901, 2089673, 2089969, 2090352, 2090734, 2091117, 2091499, 2091699, 2091700, 2091699, 2091700 ]
    } ],
    "preferredLocations" : [ ]
  }, {
    "inputBytes" : 2658695084,
    "inputRecords" : 79694574,
    "outputBytes" : 1608820777,
    "outputRecords" : 67600228,
    "taskID" : "task_1572946766556_1063_r_000001",
    "startTime" : 1575694734682,
    "finishTime" : 1575695259968,
    "taskType" : "REDUCE",
    "taskStatus" : "SUCCESS",
    "attempts" : [ {
      "attemptID" : "attempt_1572946766556_1063_r_000001_0",
      "result" : "SUCCESS",
      "startTime" : 1575694926133,
      "finishTime" : 1575695259968,
      "hostName" : "/default-rack/slave4",
      "hdfsBytesRead" : 0,
      "hdfsBytesWritten" : 1608820777,
      "fileBytesRead" : 2658695084,
      "fileBytesWritten" : 2658819181,
      "mapInputRecords" : -1,
      "mapInputBytes" : -1,
      "mapOutputBytes" : -1,
      "mapOutputRecords" : -1,
      "combineInputRecords" : 0,
      "reduceInputGroups" : 67600228,
      "reduceInputRecords" : 79694574,
      "reduceShuffleBytes" : 2658695084,
      "reduceOutputRecords" : 67600228,
      "spilledRecords" : 79694574,
      "shuffleFinished" : 1575695118428,
      "sortFinished" : 1575695118454,
      "location" : {
        "layers" : [ "default-rack", "slave4" ]
      },
      "clockSplits" : [ 19108, 132967, 40297, 150, 150, 150, 150, 150, 34620, 35394, 35047, 35642 ],
      "cpuUsages" : [ 6994, 11295, 9287, 1100, 1099, 1100, 1100, 1100, 61584, 59579, 63342, 60650 ],
      "physMemKbytes" : [ 171533, 165636, 161221, 168259, 181186, 194113, 207040, 219967, 234938, 237161, 242485, 246515 ],
      "resourceUsageMetrics" : {
        "cumulativeCpuUsage" : 278230,
        "virtualMemoryUsage" : 2145394688,
        "physicalMemoryUsage" : 253468672,
        "heapUsage" : 149946368
      },
      "vmemKbytes" : [ 2074928, 2075895, 2076581, 2079406, 2083039, 2086672, 2090305, 2093937, 2100375, 2095112, 2095111, 2095112 ]
    } ],
    "preferredLocations" : [ ]
  }, {
    "inputBytes" : 2658326038,
    "inputRecords" : 79683598,
    "outputBytes" : 1608699243,
    "outputRecords" : 67595139,
    "taskID" : "task_1572946766556_1063_r_000002",
    "startTime" : 1575694734682,
    "finishTime" : 1575695264158,
    "taskType" : "REDUCE",
    "taskStatus" : "SUCCESS",
    "attempts" : [ {
      "attemptID" : "attempt_1572946766556_1063_r_000002_0",
      "result" : "SUCCESS",
      "startTime" : 1575694926129,
      "finishTime" : 1575695264158,
      "hostName" : "/default-rack/slave5",
      "hdfsBytesRead" : 0,
      "hdfsBytesWritten" : 1608699243,
      "fileBytesRead" : 2658326038,
      "fileBytesWritten" : 2658450135,
      "mapInputRecords" : -1,
      "mapInputBytes" : -1,
      "mapOutputBytes" : -1,
      "mapOutputRecords" : -1,
      "combineInputRecords" : 0,
      "reduceInputGroups" : 67595139,
      "reduceInputRecords" : 79683598,
      "reduceShuffleBytes" : 2658326038,
      "reduceOutputRecords" : 67595139,
      "spilledRecords" : 79683598,
      "shuffleFinished" : 1575695123550,
      "sortFinished" : 1575695123577,
      "location" : {
        "layers" : [ "default-rack", "slave5" ]
      },
      "clockSplits" : [ 19368, 133065, 45163, 398, 397, 398, 397, 398, 33192, 35327, 34717, 35193 ],
      "cpuUsages" : [ 6792, 12982, 12429, 1421, 1420, 1421, 1420, 1421, 58521, 60804, 59802, 59027 ],
      "physMemKbytes" : [ 171599, 165069, 160111, 163355, 173384, 183411, 193440, 203467, 220226, 217861, 220846, 225179 ],
      "resourceUsageMetrics" : {
        "cumulativeCpuUsage" : 277460,
        "virtualMemoryUsage" : 2135523328,
        "physicalMemoryUsage" : 233017344,
        "heapUsage" : 152043520
      },
      "vmemKbytes" : [ 2075756, 2075756, 2075856, 2077258, 2079063, 2080866, 2082671, 2084475, 2085469, 2085472, 2085471, 2085472 ]
    } ],
    "preferredLocations" : [ ]
  } ],
  "otherTasks" : [ ],
  "successfulMapAttemptCDFs" : [ {
    "numberValues" : 0,
    "minimum" : -9223372036854775808,
    "rankings" : [ ],
    "maximum" : 9223372036854775807
  }, {
    "numberValues" : 0,
    "minimum" : -9223372036854775808,
    "rankings" : [ ],
    "maximum" : 9223372036854775807
  }, {
    "numberValues" : 0,
    "minimum" : -9223372036854775808,
    "rankings" : [ ],
    "maximum" : 9223372036854775807
  }, {
    "numberValues" : 3,
    "minimum" : 187015,
    "rankings" : [ {
      "relativeRanking" : 0.05,
      "datum" : 187015
    }, {
      "relativeRanking" : 0.1,
      "datum" : 187015
    }, {
      "relativeRanking" : 0.15,
      "datum" : 187015
    }, {
      "relativeRanking" : 0.2,
      "datum" : 187015
    }, {
      "relativeRanking" : 0.25,
      "datum" : 187015
    }, {
      "relativeRanking" : 0.3,
      "datum" : 187015
    }, {
      "relativeRanking" : 0.35,
      "datum" : 187015
    }, {
      "relativeRanking" : 0.4,
      "datum" : 187015
    }, {
      "relativeRanking" : 0.45,
      "datum" : 187015
    }, {
      "relativeRanking" : 0.5,
      "datum" : 187015
    }, {
      "relativeRanking" : 0.55,
      "datum" : 187015
    }, {
      "relativeRanking" : 0.6,
      "datum" : 187015
    }, {
      "relativeRanking" : 0.65,
      "datum" : 187015
    }, {
      "relativeRanking" : 0.7,
      "datum" : 326201
    }, {
      "relativeRanking" : 0.75,
      "datum" : 326201
    }, {
      "relativeRanking" : 0.8,
      "datum" : 326201
    }, {
      "relativeRanking" : 0.85,
      "datum" : 326201
    }, {
      "relativeRanking" : 0.9,
      "datum" : 326201
    }, {
      "relativeRanking" : 0.95,
      "datum" : 326201
    } ],
    "maximum" : 359250
  } ],
  "failedMapAttemptCDFs" : [ {
    "numberValues" : 0,
    "minimum" : -9223372036854775808,
    "rankings" : [ ],
    "maximum" : 9223372036854775807
  }, {
    "numberValues" : 0,
    "minimum" : -9223372036854775808,
    "rankings" : [ ],
    "maximum" : 9223372036854775807
  }, {
    "numberValues" : 0,
    "minimum" : -9223372036854775808,
    "rankings" : [ ],
    "maximum" : 9223372036854775807
  }, {
    "numberValues" : 0,
    "minimum" : -9223372036854775808,
    "rankings" : [ ],
    "maximum" : 9223372036854775807
  } ],
  "successfulReduceAttemptCDF" : {
    "numberValues" : 3,
    "minimum" : 333835,
    "rankings" : [ {
      "relativeRanking" : 0.05,
      "datum" : 333835
    }, {
      "relativeRanking" : 0.1,
      "datum" : 333835
    }, {
      "relativeRanking" : 0.15,
      "datum" : 333835
    }, {
      "relativeRanking" : 0.2,
      "datum" : 333835
    }, {
      "relativeRanking" : 0.25,
      "datum" : 333835
    }, {
      "relativeRanking" : 0.3,
      "datum" : 333835
    }, {
      "relativeRanking" : 0.35,
      "datum" : 333835
    }, {
      "relativeRanking" : 0.4,
      "datum" : 333835
    }, {
      "relativeRanking" : 0.45,
      "datum" : 333835
    }, {
      "relativeRanking" : 0.5,
      "datum" : 333835
    }, {
      "relativeRanking" : 0.55,
      "datum" : 333835
    }, {
      "relativeRanking" : 0.6,
      "datum" : 333835
    }, {
      "relativeRanking" : 0.65,
      "datum" : 333835
    }, {
      "relativeRanking" : 0.7,
      "datum" : 338029
    }, {
      "relativeRanking" : 0.75,
      "datum" : 338029
    }, {
      "relativeRanking" : 0.8,
      "datum" : 338029
    }, {
      "relativeRanking" : 0.85,
      "datum" : 338029
    }, {
      "relativeRanking" : 0.9,
      "datum" : 338029
    }, {
      "relativeRanking" : 0.95,
      "datum" : 338029
    } ],
    "maximum" : 352682
  },
  "failedReduceAttemptCDF" : {
    "numberValues" : 0,
    "minimum" : -9223372036854775808,
    "rankings" : [ ],
    "maximum" : 9223372036854775807
  },
  "queue" : "default",
  "jobName" : "CAC_Count-[1575694574368-Similarity2-END]",
  "clusterMapMB" : -1,
  "clusterReduceMB" : -1,
  "jobMapMB" : -1,
  "jobReduceMB" : -1,
  "relativeTime" : 0,
  "mapperTriesToSucceed" : [ 1.0 ],
  "failedMapperFraction" : 0.0,
  "jobProperties" : { }
}