{
  "jobID" : "job_1572946766556_1081",
  "user" : "hadoop",
  "computonsPerMapInputByte" : -1,
  "computonsPerMapOutputByte" : -1,
  "computonsPerReduceInputByte" : -1,
  "computonsPerReduceOutputByte" : -1,
  "submitTime" : 1575701167265,
  "launchTime" : 1575701170781,
  "finishTime" : 1575701699546,
  "heapMegabytes" : -1,
  "totalMaps" : 3,
  "totalReduces" : 3,
  "outcome" : "SUCCESS",
  "jobtype" : "JAVA",
  "priority" : "NORMAL",
  "directDependantJobs" : [ ],
  "mapTasks" : [ {
    "inputBytes" : 9599084,
    "inputRecords" : 3960,
    "outputBytes" : 9861964448,
    "outputRecords" : 99038183,
    "taskID" : "task_1572946766556_1081_m_000000",
    "startTime" : 1575701170825,
    "finishTime" : 1575701515634,
    "taskType" : "MAP",
    "taskStatus" : "SUCCESS",
    "attempts" : [ {
      "attemptID" : "attempt_1572946766556_1081_m_000000_0",
      "result" : "SUCCESS",
      "startTime" : 1575701173005,
      "finishTime" : 1575701515634,
      "hostName" : "/default-rack/slave3",
      "hdfsBytesRead" : 9599084,
      "hdfsBytesWritten" : 0,
      "fileBytesRead" : 6550379206,
      "fileBytesWritten" : 9861964448,
      "mapInputRecords" : 3960,
      "mapInputBytes" : -1,
      "mapOutputBytes" : 3120344950,
      "mapOutputRecords" : 99038183,
      "combineInputRecords" : 0,
      "reduceInputGroups" : -1,
      "reduceInputRecords" : -1,
      "reduceShuffleBytes" : -1,
      "reduceOutputRecords" : -1,
      "spilledRecords" : 294795473,
      "shuffleFinished" : -1,
      "sortFinished" : -1,
      "location" : {
        "layers" : [ "default-rack", "slave3" ]
      },
      "clockSplits" : [ 17329, 8821, 28464, 27248, 78393, 8686, 44586, 12690, 27752, 28583, 29491, 30292 ],
      "cpuUsages" : [ 33285, 17511, 51454, 48385, 140608, 18140, 76624, 22449, 40580, 41657, 42959, 42228 ],
      "physMemKbytes" : [ 213058, 283770, 292952, 299887, 303212, 303763, 304194, 304606, 311430, 308328, 305991, 305519 ],
      "resourceUsageMetrics" : {
        "cumulativeCpuUsage" : 576330,
        "virtualMemoryUsage" : 2126934016,
        "physicalMemoryUsage" : 312987648,
        "heapUsage" : 209190912
      },
      "vmemKbytes" : [ 1599324, 2072744, 2073796, 2073803, 2073804, 2073803, 2073804, 2073904, 2076043, 2076056, 2076055, 2076056 ]
    } ],
    "preferredLocations" : [ ]
  }, {
    "inputBytes" : 8988445,
    "inputRecords" : 3919,
    "outputBytes" : 5685799518,
    "outputRecords" : 58455405,
    "taskID" : "task_1572946766556_1081_m_000001",
    "startTime" : 1575701170827,
    "finishTime" : 1575701388004,
    "taskType" : "MAP",
    "taskStatus" : "SUCCESS",
    "attempts" : [ {
      "attemptID" : "attempt_1572946766556_1081_m_000001_0",
      "result" : "SUCCESS",
      "startTime" : 1575701172998,
      "finishTime" : 1575701388004,
      "hostName" : "/default-rack/slave1",
      "hdfsBytesRead" : 8988445,
      "hdfsBytesWritten" : 0,
      "fileBytesRead" : 3706999650,
      "fileBytesWritten" : 5685799518,
      "mapInputRecords" : 3919,
      "mapInputBytes" : -1,
      "mapOutputBytes" : 1868574631,
      "mapOutputRecords" : 58455405,
      "combineInputRecords" : 0,
      "reduceInputGroups" : -1,
      "reduceInputRecords" : -1,
      "reduceShuffleBytes" : -1,
      "reduceOutputRecords" : -1,
      "spilledRecords" : 167738402,
      "shuffleFinished" : -1,
      "sortFinished" : -1,
      "location" : {
        "layers" : [ "default-rack", "slave1" ]
      },
      "clockSplits" : [ 21186, 14419, 14726, 32741, 38263, 8943, 8913, 8664, 17031, 16403, 16492, 16920 ],
      "cpuUsages" : [ 40413, 31395, 28393, 63272, 72100, 18204, 19224, 15925, 26961, 24114, 22695, 23944 ],
      "physMemKbytes" : [ 167627, 281625, 291054, 299388, 300325, 301329, 301514, 302420, 308530, 309573, 309403, 309253 ],
      "resourceUsageMetrics" : {
        "cumulativeCpuUsage" : 386910,
        "virtualMemoryUsage" : 2126159872,
        "physicalMemoryUsage" : 316559360,
        "heapUsage" : 209190912
      },
      "vmemKbytes" : [ 1252603, 2068567, 2068568, 2068567, 2068568, 2068567, 2068568, 2068567, 2074847, 2075300, 2075299, 2075300 ]
    } ],
    "preferredLocations" : [ ]
  }, {
    "inputBytes" : 7676204,
    "inputRecords" : 3964,
    "outputBytes" : 7832590947,
    "outputRecords" : 81564432,
    "taskID" : "task_1572946766556_1081_m_000002",
    "startTime" : 1575701170828,
    "finishTime" : 1575701452964,
    "taskType" : "MAP",
    "taskStatus" : "SUCCESS",
    "attempts" : [ {
      "attemptID" : "attempt_1572946766556_1081_m_000002_0",
      "result" : "SUCCESS",
      "startTime" : 1575701173006,
      "finishTime" : 1575701452964,
      "hostName" : "/default-rack/slave1",
      "hdfsBytesRead" : 7676204,
      "hdfsBytesWritten" : 0,
      "fileBytesRead" : 5172327017,
      "fileBytesWritten" : 7832590947,
      "mapInputRecords" : 3964,
      "mapInputBytes" : -1,
      "mapOutputBytes" : 2508184176,
      "mapOutputRecords" : 81564432,
      "combineInputRecords" : 0,
      "reduceInputGroups" : -1,
      "reduceInputRecords" : -1,
      "reduceShuffleBytes" : -1,
      "reduceOutputRecords" : -1,
      "spilledRecords" : 239676086,
      "shuffleFinished" : -1,
      "sortFinished" : -1,
      "location" : {
        "layers" : [ "default-rack", "slave1" ]
      },
      "clockSplits" : [ 9969, 7676, 132925, 14362, 8071, 3614, 2723, 7905, 23380, 22821, 22803, 23696 ],
      "cpuUsages" : [ 19376, 15330, 253466, 27694, 15253, 6639, 5760, 14309, 32212, 30107, 30048, 29836 ],
      "physMemKbytes" : [ 156670, 279683, 285950, 296238, 296335, 296488, 296891, 297775, 301672, 300958, 301065, 301982 ],
      "resourceUsageMetrics" : {
        "cumulativeCpuUsage" : 480030,
        "virtualMemoryUsage" : 2125434880,
        "physicalMemoryUsage" : 309415936,
        "heapUsage" : 209190912
      },
      "vmemKbytes" : [ 1175595, 2069811, 2069812, 2069811, 2069812, 2069811, 2069812, 2069811, 2073690, 2073908, 2073907, 2074350 ]
    } ],
    "preferredLocations" : [ ]
  } ],
  "reduceTasks" : [ {
    "inputBytes" : 2658198729,
    "inputRecords" : 79679848,
    "outputBytes" : 1608561436,
    "outputRecords" : 67589773,
    "taskID" : "task_1572946766556_1081_r_000000",
    "startTime" : 1575701170828,
    "finishTime" : 1575701699476,
    "taskType" : "REDUCE",
    "taskStatus" : "SUCCESS",
    "attempts" : [ {
      "attemptID" : "attempt_1572946766556_1081_r_000000_0",
      "result" : "SUCCESS",
      "startTime" : 1575701390281,
      "finishTime" : 1575701699476,
      "hostName" : "/default-rack/slave2",
      "hdfsBytesRead" : 0,
      "hdfsBytesWritten" : 1608561436,
      "fileBytesRead" : 2658198729,
      "fileBytesWritten" : 2658322826,
      "mapInputRecords" : -1,
      "mapInputBytes" : -1,
      "mapOutputBytes" : -1,
      "mapOutputRecords" : -1,
      "combineInputRecords" : 0,
      "reduceInputGroups" : 67589773,
      "reduceInputRecords" : 79679848,
      "reduceShuffleBytes" : 2658198729,
      "reduceOutputRecords" : 67589773,
      "spilledRecords" : 79679848,
      "shuffleFinished" : 1575701544646,
      "sortFinished" : 1575701544668,
      "location" : {
        "layers" : [ "default-rack", "slave2" ]
      },
      "clockSplits" : [ 19351, 66184, 69059, 480, 480, 479, 480, 480, 36109, 38871, 38260, 38675 ],
      "cpuUsages" : [ 8227, 9482, 13602, 1356, 1355, 1356, 1355, 1355, 51535, 55409, 53749, 54059 ],
      "physMemKbytes" : [ 166317, 166639, 164530, 166764, 177019, 187273, 197528, 207782, 217423, 221393, 225619, 228784 ],
      "resourceUsageMetrics" : {
        "cumulativeCpuUsage" : 253240,
        "virtualMemoryUsage" : 2134458368,
        "physicalMemoryUsage" : 236335104,
        "heapUsage" : 138412032
      },
      "vmemKbytes" : [ 2071167, 2071168, 2071304, 2073216, 2075676, 2078135, 2080595, 2083054, 2084427, 2084432, 2084431, 2084432 ]
    } ],
    "preferredLocations" : [ ]
  }, {
    "inputBytes" : 2658695084,
    "inputRecords" : 79694574,
    "outputBytes" : 1608820777,
    "outputRecords" : 67600228,
    "taskID" : "task_1572946766556_1081_r_000001",
    "startTime" : 1575701170828,
    "finishTime" : 1575701682991,
    "taskType" : "REDUCE",
    "taskStatus" : "SUCCESS",
    "attempts" : [ {
      "attemptID" : "attempt_1572946766556_1081_r_000001_0",
      "result" : "SUCCESS",
      "startTime" : 1575701390287,
      "finishTime" : 1575701682991,
      "hostName" : "/default-rack/slave4",
      "hdfsBytesRead" : 0,
      "hdfsBytesWritten" : 1608820777,
      "fileBytesRead" : 2658695084,
      "fileBytesWritten" : 2658819181,
      "mapInputRecords" : -1,
      "mapInputBytes" : -1,
      "mapOutputBytes" : -1,
      "mapOutputRecords" : -1,
      "combineInputRecords" : 0,
      "reduceInputGroups" : 67600228,
      "reduceInputRecords" : 79694574,
      "reduceShuffleBytes" : 2658695084,
      "reduceOutputRecords" : 67600228,
      "spilledRecords" : 79694574,
      "shuffleFinished" : 1575701544712,
      "sortFinished" : 1575701544738,
      "location" : {
        "layers" : [ "default-rack", "slave4" ]
      },
      "clockSplits" : [ 19240, 66179, 69185, 455, 454, 455, 455, 455, 32227, 34584, 34153, 34848 ],
      "cpuUsages" : [ 6577, 11177, 11744, 1587, 1587, 1587, 1586, 1587, 57571, 61518, 58504, 57785 ],
      "physMemKbytes" : [ 168205, 176598, 177842, 176404, 182512, 188619, 194727, 200834, 209417, 210044, 212858, 215543 ],
      "resourceUsageMetrics" : {
        "cumulativeCpuUsage" : 272810,
        "virtualMemoryUsage" : 2133131264,
        "physicalMemoryUsage" : 221937664,
        "heapUsage" : 151519232
      },
      "vmemKbytes" : [ 2072883, 2081811, 2086296, 2086591, 2086971, 2087350, 2087731, 2088110, 2088001, 2083136, 2083135, 2083136 ]
    } ],
    "preferredLocations" : [ ]
  }, {
    "inputBytes" : 2658326038,
    "inputRecords" : 79683598,
    "outputBytes" : 1608699243,
    "outputRecords" : 67595139,
    "taskID" : "task_1572946766556_1081_r_000002",
    "startTime" : 1575701170828,
    "finishTime" : 1575701683215,
    "taskType" : "REDUCE",
    "taskStatus" : "SUCCESS",
    "attempts" : [ {
      "attemptID" : "attempt_1572946766556_1081_r_000002_0",
      "result" : "SUCCESS",
      "startTime" : 1575701390282,
      "finishTime" : 1575701683215,
      "hostName" : "/default-rack/slave5",
      "hdfsBytesRead" : 0,
      "hdfsBytesWritten" : 1608699243,
      "fileBytesRead" : 2658326038,
      "fileBytesWritten" : 2658450135,
      "mapInputRecords" : -1,
      "mapInputBytes" : -1,
      "mapOutputBytes" : -1,
      "mapOutputRecords" : -1,
      "combineInputRecords" : 0,
      "reduceInputGroups" : 67595139,
      "reduceInputRecords" : 79683598,
      "reduceShuffleBytes" : 2658326038,
      "reduceOutputRecords" : 67595139,
      "spilledRecords" : 79683598,
      "shuffleFinished" : 1575701544726,
      "sortFinished" : 1575701544755,
      "location" : {
        "layers" : [ "default-rack", "slave5" ]
      },
      "clockSplits" : [ 19274, 66151, 69199, 447, 447, 447, 447, 447, 32346, 34538, 34593, 34584 ],
      "cpuUsages" : [ 7487, 9907, 12972, 1398, 1398, 1398, 1399, 1398, 56572, 62147, 58193, 58471 ],
      "physMemKbytes" : [ 171237, 175799, 175523, 175854, 184009, 192163, 200318, 208472, 221612, 228525, 231329, 234024 ],
      "resourceUsageMetrics" : {
        "cumulativeCpuUsage" : 272740,
        "virtualMemoryUsage" : 2145026048,
        "physicalMemoryUsage" : 242454528,
        "heapUsage" : 133169152
      },
      "vmemKbytes" : [ 2072816, 2076866, 2078998, 2080484, 2082397, 2084309, 2086222, 2088134, 2093204, 2094752, 2094751, 2094752 ]
    } ],
    "preferredLocations" : [ ]
  } ],
  "otherTasks" : [ ],
  "successfulMapAttemptCDFs" : [ {
    "numberValues" : 0,
    "minimum" : -9223372036854775808,
    "rankings" : [ ],
    "maximum" : 9223372036854775807
  }, {
    "numberValues" : 0,
    "minimum" : -9223372036854775808,
    "rankings" : [ ],
    "maximum" : 9223372036854775807
  }, {
    "numberValues" : 0,
    "minimum" : -9223372036854775808,
    "rankings" : [ ],
    "maximum" : 9223372036854775807
  }, {
    "numberValues" : 3,
    "minimum" : 215006,
    "rankings" : [ {
      "relativeRanking" : 0.05,
      "datum" : 215006
    }, {
      "relativeRanking" : 0.1,
      "datum" : 215006
    }, {
      "relativeRanking" : 0.15,
      "datum" : 215006
    }, {
      "relativeRanking" : 0.2,
      "datum" : 215006
    }, {
      "relativeRanking" : 0.25,
      "datum" : 215006
    }, {
      "relativeRanking" : 0.3,
      "datum" : 215006
    }, {
      "relativeRanking" : 0.35,
      "datum" : 215006
    }, {
      "relativeRanking" : 0.4,
      "datum" : 215006
    }, {
      "relativeRanking" : 0.45,
      "datum" : 215006
    }, {
      "relativeRanking" : 0.5,
      "datum" : 215006
    }, {
      "relativeRanking" : 0.55,
      "datum" : 215006
    }, {
      "relativeRanking" : 0.6,
      "datum" : 215006
    }, {
      "relativeRanking" : 0.65,
      "datum" : 215006
    }, {
      "relativeRanking" : 0.7,
      "datum" : 279958
    }, {
      "relativeRanking" : 0.75,
      "datum" : 279958
    }, {
      "relativeRanking" : 0.8,
      "datum" : 279958
    }, {
      "relativeRanking" : 0.85,
      "datum" : 279958
    }, {
      "relativeRanking" : 0.9,
      "datum" : 279958
    }, {
      "relativeRanking" : 0.95,
      "datum" : 279958
    } ],
    "maximum" : 342629
  } ],
  "failedMapAttemptCDFs" : [ {
    "numberValues" : 0,
    "minimum" : -9223372036854775808,
    "rankings" : [ ],
    "maximum" : 9223372036854775807
  }, {
    "numberValues" : 0,
    "minimum" : -9223372036854775808,
    "rankings" : [ ],
    "maximum" : 9223372036854775807
  }, {
    "numberValues" : 0,
    "minimum" : -9223372036854775808,
    "rankings" : [ ],
    "maximum" : 9223372036854775807
  }, {
    "numberValues" : 0,
    "minimum" : -9223372036854775808,
    "rankings" : [ ],
    "maximum" : 9223372036854775807
  } ],
  "successfulReduceAttemptCDF" : {
    "numberValues" : 3,
    "minimum" : 292704,
    "rankings" : [ {
      "relativeRanking" : 0.05,
      "datum" : 292704
    }, {
      "relativeRanking" : 0.1,
      "datum" : 292704
    }, {
      "relativeRanking" : 0.15,
      "datum" : 292704
    }, {
      "relativeRanking" : 0.2,
      "datum" : 292704
    }, {
      "relativeRanking" : 0.25,
      "datum" : 292704
    }, {
      "relativeRanking" : 0.3,
      "datum" : 292704
    }, {
      "relativeRanking" : 0.35,
      "datum" : 292704
    }, {
      "relativeRanking" : 0.4,
      "datum" : 292704
    }, {
      "relativeRanking" : 0.45,
      "datum" : 292704
    }, {
      "relativeRanking" : 0.5,
      "datum" : 292704
    }, {
      "relativeRanking" : 0.55,
      "datum" : 292704
    }, {
      "relativeRanking" : 0.6,
      "datum" : 292704
    }, {
      "relativeRanking" : 0.65,
      "datum" : 292704
    }, {
      "relativeRanking" : 0.7,
      "datum" : 292933
    }, {
      "relativeRanking" : 0.75,
      "datum" : 292933
    }, {
      "relativeRanking" : 0.8,
      "datum" : 292933
    }, {
      "relativeRanking" : 0.85,
      "datum" : 292933
    }, {
      "relativeRanking" : 0.9,
      "datum" : 292933
    }, {
      "relativeRanking" : 0.95,
      "datum" : 292933
    } ],
    "maximum" : 309195
  },
  "failedReduceAttemptCDF" : {
    "numberValues" : 0,
    "minimum" : -9223372036854775808,
    "rankings" : [ ],
    "maximum" : 9223372036854775807
  },
  "queue" : "default",
  "jobName" : "CAC_Count-[1575701025125-Similarity2-END]",
  "clusterMapMB" : -1,
  "clusterReduceMB" : -1,
  "jobMapMB" : -1,
  "jobReduceMB" : -1,
  "relativeTime" : 0,
  "mapperTriesToSucceed" : [ 1.0 ],
  "failedMapperFraction" : 0.0,
  "jobProperties" : { }
}