{
  "jobID" : "job_1572946766556_1080",
  "user" : "hadoop",
  "computonsPerMapInputByte" : -1,
  "computonsPerMapOutputByte" : -1,
  "computonsPerReduceInputByte" : -1,
  "computonsPerReduceOutputByte" : -1,
  "submitTime" : 1575701027776,
  "launchTime" : 1575701031463,
  "finishTime" : 1575701165207,
  "heapMegabytes" : -1,
  "totalMaps" : 2,
  "totalReduces" : 3,
  "outcome" : "SUCCESS",
  "jobtype" : "JAVA",
  "priority" : "NORMAL",
  "directDependantJobs" : [ ],
  "mapTasks" : [ {
    "inputBytes" : 7745257,
    "inputRecords" : 246569,
    "outputBytes" : 32289411,
    "outputRecords" : 934712,
    "taskID" : "task_1572946766556_1080_m_000000",
    "startTime" : 1575701031505,
    "finishTime" : 1575701098211,
    "taskType" : "MAP",
    "taskStatus" : "SUCCESS",
    "attempts" : [ {
      "attemptID" : "attempt_1572946766556_1080_m_000000_0",
      "result" : "SUCCESS",
      "startTime" : 1575701033665,
      "finishTime" : 1575701098211,
      "hostName" : "/default-rack/slave3",
      "hdfsBytesRead" : 7745257,
      "hdfsBytesWritten" : 0,
      "fileBytesRead" : 0,
      "fileBytesWritten" : 32289411,
      "mapInputRecords" : 246569,
      "mapInputBytes" : -1,
      "mapOutputBytes" : 30296128,
      "mapOutputRecords" : 934712,
      "combineInputRecords" : 0,
      "reduceInputGroups" : -1,
      "reduceInputRecords" : -1,
      "reduceShuffleBytes" : -1,
      "reduceOutputRecords" : -1,
      "spilledRecords" : 934712,
      "shuffleFinished" : -1,
      "sortFinished" : -1,
      "location" : {
        "layers" : [ "default-rack", "slave3" ]
      },
      "clockSplits" : [ 10324, 7920, 7575, 7580, 7335, 7342, 7552, 8714, 61, 43, 43, 44 ],
      "cpuUsages" : [ 150094, 134129, 131772, 129067, 125752, 123037, 129494, 132277, 1074, 448, 448, 448 ],
      "physMemKbytes" : [ 229506, 361071, 361769, 363977, 366888, 366302, 366332, 362704, 360141, 355676, 351210, 346745 ],
      "resourceUsageMetrics" : {
        "cumulativeCpuUsage" : 1058040,
        "virtualMemoryUsage" : 2121449472,
        "physicalMemoryUsage" : 352780288,
        "heapUsage" : 192937984
      },
      "vmemKbytes" : [ 1347845, 2071708, 2071728, 2071727, 2071728, 2071727, 2071728, 2071727, 2071728, 2071728, 2071727, 2071728 ]
    }, {
      "attemptID" : "attempt_1572946766556_1080_m_000000_1",
      "result" : "KILLED",
      "startTime" : 1575701047611,
      "finishTime" : 1575701098242,
      "hostName" : "/default-rack/slave2",
      "hdfsBytesRead" : 6291601,
      "hdfsBytesWritten" : 0,
      "fileBytesRead" : 0,
      "fileBytesWritten" : 123761,
      "mapInputRecords" : 200077,
      "mapInputBytes" : -1,
      "mapOutputBytes" : 24319054,
      "mapOutputRecords" : 750113,
      "combineInputRecords" : 0,
      "reduceInputGroups" : -1,
      "reduceInputRecords" : -1,
      "reduceShuffleBytes" : -1,
      "reduceOutputRecords" : -1,
      "spilledRecords" : 0,
      "shuffleFinished" : -1,
      "sortFinished" : -1,
      "location" : {
        "layers" : [ "default-rack", "slave2" ]
      },
      "clockSplits" : [ 10197, 7660, 6910, 6594, 7202, 6874, 3415, 350, 350, 350, 350, 350 ],
      "cpuUsages" : [ 125458, 122421, 97907, 95037, 100741, 97826, 44670, 0, 0, 0, 0, 0 ],
      "physMemKbytes" : [ 221006, 358796, 369292, 371768, 372345, 372457, 372555, 372571, 372572, 372572, 372571, 372572 ],
      "resourceUsageMetrics" : {
        "cumulativeCpuUsage" : 684060,
        "virtualMemoryUsage" : 2134380544,
        "physicalMemoryUsage" : 381513728,
        "heapUsage" : 192937984
      },
      "vmemKbytes" : [ 1319472, 2083847, 2083848, 2083873, 2084322, 2084355, 2084356, 2084355, 2084356, 2084356, 2084355, 2084356 ]
    } ],
    "preferredLocations" : [ ]
  }, {
    "inputBytes" : 1279951,
    "inputRecords" : 32202,
    "outputBytes" : 4613252,
    "outputRecords" : 203769,
    "taskID" : "task_1572946766556_1080_m_000001",
    "startTime" : 1575701031508,
    "finishTime" : 1575701045364,
    "taskType" : "MAP",
    "taskStatus" : "SUCCESS",
    "attempts" : [ {
      "attemptID" : "attempt_1572946766556_1080_m_000001_0",
      "result" : "SUCCESS",
      "startTime" : 1575701033672,
      "finishTime" : 1575701045364,
      "hostName" : "/default-rack/slave5",
      "hdfsBytesRead" : 1279951,
      "hdfsBytesWritten" : 0,
      "fileBytesRead" : 0,
      "fileBytesWritten" : 4613252,
      "mapInputRecords" : 32202,
      "mapInputBytes" : -1,
      "mapOutputBytes" : 4081855,
      "mapOutputRecords" : 203769,
      "combineInputRecords" : 0,
      "reduceInputGroups" : -1,
      "reduceInputRecords" : -1,
      "reduceShuffleBytes" : -1,
      "reduceOutputRecords" : -1,
      "spilledRecords" : 203769,
      "shuffleFinished" : -1,
      "sortFinished" : -1,
      "location" : {
        "layers" : [ "default-rack", "slave5" ]
      },
      "clockSplits" : [ 1433, 1433, 1433, 1433, 1433, 1408, 1376, 1327, 100, 100, 100, 101 ],
      "cpuUsages" : [ 18999, 18999, 19000, 18999, 18999, 21124, 23751, 20989, 1305, 1305, 1305, 1305 ],
      "physMemKbytes" : [ 31313, 93939, 156566, 219193, 281820, 338692, 352554, 357552, 356955, 352818, 348681, 344544 ],
      "resourceUsageMetrics" : {
        "cumulativeCpuUsage" : 166080,
        "virtualMemoryUsage" : 2124394496,
        "physicalMemoryUsage" : 350695424,
        "heapUsage" : 174587904
      },
      "vmemKbytes" : [ 186806, 560418, 934030, 1307642, 1681255, 2017513, 2074604, 2074603, 2074604, 2074604, 2074603, 2074604 ]
    } ],
    "preferredLocations" : [ ]
  } ],
  "reduceTasks" : [ {
    "inputBytes" : 13316912,
    "inputRecords" : 412432,
    "outputBytes" : 9598928,
    "outputRecords" : 3960,
    "taskID" : "task_1572946766556_1080_r_000000",
    "startTime" : 1575701031508,
    "finishTime" : 1575701165137,
    "taskType" : "REDUCE",
    "taskStatus" : "SUCCESS",
    "attempts" : [ {
      "attemptID" : "attempt_1572946766556_1080_r_000000_0",
      "result" : "SUCCESS",
      "startTime" : 1575701047609,
      "finishTime" : 1575701165137,
      "hostName" : "/default-rack/slave3",
      "hdfsBytesRead" : 0,
      "hdfsBytesWritten" : 9598928,
      "fileBytesRead" : 13316906,
      "fileBytesWritten" : 13440644,
      "mapInputRecords" : -1,
      "mapInputBytes" : -1,
      "mapOutputBytes" : -1,
      "mapOutputRecords" : -1,
      "combineInputRecords" : 0,
      "reduceInputGroups" : 3960,
      "reduceInputRecords" : 412432,
      "reduceShuffleBytes" : 13316912,
      "reduceOutputRecords" : 3960,
      "spilledRecords" : 412432,
      "shuffleFinished" : 1575701098913,
      "sortFinished" : 1575701099092,
      "location" : {
        "layers" : [ "default-rack", "slave3" ]
      },
      "clockSplits" : [ 4040, 4041, 43768, 365, 364, 365, 364, 365, 2978, 24804, 17461, 18520 ],
      "cpuUsages" : [ 304, 305, 5100, 1779, 1779, 1779, 1779, 1780, 10771, 92547, 62423, 72604 ],
      "physMemKbytes" : [ 40103, 120311, 174007, 181911, 189816, 197720, 205625, 213529, 222847, 253906, 262805, 270564 ],
      "resourceUsageMetrics" : {
        "cumulativeCpuUsage" : 253100,
        "virtualMemoryUsage" : 2133823488,
        "physicalMemoryUsage" : 277798912,
        "heapUsage" : 155713536
      },
      "vmemKbytes" : [ 518166, 1554500, 2074038, 2075716, 2077395, 2079073, 2080752, 2082429, 2083724, 2083812, 2083811, 2083812 ]
    } ],
    "preferredLocations" : [ ]
  }, {
    "inputBytes" : 10820170,
    "inputRecords" : 331716,
    "outputBytes" : 7676048,
    "outputRecords" : 3964,
    "taskID" : "task_1572946766556_1080_r_000001",
    "startTime" : 1575701031508,
    "finishTime" : 1575701138244,
    "taskType" : "REDUCE",
    "taskStatus" : "SUCCESS",
    "attempts" : [ {
      "attemptID" : "attempt_1572946766556_1080_r_000001_0",
      "result" : "SUCCESS",
      "startTime" : 1575701047614,
      "finishTime" : 1575701138244,
      "hostName" : "/default-rack/slave1",
      "hdfsBytesRead" : 0,
      "hdfsBytesWritten" : 7676048,
      "fileBytesRead" : 10820164,
      "fileBytesWritten" : 10943902,
      "mapInputRecords" : -1,
      "mapInputBytes" : -1,
      "mapOutputBytes" : -1,
      "mapOutputRecords" : -1,
      "combineInputRecords" : 0,
      "reduceInputGroups" : 3964,
      "reduceInputRecords" : 331716,
      "reduceShuffleBytes" : 10820170,
      "reduceOutputRecords" : 3964,
      "spilledRecords" : 331716,
      "shuffleFinished" : 1575701098686,
      "sortFinished" : 1575701098851,
      "location" : {
        "layers" : [ "default-rack", "slave1" ]
      },
      "clockSplits" : [ 3900, 3900, 43771, 335, 336, 335, 336, 335, 2052, 21054, 6606, 7656 ],
      "cpuUsages" : [ 219, 220, 3474, 1713, 1713, 1713, 1713, 1713, 7490, 82722, 24267, 28223 ],
      "physMemKbytes" : [ 41200, 123602, 178754, 188793, 198832, 208870, 218909, 228948, 239275, 258456, 267222, 267835 ],
      "resourceUsageMetrics" : {
        "cumulativeCpuUsage" : 155180,
        "virtualMemoryUsage" : 2129367040,
        "physicalMemoryUsage" : 274669568,
        "heapUsage" : 143130624
      },
      "vmemKbytes" : [ 518183, 1554551, 2073251, 2074283, 2075316, 2076347, 2077380, 2078412, 2079323, 2079460, 2079459, 2079460 ]
    } ],
    "preferredLocations" : [ ]
  }, {
    "inputBytes" : 12517899,
    "inputRecords" : 394333,
    "outputBytes" : 8988289,
    "outputRecords" : 3919,
    "taskID" : "task_1572946766556_1080_r_000002",
    "startTime" : 1575701031509,
    "finishTime" : 1575701144462,
    "taskType" : "REDUCE",
    "taskStatus" : "SUCCESS",
    "attempts" : [ {
      "attemptID" : "attempt_1572946766556_1080_r_000002_0",
      "result" : "SUCCESS",
      "startTime" : 1575701047613,
      "finishTime" : 1575701144462,
      "hostName" : "/default-rack/slave4",
      "hdfsBytesRead" : 0,
      "hdfsBytesWritten" : 8988289,
      "fileBytesRead" : 12517893,
      "fileBytesWritten" : 12641631,
      "mapInputRecords" : -1,
      "mapInputBytes" : -1,
      "mapOutputBytes" : -1,
      "mapOutputRecords" : -1,
      "combineInputRecords" : 0,
      "reduceInputGroups" : 3919,
      "reduceInputRecords" : 394333,
      "reduceShuffleBytes" : 12517899,
      "reduceOutputRecords" : 3919,
      "spilledRecords" : 394333,
      "shuffleFinished" : 1575701098838,
      "sortFinished" : 1575701099043,
      "location" : {
        "layers" : [ "default-rack", "slave4" ]
      },
      "clockSplits" : [ 3962, 3963, 43835, 333, 333, 332, 333, 333, 2761, 19828, 12648, 8172 ],
      "cpuUsages" : [ 244, 245, 3850, 1589, 1589, 1590, 1589, 1589, 9176, 71777, 43618, 28304 ],
      "physMemKbytes" : [ 40442, 121328, 173910, 182515, 191120, 199725, 208330, 216935, 226192, 245845, 254433, 255644 ],
      "resourceUsageMetrics" : {
        "cumulativeCpuUsage" : 165160,
        "virtualMemoryUsage" : 2131431424,
        "physicalMemoryUsage" : 263401472,
        "heapUsage" : 142606336
      },
      "vmemKbytes" : [ 518005, 1554017, 2076415, 2077272, 2078129, 2078986, 2079843, 2080699, 2081405, 2081476, 2081475, 2081476 ]
    } ],
    "preferredLocations" : [ ]
  } ],
  "otherTasks" : [ ],
  "successfulMapAttemptCDFs" : [ {
    "numberValues" : 0,
    "minimum" : -9223372036854775808,
    "rankings" : [ ],
    "maximum" : 9223372036854775807
  }, {
    "numberValues" : 0,
    "minimum" : -9223372036854775808,
    "rankings" : [ ],
    "maximum" : 9223372036854775807
  }, {
    "numberValues" : 0,
    "minimum" : -9223372036854775808,
    "rankings" : [ ],
    "maximum" : 9223372036854775807
  }, {
    "numberValues" : 2,
    "minimum" : 11692,
    "rankings" : [ {
      "relativeRanking" : 0.05,
      "datum" : 11692
    }, {
      "relativeRanking" : 0.1,
      "datum" : 11692
    }, {
      "relativeRanking" : 0.15,
      "datum" : 11692
    }, {
      "relativeRanking" : 0.2,
      "datum" : 11692
    }, {
      "relativeRanking" : 0.25,
      "datum" : 11692
    }, {
      "relativeRanking" : 0.3,
      "datum" : 11692
    }, {
      "relativeRanking" : 0.35,
      "datum" : 11692
    }, {
      "relativeRanking" : 0.4,
      "datum" : 11692
    }, {
      "relativeRanking" : 0.45,
      "datum" : 11692
    }, {
      "relativeRanking" : 0.5,
      "datum" : 11692
    }, {
      "relativeRanking" : 0.55,
      "datum" : 11692
    }, {
      "relativeRanking" : 0.6,
      "datum" : 11692
    }, {
      "relativeRanking" : 0.65,
      "datum" : 11692
    }, {
      "relativeRanking" : 0.7,
      "datum" : 11692
    }, {
      "relativeRanking" : 0.75,
      "datum" : 11692
    }, {
      "relativeRanking" : 0.8,
      "datum" : 11692
    }, {
      "relativeRanking" : 0.85,
      "datum" : 11692
    }, {
      "relativeRanking" : 0.9,
      "datum" : 11692
    }, {
      "relativeRanking" : 0.95,
      "datum" : 11692
    } ],
    "maximum" : 64546
  } ],
  "failedMapAttemptCDFs" : [ {
    "numberValues" : 0,
    "minimum" : -9223372036854775808,
    "rankings" : [ ],
    "maximum" : 9223372036854775807
  }, {
    "numberValues" : 0,
    "minimum" : -9223372036854775808,
    "rankings" : [ ],
    "maximum" : 9223372036854775807
  }, {
    "numberValues" : 0,
    "minimum" : -9223372036854775808,
    "rankings" : [ ],
    "maximum" : 9223372036854775807
  }, {
    "numberValues" : 0,
    "minimum" : -9223372036854775808,
    "rankings" : [ ],
    "maximum" : 9223372036854775807
  } ],
  "successfulReduceAttemptCDF" : {
    "numberValues" : 3,
    "minimum" : 90630,
    "rankings" : [ {
      "relativeRanking" : 0.05,
      "datum" : 90630
    }, {
      "relativeRanking" : 0.1,
      "datum" : 90630
    }, {
      "relativeRanking" : 0.15,
      "datum" : 90630
    }, {
      "relativeRanking" : 0.2,
      "datum" : 90630
    }, {
      "relativeRanking" : 0.25,
      "datum" : 90630
    }, {
      "relativeRanking" : 0.3,
      "datum" : 90630
    }, {
      "relativeRanking" : 0.35,
      "datum" : 90630
    }, {
      "relativeRanking" : 0.4,
      "datum" : 90630
    }, {
      "relativeRanking" : 0.45,
      "datum" : 90630
    }, {
      "relativeRanking" : 0.5,
      "datum" : 90630
    }, {
      "relativeRanking" : 0.55,
      "datum" : 90630
    }, {
      "relativeRanking" : 0.6,
      "datum" : 90630
    }, {
      "relativeRanking" : 0.65,
      "datum" : 90630
    }, {
      "relativeRanking" : 0.7,
      "datum" : 96849
    }, {
      "relativeRanking" : 0.75,
      "datum" : 96849
    }, {
      "relativeRanking" : 0.8,
      "datum" : 96849
    }, {
      "relativeRanking" : 0.85,
      "datum" : 96849
    }, {
      "relativeRanking" : 0.9,
      "datum" : 96849
    }, {
      "relativeRanking" : 0.95,
      "datum" : 96849
    } ],
    "maximum" : 117528
  },
  "failedReduceAttemptCDF" : {
    "numberValues" : 0,
    "minimum" : -9223372036854775808,
    "rankings" : [ ],
    "maximum" : 9223372036854775807
  },
  "queue" : "default",
  "jobName" : "CAC_Count-[1575701025125-Indexing1]",
  "clusterMapMB" : -1,
  "clusterReduceMB" : -1,
  "jobMapMB" : -1,
  "jobReduceMB" : -1,
  "relativeTime" : 0,
  "mapperTriesToSucceed" : [ 1.0 ],
  "failedMapperFraction" : 0.0,
  "jobProperties" : { }
}