{
  "jobID" : "job_1572946766556_1084",
  "user" : "hadoop",
  "computonsPerMapInputByte" : -1,
  "computonsPerMapOutputByte" : -1,
  "computonsPerReduceInputByte" : -1,
  "computonsPerReduceOutputByte" : -1,
  "submitTime" : 1575702398248,
  "launchTime" : 1575702401655,
  "finishTime" : 1575702530495,
  "heapMegabytes" : -1,
  "totalMaps" : 2,
  "totalReduces" : 3,
  "outcome" : "SUCCESS",
  "jobtype" : "JAVA",
  "priority" : "NORMAL",
  "directDependantJobs" : [ ],
  "mapTasks" : [ {
    "inputBytes" : 7745257,
    "inputRecords" : 246569,
    "outputBytes" : 32289411,
    "outputRecords" : 934712,
    "taskID" : "task_1572946766556_1084_m_000000",
    "startTime" : 1575702401720,
    "finishTime" : 1575702470254,
    "taskType" : "MAP",
    "taskStatus" : "SUCCESS",
    "attempts" : [ {
      "attemptID" : "attempt_1572946766556_1084_m_000000_0",
      "result" : "SUCCESS",
      "startTime" : 1575702403869,
      "finishTime" : 1575702470254,
      "hostName" : "/default-rack/slave2",
      "hdfsBytesRead" : 7745257,
      "hdfsBytesWritten" : 0,
      "fileBytesRead" : 0,
      "fileBytesWritten" : 32289411,
      "mapInputRecords" : 246569,
      "mapInputBytes" : -1,
      "mapOutputBytes" : 30296128,
      "mapOutputRecords" : 934712,
      "combineInputRecords" : 0,
      "reduceInputGroups" : -1,
      "reduceInputRecords" : -1,
      "reduceShuffleBytes" : -1,
      "reduceOutputRecords" : -1,
      "spilledRecords" : 934712,
      "shuffleFinished" : -1,
      "sortFinished" : -1,
      "location" : {
        "layers" : [ "default-rack", "slave2" ]
      },
      "clockSplits" : [ 11058, 7480, 7845, 7761, 7869, 7630, 7732, 7567, 357, 357, 357, 358 ],
      "cpuUsages" : [ 137489, 109003, 88476, 89151, 90025, 87362, 96334, 81953, 2701, 2702, 2702, 2702 ],
      "physMemKbytes" : [ 217430, 345401, 352440, 353621, 360424, 363509, 362631, 356543, 353987, 349680, 345373, 341066 ],
      "resourceUsageMetrics" : {
        "cumulativeCpuUsage" : 790600,
        "virtualMemoryUsage" : 2124709888,
        "physicalMemoryUsage" : 347045888,
        "heapUsage" : 175112192
      },
      "vmemKbytes" : [ 1356145, 2072419, 2072420, 2072419, 2079333, 2082206, 2081173, 2074975, 2074912, 2074912, 2074911, 2074912 ]
    }, {
      "attemptID" : "attempt_1572946766556_1084_m_000000_1",
      "result" : "KILLED",
      "startTime" : 1575702419786,
      "finishTime" : 1575702470287,
      "hostName" : "/default-rack/slave2",
      "hdfsBytesRead" : 5505169,
      "hdfsBytesWritten" : 0,
      "fileBytesRead" : 0,
      "fileBytesWritten" : 123761,
      "mapInputRecords" : 175785,
      "mapInputBytes" : -1,
      "mapOutputBytes" : 21191045,
      "mapOutputRecords" : 653523,
      "combineInputRecords" : 0,
      "reduceInputGroups" : -1,
      "reduceInputRecords" : -1,
      "reduceShuffleBytes" : -1,
      "reduceOutputRecords" : -1,
      "spilledRecords" : 0,
      "shuffleFinished" : -1,
      "sortFinished" : -1,
      "location" : {
        "layers" : [ "default-rack", "slave2" ]
      },
      "clockSplits" : [ 11843, 8214, 8027, 7777, 7763, 5170, 279, 280, 279, 280, 279, 280 ],
      "cpuUsages" : [ 137043, 105282, 95394, 93873, 90705, 57973, 0, 0, 0, 0, 0, 0 ],
      "physMemKbytes" : [ 235736, 353180, 360273, 362977, 362221, 362258, 362272, 362271, 362272, 362272, 362271, 362272 ],
      "resourceUsageMetrics" : {
        "cumulativeCpuUsage" : 580270,
        "virtualMemoryUsage" : 2121949184,
        "physicalMemoryUsage" : 370966528,
        "heapUsage" : 192937984
      },
      "vmemKbytes" : [ 1421980, 2072215, 2072216, 2072215, 2072216, 2072215, 2072216, 2072215, 2072216, 2072216, 2072215, 2072216 ]
    } ],
    "preferredLocations" : [ ]
  }, {
    "inputBytes" : 1279951,
    "inputRecords" : 32202,
    "outputBytes" : 4613252,
    "outputRecords" : 203769,
    "taskID" : "task_1572946766556_1084_m_000001",
    "startTime" : 1575702401722,
    "finishTime" : 1575702418402,
    "taskType" : "MAP",
    "taskStatus" : "SUCCESS",
    "attempts" : [ {
      "attemptID" : "attempt_1572946766556_1084_m_000001_0",
      "result" : "SUCCESS",
      "startTime" : 1575702403862,
      "finishTime" : 1575702418402,
      "hostName" : "/default-rack/slave4",
      "hdfsBytesRead" : 1279951,
      "hdfsBytesWritten" : 0,
      "fileBytesRead" : 0,
      "fileBytesWritten" : 4613252,
      "mapInputRecords" : 32202,
      "mapInputBytes" : -1,
      "mapOutputBytes" : 4081855,
      "mapOutputRecords" : 203769,
      "combineInputRecords" : 0,
      "reduceInputGroups" : -1,
      "reduceInputRecords" : -1,
      "reduceShuffleBytes" : -1,
      "reduceOutputRecords" : -1,
      "spilledRecords" : 203769,
      "shuffleFinished" : -1,
      "sortFinished" : -1,
      "location" : {
        "layers" : [ "default-rack", "slave4" ]
      },
      "clockSplits" : [ 1844, 1844, 1845, 1844, 1728, 1671, 3353, 61, 79, 79, 79, 79 ],
      "cpuUsages" : [ 26543, 26543, 26543, 26544, 32283, 35004, 32185, 31379, 714, 590, 591, 591 ],
      "physMemKbytes" : [ 40340, 121020, 201701, 282382, 345361, 353089, 355840, 356364, 355571, 353522, 351471, 349421 ],
      "resourceUsageMetrics" : {
        "cumulativeCpuUsage" : 239510,
        "virtualMemoryUsage" : 2122792960,
        "physicalMemoryUsage" : 356757504,
        "heapUsage" : 163053568
      },
      "vmemKbytes" : [ 239768, 719306, 1198844, 1678381, 2047578, 2072379, 2072491, 2072852, 2073039, 2073040, 2073039, 2073040 ]
    } ],
    "preferredLocations" : [ ]
  } ],
  "reduceTasks" : [ {
    "inputBytes" : 13316912,
    "inputRecords" : 412432,
    "outputBytes" : 9598928,
    "outputRecords" : 3960,
    "taskID" : "task_1572946766556_1084_r_000000",
    "startTime" : 1575702401722,
    "finishTime" : 1575702530428,
    "taskType" : "REDUCE",
    "taskStatus" : "SUCCESS",
    "attempts" : [ {
      "attemptID" : "attempt_1572946766556_1084_r_000000_0",
      "result" : "SUCCESS",
      "startTime" : 1575702420805,
      "finishTime" : 1575702530428,
      "hostName" : "/default-rack/slave2",
      "hdfsBytesRead" : 0,
      "hdfsBytesWritten" : 9598928,
      "fileBytesRead" : 13316906,
      "fileBytesWritten" : 13440644,
      "mapInputRecords" : -1,
      "mapInputBytes" : -1,
      "mapOutputBytes" : -1,
      "mapOutputRecords" : -1,
      "combineInputRecords" : 0,
      "reduceInputGroups" : 3960,
      "reduceInputRecords" : 412432,
      "reduceShuffleBytes" : 13316912,
      "reduceOutputRecords" : 3960,
      "spilledRecords" : 412432,
      "shuffleFinished" : 1575702471179,
      "sortFinished" : 1575702471423,
      "location" : {
        "layers" : [ "default-rack", "slave2" ]
      },
      "clockSplits" : [ 4103, 4103, 42504, 39, 38, 39, 39, 38, 5754, 20047, 16442, 16465 ],
      "cpuUsages" : [ 294, 295, 2784, 344, 343, 344, 343, 344, 17131, 58054, 46975, 46619 ],
      "physMemKbytes" : [ 40387, 121163, 167203, 172138, 177074, 182009, 186944, 191879, 214251, 247702, 262040, 263933 ],
      "resourceUsageMetrics" : {
        "cumulativeCpuUsage" : 173870,
        "virtualMemoryUsage" : 2129973248,
        "physicalMemoryUsage" : 273055744,
        "heapUsage" : 155713536
      },
      "vmemKbytes" : [ 517916, 1553750, 2071404, 2072445, 2073487, 2074528, 2075569, 2076610, 2079046, 2080052, 2080051, 2080052 ]
    } ],
    "preferredLocations" : [ ]
  }, {
    "inputBytes" : 10820170,
    "inputRecords" : 331716,
    "outputBytes" : 7676048,
    "outputRecords" : 3964,
    "taskID" : "task_1572946766556_1084_r_000001",
    "startTime" : 1575702401723,
    "finishTime" : 1575702510749,
    "taskType" : "REDUCE",
    "taskStatus" : "SUCCESS",
    "attempts" : [ {
      "attemptID" : "attempt_1572946766556_1084_r_000001_0",
      "result" : "SUCCESS",
      "startTime" : 1575702420810,
      "finishTime" : 1575702510749,
      "hostName" : "/default-rack/slave3",
      "hdfsBytesRead" : 0,
      "hdfsBytesWritten" : 7676048,
      "fileBytesRead" : 10820164,
      "fileBytesWritten" : 10943902,
      "mapInputRecords" : -1,
      "mapInputBytes" : -1,
      "mapOutputBytes" : -1,
      "mapOutputRecords" : -1,
      "combineInputRecords" : 0,
      "reduceInputGroups" : 3964,
      "reduceInputRecords" : 331716,
      "reduceShuffleBytes" : 10820170,
      "reduceOutputRecords" : 3964,
      "spilledRecords" : 331716,
      "shuffleFinished" : 1575702470882,
      "sortFinished" : 1575702471055,
      "location" : {
        "layers" : [ "default-rack", "slave3" ]
      },
      "clockSplits" : [ 3867, 3868, 42526, 15, 15, 15, 15, 14, 4802, 21512, 6187, 7091 ],
      "cpuUsages" : [ 219, 220, 2232, 202, 201, 202, 202, 201, 19240, 82664, 22346, 25951 ],
      "physMemKbytes" : [ 41760, 125282, 171711, 173510, 175311, 177110, 178911, 180710, 217757, 248243, 256889, 257593 ],
      "resourceUsageMetrics" : {
        "cumulativeCpuUsage" : 153880,
        "virtualMemoryUsage" : 2128777216,
        "physicalMemoryUsage" : 263622656,
        "heapUsage" : 144179200
      },
      "vmemKbytes" : [ 518230, 1554692, 2073094, 2073435, 2073776, 2074117, 2074459, 2074800, 2077728, 2078884, 2078883, 2078884 ]
    } ],
    "preferredLocations" : [ ]
  }, {
    "inputBytes" : 12517899,
    "inputRecords" : 394333,
    "outputBytes" : 8988289,
    "outputRecords" : 3919,
    "taskID" : "task_1572946766556_1084_r_000002",
    "startTime" : 1575702401723,
    "finishTime" : 1575702516648,
    "taskType" : "REDUCE",
    "taskStatus" : "SUCCESS",
    "attempts" : [ {
      "attemptID" : "attempt_1572946766556_1084_r_000002_0",
      "result" : "SUCCESS",
      "startTime" : 1575702420809,
      "finishTime" : 1575702516648,
      "hostName" : "/default-rack/slave4",
      "hdfsBytesRead" : 0,
      "hdfsBytesWritten" : 8988289,
      "fileBytesRead" : 12517893,
      "fileBytesWritten" : 12641631,
      "mapInputRecords" : -1,
      "mapInputBytes" : -1,
      "mapOutputBytes" : -1,
      "mapOutputRecords" : -1,
      "combineInputRecords" : 0,
      "reduceInputGroups" : 3919,
      "reduceInputRecords" : 394333,
      "reduceShuffleBytes" : 12517899,
      "reduceOutputRecords" : 3919,
      "spilledRecords" : 394333,
      "shuffleFinished" : 1575702470825,
      "sortFinished" : 1575702471023,
      "location" : {
        "layers" : [ "default-rack", "slave4" ]
      },
      "clockSplits" : [ 3846, 3846, 42535, 14, 13, 14, 14, 13, 5576, 17403, 14868, 7686 ],
      "cpuUsages" : [ 219, 220, 2554, 223, 223, 224, 223, 223, 20217, 64109, 53444, 26831 ],
      "physMemKbytes" : [ 40961, 122885, 178412, 179501, 180592, 181681, 182772, 183861, 215480, 241404, 252837, 255545 ],
      "resourceUsageMetrics" : {
        "cumulativeCpuUsage" : 168710,
        "virtualMemoryUsage" : 2127630336,
        "physicalMemoryUsage" : 261574656,
        "heapUsage" : 143130624
      },
      "vmemKbytes" : [ 518330, 1554992, 2073494, 2073835, 2074176, 2074517, 2074859, 2075200, 2077104, 2077764, 2077763, 2077764 ]
    } ],
    "preferredLocations" : [ ]
  } ],
  "otherTasks" : [ ],
  "successfulMapAttemptCDFs" : [ {
    "numberValues" : 0,
    "minimum" : -9223372036854775808,
    "rankings" : [ ],
    "maximum" : 9223372036854775807
  }, {
    "numberValues" : 0,
    "minimum" : -9223372036854775808,
    "rankings" : [ ],
    "maximum" : 9223372036854775807
  }, {
    "numberValues" : 0,
    "minimum" : -9223372036854775808,
    "rankings" : [ ],
    "maximum" : 9223372036854775807
  }, {
    "numberValues" : 2,
    "minimum" : 14540,
    "rankings" : [ {
      "relativeRanking" : 0.05,
      "datum" : 14540
    }, {
      "relativeRanking" : 0.1,
      "datum" : 14540
    }, {
      "relativeRanking" : 0.15,
      "datum" : 14540
    }, {
      "relativeRanking" : 0.2,
      "datum" : 14540
    }, {
      "relativeRanking" : 0.25,
      "datum" : 14540
    }, {
      "relativeRanking" : 0.3,
      "datum" : 14540
    }, {
      "relativeRanking" : 0.35,
      "datum" : 14540
    }, {
      "relativeRanking" : 0.4,
      "datum" : 14540
    }, {
      "relativeRanking" : 0.45,
      "datum" : 14540
    }, {
      "relativeRanking" : 0.5,
      "datum" : 14540
    }, {
      "relativeRanking" : 0.55,
      "datum" : 14540
    }, {
      "relativeRanking" : 0.6,
      "datum" : 14540
    }, {
      "relativeRanking" : 0.65,
      "datum" : 14540
    }, {
      "relativeRanking" : 0.7,
      "datum" : 14540
    }, {
      "relativeRanking" : 0.75,
      "datum" : 14540
    }, {
      "relativeRanking" : 0.8,
      "datum" : 14540
    }, {
      "relativeRanking" : 0.85,
      "datum" : 14540
    }, {
      "relativeRanking" : 0.9,
      "datum" : 14540
    }, {
      "relativeRanking" : 0.95,
      "datum" : 14540
    } ],
    "maximum" : 66385
  } ],
  "failedMapAttemptCDFs" : [ {
    "numberValues" : 0,
    "minimum" : -9223372036854775808,
    "rankings" : [ ],
    "maximum" : 9223372036854775807
  }, {
    "numberValues" : 0,
    "minimum" : -9223372036854775808,
    "rankings" : [ ],
    "maximum" : 9223372036854775807
  }, {
    "numberValues" : 0,
    "minimum" : -9223372036854775808,
    "rankings" : [ ],
    "maximum" : 9223372036854775807
  }, {
    "numberValues" : 0,
    "minimum" : -9223372036854775808,
    "rankings" : [ ],
    "maximum" : 9223372036854775807
  } ],
  "successfulReduceAttemptCDF" : {
    "numberValues" : 3,
    "minimum" : 89939,
    "rankings" : [ {
      "relativeRanking" : 0.05,
      "datum" : 89939
    }, {
      "relativeRanking" : 0.1,
      "datum" : 89939
    }, {
      "relativeRanking" : 0.15,
      "datum" : 89939
    }, {
      "relativeRanking" : 0.2,
      "datum" : 89939
    }, {
      "relativeRanking" : 0.25,
      "datum" : 89939
    }, {
      "relativeRanking" : 0.3,
      "datum" : 89939
    }, {
      "relativeRanking" : 0.35,
      "datum" : 89939
    }, {
      "relativeRanking" : 0.4,
      "datum" : 89939
    }, {
      "relativeRanking" : 0.45,
      "datum" : 89939
    }, {
      "relativeRanking" : 0.5,
      "datum" : 89939
    }, {
      "relativeRanking" : 0.55,
      "datum" : 89939
    }, {
      "relativeRanking" : 0.6,
      "datum" : 89939
    }, {
      "relativeRanking" : 0.65,
      "datum" : 89939
    }, {
      "relativeRanking" : 0.7,
      "datum" : 95839
    }, {
      "relativeRanking" : 0.75,
      "datum" : 95839
    }, {
      "relativeRanking" : 0.8,
      "datum" : 95839
    }, {
      "relativeRanking" : 0.85,
      "datum" : 95839
    }, {
      "relativeRanking" : 0.9,
      "datum" : 95839
    }, {
      "relativeRanking" : 0.95,
      "datum" : 95839
    } ],
    "maximum" : 109623
  },
  "failedReduceAttemptCDF" : {
    "numberValues" : 0,
    "minimum" : -9223372036854775808,
    "rankings" : [ ],
    "maximum" : 9223372036854775807
  },
  "queue" : "default",
  "jobName" : "CAC_Count-[1575702395541-Indexing1]",
  "clusterMapMB" : -1,
  "clusterReduceMB" : -1,
  "jobMapMB" : -1,
  "jobReduceMB" : -1,
  "relativeTime" : 0,
  "mapperTriesToSucceed" : [ 1.0 ],
  "failedMapperFraction" : 0.0,
  "jobProperties" : { }
}