{
  "jobID" : "job_1572946766556_1085",
  "user" : "hadoop",
  "computonsPerMapInputByte" : -1,
  "computonsPerMapOutputByte" : -1,
  "computonsPerReduceInputByte" : -1,
  "computonsPerReduceOutputByte" : -1,
  "submitTime" : 1575702532952,
  "launchTime" : 1575702537213,
  "finishTime" : 1575703112392,
  "heapMegabytes" : -1,
  "totalMaps" : 3,
  "totalReduces" : 3,
  "outcome" : "SUCCESS",
  "jobtype" : "JAVA",
  "priority" : "NORMAL",
  "directDependantJobs" : [ ],
  "mapTasks" : [ {
    "inputBytes" : 9599084,
    "inputRecords" : 3960,
    "outputBytes" : 9861964448,
    "outputRecords" : 99038183,
    "taskID" : "task_1572946766556_1085_m_000000",
    "startTime" : 1575702537309,
    "finishTime" : 1575702944519,
    "taskType" : "MAP",
    "taskStatus" : "SUCCESS",
    "attempts" : [ {
      "attemptID" : "attempt_1572946766556_1085_m_000000_0",
      "result" : "SUCCESS",
      "startTime" : 1575702539405,
      "finishTime" : 1575702944519,
      "hostName" : "/default-rack/slave2",
      "hdfsBytesRead" : 9599084,
      "hdfsBytesWritten" : 0,
      "fileBytesRead" : 6550379206,
      "fileBytesWritten" : 9861964448,
      "mapInputRecords" : 3960,
      "mapInputBytes" : -1,
      "mapOutputBytes" : 3120344950,
      "mapOutputRecords" : 99038183,
      "combineInputRecords" : 0,
      "reduceInputGroups" : -1,
      "reduceInputRecords" : -1,
      "reduceShuffleBytes" : -1,
      "reduceOutputRecords" : -1,
      "spilledRecords" : 294795473,
      "shuffleFinished" : -1,
      "sortFinished" : -1,
      "location" : {
        "layers" : [ "default-rack", "slave2" ]
      },
      "clockSplits" : [ 15070, 8035, 33572, 34261, 93834, 11535, 55749, 13836, 33714, 34196, 34915, 36384 ],
      "cpuUsages" : [ 29288, 14373, 62896, 62747, 162522, 21624, 92865, 22848, 45447, 44446, 44231, 46943 ],
      "physMemKbytes" : [ 213073, 282402, 296126, 299784, 307140, 307943, 308196, 308344, 315582, 316310, 316691, 316341 ],
      "resourceUsageMetrics" : {
        "cumulativeCpuUsage" : 650230,
        "virtualMemoryUsage" : 2122797056,
        "physicalMemoryUsage" : 324706304,
        "heapUsage" : 209190912
      },
      "vmemKbytes" : [ 1595765, 2068304, 2068332, 2068331, 2068332, 2068331, 2068332, 2068549, 2072397, 2072016, 2072015, 2072034 ]
    }, {
      "attemptID" : "attempt_1572946766556_1085_m_000000_1",
      "result" : "KILLED",
      "startTime" : 1575702780716,
      "finishTime" : 1575702944553,
      "hostName" : "/default-rack/slave4",
      "hdfsBytesRead" : 5243036,
      "hdfsBytesWritten" : 0,
      "fileBytesRead" : 0,
      "fileBytesWritten" : 1905505929,
      "mapInputRecords" : 2503,
      "mapInputBytes" : -1,
      "mapOutputBytes" : 1826503987,
      "mapOutputRecords" : 58334040,
      "combineInputRecords" : 0,
      "reduceInputGroups" : -1,
      "reduceInputRecords" : -1,
      "reduceShuffleBytes" : -1,
      "reduceOutputRecords" : -1,
      "spilledRecords" : 57138939,
      "shuffleFinished" : -1,
      "sortFinished" : -1,
      "location" : {
        "layers" : [ "default-rack", "slave4" ]
      },
      "clockSplits" : [ 13059, 10002, 32267, 38559, 69067, 122, 121, 122, 122, 121, 122, 122 ],
      "cpuUsages" : [ 23987, 19707, 62999, 75446, 132731, 0, 0, 0, 0, 0, 0, 0 ],
      "physMemKbytes" : [ 216627, 286940, 300190, 305570, 311126, 311543, 311544, 311543, 311544, 311544, 311543, 311544 ],
      "resourceUsageMetrics" : {
        "cumulativeCpuUsage" : 314870,
        "virtualMemoryUsage" : 2119970816,
        "physicalMemoryUsage" : 319021056,
        "heapUsage" : 209190912
      },
      "vmemKbytes" : [ 1597426, 2070283, 2070284, 2070283, 2070284, 2070283, 2070284, 2070283, 2070284, 2070284, 2070283, 2070284 ]
    } ],
    "preferredLocations" : [ ]
  }, {
    "inputBytes" : 8988445,
    "inputRecords" : 3919,
    "outputBytes" : 5685799518,
    "outputRecords" : 58455405,
    "taskID" : "task_1572946766556_1085_m_000001",
    "startTime" : 1575702537310,
    "finishTime" : 1575702772254,
    "taskType" : "MAP",
    "taskStatus" : "SUCCESS",
    "attempts" : [ {
      "attemptID" : "attempt_1572946766556_1085_m_000001_0",
      "result" : "SUCCESS",
      "startTime" : 1575702539412,
      "finishTime" : 1575702772254,
      "hostName" : "/default-rack/slave2",
      "hdfsBytesRead" : 8988445,
      "hdfsBytesWritten" : 0,
      "fileBytesRead" : 3706999650,
      "fileBytesWritten" : 5685799518,
      "mapInputRecords" : 3919,
      "mapInputBytes" : -1,
      "mapOutputBytes" : 1868574631,
      "mapOutputRecords" : 58455405,
      "combineInputRecords" : 0,
      "reduceInputGroups" : -1,
      "reduceInputRecords" : -1,
      "reduceShuffleBytes" : -1,
      "reduceOutputRecords" : -1,
      "spilledRecords" : 167738402,
      "shuffleFinished" : -1,
      "sortFinished" : -1,
      "location" : {
        "layers" : [ "default-rack", "slave2" ]
      },
      "clockSplits" : [ 23776, 9663, 13886, 36096, 44770, 10676, 7770, 7253, 21455, 18813, 19471, 19198 ],
      "cpuUsages" : [ 46255, 19038, 25904, 66170, 81553, 22323, 15704, 12941, 25912, 22866, 25593, 22551 ],
      "physMemKbytes" : [ 186035, 282160, 293495, 301979, 301894, 302776, 303069, 303117, 311123, 310514, 310869, 311378 ],
      "resourceUsageMetrics" : {
        "cumulativeCpuUsage" : 386810,
        "virtualMemoryUsage" : 2122813440,
        "physicalMemoryUsage" : 318590976,
        "heapUsage" : 208666624
      },
      "vmemKbytes" : [ 1396115, 2068603, 2068604, 2068603, 2068604, 2068603, 2068604, 2068603, 2073062, 2072032, 2072031, 2072097 ]
    } ],
    "preferredLocations" : [ ]
  }, {
    "inputBytes" : 7676204,
    "inputRecords" : 3964,
    "outputBytes" : 7832590947,
    "outputRecords" : 81564432,
    "taskID" : "task_1572946766556_1085_m_000002",
    "startTime" : 1575702537311,
    "finishTime" : 1575702857126,
    "taskType" : "MAP",
    "taskStatus" : "SUCCESS",
    "attempts" : [ {
      "attemptID" : "attempt_1572946766556_1085_m_000002_0",
      "result" : "SUCCESS",
      "startTime" : 1575702539412,
      "finishTime" : 1575702857126,
      "hostName" : "/default-rack/slave2",
      "hdfsBytesRead" : 7676204,
      "hdfsBytesWritten" : 0,
      "fileBytesRead" : 5172327017,
      "fileBytesWritten" : 7832590947,
      "mapInputRecords" : 3964,
      "mapInputBytes" : -1,
      "mapOutputBytes" : 2508184176,
      "mapOutputRecords" : 81564432,
      "combineInputRecords" : 0,
      "reduceInputGroups" : -1,
      "reduceInputRecords" : -1,
      "reduceShuffleBytes" : -1,
      "reduceOutputRecords" : -1,
      "spilledRecords" : 239676086,
      "shuffleFinished" : -1,
      "sortFinished" : -1,
      "location" : {
        "layers" : [ "default-rack", "slave2" ]
      },
      "clockSplits" : [ 7455, 13228, 142103, 16454, 9040, 3623, 3122, 10506, 28815, 27220, 27313, 28818 ],
      "cpuUsages" : [ 13300, 26123, 254518, 28966, 17367, 6492, 5238, 15975, 39109, 35333, 33712, 38387 ],
      "physMemKbytes" : [ 130838, 279917, 290245, 303775, 304630, 304624, 304307, 304237, 313676, 314505, 314103, 313591 ],
      "resourceUsageMetrics" : {
        "cumulativeCpuUsage" : 514520,
        "virtualMemoryUsage" : 2128367616,
        "physicalMemoryUsage" : 322994176,
        "heapUsage" : 209190912
      },
      "vmemKbytes" : [ 974952, 2066544, 2071829, 2075399, 2075400, 2075399, 2075400, 2075399, 2077397, 2077456, 2077455, 2077493 ]
    } ],
    "preferredLocations" : [ ]
  } ],
  "reduceTasks" : [ {
    "inputBytes" : 2658198729,
    "inputRecords" : 79679848,
    "outputBytes" : 1608561436,
    "outputRecords" : 67589773,
    "taskID" : "task_1572946766556_1085_r_000000",
    "startTime" : 1575702537311,
    "finishTime" : 1575703112329,
    "taskType" : "REDUCE",
    "taskStatus" : "SUCCESS",
    "attempts" : [ {
      "attemptID" : "attempt_1572946766556_1085_r_000000_0",
      "result" : "SUCCESS",
      "startTime" : 1575702774710,
      "finishTime" : 1575703112329,
      "hostName" : "/default-rack/slave4",
      "hdfsBytesRead" : 0,
      "hdfsBytesWritten" : 1608561436,
      "fileBytesRead" : 2658198729,
      "fileBytesWritten" : 2658322826,
      "mapInputRecords" : -1,
      "mapInputBytes" : -1,
      "mapOutputBytes" : -1,
      "mapOutputRecords" : -1,
      "combineInputRecords" : 0,
      "reduceInputGroups" : 67589773,
      "reduceInputRecords" : 79679848,
      "reduceShuffleBytes" : 2658198729,
      "reduceOutputRecords" : 67589773,
      "spilledRecords" : 79679848,
      "shuffleFinished" : 1575702973297,
      "sortFinished" : 1575702973319,
      "location" : {
        "layers" : [ "default-rack", "slave4" ]
      },
      "clockSplits" : [ 19253, 87382, 91960, 152, 151, 152, 152, 151, 34077, 35245, 34186, 34746 ],
      "cpuUsages" : [ 8192, 10957, 12993, 1027, 1026, 1027, 1027, 1027, 60424, 61858, 56502, 57500 ],
      "physMemKbytes" : [ 174155, 174551, 169749, 166419, 175065, 183710, 192356, 201001, 217451, 215279, 219071, 221503 ],
      "resourceUsageMetrics" : {
        "cumulativeCpuUsage" : 273560,
        "virtualMemoryUsage" : 2137268224,
        "physicalMemoryUsage" : 227946496,
        "heapUsage" : 134217728
      },
      "vmemKbytes" : [ 2074208, 2075917, 2076879, 2078392, 2080339, 2082284, 2084231, 2086176, 2087175, 2087176, 2087175, 2087176 ]
    } ],
    "preferredLocations" : [ ]
  }, {
    "inputBytes" : 2658695084,
    "inputRecords" : 79694574,
    "outputBytes" : 1608820777,
    "outputRecords" : 67600228,
    "taskID" : "task_1572946766556_1085_r_000001",
    "startTime" : 1575702537311,
    "finishTime" : 1575703108867,
    "taskType" : "REDUCE",
    "taskStatus" : "SUCCESS",
    "attempts" : [ {
      "attemptID" : "attempt_1572946766556_1085_r_000001_0",
      "result" : "SUCCESS",
      "startTime" : 1575702774718,
      "finishTime" : 1575703108867,
      "hostName" : "/default-rack/slave1",
      "hdfsBytesRead" : 0,
      "hdfsBytesWritten" : 1608820777,
      "fileBytesRead" : 2658695084,
      "fileBytesWritten" : 2658819181,
      "mapInputRecords" : -1,
      "mapInputBytes" : -1,
      "mapOutputBytes" : -1,
      "mapOutputRecords" : -1,
      "combineInputRecords" : 0,
      "reduceInputGroups" : 67600228,
      "reduceInputRecords" : 79694574,
      "reduceShuffleBytes" : 2658695084,
      "reduceOutputRecords" : 67600228,
      "spilledRecords" : 79694574,
      "shuffleFinished" : 1575702970708,
      "sortFinished" : 1575702970732,
      "location" : {
        "layers" : [ "default-rack", "slave1" ]
      },
      "clockSplits" : [ 19415, 87449, 89130, 117, 117, 117, 117, 116, 34406, 34338, 34164, 34650 ],
      "cpuUsages" : [ 6659, 10055, 10907, 846, 846, 846, 846, 846, 61296, 59363, 59786, 57804 ],
      "physMemKbytes" : [ 166403, 171535, 169813, 167821, 175427, 183032, 190637, 198242, 214504, 217186, 221321, 224699 ],
      "resourceUsageMetrics" : {
        "cumulativeCpuUsage" : 270100,
        "virtualMemoryUsage" : 2137694208,
        "physicalMemoryUsage" : 232833024,
        "heapUsage" : 137887744
      },
      "vmemKbytes" : [ 2074299, 2074300, 2074446, 2076493, 2079128, 2081761, 2084395, 2087028, 2090944, 2087592, 2087591, 2087592 ]
    } ],
    "preferredLocations" : [ ]
  }, {
    "inputBytes" : 2658326038,
    "inputRecords" : 79683598,
    "outputBytes" : 1608699243,
    "outputRecords" : 67595139,
    "taskID" : "task_1572946766556_1085_r_000002",
    "startTime" : 1575702537311,
    "finishTime" : 1575703111462,
    "taskType" : "REDUCE",
    "taskStatus" : "SUCCESS",
    "attempts" : [ {
      "attemptID" : "attempt_1572946766556_1085_r_000002_0",
      "result" : "SUCCESS",
      "startTime" : 1575702774711,
      "finishTime" : 1575703111462,
      "hostName" : "/default-rack/slave5",
      "hdfsBytesRead" : 0,
      "hdfsBytesWritten" : 1608699243,
      "fileBytesRead" : 2658326038,
      "fileBytesWritten" : 2658450135,
      "mapInputRecords" : -1,
      "mapInputBytes" : -1,
      "mapOutputBytes" : -1,
      "mapOutputRecords" : -1,
      "combineInputRecords" : 0,
      "reduceInputGroups" : 67595139,
      "reduceInputRecords" : 79683598,
      "reduceShuffleBytes" : 2658326038,
      "reduceOutputRecords" : 67595139,
      "spilledRecords" : 79683598,
      "shuffleFinished" : 1575702972993,
      "sortFinished" : 1575702973015,
      "location" : {
        "layers" : [ "default-rack", "slave5" ]
      },
      "clockSplits" : [ 19325, 87437, 91565, 242, 242, 243, 242, 242, 33789, 34407, 34102, 34904 ],
      "cpuUsages" : [ 6419, 10690, 11548, 1132, 1133, 1132, 1132, 1132, 58289, 58395, 58475, 59553 ],
      "physMemKbytes" : [ 168528, 168551, 163587, 160651, 169656, 178660, 187665, 196670, 217161, 223138, 228754, 226619 ],
      "resourceUsageMetrics" : {
        "cumulativeCpuUsage" : 269030,
        "virtualMemoryUsage" : 2134126592,
        "physicalMemoryUsage" : 230481920,
        "heapUsage" : 133169152
      },
      "vmemKbytes" : [ 2073168, 2074306, 2074971, 2076310, 2078033, 2079754, 2081477, 2083198, 2084107, 2084108, 2084107, 2084108 ]
    } ],
    "preferredLocations" : [ ]
  } ],
  "otherTasks" : [ ],
  "successfulMapAttemptCDFs" : [ {
    "numberValues" : 0,
    "minimum" : -9223372036854775808,
    "rankings" : [ ],
    "maximum" : 9223372036854775807
  }, {
    "numberValues" : 0,
    "minimum" : -9223372036854775808,
    "rankings" : [ ],
    "maximum" : 9223372036854775807
  }, {
    "numberValues" : 0,
    "minimum" : -9223372036854775808,
    "rankings" : [ ],
    "maximum" : 9223372036854775807
  }, {
    "numberValues" : 3,
    "minimum" : 232842,
    "rankings" : [ {
      "relativeRanking" : 0.05,
      "datum" : 232842
    }, {
      "relativeRanking" : 0.1,
      "datum" : 232842
    }, {
      "relativeRanking" : 0.15,
      "datum" : 232842
    }, {
      "relativeRanking" : 0.2,
      "datum" : 232842
    }, {
      "relativeRanking" : 0.25,
      "datum" : 232842
    }, {
      "relativeRanking" : 0.3,
      "datum" : 232842
    }, {
      "relativeRanking" : 0.35,
      "datum" : 232842
    }, {
      "relativeRanking" : 0.4,
      "datum" : 232842
    }, {
      "relativeRanking" : 0.45,
      "datum" : 232842
    }, {
      "relativeRanking" : 0.5,
      "datum" : 232842
    }, {
      "relativeRanking" : 0.55,
      "datum" : 232842
    }, {
      "relativeRanking" : 0.6,
      "datum" : 232842
    }, {
      "relativeRanking" : 0.65,
      "datum" : 232842
    }, {
      "relativeRanking" : 0.7,
      "datum" : 317714
    }, {
      "relativeRanking" : 0.75,
      "datum" : 317714
    }, {
      "relativeRanking" : 0.8,
      "datum" : 317714
    }, {
      "relativeRanking" : 0.85,
      "datum" : 317714
    }, {
      "relativeRanking" : 0.9,
      "datum" : 317714
    }, {
      "relativeRanking" : 0.95,
      "datum" : 317714
    } ],
    "maximum" : 405114
  } ],
  "failedMapAttemptCDFs" : [ {
    "numberValues" : 0,
    "minimum" : -9223372036854775808,
    "rankings" : [ ],
    "maximum" : 9223372036854775807
  }, {
    "numberValues" : 0,
    "minimum" : -9223372036854775808,
    "rankings" : [ ],
    "maximum" : 9223372036854775807
  }, {
    "numberValues" : 0,
    "minimum" : -9223372036854775808,
    "rankings" : [ ],
    "maximum" : 9223372036854775807
  }, {
    "numberValues" : 0,
    "minimum" : -9223372036854775808,
    "rankings" : [ ],
    "maximum" : 9223372036854775807
  } ],
  "successfulReduceAttemptCDF" : {
    "numberValues" : 3,
    "minimum" : 334149,
    "rankings" : [ {
      "relativeRanking" : 0.05,
      "datum" : 334149
    }, {
      "relativeRanking" : 0.1,
      "datum" : 334149
    }, {
      "relativeRanking" : 0.15,
      "datum" : 334149
    }, {
      "relativeRanking" : 0.2,
      "datum" : 334149
    }, {
      "relativeRanking" : 0.25,
      "datum" : 334149
    }, {
      "relativeRanking" : 0.3,
      "datum" : 334149
    }, {
      "relativeRanking" : 0.35,
      "datum" : 334149
    }, {
      "relativeRanking" : 0.4,
      "datum" : 334149
    }, {
      "relativeRanking" : 0.45,
      "datum" : 334149
    }, {
      "relativeRanking" : 0.5,
      "datum" : 334149
    }, {
      "relativeRanking" : 0.55,
      "datum" : 334149
    }, {
      "relativeRanking" : 0.6,
      "datum" : 334149
    }, {
      "relativeRanking" : 0.65,
      "datum" : 334149
    }, {
      "relativeRanking" : 0.7,
      "datum" : 336751
    }, {
      "relativeRanking" : 0.75,
      "datum" : 336751
    }, {
      "relativeRanking" : 0.8,
      "datum" : 336751
    }, {
      "relativeRanking" : 0.85,
      "datum" : 336751
    }, {
      "relativeRanking" : 0.9,
      "datum" : 336751
    }, {
      "relativeRanking" : 0.95,
      "datum" : 336751
    } ],
    "maximum" : 337619
  },
  "failedReduceAttemptCDF" : {
    "numberValues" : 0,
    "minimum" : -9223372036854775808,
    "rankings" : [ ],
    "maximum" : 9223372036854775807
  },
  "queue" : "default",
  "jobName" : "CAC_Count-[1575702395541-Similarity2-END]",
  "clusterMapMB" : -1,
  "clusterReduceMB" : -1,
  "jobMapMB" : -1,
  "jobReduceMB" : -1,
  "relativeTime" : 0,
  "mapperTriesToSucceed" : [ 1.0 ],
  "failedMapperFraction" : 0.0,
  "jobProperties" : { }
}