{
  "jobID" : "job_1572946766556_1083",
  "user" : "hadoop",
  "computonsPerMapInputByte" : -1,
  "computonsPerMapOutputByte" : -1,
  "computonsPerReduceInputByte" : -1,
  "computonsPerReduceOutputByte" : -1,
  "submitTime" : 1575701852544,
  "launchTime" : 1575701856696,
  "finishTime" : 1575702378637,
  "heapMegabytes" : -1,
  "totalMaps" : 3,
  "totalReduces" : 3,
  "outcome" : "SUCCESS",
  "jobtype" : "JAVA",
  "priority" : "NORMAL",
  "directDependantJobs" : [ ],
  "mapTasks" : [ {
    "inputBytes" : 9599084,
    "inputRecords" : 3960,
    "outputBytes" : 9861964448,
    "outputRecords" : 99038183,
    "taskID" : "task_1572946766556_1083_m_000000",
    "startTime" : 1575701856740,
    "finishTime" : 1575702215587,
    "taskType" : "MAP",
    "taskStatus" : "SUCCESS",
    "attempts" : [ {
      "attemptID" : "attempt_1572946766556_1083_m_000000_0",
      "result" : "SUCCESS",
      "startTime" : 1575701858893,
      "finishTime" : 1575702215587,
      "hostName" : "/default-rack/slave3",
      "hdfsBytesRead" : 9599084,
      "hdfsBytesWritten" : 0,
      "fileBytesRead" : 6550379206,
      "fileBytesWritten" : 9861964448,
      "mapInputRecords" : 3960,
      "mapInputBytes" : -1,
      "mapOutputBytes" : 3120344950,
      "mapOutputRecords" : 99038183,
      "combineInputRecords" : 0,
      "reduceInputGroups" : -1,
      "reduceInputRecords" : -1,
      "reduceShuffleBytes" : -1,
      "reduceOutputRecords" : -1,
      "spilledRecords" : 294795473,
      "shuffleFinished" : -1,
      "sortFinished" : -1,
      "location" : {
        "layers" : [ "default-rack", "slave3" ]
      },
      "clockSplits" : [ 11209, 8818, 29470, 32271, 87675, 8441, 48893, 12001, 30115, 28522, 28818, 30444 ],
      "cpuUsages" : [ 19463, 18882, 56399, 61994, 170013, 16606, 90192, 24230, 41834, 38070, 36863, 37824 ],
      "physMemKbytes" : [ 209916, 280431, 289578, 295453, 301028, 301828, 302069, 302110, 306570, 306858, 306066, 305706 ],
      "resourceUsageMetrics" : {
        "cumulativeCpuUsage" : 612370,
        "virtualMemoryUsage" : 2128261120,
        "physicalMemoryUsage" : 312987648,
        "heapUsage" : 209190912
      },
      "vmemKbytes" : [ 1598821, 2072091, 2075589, 2074855, 2074856, 2074855, 2074856, 2074855, 2077267, 2077352, 2077351, 2077382 ]
    } ],
    "preferredLocations" : [ ]
  }, {
    "inputBytes" : 8988445,
    "inputRecords" : 3919,
    "outputBytes" : 5685799518,
    "outputRecords" : 58455405,
    "taskID" : "task_1572946766556_1083_m_000001",
    "startTime" : 1575701856743,
    "finishTime" : 1575702083694,
    "taskType" : "MAP",
    "taskStatus" : "SUCCESS",
    "attempts" : [ {
      "attemptID" : "attempt_1572946766556_1083_m_000001_0",
      "result" : "SUCCESS",
      "startTime" : 1575701858900,
      "finishTime" : 1575702083694,
      "hostName" : "/default-rack/slave2",
      "hdfsBytesRead" : 8988445,
      "hdfsBytesWritten" : 0,
      "fileBytesRead" : 3706999650,
      "fileBytesWritten" : 5685799518,
      "mapInputRecords" : 3919,
      "mapInputBytes" : -1,
      "mapOutputBytes" : 1868574631,
      "mapOutputRecords" : 58455405,
      "combineInputRecords" : 0,
      "reduceInputGroups" : -1,
      "reduceInputRecords" : -1,
      "reduceShuffleBytes" : -1,
      "reduceOutputRecords" : -1,
      "spilledRecords" : 167738402,
      "shuffleFinished" : -1,
      "sortFinished" : -1,
      "location" : {
        "layers" : [ "default-rack", "slave2" ]
      },
      "clockSplits" : [ 23861, 9659, 13874, 33063, 41760, 10677, 8449, 9558, 18812, 17941, 18226, 18886 ],
      "cpuUsages" : [ 44595, 17988, 26364, 60269, 70617, 20066, 14523, 15479, 23120, 20746, 21248, 22325 ],
      "physMemKbytes" : [ 186687, 279784, 288307, 301341, 301372, 302849, 303918, 304139, 308514, 308732, 308851, 309760 ],
      "resourceUsageMetrics" : {
        "cumulativeCpuUsage" : 357340,
        "virtualMemoryUsage" : 2126516224,
        "physicalMemoryUsage" : 313966592,
        "heapUsage" : 208666624
      },
      "vmemKbytes" : [ 1397272, 2069943, 2069944, 2069943, 2069944, 2069943, 2069944, 2069943, 2075270, 2075648, 2075647, 2075661 ]
    } ],
    "preferredLocations" : [ ]
  }, {
    "inputBytes" : 7676204,
    "inputRecords" : 3964,
    "outputBytes" : 7832590947,
    "outputRecords" : 81564432,
    "taskID" : "task_1572946766556_1083_m_000002",
    "startTime" : 1575701856743,
    "finishTime" : 1575702161551,
    "taskType" : "MAP",
    "taskStatus" : "SUCCESS",
    "attempts" : [ {
      "attemptID" : "attempt_1572946766556_1083_m_000002_0",
      "result" : "SUCCESS",
      "startTime" : 1575701858899,
      "finishTime" : 1575702161551,
      "hostName" : "/default-rack/slave3",
      "hdfsBytesRead" : 7676204,
      "hdfsBytesWritten" : 0,
      "fileBytesRead" : 5172327017,
      "fileBytesWritten" : 7832590947,
      "mapInputRecords" : 3964,
      "mapInputBytes" : -1,
      "mapOutputBytes" : 2508184176,
      "mapOutputRecords" : 81564432,
      "combineInputRecords" : 0,
      "reduceInputGroups" : -1,
      "reduceInputRecords" : -1,
      "reduceShuffleBytes" : -1,
      "reduceOutputRecords" : -1,
      "spilledRecords" : 239676086,
      "shuffleFinished" : -1,
      "sortFinished" : -1,
      "location" : {
        "layers" : [ "default-rack", "slave3" ]
      },
      "clockSplits" : [ 7367, 10243, 142079, 17579, 11911, 4695, 1948, 9647, 23737, 24147, 23890, 25393 ],
      "cpuUsages" : [ 13601, 22058, 270001, 33732, 23937, 11927, 4081, 16547, 36387, 35214, 35821, 38324 ],
      "physMemKbytes" : [ 130512, 279501, 287995, 302233, 302325, 303811, 304416, 304418, 309317, 309387, 309553, 310861 ],
      "resourceUsageMetrics" : {
        "cumulativeCpuUsage" : 541630,
        "virtualMemoryUsage" : 2124369920,
        "physicalMemoryUsage" : 318517248,
        "heapUsage" : 209190912
      },
      "vmemKbytes" : [ 974888, 2066267, 2069972, 2069971, 2069972, 2069971, 2069972, 2069971, 2073308, 2073552, 2073551, 2073599 ]
    } ],
    "preferredLocations" : [ ]
  } ],
  "reduceTasks" : [ {
    "inputBytes" : 2658198729,
    "inputRecords" : 79679848,
    "outputBytes" : 1608561436,
    "outputRecords" : 67589773,
    "taskID" : "task_1572946766556_1083_r_000000",
    "startTime" : 1575701856744,
    "finishTime" : 1575702359593,
    "taskType" : "REDUCE",
    "taskStatus" : "SUCCESS",
    "attempts" : [ {
      "attemptID" : "attempt_1572946766556_1083_r_000000_0",
      "result" : "SUCCESS",
      "startTime" : 1575702086231,
      "finishTime" : 1575702359593,
      "hostName" : "/default-rack/slave3",
      "hdfsBytesRead" : 0,
      "hdfsBytesWritten" : 1608561436,
      "fileBytesRead" : 2658198729,
      "fileBytesWritten" : 2658322826,
      "mapInputRecords" : -1,
      "mapInputBytes" : -1,
      "mapOutputBytes" : -1,
      "mapOutputRecords" : -1,
      "combineInputRecords" : 0,
      "reduceInputGroups" : 67589773,
      "reduceInputRecords" : 79679848,
      "reduceShuffleBytes" : 2658198729,
      "reduceOutputRecords" : 67589773,
      "spilledRecords" : 79679848,
      "shuffleFinished" : 1575702217519,
      "sortFinished" : 1575702217545,
      "location" : {
        "layers" : [ "default-rack", "slave3" ]
      },
      "clockSplits" : [ 19234, 57018, 55137, 222, 223, 222, 222, 223, 34764, 35195, 34989, 35900 ],
      "cpuUsages" : [ 6062, 3357, 2386, 1098, 1097, 1097, 1097, 1098, 63241, 61088, 58912, 61157 ],
      "physMemKbytes" : [ 165897, 170428, 171460, 173860, 182517, 191172, 199829, 208484, 223857, 225287, 228392, 232089 ],
      "resourceUsageMetrics" : {
        "cumulativeCpuUsage" : 261690,
        "virtualMemoryUsage" : 2131632128,
        "physicalMemoryUsage" : 240926720,
        "heapUsage" : 137363456
      },
      "vmemKbytes" : [ 2071760, 2077002, 2079704, 2080838, 2082297, 2083755, 2085214, 2086673, 2082065, 2081672, 2081671, 2081672 ]
    } ],
    "preferredLocations" : [ ]
  }, {
    "inputBytes" : 2658695084,
    "inputRecords" : 79694574,
    "outputBytes" : 1608820777,
    "outputRecords" : 67600228,
    "taskID" : "task_1572946766556_1083_r_000001",
    "startTime" : 1575701856744,
    "finishTime" : 1575702378544,
    "taskType" : "REDUCE",
    "taskStatus" : "SUCCESS",
    "attempts" : [ {
      "attemptID" : "attempt_1572946766556_1083_r_000001_0",
      "result" : "SUCCESS",
      "startTime" : 1575702086242,
      "finishTime" : 1575702378544,
      "hostName" : "/default-rack/slave1",
      "hdfsBytesRead" : 0,
      "hdfsBytesWritten" : 1608820777,
      "fileBytesRead" : 2658695084,
      "fileBytesWritten" : 2658819181,
      "mapInputRecords" : -1,
      "mapInputBytes" : -1,
      "mapOutputBytes" : -1,
      "mapOutputRecords" : -1,
      "combineInputRecords" : 0,
      "reduceInputGroups" : 67600228,
      "reduceInputRecords" : 79694574,
      "reduceShuffleBytes" : 2658695084,
      "reduceOutputRecords" : 67600228,
      "spilledRecords" : 79694574,
      "shuffleFinished" : 1575702236319,
      "sortFinished" : 1575702236352,
      "location" : {
        "layers" : [ "default-rack", "slave1" ]
      },
      "clockSplits" : [ 19552, 69193, 61422, 185, 185, 184, 185, 185, 35013, 34888, 35235, 36063 ],
      "cpuUsages" : [ 7782, 7612, 9979, 942, 942, 941, 942, 941, 64365, 63090, 63208, 64406 ],
      "physMemKbytes" : [ 167826, 171362, 169923, 168396, 175723, 183049, 190376, 197703, 221469, 228506, 230880, 236422 ],
      "resourceUsageMetrics" : {
        "cumulativeCpuUsage" : 285150,
        "virtualMemoryUsage" : 2150576128,
        "physicalMemoryUsage" : 243597312,
        "heapUsage" : 138412032
      },
      "vmemKbytes" : [ 2074784, 2077802, 2079388, 2080457, 2081834, 2083209, 2084585, 2085960, 2098350, 2100172, 2100171, 2100172 ]
    } ],
    "preferredLocations" : [ ]
  }, {
    "inputBytes" : 2658326038,
    "inputRecords" : 79683598,
    "outputBytes" : 1608699243,
    "outputRecords" : 67595139,
    "taskID" : "task_1572946766556_1083_r_000002",
    "startTime" : 1575701856744,
    "finishTime" : 1575702374519,
    "taskType" : "REDUCE",
    "taskStatus" : "SUCCESS",
    "attempts" : [ {
      "attemptID" : "attempt_1572946766556_1083_r_000002_0",
      "result" : "SUCCESS",
      "startTime" : 1575702086234,
      "finishTime" : 1575702374519,
      "hostName" : "/default-rack/slave5",
      "hdfsBytesRead" : 0,
      "hdfsBytesWritten" : 1608699243,
      "fileBytesRead" : 2658326038,
      "fileBytesWritten" : 2658450135,
      "mapInputRecords" : -1,
      "mapInputBytes" : -1,
      "mapOutputBytes" : -1,
      "mapOutputRecords" : -1,
      "combineInputRecords" : 0,
      "reduceInputGroups" : 67595139,
      "reduceInputRecords" : 79683598,
      "reduceShuffleBytes" : 2658326038,
      "reduceOutputRecords" : 67595139,
      "spilledRecords" : 79683598,
      "shuffleFinished" : 1575702235976,
      "sortFinished" : 1575702236003,
      "location" : {
        "layers" : [ "default-rack", "slave5" ]
      },
      "clockSplits" : [ 19454, 72234, 58155, 232, 232, 232, 232, 232, 33581, 34417, 34309, 34959 ],
      "cpuUsages" : [ 8259, 8965, 10578, 1239, 1239, 1239, 1239, 1239, 58974, 59728, 57831, 58870 ],
      "physMemKbytes" : [ 164545, 168032, 167295, 169679, 179922, 190165, 200408, 210651, 226280, 229109, 231759, 233920 ],
      "resourceUsageMetrics" : {
        "cumulativeCpuUsage" : 269400,
        "virtualMemoryUsage" : 2145030144,
        "physicalMemoryUsage" : 241397760,
        "heapUsage" : 133693440
      },
      "vmemKbytes" : [ 2072283, 2072284, 2072516, 2075777, 2079970, 2084163, 2088356, 2092549, 2094754, 2094756, 2094755, 2094756 ]
    } ],
    "preferredLocations" : [ ]
  } ],
  "otherTasks" : [ ],
  "successfulMapAttemptCDFs" : [ {
    "numberValues" : 0,
    "minimum" : -9223372036854775808,
    "rankings" : [ ],
    "maximum" : 9223372036854775807
  }, {
    "numberValues" : 0,
    "minimum" : -9223372036854775808,
    "rankings" : [ ],
    "maximum" : 9223372036854775807
  }, {
    "numberValues" : 0,
    "minimum" : -9223372036854775808,
    "rankings" : [ ],
    "maximum" : 9223372036854775807
  }, {
    "numberValues" : 3,
    "minimum" : 224794,
    "rankings" : [ {
      "relativeRanking" : 0.05,
      "datum" : 224794
    }, {
      "relativeRanking" : 0.1,
      "datum" : 224794
    }, {
      "relativeRanking" : 0.15,
      "datum" : 224794
    }, {
      "relativeRanking" : 0.2,
      "datum" : 224794
    }, {
      "relativeRanking" : 0.25,
      "datum" : 224794
    }, {
      "relativeRanking" : 0.3,
      "datum" : 224794
    }, {
      "relativeRanking" : 0.35,
      "datum" : 224794
    }, {
      "relativeRanking" : 0.4,
      "datum" : 224794
    }, {
      "relativeRanking" : 0.45,
      "datum" : 224794
    }, {
      "relativeRanking" : 0.5,
      "datum" : 224794
    }, {
      "relativeRanking" : 0.55,
      "datum" : 224794
    }, {
      "relativeRanking" : 0.6,
      "datum" : 224794
    }, {
      "relativeRanking" : 0.65,
      "datum" : 224794
    }, {
      "relativeRanking" : 0.7,
      "datum" : 302652
    }, {
      "relativeRanking" : 0.75,
      "datum" : 302652
    }, {
      "relativeRanking" : 0.8,
      "datum" : 302652
    }, {
      "relativeRanking" : 0.85,
      "datum" : 302652
    }, {
      "relativeRanking" : 0.9,
      "datum" : 302652
    }, {
      "relativeRanking" : 0.95,
      "datum" : 302652
    } ],
    "maximum" : 356694
  } ],
  "failedMapAttemptCDFs" : [ {
    "numberValues" : 0,
    "minimum" : -9223372036854775808,
    "rankings" : [ ],
    "maximum" : 9223372036854775807
  }, {
    "numberValues" : 0,
    "minimum" : -9223372036854775808,
    "rankings" : [ ],
    "maximum" : 9223372036854775807
  }, {
    "numberValues" : 0,
    "minimum" : -9223372036854775808,
    "rankings" : [ ],
    "maximum" : 9223372036854775807
  }, {
    "numberValues" : 0,
    "minimum" : -9223372036854775808,
    "rankings" : [ ],
    "maximum" : 9223372036854775807
  } ],
  "successfulReduceAttemptCDF" : {
    "numberValues" : 3,
    "minimum" : 273362,
    "rankings" : [ {
      "relativeRanking" : 0.05,
      "datum" : 273362
    }, {
      "relativeRanking" : 0.1,
      "datum" : 273362
    }, {
      "relativeRanking" : 0.15,
      "datum" : 273362
    }, {
      "relativeRanking" : 0.2,
      "datum" : 273362
    }, {
      "relativeRanking" : 0.25,
      "datum" : 273362
    }, {
      "relativeRanking" : 0.3,
      "datum" : 273362
    }, {
      "relativeRanking" : 0.35,
      "datum" : 273362
    }, {
      "relativeRanking" : 0.4,
      "datum" : 273362
    }, {
      "relativeRanking" : 0.45,
      "datum" : 273362
    }, {
      "relativeRanking" : 0.5,
      "datum" : 273362
    }, {
      "relativeRanking" : 0.55,
      "datum" : 273362
    }, {
      "relativeRanking" : 0.6,
      "datum" : 273362
    }, {
      "relativeRanking" : 0.65,
      "datum" : 273362
    }, {
      "relativeRanking" : 0.7,
      "datum" : 288285
    }, {
      "relativeRanking" : 0.75,
      "datum" : 288285
    }, {
      "relativeRanking" : 0.8,
      "datum" : 288285
    }, {
      "relativeRanking" : 0.85,
      "datum" : 288285
    }, {
      "relativeRanking" : 0.9,
      "datum" : 288285
    }, {
      "relativeRanking" : 0.95,
      "datum" : 288285
    } ],
    "maximum" : 292302
  },
  "failedReduceAttemptCDF" : {
    "numberValues" : 0,
    "minimum" : -9223372036854775808,
    "rankings" : [ ],
    "maximum" : 9223372036854775807
  },
  "queue" : "default",
  "jobName" : "CAC_Count-[1575701715368-Similarity2-END]",
  "clusterMapMB" : -1,
  "clusterReduceMB" : -1,
  "jobMapMB" : -1,
  "jobReduceMB" : -1,
  "relativeTime" : 0,
  "mapperTriesToSucceed" : [ 1.0 ],
  "failedMapperFraction" : 0.0,
  "jobProperties" : { }
}