{
  "jobID" : "job_1572946766556_1082",
  "user" : "hadoop",
  "computonsPerMapInputByte" : -1,
  "computonsPerMapOutputByte" : -1,
  "computonsPerReduceInputByte" : -1,
  "computonsPerReduceOutputByte" : -1,
  "submitTime" : 1575701718017,
  "launchTime" : 1575701721494,
  "finishTime" : 1575701851003,
  "heapMegabytes" : -1,
  "totalMaps" : 2,
  "totalReduces" : 3,
  "outcome" : "SUCCESS",
  "jobtype" : "JAVA",
  "priority" : "NORMAL",
  "directDependantJobs" : [ ],
  "mapTasks" : [ {
    "inputBytes" : 7745257,
    "inputRecords" : 246569,
    "outputBytes" : 32289411,
    "outputRecords" : 934712,
    "taskID" : "task_1572946766556_1082_m_000000",
    "startTime" : 1575701721558,
    "finishTime" : 1575701783985,
    "taskType" : "MAP",
    "taskStatus" : "SUCCESS",
    "attempts" : [ {
      "attemptID" : "attempt_1572946766556_1082_m_000000_0",
      "result" : "SUCCESS",
      "startTime" : 1575701723705,
      "finishTime" : 1575701783985,
      "hostName" : "/default-rack/slave2",
      "hdfsBytesRead" : 7745257,
      "hdfsBytesWritten" : 0,
      "fileBytesRead" : 0,
      "fileBytesWritten" : 32289411,
      "mapInputRecords" : 246569,
      "mapInputBytes" : -1,
      "mapOutputBytes" : 30296128,
      "mapOutputRecords" : 934712,
      "combineInputRecords" : 0,
      "reduceInputGroups" : -1,
      "reduceInputRecords" : -1,
      "reduceShuffleBytes" : -1,
      "reduceOutputRecords" : -1,
      "spilledRecords" : 934712,
      "shuffleFinished" : -1,
      "sortFinished" : -1,
      "location" : {
        "layers" : [ "default-rack", "slave2" ]
      },
      "clockSplits" : [ 10619, 7569, 7232, 7052, 6778, 6626, 6656, 6571, 291, 291, 291, 292 ],
      "cpuUsages" : [ 122754, 112396, 104323, 100279, 99389, 96951, 97605, 83546, 4179, 4179, 4179, 4180 ],
      "physMemKbytes" : [ 220943, 346511, 355056, 357728, 364420, 363213, 360874, 355821, 353182, 349046, 344909, 340772 ],
      "resourceUsageMetrics" : {
        "cumulativeCpuUsage" : 833960,
        "virtualMemoryUsage" : 2122645504,
        "physicalMemoryUsage" : 346832896,
        "heapUsage" : 175112192
      },
      "vmemKbytes" : [ 1364925, 2074409, 2072896, 2072895, 2072896, 2072895, 2072896, 2072895, 2072896, 2072896, 2072895, 2072896 ]
    }, {
      "attemptID" : "attempt_1572946766556_1082_m_000000_1",
      "result" : "KILLED",
      "startTime" : 1575701736608,
      "finishTime" : 1575701784000,
      "hostName" : "/default-rack/slave4",
      "hdfsBytesRead" : 5243025,
      "hdfsBytesWritten" : 0,
      "fileBytesRead" : 0,
      "fileBytesWritten" : 123761,
      "mapInputRecords" : 168661,
      "mapInputBytes" : -1,
      "mapOutputBytes" : 20238232,
      "mapOutputRecords" : 624025,
      "combineInputRecords" : 0,
      "reduceInputGroups" : -1,
      "reduceInputRecords" : -1,
      "reduceShuffleBytes" : -1,
      "reduceOutputRecords" : -1,
      "spilledRecords" : 0,
      "shuffleFinished" : -1,
      "sortFinished" : -1,
      "location" : {
        "layers" : [ "default-rack", "slave4" ]
      },
      "clockSplits" : [ 10784, 8522, 7883, 7507, 7601, 3168, 318, 319, 319, 319, 319, 319 ],
      "cpuUsages" : [ 158057, 143568, 134826, 126402, 130843, 50974, 0, 0, 0, 0, 0, 0 ],
      "physMemKbytes" : [ 240788, 364626, 362538, 360011, 367795, 363152, 361636, 361635, 361636, 361636, 361635, 361636 ],
      "resourceUsageMetrics" : {
        "cumulativeCpuUsage" : 744670,
        "virtualMemoryUsage" : 2121998336,
        "physicalMemoryUsage" : 370315264,
        "heapUsage" : 192937984
      },
      "vmemKbytes" : [ 1397511, 2072263, 2072264, 2072263, 2072264, 2072263, 2072264, 2072263, 2072264, 2072264, 2072263, 2072264 ]
    } ],
    "preferredLocations" : [ ]
  }, {
    "inputBytes" : 1279951,
    "inputRecords" : 32202,
    "outputBytes" : 4613252,
    "outputRecords" : 203769,
    "taskID" : "task_1572946766556_1082_m_000001",
    "startTime" : 1575701721560,
    "finishTime" : 1575701734894,
    "taskType" : "MAP",
    "taskStatus" : "SUCCESS",
    "attempts" : [ {
      "attemptID" : "attempt_1572946766556_1082_m_000001_0",
      "result" : "SUCCESS",
      "startTime" : 1575701723698,
      "finishTime" : 1575701734894,
      "hostName" : "/default-rack/slave3",
      "hdfsBytesRead" : 1279951,
      "hdfsBytesWritten" : 0,
      "fileBytesRead" : 0,
      "fileBytesWritten" : 4613252,
      "mapInputRecords" : 32202,
      "mapInputBytes" : -1,
      "mapOutputBytes" : 4081855,
      "mapOutputRecords" : 203769,
      "combineInputRecords" : 0,
      "reduceInputGroups" : -1,
      "reduceInputRecords" : -1,
      "reduceShuffleBytes" : -1,
      "reduceOutputRecords" : -1,
      "spilledRecords" : 203769,
      "shuffleFinished" : -1,
      "sortFinished" : -1,
      "location" : {
        "layers" : [ "default-rack", "slave3" ]
      },
      "clockSplits" : [ 1423, 1424, 1424, 1423, 1424, 3688, 60, 60, 60, 60, 60, 61 ],
      "cpuUsages" : [ 18512, 18512, 18512, 18512, 18512, 15032, 8176, 8177, 8176, 8176, 8176, 8177 ],
      "physMemKbytes" : [ 30272, 90816, 151360, 211904, 272449, 329526, 342344, 341699, 341054, 340409, 339764, 339119 ],
      "resourceUsageMetrics" : {
        "cumulativeCpuUsage" : 156650,
        "virtualMemoryUsage" : 2127081472,
        "physicalMemoryUsage" : 346927104,
        "heapUsage" : 192937984
      },
      "vmemKbytes" : [ 183392, 550176, 916961, 1283745, 1650530, 1996529, 2077228, 2077227, 2077228, 2077228, 2077227, 2077228 ]
    } ],
    "preferredLocations" : [ ]
  } ],
  "reduceTasks" : [ {
    "inputBytes" : 13316912,
    "inputRecords" : 412432,
    "outputBytes" : 9598928,
    "outputRecords" : 3960,
    "taskID" : "task_1572946766556_1082_r_000000",
    "startTime" : 1575701721561,
    "finishTime" : 1575701850938,
    "taskType" : "REDUCE",
    "taskStatus" : "SUCCESS",
    "attempts" : [ {
      "attemptID" : "attempt_1572946766556_1082_r_000000_0",
      "result" : "SUCCESS",
      "startTime" : 1575701737626,
      "finishTime" : 1575701850938,
      "hostName" : "/default-rack/slave3",
      "hdfsBytesRead" : 0,
      "hdfsBytesWritten" : 9598928,
      "fileBytesRead" : 13316906,
      "fileBytesWritten" : 13440644,
      "mapInputRecords" : -1,
      "mapInputBytes" : -1,
      "mapOutputBytes" : -1,
      "mapOutputRecords" : -1,
      "combineInputRecords" : 0,
      "reduceInputGroups" : 3960,
      "reduceInputRecords" : 412432,
      "reduceShuffleBytes" : 13316912,
      "reduceOutputRecords" : 3960,
      "spilledRecords" : 412432,
      "shuffleFinished" : 1575701784719,
      "sortFinished" : 1575701784942,
      "location" : {
        "layers" : [ "default-rack", "slave3" ]
      },
      "clockSplits" : [ 3886, 3887, 39363, 37, 37, 37, 37, 37, 5871, 22870, 19358, 17879 ],
      "cpuUsages" : [ 234, 235, 2172, 142, 141, 142, 142, 141, 22846, 85162, 68643, 64310 ],
      "physMemKbytes" : [ 41705, 125117, 179039, 178381, 177724, 177065, 176408, 175749, 215920, 252171, 264487, 264046 ],
      "resourceUsageMetrics" : {
        "cumulativeCpuUsage" : 244310,
        "virtualMemoryUsage" : 2132832256,
        "physicalMemoryUsage" : 269987840,
        "heapUsage" : 156762112
      },
      "vmemKbytes" : [ 518453, 1555361, 2084112, 2083128, 2082145, 2081160, 2080177, 2079192, 2082012, 2082844, 2082843, 2082844 ]
    } ],
    "preferredLocations" : [ ]
  }, {
    "inputBytes" : 10820170,
    "inputRecords" : 331716,
    "outputBytes" : 7676048,
    "outputRecords" : 3964,
    "taskID" : "task_1572946766556_1082_r_000001",
    "startTime" : 1575701721561,
    "finishTime" : 1575701824049,
    "taskType" : "REDUCE",
    "taskStatus" : "SUCCESS",
    "attempts" : [ {
      "attemptID" : "attempt_1572946766556_1082_r_000001_0",
      "result" : "SUCCESS",
      "startTime" : 1575701737629,
      "finishTime" : 1575701824049,
      "hostName" : "/default-rack/slave4",
      "hdfsBytesRead" : 0,
      "hdfsBytesWritten" : 7676048,
      "fileBytesRead" : 10820164,
      "fileBytesWritten" : 10943902,
      "mapInputRecords" : -1,
      "mapInputBytes" : -1,
      "mapOutputBytes" : -1,
      "mapOutputRecords" : -1,
      "combineInputRecords" : 0,
      "reduceInputGroups" : 3964,
      "reduceInputRecords" : 331716,
      "reduceShuffleBytes" : 10820170,
      "reduceOutputRecords" : 3964,
      "spilledRecords" : 331716,
      "shuffleFinished" : 1575701784805,
      "sortFinished" : 1575701784995,
      "location" : {
        "layers" : [ "default-rack", "slave4" ]
      },
      "clockSplits" : [ 3939, 3940, 39330, 32, 32, 32, 32, 31, 4823, 19952, 7824, 6440 ],
      "cpuUsages" : [ 229, 230, 1832, 122, 121, 122, 122, 121, 20325, 75808, 27721, 23037 ],
      "physMemKbytes" : [ 40785, 122357, 180256, 178928, 177601, 176272, 174945, 173616, 210416, 245741, 254346, 254205 ],
      "resourceUsageMetrics" : {
        "cumulativeCpuUsage" : 149790,
        "virtualMemoryUsage" : 2127269888,
        "physicalMemoryUsage" : 260403200,
        "heapUsage" : 146276352
      },
      "vmemKbytes" : [ 518454, 1555364, 2073838, 2073875, 2073912, 2073949, 2073987, 2074024, 2076417, 2077412, 2077411, 2077412 ]
    } ],
    "preferredLocations" : [ ]
  }, {
    "inputBytes" : 12517899,
    "inputRecords" : 394333,
    "outputBytes" : 8988289,
    "outputRecords" : 3919,
    "taskID" : "task_1572946766556_1082_r_000002",
    "startTime" : 1575701721561,
    "finishTime" : 1575701830122,
    "taskType" : "REDUCE",
    "taskStatus" : "SUCCESS",
    "attempts" : [ {
      "attemptID" : "attempt_1572946766556_1082_r_000002_0",
      "result" : "SUCCESS",
      "startTime" : 1575701737631,
      "finishTime" : 1575701830122,
      "hostName" : "/default-rack/slave1",
      "hdfsBytesRead" : 0,
      "hdfsBytesWritten" : 8988289,
      "fileBytesRead" : 12517893,
      "fileBytesWritten" : 12641631,
      "mapInputRecords" : -1,
      "mapInputBytes" : -1,
      "mapOutputBytes" : -1,
      "mapOutputRecords" : -1,
      "combineInputRecords" : 0,
      "reduceInputGroups" : 3919,
      "reduceInputRecords" : 394333,
      "reduceShuffleBytes" : 12517899,
      "reduceOutputRecords" : 3919,
      "spilledRecords" : 394333,
      "shuffleFinished" : 1575701784876,
      "sortFinished" : 1575701785103,
      "location" : {
        "layers" : [ "default-rack", "slave1" ]
      },
      "clockSplits" : [ 3963, 3963, 39357, 38, 38, 38, 38, 37, 5615, 17431, 14883, 7077 ],
      "cpuUsages" : [ 289, 290, 1804, 123, 123, 124, 123, 123, 22700, 69090, 55434, 28577 ],
      "physMemKbytes" : [ 41035, 123107, 176049, 174293, 172537, 170780, 169023, 167266, 212652, 242913, 251093, 254702 ],
      "resourceUsageMetrics" : {
        "cumulativeCpuUsage" : 178800,
        "virtualMemoryUsage" : 2129248256,
        "physicalMemoryUsage" : 261292032,
        "heapUsage" : 145752064
      },
      "vmemKbytes" : [ 518327, 1554983, 2073311, 2073311, 2073312, 2073311, 2073312, 2073311, 2077681, 2079344, 2079343, 2079344 ]
    } ],
    "preferredLocations" : [ ]
  } ],
  "otherTasks" : [ ],
  "successfulMapAttemptCDFs" : [ {
    "numberValues" : 0,
    "minimum" : -9223372036854775808,
    "rankings" : [ ],
    "maximum" : 9223372036854775807
  }, {
    "numberValues" : 0,
    "minimum" : -9223372036854775808,
    "rankings" : [ ],
    "maximum" : 9223372036854775807
  }, {
    "numberValues" : 0,
    "minimum" : -9223372036854775808,
    "rankings" : [ ],
    "maximum" : 9223372036854775807
  }, {
    "numberValues" : 2,
    "minimum" : 11196,
    "rankings" : [ {
      "relativeRanking" : 0.05,
      "datum" : 11196
    }, {
      "relativeRanking" : 0.1,
      "datum" : 11196
    }, {
      "relativeRanking" : 0.15,
      "datum" : 11196
    }, {
      "relativeRanking" : 0.2,
      "datum" : 11196
    }, {
      "relativeRanking" : 0.25,
      "datum" : 11196
    }, {
      "relativeRanking" : 0.3,
      "datum" : 11196
    }, {
      "relativeRanking" : 0.35,
      "datum" : 11196
    }, {
      "relativeRanking" : 0.4,
      "datum" : 11196
    }, {
      "relativeRanking" : 0.45,
      "datum" : 11196
    }, {
      "relativeRanking" : 0.5,
      "datum" : 11196
    }, {
      "relativeRanking" : 0.55,
      "datum" : 11196
    }, {
      "relativeRanking" : 0.6,
      "datum" : 11196
    }, {
      "relativeRanking" : 0.65,
      "datum" : 11196
    }, {
      "relativeRanking" : 0.7,
      "datum" : 11196
    }, {
      "relativeRanking" : 0.75,
      "datum" : 11196
    }, {
      "relativeRanking" : 0.8,
      "datum" : 11196
    }, {
      "relativeRanking" : 0.85,
      "datum" : 11196
    }, {
      "relativeRanking" : 0.9,
      "datum" : 11196
    }, {
      "relativeRanking" : 0.95,
      "datum" : 11196
    } ],
    "maximum" : 60280
  } ],
  "failedMapAttemptCDFs" : [ {
    "numberValues" : 0,
    "minimum" : -9223372036854775808,
    "rankings" : [ ],
    "maximum" : 9223372036854775807
  }, {
    "numberValues" : 0,
    "minimum" : -9223372036854775808,
    "rankings" : [ ],
    "maximum" : 9223372036854775807
  }, {
    "numberValues" : 0,
    "minimum" : -9223372036854775808,
    "rankings" : [ ],
    "maximum" : 9223372036854775807
  }, {
    "numberValues" : 0,
    "minimum" : -9223372036854775808,
    "rankings" : [ ],
    "maximum" : 9223372036854775807
  } ],
  "successfulReduceAttemptCDF" : {
    "numberValues" : 3,
    "minimum" : 86420,
    "rankings" : [ {
      "relativeRanking" : 0.05,
      "datum" : 86420
    }, {
      "relativeRanking" : 0.1,
      "datum" : 86420
    }, {
      "relativeRanking" : 0.15,
      "datum" : 86420
    }, {
      "relativeRanking" : 0.2,
      "datum" : 86420
    }, {
      "relativeRanking" : 0.25,
      "datum" : 86420
    }, {
      "relativeRanking" : 0.3,
      "datum" : 86420
    }, {
      "relativeRanking" : 0.35,
      "datum" : 86420
    }, {
      "relativeRanking" : 0.4,
      "datum" : 86420
    }, {
      "relativeRanking" : 0.45,
      "datum" : 86420
    }, {
      "relativeRanking" : 0.5,
      "datum" : 86420
    }, {
      "relativeRanking" : 0.55,
      "datum" : 86420
    }, {
      "relativeRanking" : 0.6,
      "datum" : 86420
    }, {
      "relativeRanking" : 0.65,
      "datum" : 86420
    }, {
      "relativeRanking" : 0.7,
      "datum" : 92491
    }, {
      "relativeRanking" : 0.75,
      "datum" : 92491
    }, {
      "relativeRanking" : 0.8,
      "datum" : 92491
    }, {
      "relativeRanking" : 0.85,
      "datum" : 92491
    }, {
      "relativeRanking" : 0.9,
      "datum" : 92491
    }, {
      "relativeRanking" : 0.95,
      "datum" : 92491
    } ],
    "maximum" : 113312
  },
  "failedReduceAttemptCDF" : {
    "numberValues" : 0,
    "minimum" : -9223372036854775808,
    "rankings" : [ ],
    "maximum" : 9223372036854775807
  },
  "queue" : "default",
  "jobName" : "CAC_Count-[1575701715368-Indexing1]",
  "clusterMapMB" : -1,
  "clusterReduceMB" : -1,
  "jobMapMB" : -1,
  "jobReduceMB" : -1,
  "relativeTime" : 0,
  "mapperTriesToSucceed" : [ 1.0 ],
  "failedMapperFraction" : 0.0,
  "jobProperties" : { }
}