{
  "jobID" : "job_1572946766556_0702",
  "user" : "hadoop",
  "computonsPerMapInputByte" : -1,
  "computonsPerMapOutputByte" : -1,
  "computonsPerReduceInputByte" : -1,
  "computonsPerReduceOutputByte" : -1,
  "submitTime" : 1575464395847,
  "launchTime" : 1575464399262,
  "finishTime" : 1575464421864,
  "heapMegabytes" : -1,
  "totalMaps" : 2,
  "totalReduces" : 5,
  "outcome" : "SUCCESS",
  "jobtype" : "JAVA",
  "priority" : "NORMAL",
  "directDependantJobs" : [ ],
  "mapTasks" : [ {
    "inputBytes" : 79565870,
    "inputRecords" : 2570811,
    "outputBytes" : 140958940,
    "outputRecords" : 2570810,
    "taskID" : "task_1572946766556_0702_m_000000",
    "startTime" : 1575464399378,
    "finishTime" : 1575464414301,
    "taskType" : "MAP",
    "taskStatus" : "SUCCESS",
    "attempts" : [ {
      "attemptID" : "attempt_1572946766556_0702_m_000000_0",
      "result" : "SUCCESS",
      "startTime" : 1575464401521,
      "finishTime" : 1575464414301,
      "hostName" : "/default-rack/slave5",
      "hdfsBytesRead" : 79565870,
      "hdfsBytesWritten" : 0,
      "fileBytesRead" : 71044600,
      "fileBytesWritten" : 140958940,
      "mapInputRecords" : 2570811,
      "mapInputBytes" : -1,
      "mapOutputBytes" : 65275490,
      "mapOutputRecords" : 2570810,
      "combineInputRecords" : 0,
      "reduceInputGroups" : -1,
      "reduceInputRecords" : -1,
      "reduceShuffleBytes" : -1,
      "reduceOutputRecords" : -1,
      "spilledRecords" : 5141620,
      "shuffleFinished" : -1,
      "sortFinished" : -1,
      "location" : {
        "layers" : [ "default-rack", "slave5" ]
      },
      "clockSplits" : [ 1066, 1066, 1066, 1066, 1066, 1066, 1066, 3443, 469, 463, 463, 463 ],
      "cpuUsages" : [ 2220, 2221, 2221, 2221, 2221, 2221, 2221, 5235, 991, 966, 966, 966 ],
      "physMemKbytes" : [ 18944, 56833, 94722, 132611, 170500, 208389, 246279, 277361, 280962, 281192, 281421, 281652 ],
      "vmemKbytes" : [ 140202, 420606, 701011, 981415, 1261820, 1542225, 1822630, 2050644, 2072210, 2072982, 2073753, 2074526 ],
      "resourceUsageMetrics" : {
        "cumulativeCpuUsage" : 24670,
        "virtualMemoryUsage" : 2124709888,
        "physicalMemoryUsage" : 288530432,
        "heapUsage" : 208666624
      }
    } ],
    "preferredLocations" : [ ]
  }, {
    "inputBytes" : 63092039,
    "inputRecords" : 1299730,
    "outputBytes" : 144540684,
    "outputRecords" : 1299729,
    "taskID" : "task_1572946766556_0702_m_000001",
    "startTime" : 1575464399381,
    "finishTime" : 1575464408738,
    "taskType" : "MAP",
    "taskStatus" : "SUCCESS",
    "attempts" : [ {
      "attemptID" : "attempt_1572946766556_0702_m_000001_0",
      "result" : "SUCCESS",
      "startTime" : 1575464401528,
      "finishTime" : 1575464408738,
      "hostName" : "/default-rack/slave5",
      "hdfsBytesRead" : 63092039,
      "hdfsBytesWritten" : 0,
      "fileBytesRead" : 72655756,
      "fileBytesWritten" : 144540684,
      "mapInputRecords" : 1299730,
      "mapInputBytes" : -1,
      "mapOutputBytes" : 69599284,
      "mapOutputRecords" : 1299729,
      "combineInputRecords" : 0,
      "reduceInputGroups" : -1,
      "reduceInputRecords" : -1,
      "reduceShuffleBytes" : -1,
      "reduceOutputRecords" : -1,
      "spilledRecords" : 2599458,
      "shuffleFinished" : -1,
      "sortFinished" : -1,
      "location" : {
        "layers" : [ "default-rack", "slave5" ]
      },
      "clockSplits" : [ 4446, 248, 249, 248, 249, 248, 248, 249, 248, 249, 248, 249 ],
      "cpuUsages" : [ 978, 978, 979, 978, 978, 979, 978, 978, 979, 978, 978, 979 ],
      "physMemKbytes" : [ 12193, 36580, 60968, 85355, 109742, 134129, 158517, 182904, 207292, 231679, 256066, 280454 ],
      "vmemKbytes" : [ 86486, 259459, 432434, 605407, 778381, 951354, 1124328, 1297301, 1470276, 1643249, 1816222, 1989197 ],
      "resourceUsageMetrics" : {
        "cumulativeCpuUsage" : 11740,
        "virtualMemoryUsage" : 2125500416,
        "physicalMemoryUsage" : 299671552,
        "heapUsage" : 206045184
      }
    } ],
    "preferredLocations" : [ ]
  } ],
  "reduceTasks" : [ {
    "inputBytes" : 28301694,
    "inputRecords" : 767248,
    "outputBytes" : 92921883,
    "outputRecords" : 1499523,
    "taskID" : "task_1572946766556_0702_r_000000",
    "startTime" : 1575464399382,
    "finishTime" : 1575464421284,
    "taskType" : "REDUCE",
    "taskStatus" : "SUCCESS",
    "attempts" : [ {
      "attemptID" : "attempt_1572946766556_0702_r_000000_0",
      "result" : "SUCCESS",
      "startTime" : 1575464411441,
      "finishTime" : 1575464421284,
      "hostName" : "/default-rack/slave5",
      "hdfsBytesRead" : 0,
      "hdfsBytesWritten" : 92921883,
      "fileBytesRead" : 28301688,
      "fileBytesWritten" : 28426167,
      "mapInputRecords" : -1,
      "mapInputBytes" : -1,
      "mapOutputBytes" : -1,
      "mapOutputRecords" : -1,
      "combineInputRecords" : 0,
      "reduceInputGroups" : 86038,
      "reduceInputRecords" : 767248,
      "reduceShuffleBytes" : 28301694,
      "reduceOutputRecords" : 1499523,
      "spilledRecords" : 767248,
      "shuffleFinished" : 1575464415396,
      "sortFinished" : 1575464415845,
      "location" : {
        "layers" : [ "default-rack", "slave5" ]
      },
      "clockSplits" : [ 4704, 325, 325, 325, 324, 325, 325, 325, 324, 325, 826, 1377 ],
      "cpuUsages" : [ 925, 925, 926, 925, 926, 925, 926, 925, 926, 925, 1640, 2426 ],
      "physMemKbytes" : [ 9419, 28259, 47099, 65938, 84779, 103618, 122459, 141298, 160138, 178978, 195795, 199214 ],
      "vmemKbytes" : [ 99054, 297162, 495270, 693377, 891486, 1089594, 1287703, 1485810, 1683919, 1882028, 2057718, 2084944 ],
      "resourceUsageMetrics" : {
        "cumulativeCpuUsage" : 13320,
        "virtualMemoryUsage" : 2134982656,
        "physicalMemoryUsage" : 204488704,
        "heapUsage" : 133169152
      }
    } ],
    "preferredLocations" : [ ]
  }, {
    "inputBytes" : 28473030,
    "inputRecords" : 774394,
    "outputBytes" : 93470287,
    "outputRecords" : 1510425,
    "taskID" : "task_1572946766556_0702_r_000001",
    "startTime" : 1575464399382,
    "finishTime" : 1575464421549,
    "taskType" : "REDUCE",
    "taskStatus" : "SUCCESS",
    "attempts" : [ {
      "attemptID" : "attempt_1572946766556_0702_r_000001_0",
      "result" : "SUCCESS",
      "startTime" : 1575464411450,
      "finishTime" : 1575464421549,
      "hostName" : "/default-rack/slave4",
      "hdfsBytesRead" : 0,
      "hdfsBytesWritten" : 93470287,
      "fileBytesRead" : 28473024,
      "fileBytesWritten" : 28597503,
      "mapInputRecords" : -1,
      "mapInputBytes" : -1,
      "mapOutputBytes" : -1,
      "mapOutputRecords" : -1,
      "combineInputRecords" : 0,
      "reduceInputGroups" : 86359,
      "reduceInputRecords" : 774394,
      "reduceShuffleBytes" : 28473030,
      "reduceOutputRecords" : 1510425,
      "spilledRecords" : 774394,
      "shuffleFinished" : 1575464415395,
      "sortFinished" : 1575464415849,
      "location" : {
        "layers" : [ "default-rack", "slave4" ]
      },
      "clockSplits" : [ 4730, 326, 326, 327, 326, 326, 327, 326, 326, 327, 1027, 1398 ],
      "cpuUsages" : [ 912, 912, 913, 912, 913, 912, 912, 913, 912, 913, 1849, 2347 ],
      "physMemKbytes" : [ 9175, 27525, 45876, 64227, 82578, 100928, 119279, 137630, 155981, 174332, 188872, 190468 ],
      "vmemKbytes" : [ 100581, 301743, 502906, 704069, 905232, 1106394, 1307557, 1508720, 1709883, 1911046, 2069208, 2081260 ],
      "resourceUsageMetrics" : {
        "cumulativeCpuUsage" : 13320,
        "virtualMemoryUsage" : 2131210240,
        "physicalMemoryUsage" : 195309568,
        "heapUsage" : 134217728
      }
    } ],
    "preferredLocations" : [ ]
  }, {
    "inputBytes" : 28549375,
    "inputRecords" : 773436,
    "outputBytes" : 93480774,
    "outputRecords" : 1513228,
    "taskID" : "task_1572946766556_0702_r_000002",
    "startTime" : 1575464399382,
    "finishTime" : 1575464420937,
    "taskType" : "REDUCE",
    "taskStatus" : "SUCCESS",
    "attempts" : [ {
      "attemptID" : "attempt_1572946766556_0702_r_000002_0",
      "result" : "SUCCESS",
      "startTime" : 1575464411451,
      "finishTime" : 1575464420937,
      "hostName" : "/default-rack/slave3",
      "hdfsBytesRead" : 0,
      "hdfsBytesWritten" : 93480774,
      "fileBytesRead" : 28549369,
      "fileBytesWritten" : 28673848,
      "mapInputRecords" : -1,
      "mapInputBytes" : -1,
      "mapOutputBytes" : -1,
      "mapOutputRecords" : -1,
      "combineInputRecords" : 0,
      "reduceInputGroups" : 86665,
      "reduceInputRecords" : 773436,
      "reduceShuffleBytes" : 28549375,
      "reduceOutputRecords" : 1513228,
      "spilledRecords" : 773436,
      "shuffleFinished" : 1575464414746,
      "sortFinished" : 1575464415193,
      "location" : {
        "layers" : [ "default-rack", "slave3" ]
      },
      "clockSplits" : [ 4094, 387, 387, 387, 387, 387, 387, 386, 387, 387, 408, 1488 ],
      "cpuUsages" : [ 1067, 1067, 1067, 1068, 1067, 1067, 1068, 1067, 1067, 1068, 1093, 2414 ],
      "physMemKbytes" : [ 9390, 28170, 46950, 65729, 84510, 103289, 122070, 140850, 159631, 178411, 197187, 206525 ],
      "vmemKbytes" : [ 94904, 284713, 474522, 664331, 854140, 1043949, 1233758, 1423567, 1613376, 1803185, 1992959, 2084244 ],
      "resourceUsageMetrics" : {
        "cumulativeCpuUsage" : 14180,
        "virtualMemoryUsage" : 2134265856,
        "physicalMemoryUsage" : 211783680,
        "heapUsage" : 137887744
      }
    } ],
    "preferredLocations" : [ ]
  }, {
    "inputBytes" : 28681925,
    "inputRecords" : 778010,
    "outputBytes" : 94147947,
    "outputRecords" : 1520181,
    "taskID" : "task_1572946766556_0702_r_000003",
    "startTime" : 1575464399382,
    "finishTime" : 1575464420848,
    "taskType" : "REDUCE",
    "taskStatus" : "SUCCESS",
    "attempts" : [ {
      "attemptID" : "attempt_1572946766556_0702_r_000003_0",
      "result" : "SUCCESS",
      "startTime" : 1575464411446,
      "finishTime" : 1575464420848,
      "hostName" : "/default-rack/slave1",
      "hdfsBytesRead" : 0,
      "hdfsBytesWritten" : 94147947,
      "fileBytesRead" : 28681919,
      "fileBytesWritten" : 28806398,
      "mapInputRecords" : -1,
      "mapInputBytes" : -1,
      "mapOutputBytes" : -1,
      "mapOutputRecords" : -1,
      "combineInputRecords" : 0,
      "reduceInputGroups" : 86866,
      "reduceInputRecords" : 778010,
      "reduceShuffleBytes" : 28681925,
      "reduceOutputRecords" : 1520181,
      "spilledRecords" : 778010,
      "shuffleFinished" : 1575464414516,
      "sortFinished" : 1575464414949,
      "location" : {
        "layers" : [ "default-rack", "slave1" ]
      },
      "clockSplits" : [ 3872, 396, 396, 396, 396, 396, 396, 396, 397, 396, 405, 1546 ],
      "cpuUsages" : [ 1075, 1075, 1076, 1075, 1075, 1076, 1075, 1075, 1076, 1075, 1088, 2599 ],
      "physMemKbytes" : [ 8812, 26436, 44061, 61686, 79311, 96936, 114561, 132186, 149811, 167436, 185060, 193746 ],
      "vmemKbytes" : [ 94603, 283809, 473016, 662222, 851429, 1040635, 1229842, 1419048, 1608255, 1797462, 1986662, 2079704 ],
      "resourceUsageMetrics" : {
        "cumulativeCpuUsage" : 14440,
        "virtualMemoryUsage" : 2129616896,
        "physicalMemoryUsage" : 198414336,
        "heapUsage" : 137363456
      }
    } ],
    "preferredLocations" : [ ]
  }, {
    "inputBytes" : 28619128,
    "inputRecords" : 777451,
    "outputBytes" : 93871430,
    "outputRecords" : 1524411,
    "taskID" : "task_1572946766556_0702_r_000004",
    "startTime" : 1575464399382,
    "finishTime" : 1575464421778,
    "taskType" : "REDUCE",
    "taskStatus" : "SUCCESS",
    "attempts" : [ {
      "attemptID" : "attempt_1572946766556_0702_r_000004_0",
      "result" : "SUCCESS",
      "startTime" : 1575464411440,
      "finishTime" : 1575464421778,
      "hostName" : "/default-rack/slave2",
      "hdfsBytesRead" : 0,
      "hdfsBytesWritten" : 93871430,
      "fileBytesRead" : 28619122,
      "fileBytesWritten" : 28743601,
      "mapInputRecords" : -1,
      "mapInputBytes" : -1,
      "mapOutputBytes" : -1,
      "mapOutputRecords" : -1,
      "combineInputRecords" : 0,
      "reduceInputGroups" : 86543,
      "reduceInputRecords" : 777451,
      "reduceShuffleBytes" : 28619128,
      "reduceOutputRecords" : 1524411,
      "spilledRecords" : 777451,
      "shuffleFinished" : 1575464414734,
      "sortFinished" : 1575464415255,
      "location" : {
        "layers" : [ "default-rack", "slave2" ]
      },
      "clockSplits" : [ 4184, 395, 395, 394, 395, 395, 395, 394, 395, 395, 961, 1623 ],
      "cpuUsages" : [ 993, 993, 994, 993, 994, 993, 994, 993, 994, 993, 1716, 2560 ],
      "physMemKbytes" : [ 8814, 26444, 44074, 61703, 79334, 96963, 114594, 132223, 149854, 167484, 183286, 186218 ],
      "vmemKbytes" : [ 98654, 295963, 493272, 690581, 887890, 1085199, 1282508, 1479817, 1677126, 1874435, 2050586, 2077765 ],
      "resourceUsageMetrics" : {
        "cumulativeCpuUsage" : 14210,
        "virtualMemoryUsage" : 2126749696,
        "physicalMemoryUsage" : 190910464,
        "heapUsage" : 134217728
      }
    } ],
    "preferredLocations" : [ ]
  } ],
  "otherTasks" : [ ],
  "successfulMapAttemptCDFs" : [ {
    "numberValues" : 0,
    "minimum" : -9223372036854775808,
    "rankings" : [ ],
    "maximum" : 9223372036854775807
  }, {
    "numberValues" : 0,
    "minimum" : -9223372036854775808,
    "rankings" : [ ],
    "maximum" : 9223372036854775807
  }, {
    "numberValues" : 0,
    "minimum" : -9223372036854775808,
    "rankings" : [ ],
    "maximum" : 9223372036854775807
  }, {
    "numberValues" : 2,
    "minimum" : 7210,
    "rankings" : [ {
      "relativeRanking" : 0.05,
      "datum" : 7210
    }, {
      "relativeRanking" : 0.1,
      "datum" : 7210
    }, {
      "relativeRanking" : 0.15,
      "datum" : 7210
    }, {
      "relativeRanking" : 0.2,
      "datum" : 7210
    }, {
      "relativeRanking" : 0.25,
      "datum" : 7210
    }, {
      "relativeRanking" : 0.3,
      "datum" : 7210
    }, {
      "relativeRanking" : 0.35,
      "datum" : 7210
    }, {
      "relativeRanking" : 0.4,
      "datum" : 7210
    }, {
      "relativeRanking" : 0.45,
      "datum" : 7210
    }, {
      "relativeRanking" : 0.5,
      "datum" : 7210
    }, {
      "relativeRanking" : 0.55,
      "datum" : 7210
    }, {
      "relativeRanking" : 0.6,
      "datum" : 7210
    }, {
      "relativeRanking" : 0.65,
      "datum" : 7210
    }, {
      "relativeRanking" : 0.7,
      "datum" : 7210
    }, {
      "relativeRanking" : 0.75,
      "datum" : 7210
    }, {
      "relativeRanking" : 0.8,
      "datum" : 7210
    }, {
      "relativeRanking" : 0.85,
      "datum" : 7210
    }, {
      "relativeRanking" : 0.9,
      "datum" : 7210
    }, {
      "relativeRanking" : 0.95,
      "datum" : 7210
    } ],
    "maximum" : 12780
  } ],
  "failedMapAttemptCDFs" : [ {
    "numberValues" : 0,
    "minimum" : -9223372036854775808,
    "rankings" : [ ],
    "maximum" : 9223372036854775807
  }, {
    "numberValues" : 0,
    "minimum" : -9223372036854775808,
    "rankings" : [ ],
    "maximum" : 9223372036854775807
  }, {
    "numberValues" : 0,
    "minimum" : -9223372036854775808,
    "rankings" : [ ],
    "maximum" : 9223372036854775807
  }, {
    "numberValues" : 0,
    "minimum" : -9223372036854775808,
    "rankings" : [ ],
    "maximum" : 9223372036854775807
  } ],
  "successfulReduceAttemptCDF" : {
    "numberValues" : 5,
    "minimum" : 9402,
    "rankings" : [ {
      "relativeRanking" : 0.05,
      "datum" : 9402
    }, {
      "relativeRanking" : 0.1,
      "datum" : 9402
    }, {
      "relativeRanking" : 0.15,
      "datum" : 9402
    }, {
      "relativeRanking" : 0.2,
      "datum" : 9402
    }, {
      "relativeRanking" : 0.25,
      "datum" : 9402
    }, {
      "relativeRanking" : 0.3,
      "datum" : 9402
    }, {
      "relativeRanking" : 0.35,
      "datum" : 9402
    }, {
      "relativeRanking" : 0.4,
      "datum" : 9486
    }, {
      "relativeRanking" : 0.45,
      "datum" : 9486
    }, {
      "relativeRanking" : 0.5,
      "datum" : 9486
    }, {
      "relativeRanking" : 0.55,
      "datum" : 9486
    }, {
      "relativeRanking" : 0.6,
      "datum" : 9843
    }, {
      "relativeRanking" : 0.65,
      "datum" : 9843
    }, {
      "relativeRanking" : 0.7,
      "datum" : 9843
    }, {
      "relativeRanking" : 0.75,
      "datum" : 9843
    }, {
      "relativeRanking" : 0.8,
      "datum" : 10099
    }, {
      "relativeRanking" : 0.85,
      "datum" : 10099
    }, {
      "relativeRanking" : 0.9,
      "datum" : 10099
    }, {
      "relativeRanking" : 0.95,
      "datum" : 10099
    } ],
    "maximum" : 10338
  },
  "failedReduceAttemptCDF" : {
    "numberValues" : 0,
    "minimum" : -9223372036854775808,
    "rankings" : [ ],
    "maximum" : 9223372036854775807
  },
  "queue" : "default",
  "jobName" : "ReduceJoin-[1575464393241]",
  "clusterMapMB" : -1,
  "clusterReduceMB" : -1,
  "jobMapMB" : -1,
  "jobReduceMB" : -1,
  "relativeTime" : 0,
  "mapperTriesToSucceed" : [ 1.0 ],
  "failedMapperFraction" : 0.0,
  "jobProperties" : { }
}