{
  "jobID" : "job_1572946766556_1090",
  "user" : "hadoop",
  "computonsPerMapInputByte" : -1,
  "computonsPerMapOutputByte" : -1,
  "computonsPerReduceInputByte" : -1,
  "computonsPerReduceOutputByte" : -1,
  "submitTime" : 1575704566511,
  "launchTime" : 1575704570274,
  "finishTime" : 1575704698940,
  "heapMegabytes" : -1,
  "totalMaps" : 2,
  "totalReduces" : 3,
  "outcome" : "SUCCESS",
  "jobtype" : "JAVA",
  "priority" : "NORMAL",
  "directDependantJobs" : [ ],
  "mapTasks" : [ {
    "inputBytes" : 7745257,
    "inputRecords" : 246569,
    "outputBytes" : 32289411,
    "outputRecords" : 934712,
    "taskID" : "task_1572946766556_1090_m_000000",
    "startTime" : 1575704570362,
    "finishTime" : 1575704632120,
    "taskType" : "MAP",
    "taskStatus" : "SUCCESS",
    "attempts" : [ {
      "attemptID" : "attempt_1572946766556_1090_m_000000_0",
      "result" : "SUCCESS",
      "startTime" : 1575704572485,
      "finishTime" : 1575704632120,
      "hostName" : "/default-rack/slave1",
      "hdfsBytesRead" : 7745257,
      "hdfsBytesWritten" : 0,
      "fileBytesRead" : 0,
      "fileBytesWritten" : 32289411,
      "mapInputRecords" : 246569,
      "mapInputBytes" : -1,
      "mapOutputBytes" : 30296128,
      "mapOutputRecords" : 934712,
      "combineInputRecords" : 0,
      "reduceInputGroups" : -1,
      "reduceInputRecords" : -1,
      "reduceShuffleBytes" : -1,
      "reduceOutputRecords" : -1,
      "spilledRecords" : 934712,
      "shuffleFinished" : -1,
      "sortFinished" : -1,
      "location" : {
        "layers" : [ "default-rack", "slave1" ]
      },
      "clockSplits" : [ 9956, 7418, 7330, 7011, 6799, 6591, 6490, 6586, 359, 360, 359, 360 ],
      "cpuUsages" : [ 138619, 121714, 93459, 93669, 84694, 86494, 85777, 84586, 2444, 2445, 2444, 2445 ],
      "physMemKbytes" : [ 223671, 359784, 360436, 360729, 362394, 369717, 368559, 368563, 366252, 362066, 357879, 353693 ],
      "resourceUsageMetrics" : {
        "cumulativeCpuUsage" : 798790,
        "virtualMemoryUsage" : 2123145216,
        "physicalMemoryUsage" : 360038400,
        "heapUsage" : 193462272
      },
      "vmemKbytes" : [ 1321069, 2073383, 2073384, 2073383, 2073384, 2073383, 2073384, 2073383, 2073384, 2073384, 2073383, 2073384 ]
    }, {
      "attemptID" : "attempt_1572946766556_1090_m_000000_1",
      "result" : "KILLED",
      "startTime" : 1575704586391,
      "finishTime" : 1575704632151,
      "hostName" : "/default-rack/slave1",
      "hdfsBytesRead" : 5898385,
      "hdfsBytesWritten" : 0,
      "fileBytesRead" : 0,
      "fileBytesWritten" : 123761,
      "mapInputRecords" : 186825,
      "mapInputBytes" : -1,
      "mapOutputBytes" : 22687160,
      "mapOutputRecords" : 699666,
      "combineInputRecords" : 0,
      "reduceInputGroups" : -1,
      "reduceInputRecords" : -1,
      "reduceShuffleBytes" : -1,
      "reduceOutputRecords" : -1,
      "spilledRecords" : 0,
      "shuffleFinished" : -1,
      "sortFinished" : -1,
      "location" : {
        "layers" : [ "default-rack", "slave1" ]
      },
      "clockSplits" : [ 11321, 7422, 6834, 6679, 6622, 6662, 71, 24, 24, 24, 24, 25 ],
      "cpuUsages" : [ 110846, 81485, 81832, 74977, 75292, 76952, 606, 0, 0, 0, 0, 0 ],
      "physMemKbytes" : [ 234614, 359948, 363224, 363468, 365639, 372564, 371023, 371023, 371024, 371024, 371023, 371024 ],
      "resourceUsageMetrics" : {
        "cumulativeCpuUsage" : 501990,
        "virtualMemoryUsage" : 2122563584,
        "physicalMemoryUsage" : 379928576,
        "heapUsage" : 193462272
      },
      "vmemKbytes" : [ 1419795, 2072815, 2072816, 2072815, 2072816, 2072815, 2072816, 2072815, 2072816, 2072816, 2072815, 2072816 ]
    } ],
    "preferredLocations" : [ ]
  }, {
    "inputBytes" : 1279951,
    "inputRecords" : 32202,
    "outputBytes" : 4613252,
    "outputRecords" : 203769,
    "taskID" : "task_1572946766556_1090_m_000001",
    "startTime" : 1575704570364,
    "finishTime" : 1575704584596,
    "taskType" : "MAP",
    "taskStatus" : "SUCCESS",
    "attempts" : [ {
      "attemptID" : "attempt_1572946766556_1090_m_000001_0",
      "result" : "SUCCESS",
      "startTime" : 1575704572489,
      "finishTime" : 1575704584596,
      "hostName" : "/default-rack/slave5",
      "hdfsBytesRead" : 1279951,
      "hdfsBytesWritten" : 0,
      "fileBytesRead" : 0,
      "fileBytesWritten" : 4613252,
      "mapInputRecords" : 32202,
      "mapInputBytes" : -1,
      "mapOutputBytes" : 4081855,
      "mapOutputRecords" : 203769,
      "combineInputRecords" : 0,
      "reduceInputGroups" : -1,
      "reduceInputRecords" : -1,
      "reduceShuffleBytes" : -1,
      "reduceOutputRecords" : -1,
      "spilledRecords" : 203769,
      "shuffleFinished" : -1,
      "sortFinished" : -1,
      "location" : {
        "layers" : [ "default-rack", "slave5" ]
      },
      "clockSplits" : [ 1436, 1437, 1437, 1437, 1437, 1490, 1570, 1479, 88, 88, 88, 88 ],
      "cpuUsages" : [ 18218, 18219, 18218, 18219, 18218, 23401, 31149, 19045, 2591, 2590, 2591, 2591 ],
      "physMemKbytes" : [ 31168, 93506, 155843, 218180, 280519, 338272, 353769, 358232, 356198, 352715, 349232, 345749 ],
      "resourceUsageMetrics" : {
        "cumulativeCpuUsage" : 175050,
        "virtualMemoryUsage" : 2123485184,
        "physicalMemoryUsage" : 352264192,
        "heapUsage" : 174587904
      },
      "vmemKbytes" : [ 185178, 555534, 925890, 1296245, 1666602, 2007218, 2073716, 2073715, 2073716, 2073716, 2073715, 2073716 ]
    } ],
    "preferredLocations" : [ ]
  } ],
  "reduceTasks" : [ {
    "inputBytes" : 13316912,
    "inputRecords" : 412432,
    "outputBytes" : 9598928,
    "outputRecords" : 3960,
    "taskID" : "task_1572946766556_1090_r_000000",
    "startTime" : 1575704570364,
    "finishTime" : 1575704698827,
    "taskType" : "REDUCE",
    "taskStatus" : "SUCCESS",
    "attempts" : [ {
      "attemptID" : "attempt_1572946766556_1090_r_000000_0",
      "result" : "SUCCESS",
      "startTime" : 1575704587409,
      "finishTime" : 1575704698827,
      "hostName" : "/default-rack/slave1",
      "hdfsBytesRead" : 0,
      "hdfsBytesWritten" : 9598928,
      "fileBytesRead" : 13316906,
      "fileBytesWritten" : 13440644,
      "mapInputRecords" : -1,
      "mapInputBytes" : -1,
      "mapOutputBytes" : -1,
      "mapOutputRecords" : -1,
      "combineInputRecords" : 0,
      "reduceInputGroups" : 3960,
      "reduceInputRecords" : 412432,
      "reduceShuffleBytes" : 13316912,
      "reduceOutputRecords" : 3960,
      "spilledRecords" : 412432,
      "shuffleFinished" : 1575704632867,
      "sortFinished" : 1575704633080,
      "location" : {
        "layers" : [ "default-rack", "slave1" ]
      },
      "clockSplits" : [ 4122, 4122, 37771, 341, 341, 341, 341, 341, 2957, 24805, 17463, 18460 ],
      "cpuUsages" : [ 209, 210, 4243, 1722, 1722, 1723, 1722, 1722, 10892, 95892, 65183, 65980 ],
      "physMemKbytes" : [ 39982, 119948, 166818, 175143, 183470, 191795, 200121, 208446, 217364, 248451, 262497, 262351 ],
      "resourceUsageMetrics" : {
        "cumulativeCpuUsage" : 251220,
        "virtualMemoryUsage" : 2131992576,
        "physicalMemoryUsage" : 268259328,
        "heapUsage" : 155713536
      },
      "vmemKbytes" : [ 517977, 1553933, 2072711, 2074310, 2075909, 2077508, 2079108, 2080707, 2081940, 2082024, 2082023, 2082024 ]
    } ],
    "preferredLocations" : [ ]
  }, {
    "inputBytes" : 10820170,
    "inputRecords" : 331716,
    "outputBytes" : 7676048,
    "outputRecords" : 3964,
    "taskID" : "task_1572946766556_1090_r_000001",
    "startTime" : 1575704570364,
    "finishTime" : 1575704672146,
    "taskType" : "REDUCE",
    "taskStatus" : "SUCCESS",
    "attempts" : [ {
      "attemptID" : "attempt_1572946766556_1090_r_000001_0",
      "result" : "SUCCESS",
      "startTime" : 1575704587416,
      "finishTime" : 1575704672146,
      "hostName" : "/default-rack/slave4",
      "hdfsBytesRead" : 0,
      "hdfsBytesWritten" : 7676048,
      "fileBytesRead" : 10820164,
      "fileBytesWritten" : 10943902,
      "mapInputRecords" : -1,
      "mapInputBytes" : -1,
      "mapOutputBytes" : -1,
      "mapOutputRecords" : -1,
      "combineInputRecords" : 0,
      "reduceInputGroups" : 3964,
      "reduceInputRecords" : 331716,
      "reduceShuffleBytes" : 10820170,
      "reduceOutputRecords" : 3964,
      "spilledRecords" : 331716,
      "shuffleFinished" : 1575704632581,
      "sortFinished" : 1575704632754,
      "location" : {
        "layers" : [ "default-rack", "slave4" ]
      },
      "clockSplits" : [ 3928, 3929, 37786, 322, 322, 321, 322, 322, 2049, 21123, 6609, 7681 ],
      "cpuUsages" : [ 239, 240, 3764, 1593, 1594, 1593, 1593, 1594, 7157, 77347, 22610, 26676 ],
      "physMemKbytes" : [ 41416, 124250, 179738, 185521, 191304, 197087, 202870, 208653, 215567, 240944, 258845, 259369 ],
      "resourceUsageMetrics" : {
        "cumulativeCpuUsage" : 146000,
        "virtualMemoryUsage" : 2131578880,
        "physicalMemoryUsage" : 265875456,
        "heapUsage" : 143130624
      },
      "vmemKbytes" : [ 518364, 1555094, 2074085, 2075338, 2076591, 2077843, 2079096, 2080348, 2081454, 2081620, 2081619, 2081620 ]
    } ],
    "preferredLocations" : [ ]
  }, {
    "inputBytes" : 12517899,
    "inputRecords" : 394333,
    "outputBytes" : 8988289,
    "outputRecords" : 3919,
    "taskID" : "task_1572946766556_1090_r_000002",
    "startTime" : 1575704570364,
    "finishTime" : 1575704681831,
    "taskType" : "REDUCE",
    "taskStatus" : "SUCCESS",
    "attempts" : [ {
      "attemptID" : "attempt_1572946766556_1090_r_000002_0",
      "result" : "SUCCESS",
      "startTime" : 1575704587414,
      "finishTime" : 1575704681831,
      "hostName" : "/default-rack/slave5",
      "hdfsBytesRead" : 0,
      "hdfsBytesWritten" : 8988289,
      "fileBytesRead" : 12517893,
      "fileBytesWritten" : 12641631,
      "mapInputRecords" : -1,
      "mapInputBytes" : -1,
      "mapOutputBytes" : -1,
      "mapOutputRecords" : -1,
      "combineInputRecords" : 0,
      "reduceInputGroups" : 3919,
      "reduceInputRecords" : 394333,
      "reduceShuffleBytes" : 12517899,
      "reduceOutputRecords" : 3919,
      "spilledRecords" : 394333,
      "shuffleFinished" : 1575704632485,
      "sortFinished" : 1575704632677,
      "location" : {
        "layers" : [ "default-rack", "slave5" ]
      },
      "clockSplits" : [ 3890, 3891, 37809, 322, 322, 322, 323, 322, 4176, 18859, 14870, 9298 ],
      "cpuUsages" : [ 239, 240, 3427, 1536, 1536, 1536, 1536, 1537, 13858, 67243, 50915, 29937 ],
      "physMemKbytes" : [ 41439, 124319, 174361, 183044, 191729, 200412, 209096, 217779, 228376, 245378, 253077, 256517 ],
      "resourceUsageMetrics" : {
        "cumulativeCpuUsage" : 173540,
        "virtualMemoryUsage" : 2128035840,
        "physicalMemoryUsage" : 262688768,
        "heapUsage" : 142082048
      },
      "vmemKbytes" : [ 518193, 1554581, 2073195, 2074036, 2074877, 2075717, 2076558, 2077398, 2078090, 2078160, 2078159, 2078160 ]
    } ],
    "preferredLocations" : [ ]
  } ],
  "otherTasks" : [ ],
  "successfulMapAttemptCDFs" : [ {
    "numberValues" : 0,
    "minimum" : -9223372036854775808,
    "rankings" : [ ],
    "maximum" : 9223372036854775807
  }, {
    "numberValues" : 0,
    "minimum" : -9223372036854775808,
    "rankings" : [ ],
    "maximum" : 9223372036854775807
  }, {
    "numberValues" : 0,
    "minimum" : -9223372036854775808,
    "rankings" : [ ],
    "maximum" : 9223372036854775807
  }, {
    "numberValues" : 2,
    "minimum" : 12107,
    "rankings" : [ {
      "relativeRanking" : 0.05,
      "datum" : 12107
    }, {
      "relativeRanking" : 0.1,
      "datum" : 12107
    }, {
      "relativeRanking" : 0.15,
      "datum" : 12107
    }, {
      "relativeRanking" : 0.2,
      "datum" : 12107
    }, {
      "relativeRanking" : 0.25,
      "datum" : 12107
    }, {
      "relativeRanking" : 0.3,
      "datum" : 12107
    }, {
      "relativeRanking" : 0.35,
      "datum" : 12107
    }, {
      "relativeRanking" : 0.4,
      "datum" : 12107
    }, {
      "relativeRanking" : 0.45,
      "datum" : 12107
    }, {
      "relativeRanking" : 0.5,
      "datum" : 12107
    }, {
      "relativeRanking" : 0.55,
      "datum" : 12107
    }, {
      "relativeRanking" : 0.6,
      "datum" : 12107
    }, {
      "relativeRanking" : 0.65,
      "datum" : 12107
    }, {
      "relativeRanking" : 0.7,
      "datum" : 12107
    }, {
      "relativeRanking" : 0.75,
      "datum" : 12107
    }, {
      "relativeRanking" : 0.8,
      "datum" : 12107
    }, {
      "relativeRanking" : 0.85,
      "datum" : 12107
    }, {
      "relativeRanking" : 0.9,
      "datum" : 12107
    }, {
      "relativeRanking" : 0.95,
      "datum" : 12107
    } ],
    "maximum" : 59635
  } ],
  "failedMapAttemptCDFs" : [ {
    "numberValues" : 0,
    "minimum" : -9223372036854775808,
    "rankings" : [ ],
    "maximum" : 9223372036854775807
  }, {
    "numberValues" : 0,
    "minimum" : -9223372036854775808,
    "rankings" : [ ],
    "maximum" : 9223372036854775807
  }, {
    "numberValues" : 0,
    "minimum" : -9223372036854775808,
    "rankings" : [ ],
    "maximum" : 9223372036854775807
  }, {
    "numberValues" : 0,
    "minimum" : -9223372036854775808,
    "rankings" : [ ],
    "maximum" : 9223372036854775807
  } ],
  "successfulReduceAttemptCDF" : {
    "numberValues" : 3,
    "minimum" : 84730,
    "rankings" : [ {
      "relativeRanking" : 0.05,
      "datum" : 84730
    }, {
      "relativeRanking" : 0.1,
      "datum" : 84730
    }, {
      "relativeRanking" : 0.15,
      "datum" : 84730
    }, {
      "relativeRanking" : 0.2,
      "datum" : 84730
    }, {
      "relativeRanking" : 0.25,
      "datum" : 84730
    }, {
      "relativeRanking" : 0.3,
      "datum" : 84730
    }, {
      "relativeRanking" : 0.35,
      "datum" : 84730
    }, {
      "relativeRanking" : 0.4,
      "datum" : 84730
    }, {
      "relativeRanking" : 0.45,
      "datum" : 84730
    }, {
      "relativeRanking" : 0.5,
      "datum" : 84730
    }, {
      "relativeRanking" : 0.55,
      "datum" : 84730
    }, {
      "relativeRanking" : 0.6,
      "datum" : 84730
    }, {
      "relativeRanking" : 0.65,
      "datum" : 84730
    }, {
      "relativeRanking" : 0.7,
      "datum" : 94417
    }, {
      "relativeRanking" : 0.75,
      "datum" : 94417
    }, {
      "relativeRanking" : 0.8,
      "datum" : 94417
    }, {
      "relativeRanking" : 0.85,
      "datum" : 94417
    }, {
      "relativeRanking" : 0.9,
      "datum" : 94417
    }, {
      "relativeRanking" : 0.95,
      "datum" : 94417
    } ],
    "maximum" : 111418
  },
  "failedReduceAttemptCDF" : {
    "numberValues" : 0,
    "minimum" : -9223372036854775808,
    "rankings" : [ ],
    "maximum" : 9223372036854775807
  },
  "queue" : "default",
  "jobName" : "CAC_Count-[1575704563655-Indexing1]",
  "clusterMapMB" : -1,
  "clusterReduceMB" : -1,
  "jobMapMB" : -1,
  "jobReduceMB" : -1,
  "relativeTime" : 0,
  "mapperTriesToSucceed" : [ 1.0 ],
  "failedMapperFraction" : 0.0,
  "jobProperties" : { }
}