{
  "jobID" : "job_1572946766556_1091",
  "user" : "hadoop",
  "computonsPerMapInputByte" : -1,
  "computonsPerMapOutputByte" : -1,
  "computonsPerReduceInputByte" : -1,
  "computonsPerReduceOutputByte" : -1,
  "submitTime" : 1575704701155,
  "launchTime" : 1575704704573,
  "finishTime" : 1575705232616,
  "heapMegabytes" : -1,
  "totalMaps" : 3,
  "totalReduces" : 3,
  "outcome" : "SUCCESS",
  "jobtype" : "JAVA",
  "priority" : "NORMAL",
  "directDependantJobs" : [ ],
  "mapTasks" : [ {
    "inputBytes" : 9599084,
    "inputRecords" : 3960,
    "outputBytes" : 9861964448,
    "outputRecords" : 99038183,
    "taskID" : "task_1572946766556_1091_m_000000",
    "startTime" : 1575704704617,
    "finishTime" : 1575705073692,
    "taskType" : "MAP",
    "taskStatus" : "SUCCESS",
    "attempts" : [ {
      "attemptID" : "attempt_1572946766556_1091_m_000000_0",
      "result" : "SUCCESS",
      "startTime" : 1575704706790,
      "finishTime" : 1575705073692,
      "hostName" : "/default-rack/slave3",
      "hdfsBytesRead" : 9599084,
      "hdfsBytesWritten" : 0,
      "fileBytesRead" : 6550379206,
      "fileBytesWritten" : 9861964448,
      "mapInputRecords" : 3960,
      "mapInputBytes" : -1,
      "mapOutputBytes" : 3120344950,
      "mapOutputRecords" : 99038183,
      "combineInputRecords" : 0,
      "reduceInputGroups" : -1,
      "reduceInputRecords" : -1,
      "reduceShuffleBytes" : -1,
      "reduceOutputRecords" : -1,
      "spilledRecords" : 294795473,
      "shuffleFinished" : -1,
      "sortFinished" : -1,
      "location" : {
        "layers" : [ "default-rack", "slave3" ]
      },
      "clockSplits" : [ 11980, 8054, 26169, 29471, 93500, 8740, 59695, 13351, 28365, 27672, 29365, 29978 ],
      "cpuUsages" : [ 23906, 15422, 48401, 54437, 182611, 16971, 111625, 22823, 37319, 37086, 38401, 38398 ],
      "physMemKbytes" : [ 212498, 281084, 301545, 306157, 313727, 314224, 314333, 314503, 318368, 320095, 320428, 319915 ],
      "resourceUsageMetrics" : {
        "cumulativeCpuUsage" : 628000,
        "virtualMemoryUsage" : 2123452416,
        "physicalMemoryUsage" : 327458816,
        "heapUsage" : 209190912
      },
      "vmemKbytes" : [ 1595732, 2068087, 2068707, 2068711, 2068712, 2068711, 2068712, 2068711, 2072466, 2072656, 2072655, 2072656 ]
    } ],
    "preferredLocations" : [ ]
  }, {
    "inputBytes" : 8988445,
    "inputRecords" : 3919,
    "outputBytes" : 5685799518,
    "outputRecords" : 58455405,
    "taskID" : "task_1572946766556_1091_m_000001",
    "startTime" : 1575704704619,
    "finishTime" : 1575704935849,
    "taskType" : "MAP",
    "taskStatus" : "SUCCESS",
    "attempts" : [ {
      "attemptID" : "attempt_1572946766556_1091_m_000001_0",
      "result" : "SUCCESS",
      "startTime" : 1575704706797,
      "finishTime" : 1575704935849,
      "hostName" : "/default-rack/slave3",
      "hdfsBytesRead" : 8988445,
      "hdfsBytesWritten" : 0,
      "fileBytesRead" : 3706999650,
      "fileBytesWritten" : 5685799518,
      "mapInputRecords" : 3919,
      "mapInputBytes" : -1,
      "mapOutputBytes" : 1868574631,
      "mapOutputRecords" : 58455405,
      "combineInputRecords" : 0,
      "reduceInputGroups" : -1,
      "reduceInputRecords" : -1,
      "reduceShuffleBytes" : -1,
      "reduceOutputRecords" : -1,
      "spilledRecords" : 167738402,
      "shuffleFinished" : -1,
      "sortFinished" : -1,
      "location" : {
        "layers" : [ "default-rack", "slave3" ]
      },
      "clockSplits" : [ 20745, 9691, 19909, 38277, 42646, 11127, 9637, 7953, 18502, 16478, 16733, 17318 ],
      "cpuUsages" : [ 40579, 19961, 39506, 72599, 88293, 21271, 20294, 15619, 29203, 24509, 22925, 25601 ],
      "physMemKbytes" : [ 167383, 281031, 285839, 297665, 299045, 299457, 300336, 300496, 310018, 310642, 310302, 309570 ],
      "resourceUsageMetrics" : {
        "cumulativeCpuUsage" : 420360,
        "virtualMemoryUsage" : 2126852096,
        "physicalMemoryUsage" : 316805120,
        "heapUsage" : 209190912
      },
      "vmemKbytes" : [ 1253286, 2069695, 2069696, 2069695, 2069696, 2069695, 2069696, 2069695, 2075701, 2075976, 2075975, 2076030 ]
    } ],
    "preferredLocations" : [ ]
  }, {
    "inputBytes" : 7676204,
    "inputRecords" : 3964,
    "outputBytes" : 7832590947,
    "outputRecords" : 81564432,
    "taskID" : "task_1572946766556_1091_m_000002",
    "startTime" : 1575704704619,
    "finishTime" : 1575705022598,
    "taskType" : "MAP",
    "taskStatus" : "SUCCESS",
    "attempts" : [ {
      "attemptID" : "attempt_1572946766556_1091_m_000002_0",
      "result" : "SUCCESS",
      "startTime" : 1575704706805,
      "finishTime" : 1575705022598,
      "hostName" : "/default-rack/slave2",
      "hdfsBytesRead" : 7676204,
      "hdfsBytesWritten" : 0,
      "fileBytesRead" : 5172327017,
      "fileBytesWritten" : 7832590947,
      "mapInputRecords" : 3964,
      "mapInputBytes" : -1,
      "mapOutputBytes" : 2508184176,
      "mapOutputRecords" : 81564432,
      "combineInputRecords" : 0,
      "reduceInputGroups" : -1,
      "reduceInputRecords" : -1,
      "reduceShuffleBytes" : -1,
      "reduceOutputRecords" : -1,
      "spilledRecords" : 239676086,
      "shuffleFinished" : -1,
      "sortFinished" : -1,
      "location" : {
        "layers" : [ "default-rack", "slave2" ]
      },
      "clockSplits" : [ 7586, 13300, 145036, 14534, 11112, 3837, 3052, 10100, 26245, 26592, 26577, 27802 ],
      "cpuUsages" : [ 14110, 27981, 263972, 23566, 21678, 7776, 5005, 15512, 35195, 35073, 35788, 35804 ],
      "physMemKbytes" : [ 130469, 278722, 287832, 300792, 301202, 302482, 302123, 302327, 305947, 305220, 307887, 308915 ],
      "resourceUsageMetrics" : {
        "cumulativeCpuUsage" : 521460,
        "virtualMemoryUsage" : 2122711040,
        "physicalMemoryUsage" : 316612608,
        "heapUsage" : 208142336
      },
      "vmemKbytes" : [ 974494, 2065432, 2069136, 2069135, 2069136, 2069135, 2069136, 2069277, 2071892, 2071932, 2071931, 2071934 ]
    } ],
    "preferredLocations" : [ ]
  } ],
  "reduceTasks" : [ {
    "inputBytes" : 2658198729,
    "inputRecords" : 79679848,
    "outputBytes" : 1608561436,
    "outputRecords" : 67589773,
    "taskID" : "task_1572946766556_1091_r_000000",
    "startTime" : 1575704704619,
    "finishTime" : 1575705231699,
    "taskType" : "REDUCE",
    "taskStatus" : "SUCCESS",
    "attempts" : [ {
      "attemptID" : "attempt_1572946766556_1091_r_000000_0",
      "result" : "SUCCESS",
      "startTime" : 1575704938153,
      "finishTime" : 1575705231699,
      "hostName" : "/default-rack/slave5",
      "hdfsBytesRead" : 0,
      "hdfsBytesWritten" : 1608561436,
      "fileBytesRead" : 2658198729,
      "fileBytesWritten" : 2658322826,
      "mapInputRecords" : -1,
      "mapInputBytes" : -1,
      "mapOutputBytes" : -1,
      "mapOutputRecords" : -1,
      "combineInputRecords" : 0,
      "reduceInputGroups" : 67589773,
      "reduceInputRecords" : 79679848,
      "reduceShuffleBytes" : 2658198729,
      "reduceOutputRecords" : 67589773,
      "spilledRecords" : 79679848,
      "shuffleFinished" : 1575705094895,
      "sortFinished" : 1575705094918,
      "location" : {
        "layers" : [ "default-rack", "slave5" ]
      },
      "clockSplits" : [ 13269, 93575, 49952, 56, 55, 56, 56, 55, 34021, 34288, 33461, 34690 ],
      "cpuUsages" : [ 5532, 10937, 8329, 654, 654, 654, 654, 654, 60717, 60817, 57517, 61871 ],
      "physMemKbytes" : [ 169481, 170444, 168010, 169008, 175284, 181559, 187834, 194109, 223952, 219777, 224715, 228314 ],
      "resourceUsageMetrics" : {
        "cumulativeCpuUsage" : 268990,
        "virtualMemoryUsage" : 2131742720,
        "physicalMemoryUsage" : 236294144,
        "heapUsage" : 147324928
      },
      "vmemKbytes" : [ 2073380, 2073380, 2073467, 2074691, 2076266, 2077839, 2079414, 2080988, 2082024, 2081780, 2081779, 2081780 ]
    } ],
    "preferredLocations" : [ ]
  }, {
    "inputBytes" : 2658695084,
    "inputRecords" : 79694574,
    "outputBytes" : 1608820777,
    "outputRecords" : 67600228,
    "taskID" : "task_1572946766556_1091_r_000001",
    "startTime" : 1575704704619,
    "finishTime" : 1575705232531,
    "taskType" : "REDUCE",
    "taskStatus" : "SUCCESS",
    "attempts" : [ {
      "attemptID" : "attempt_1572946766556_1091_r_000001_0",
      "result" : "SUCCESS",
      "startTime" : 1575704938157,
      "finishTime" : 1575705232531,
      "hostName" : "/default-rack/slave4",
      "hdfsBytesRead" : 0,
      "hdfsBytesWritten" : 1608820777,
      "fileBytesRead" : 2658695084,
      "fileBytesWritten" : 2658819181,
      "mapInputRecords" : -1,
      "mapInputBytes" : -1,
      "mapOutputBytes" : -1,
      "mapOutputRecords" : -1,
      "combineInputRecords" : 0,
      "reduceInputGroups" : 67600228,
      "reduceInputRecords" : 79694574,
      "reduceShuffleBytes" : 2658695084,
      "reduceOutputRecords" : 67600228,
      "spilledRecords" : 79694574,
      "shuffleFinished" : 1575705094445,
      "sortFinished" : 1575705094467,
      "location" : {
        "layers" : [ "default-rack", "slave4" ]
      },
      "clockSplits" : [ 13057, 93523, 49760, 90, 90, 90, 90, 90, 34423, 34473, 33979, 34698 ],
      "cpuUsages" : [ 6704, 13140, 10333, 684, 683, 684, 683, 684, 62678, 57936, 58954, 59137 ],
      "physMemKbytes" : [ 168649, 168108, 164928, 167642, 176837, 186032, 195228, 204423, 231793, 231637, 236115, 240159 ],
      "resourceUsageMetrics" : {
        "cumulativeCpuUsage" : 272300,
        "virtualMemoryUsage" : 2142285824,
        "physicalMemoryUsage" : 249548800,
        "heapUsage" : 133693440
      },
      "vmemKbytes" : [ 2076752, 2076752, 2076920, 2079284, 2082324, 2085363, 2088403, 2091442, 2095936, 2092076, 2092075, 2092076 ]
    } ],
    "preferredLocations" : [ ]
  }, {
    "inputBytes" : 2658326038,
    "inputRecords" : 79683598,
    "outputBytes" : 1608699243,
    "outputRecords" : 67595139,
    "taskID" : "task_1572946766556_1091_r_000002",
    "startTime" : 1575704704619,
    "finishTime" : 1575705215012,
    "taskType" : "REDUCE",
    "taskStatus" : "SUCCESS",
    "attempts" : [ {
      "attemptID" : "attempt_1572946766556_1091_r_000002_0",
      "result" : "SUCCESS",
      "startTime" : 1575704938151,
      "finishTime" : 1575705215012,
      "hostName" : "/default-rack/slave3",
      "hdfsBytesRead" : 0,
      "hdfsBytesWritten" : 1608699243,
      "fileBytesRead" : 2658326038,
      "fileBytesWritten" : 2658450135,
      "mapInputRecords" : -1,
      "mapInputBytes" : -1,
      "mapOutputBytes" : -1,
      "mapOutputRecords" : -1,
      "combineInputRecords" : 0,
      "reduceInputGroups" : 67595139,
      "reduceInputRecords" : 79683598,
      "reduceShuffleBytes" : 2658326038,
      "reduceOutputRecords" : 67595139,
      "spilledRecords" : 79683598,
      "shuffleFinished" : 1575705075427,
      "sortFinished" : 1575705075451,
      "location" : {
        "layers" : [ "default-rack", "slave3" ]
      },
      "clockSplits" : [ 5841, 100727, 30814, 216, 216, 216, 216, 216, 34425, 34859, 34136, 34966 ],
      "cpuUsages" : [ 937, 11102, 1978, 1161, 1161, 1161, 1161, 1161, 60521, 59661, 57278, 61298 ],
      "physMemKbytes" : [ 60866, 156311, 161984, 166496, 175465, 184432, 193401, 202368, 231900, 242368, 244779, 249875 ],
      "resourceUsageMetrics" : {
        "cumulativeCpuUsage" : 258580,
        "virtualMemoryUsage" : 2138296320,
        "physicalMemoryUsage" : 257695744,
        "heapUsage" : 136839168
      },
      "vmemKbytes" : [ 778136, 1986409, 2071958, 2074342, 2077409, 2080474, 2083541, 2086606, 2091474, 2088180, 2088179, 2088180 ]
    } ],
    "preferredLocations" : [ ]
  } ],
  "otherTasks" : [ ],
  "successfulMapAttemptCDFs" : [ {
    "numberValues" : 0,
    "minimum" : -9223372036854775808,
    "rankings" : [ ],
    "maximum" : 9223372036854775807
  }, {
    "numberValues" : 0,
    "minimum" : -9223372036854775808,
    "rankings" : [ ],
    "maximum" : 9223372036854775807
  }, {
    "numberValues" : 0,
    "minimum" : -9223372036854775808,
    "rankings" : [ ],
    "maximum" : 9223372036854775807
  }, {
    "numberValues" : 3,
    "minimum" : 229052,
    "rankings" : [ {
      "relativeRanking" : 0.05,
      "datum" : 229052
    }, {
      "relativeRanking" : 0.1,
      "datum" : 229052
    }, {
      "relativeRanking" : 0.15,
      "datum" : 229052
    }, {
      "relativeRanking" : 0.2,
      "datum" : 229052
    }, {
      "relativeRanking" : 0.25,
      "datum" : 229052
    }, {
      "relativeRanking" : 0.3,
      "datum" : 229052
    }, {
      "relativeRanking" : 0.35,
      "datum" : 229052
    }, {
      "relativeRanking" : 0.4,
      "datum" : 229052
    }, {
      "relativeRanking" : 0.45,
      "datum" : 229052
    }, {
      "relativeRanking" : 0.5,
      "datum" : 229052
    }, {
      "relativeRanking" : 0.55,
      "datum" : 229052
    }, {
      "relativeRanking" : 0.6,
      "datum" : 229052
    }, {
      "relativeRanking" : 0.65,
      "datum" : 229052
    }, {
      "relativeRanking" : 0.7,
      "datum" : 315793
    }, {
      "relativeRanking" : 0.75,
      "datum" : 315793
    }, {
      "relativeRanking" : 0.8,
      "datum" : 315793
    }, {
      "relativeRanking" : 0.85,
      "datum" : 315793
    }, {
      "relativeRanking" : 0.9,
      "datum" : 315793
    }, {
      "relativeRanking" : 0.95,
      "datum" : 315793
    } ],
    "maximum" : 366902
  } ],
  "failedMapAttemptCDFs" : [ {
    "numberValues" : 0,
    "minimum" : -9223372036854775808,
    "rankings" : [ ],
    "maximum" : 9223372036854775807
  }, {
    "numberValues" : 0,
    "minimum" : -9223372036854775808,
    "rankings" : [ ],
    "maximum" : 9223372036854775807
  }, {
    "numberValues" : 0,
    "minimum" : -9223372036854775808,
    "rankings" : [ ],
    "maximum" : 9223372036854775807
  }, {
    "numberValues" : 0,
    "minimum" : -9223372036854775808,
    "rankings" : [ ],
    "maximum" : 9223372036854775807
  } ],
  "successfulReduceAttemptCDF" : {
    "numberValues" : 3,
    "minimum" : 276861,
    "rankings" : [ {
      "relativeRanking" : 0.05,
      "datum" : 276861
    }, {
      "relativeRanking" : 0.1,
      "datum" : 276861
    }, {
      "relativeRanking" : 0.15,
      "datum" : 276861
    }, {
      "relativeRanking" : 0.2,
      "datum" : 276861
    }, {
      "relativeRanking" : 0.25,
      "datum" : 276861
    }, {
      "relativeRanking" : 0.3,
      "datum" : 276861
    }, {
      "relativeRanking" : 0.35,
      "datum" : 276861
    }, {
      "relativeRanking" : 0.4,
      "datum" : 276861
    }, {
      "relativeRanking" : 0.45,
      "datum" : 276861
    }, {
      "relativeRanking" : 0.5,
      "datum" : 276861
    }, {
      "relativeRanking" : 0.55,
      "datum" : 276861
    }, {
      "relativeRanking" : 0.6,
      "datum" : 276861
    }, {
      "relativeRanking" : 0.65,
      "datum" : 276861
    }, {
      "relativeRanking" : 0.7,
      "datum" : 293546
    }, {
      "relativeRanking" : 0.75,
      "datum" : 293546
    }, {
      "relativeRanking" : 0.8,
      "datum" : 293546
    }, {
      "relativeRanking" : 0.85,
      "datum" : 293546
    }, {
      "relativeRanking" : 0.9,
      "datum" : 293546
    }, {
      "relativeRanking" : 0.95,
      "datum" : 293546
    } ],
    "maximum" : 294374
  },
  "failedReduceAttemptCDF" : {
    "numberValues" : 0,
    "minimum" : -9223372036854775808,
    "rankings" : [ ],
    "maximum" : 9223372036854775807
  },
  "queue" : "default",
  "jobName" : "CAC_Count-[1575704563655-Similarity2-END]",
  "clusterMapMB" : -1,
  "clusterReduceMB" : -1,
  "jobMapMB" : -1,
  "jobReduceMB" : -1,
  "relativeTime" : 0,
  "mapperTriesToSucceed" : [ 1.0 ],
  "failedMapperFraction" : 0.0,
  "jobProperties" : { }
}