{
  "jobID" : "job_1600222256971_1099",
  "user" : "hadoop",
  "computonsPerMapInputByte" : -1,
  "computonsPerMapOutputByte" : -1,
  "computonsPerReduceInputByte" : -1,
  "computonsPerReduceOutputByte" : -1,
  "submitTime" : 1601022828207,
  "launchTime" : 1601022832376,
  "finishTime" : 1601022854985,
  "heapMegabytes" : -1,
  "totalMaps" : 2,
  "totalReduces" : 4,
  "outcome" : "SUCCESS",
  "jobtype" : "JAVA",
  "priority" : "NORMAL",
  "directDependantJobs" : [ ],
  "mapTasks" : [ {
    "inputBytes" : 79565870,
    "inputRecords" : 2570811,
    "outputBytes" : 140958910,
    "outputRecords" : 2570810,
    "taskID" : "task_1600222256971_1099_m_000000",
    "startTime" : 1601022832463,
    "finishTime" : 1601022844112,
    "taskType" : "MAP",
    "taskStatus" : "SUCCESS",
    "attempts" : [ {
      "attemptID" : "attempt_1600222256971_1099_m_000000_0",
      "result" : "SUCCESS",
      "startTime" : 1601022834549,
      "finishTime" : 1601022844112,
      "hostName" : "/default-rack/slave4",
      "hdfsBytesRead" : 79565870,
      "hdfsBytesWritten" : 0,
      "fileBytesRead" : 70826712,
      "fileBytesWritten" : 140958910,
      "mapInputRecords" : 2570811,
      "mapInputBytes" : -1,
      "mapOutputBytes" : 65275490,
      "mapOutputRecords" : 2570810,
      "combineInputRecords" : 0,
      "reduceInputGroups" : -1,
      "reduceInputRecords" : -1,
      "reduceShuffleBytes" : -1,
      "reduceOutputRecords" : -1,
      "spilledRecords" : 5141620,
      "shuffleFinished" : -1,
      "sortFinished" : -1,
      "location" : {
        "layers" : [ "default-rack", "slave4" ]
      },
      "clockSplits" : [ 6538, 177, 178, 177, 178, 177, 177, 178, 441, 443, 443, 443 ],
      "cpuUsages" : [ 1974, 1974, 1974, 1974, 1974, 1974, 1974, 1974, 793, 788, 788, 789 ],
      "physMemKbytes" : [ 17595, 52786, 87979, 123170, 158363, 193554, 228747, 263938, 281811, 282086, 282359, 282634 ],
      "resourceUsageMetrics" : {
        "cumulativeCpuUsage" : 18950,
        "virtualMemoryUsage" : 2063110144,
        "physicalMemoryUsage" : 289558528,
        "heapUsage" : 208142336
      },
      "vmemKbytes" : [ 125666, 376999, 628333, 879666, 1130999, 1382332, 1633666, 1884999, 2012052, 2012826, 2013597, 2014370 ]
    }, {
      "attemptID" : "attempt_1600222256971_1099_m_000000_1",
      "result" : "KILLED",
      "startTime" : -1,
      "finishTime" : 0,
      "hostName" : "/UNKNOWN/UNKNOWN",
      "hdfsBytesRead" : -1,
      "hdfsBytesWritten" : -1,
      "fileBytesRead" : -1,
      "fileBytesWritten" : -1,
      "mapInputRecords" : -1,
      "mapInputBytes" : -1,
      "mapOutputBytes" : -1,
      "mapOutputRecords" : -1,
      "combineInputRecords" : -1,
      "reduceInputGroups" : -1,
      "reduceInputRecords" : -1,
      "reduceShuffleBytes" : -1,
      "reduceOutputRecords" : -1,
      "spilledRecords" : -1,
      "shuffleFinished" : -1,
      "sortFinished" : -1,
      "location" : {
        "layers" : [ "UNKNOWN", "UNKNOWN" ]
      },
      "clockSplits" : [ -1, -1, -1, -1, -1, -1, -1, -1, -1, -1, -1, -1 ],
      "cpuUsages" : [ -1, -1, -1, -1, -1, -1, -1, -1, -1, -1, -1, -1 ],
      "physMemKbytes" : [ -1, -1, -1, -1, -1, -1, -1, -1, -1, -1, -1, -1 ],
      "resourceUsageMetrics" : {
        "cumulativeCpuUsage" : 0,
        "virtualMemoryUsage" : 0,
        "physicalMemoryUsage" : 0,
        "heapUsage" : 0
      },
      "vmemKbytes" : [ -1, -1, -1, -1, -1, -1, -1, -1, -1, -1, -1, -1 ]
    } ],
    "preferredLocations" : [ ]
  }, {
    "inputBytes" : 63092039,
    "inputRecords" : 1299730,
    "outputBytes" : 144540630,
    "outputRecords" : 1299729,
    "taskID" : "task_1600222256971_1099_m_000001",
    "startTime" : 1601022832465,
    "finishTime" : 1601022841408,
    "taskType" : "MAP",
    "taskStatus" : "SUCCESS",
    "attempts" : [ {
      "attemptID" : "attempt_1600222256971_1099_m_000001_0",
      "result" : "SUCCESS",
      "startTime" : 1601022834556,
      "finishTime" : 1601022841408,
      "hostName" : "/default-rack/slave4",
      "hdfsBytesRead" : 63092039,
      "hdfsBytesWritten" : 0,
      "fileBytesRead" : 72537855,
      "fileBytesWritten" : 144540630,
      "mapInputRecords" : 1299730,
      "mapInputBytes" : -1,
      "mapOutputBytes" : 69599284,
      "mapOutputRecords" : 1299729,
      "combineInputRecords" : 0,
      "reduceInputGroups" : -1,
      "reduceInputRecords" : -1,
      "reduceShuffleBytes" : -1,
      "reduceOutputRecords" : -1,
      "spilledRecords" : 2599458,
      "shuffleFinished" : -1,
      "sortFinished" : -1,
      "location" : {
        "layers" : [ "default-rack", "slave4" ]
      },
      "clockSplits" : [ 4323, 228, 228, 227, 228, 228, 227, 228, 228, 227, 228, 228 ],
      "cpuUsages" : [ 1035, 1035, 1035, 1035, 1035, 1035, 1035, 1035, 1035, 1035, 1035, 1035 ],
      "physMemKbytes" : [ 11904, 35713, 59522, 83331, 107140, 130949, 154758, 178567, 202376, 226185, 249994, 273803 ],
      "resourceUsageMetrics" : {
        "cumulativeCpuUsage" : 12420,
        "virtualMemoryUsage" : 2062667776,
        "physicalMemoryUsage" : 292564992,
        "heapUsage" : 206569472
      },
      "vmemKbytes" : [ 83930, 251790, 419650, 587510, 755371, 923231, 1091092, 1258951, 1426812, 1594673, 1762532, 1930393 ]
    } ],
    "preferredLocations" : [ ]
  } ],
  "reduceTasks" : [ {
    "inputBytes" : 35475711,
    "inputRecords" : 960696,
    "outputBytes" : 117366671,
    "outputRecords" : 1892904,
    "taskID" : "task_1600222256971_1099_r_000000",
    "startTime" : 1601022832465,
    "finishTime" : 1601022853250,
    "taskType" : "REDUCE",
    "taskStatus" : "SUCCESS",
    "attempts" : [ {
      "attemptID" : "attempt_1600222256971_1099_r_000000_0",
      "result" : "SUCCESS",
      "startTime" : 1601022843471,
      "finishTime" : 1601022853250,
      "hostName" : "/default-rack/slave4",
      "hdfsBytesRead" : 0,
      "hdfsBytesWritten" : 117366671,
      "fileBytesRead" : 35475705,
      "fileBytesWritten" : 35600172,
      "mapInputRecords" : -1,
      "mapInputBytes" : -1,
      "mapOutputBytes" : -1,
      "mapOutputRecords" : -1,
      "combineInputRecords" : 0,
      "reduceInputGroups" : 107400,
      "reduceInputRecords" : 960696,
      "reduceShuffleBytes" : 35475711,
      "reduceOutputRecords" : 1892904,
      "spilledRecords" : 960696,
      "shuffleFinished" : 1601022845399,
      "sortFinished" : 1601022845937,
      "location" : {
        "layers" : [ "default-rack", "slave4" ]
      },
      "clockSplits" : [ 2957, 484, 485, 484, 484, 485, 484, 484, 485, 484, 484, 1962 ],
      "cpuUsages" : [ 1239, 1240, 1239, 1240, 1239, 1240, 1239, 1240, 1239, 1240, 1239, 3786 ],
      "physMemKbytes" : [ 9325, 27977, 46629, 65280, 83933, 102584, 121236, 139887, 158540, 177192, 195843, 209661 ],
      "resourceUsageMetrics" : {
        "cumulativeCpuUsage" : 17420,
        "virtualMemoryUsage" : 2075426816,
        "physicalMemoryUsage" : 219250688,
        "heapUsage" : 138412032
      },
      "vmemKbytes" : [ 91936, 275809, 459683, 643556, 827430, 1011303, 1195177, 1379050, 1562924, 1746797, 1930670, 2025071 ]
    } ],
    "preferredLocations" : [ ]
  }, {
    "inputBytes" : 35795216,
    "inputRecords" : 972611,
    "outputBytes" : 117030796,
    "outputRecords" : 1896626,
    "taskID" : "task_1600222256971_1099_r_000001",
    "startTime" : 1601022832465,
    "finishTime" : 1601022854906,
    "taskType" : "REDUCE",
    "taskStatus" : "SUCCESS",
    "attempts" : [ {
      "attemptID" : "attempt_1600222256971_1099_r_000001_0",
      "result" : "SUCCESS",
      "startTime" : 1601022843482,
      "finishTime" : 1601022854906,
      "hostName" : "/default-rack/slave2",
      "hdfsBytesRead" : 0,
      "hdfsBytesWritten" : 117030796,
      "fileBytesRead" : 35795210,
      "fileBytesWritten" : 35919677,
      "mapInputRecords" : -1,
      "mapInputBytes" : -1,
      "mapOutputBytes" : -1,
      "mapOutputRecords" : -1,
      "combineInputRecords" : 0,
      "reduceInputGroups" : 108684,
      "reduceInputRecords" : 972611,
      "reduceShuffleBytes" : 35795216,
      "reduceOutputRecords" : 1896626,
      "spilledRecords" : 972611,
      "shuffleFinished" : 1601022846327,
      "sortFinished" : 1601022846986,
      "location" : {
        "layers" : [ "default-rack", "slave2" ]
      },
      "clockSplits" : [ 3956, 446, 445, 446, 446, 445, 446, 445, 446, 446, 1449, 1994 ],
      "cpuUsages" : [ 1171, 1171, 1172, 1171, 1171, 1172, 1171, 1171, 1172, 1171, 2246, 3361 ],
      "physMemKbytes" : [ 9425, 28276, 47127, 65978, 84830, 103681, 122533, 141384, 160235, 179087, 193381, 194774 ],
      "resourceUsageMetrics" : {
        "cumulativeCpuUsage" : 17320,
        "virtualMemoryUsage" : 2074333184,
        "physicalMemoryUsage" : 202506240,
        "heapUsage" : 138936320
      },
      "vmemKbytes" : [ 98229, 294687, 491145, 687602, 884061, 1080519, 1276978, 1473435, 1669894, 1866353, 2014089, 2022801 ]
    } ],
    "preferredLocations" : [ ]
  }, {
    "inputBytes" : 35337632,
    "inputRecords" : 957865,
    "outputBytes" : 115266600,
    "outputRecords" : 1864815,
    "taskID" : "task_1600222256971_1099_r_000002",
    "startTime" : 1601022832465,
    "finishTime" : 1601022853509,
    "taskType" : "REDUCE",
    "taskStatus" : "SUCCESS",
    "attempts" : [ {
      "attemptID" : "attempt_1600222256971_1099_r_000002_0",
      "result" : "SUCCESS",
      "startTime" : 1601022843481,
      "finishTime" : 1601022853509,
      "hostName" : "/default-rack/slave1",
      "hdfsBytesRead" : 0,
      "hdfsBytesWritten" : 115266600,
      "fileBytesRead" : 35337626,
      "fileBytesWritten" : 35462093,
      "mapInputRecords" : -1,
      "mapInputBytes" : -1,
      "mapOutputBytes" : -1,
      "mapOutputRecords" : -1,
      "combineInputRecords" : 0,
      "reduceInputGroups" : 107402,
      "reduceInputRecords" : 957865,
      "reduceShuffleBytes" : 35337632,
      "reduceOutputRecords" : 1864815,
      "spilledRecords" : 957865,
      "shuffleFinished" : 1601022846070,
      "sortFinished" : 1601022846616,
      "location" : {
        "layers" : [ "default-rack", "slave1" ]
      },
      "clockSplits" : [ 3585, 437, 436, 437, 436, 437, 436, 437, 436, 437, 758, 1741 ],
      "cpuUsages" : [ 1223, 1224, 1224, 1224, 1224, 1224, 1224, 1223, 1224, 1224, 1633, 2879 ],
      "physMemKbytes" : [ 9003, 27009, 45016, 63022, 81029, 99036, 117043, 135049, 153056, 171063, 188555, 194479 ],
      "resourceUsageMetrics" : {
        "cumulativeCpuUsage" : 16750,
        "virtualMemoryUsage" : 2072436736,
        "physicalMemoryUsage" : 199733248,
        "heapUsage" : 139984896
      },
      "vmemKbytes" : [ 94107, 282323, 470539, 658754, 846971, 1035186, 1223403, 1411618, 1599835, 1788051, 1970520, 2023864 ]
    } ],
    "preferredLocations" : [ ]
  }, {
    "inputBytes" : 36016581,
    "inputRecords" : 979367,
    "outputBytes" : 118228254,
    "outputRecords" : 1913423,
    "taskID" : "task_1600222256971_1099_r_000003",
    "startTime" : 1601022832465,
    "finishTime" : 1601022853962,
    "taskType" : "REDUCE",
    "taskStatus" : "SUCCESS",
    "attempts" : [ {
      "attemptID" : "attempt_1600222256971_1099_r_000003_0",
      "result" : "SUCCESS",
      "startTime" : 1601022843476,
      "finishTime" : 1601022853962,
      "hostName" : "/default-rack/slave3",
      "hdfsBytesRead" : 0,
      "hdfsBytesWritten" : 118228254,
      "fileBytesRead" : 36016575,
      "fileBytesWritten" : 36141042,
      "mapInputRecords" : -1,
      "mapInputBytes" : -1,
      "mapOutputBytes" : -1,
      "mapOutputRecords" : -1,
      "combineInputRecords" : 0,
      "reduceInputGroups" : 108985,
      "reduceInputRecords" : 979367,
      "reduceShuffleBytes" : 36016581,
      "reduceOutputRecords" : 1913423,
      "spilledRecords" : 979367,
      "shuffleFinished" : 1601022846160,
      "sortFinished" : 1601022846746,
      "location" : {
        "layers" : [ "default-rack", "slave3" ]
      },
      "clockSplits" : [ 3721, 436, 436, 436, 436, 436, 436, 436, 436, 436, 1060, 1769 ],
      "cpuUsages" : [ 1157, 1157, 1158, 1157, 1158, 1157, 1157, 1158, 1157, 1158, 2085, 3141 ],
      "physMemKbytes" : [ 9052, 27157, 45262, 63367, 81473, 99578, 117683, 135788, 153893, 171999, 188436, 193454 ],
      "resourceUsageMetrics" : {
        "cumulativeCpuUsage" : 16800,
        "virtualMemoryUsage" : 2070310912,
        "physicalMemoryUsage" : 199561216,
        "heapUsage" : 139984896
      },
      "vmemKbytes" : [ 95981, 287943, 479905, 671867, 863830, 1055791, 1247754, 1439716, 1631679, 1823641, 1994600, 2021788 ]
    } ],
    "preferredLocations" : [ ]
  } ],
  "otherTasks" : [ ],
  "successfulMapAttemptCDFs" : [ {
    "numberValues" : 0,
    "minimum" : -9223372036854775808,
    "rankings" : [ ],
    "maximum" : 9223372036854775807
  }, {
    "numberValues" : 0,
    "minimum" : -9223372036854775808,
    "rankings" : [ ],
    "maximum" : 9223372036854775807
  }, {
    "numberValues" : 0,
    "minimum" : -9223372036854775808,
    "rankings" : [ ],
    "maximum" : 9223372036854775807
  }, {
    "numberValues" : 2,
    "minimum" : 6852,
    "rankings" : [ {
      "relativeRanking" : 0.05,
      "datum" : 6852
    }, {
      "relativeRanking" : 0.1,
      "datum" : 6852
    }, {
      "relativeRanking" : 0.15,
      "datum" : 6852
    }, {
      "relativeRanking" : 0.2,
      "datum" : 6852
    }, {
      "relativeRanking" : 0.25,
      "datum" : 6852
    }, {
      "relativeRanking" : 0.3,
      "datum" : 6852
    }, {
      "relativeRanking" : 0.35,
      "datum" : 6852
    }, {
      "relativeRanking" : 0.4,
      "datum" : 6852
    }, {
      "relativeRanking" : 0.45,
      "datum" : 6852
    }, {
      "relativeRanking" : 0.5,
      "datum" : 6852
    }, {
      "relativeRanking" : 0.55,
      "datum" : 6852
    }, {
      "relativeRanking" : 0.6,
      "datum" : 6852
    }, {
      "relativeRanking" : 0.65,
      "datum" : 6852
    }, {
      "relativeRanking" : 0.7,
      "datum" : 6852
    }, {
      "relativeRanking" : 0.75,
      "datum" : 6852
    }, {
      "relativeRanking" : 0.8,
      "datum" : 6852
    }, {
      "relativeRanking" : 0.85,
      "datum" : 6852
    }, {
      "relativeRanking" : 0.9,
      "datum" : 6852
    }, {
      "relativeRanking" : 0.95,
      "datum" : 6852
    } ],
    "maximum" : 9563
  } ],
  "failedMapAttemptCDFs" : [ {
    "numberValues" : 0,
    "minimum" : -9223372036854775808,
    "rankings" : [ ],
    "maximum" : 9223372036854775807
  }, {
    "numberValues" : 0,
    "minimum" : -9223372036854775808,
    "rankings" : [ ],
    "maximum" : 9223372036854775807
  }, {
    "numberValues" : 0,
    "minimum" : -9223372036854775808,
    "rankings" : [ ],
    "maximum" : 9223372036854775807
  }, {
    "numberValues" : 0,
    "minimum" : -9223372036854775808,
    "rankings" : [ ],
    "maximum" : 9223372036854775807
  } ],
  "successfulReduceAttemptCDF" : {
    "numberValues" : 4,
    "minimum" : 9779,
    "rankings" : [ {
      "relativeRanking" : 0.05,
      "datum" : 9779
    }, {
      "relativeRanking" : 0.1,
      "datum" : 9779
    }, {
      "relativeRanking" : 0.15,
      "datum" : 9779
    }, {
      "relativeRanking" : 0.2,
      "datum" : 9779
    }, {
      "relativeRanking" : 0.25,
      "datum" : 9779
    }, {
      "relativeRanking" : 0.3,
      "datum" : 9779
    }, {
      "relativeRanking" : 0.35,
      "datum" : 9779
    }, {
      "relativeRanking" : 0.4,
      "datum" : 9779
    }, {
      "relativeRanking" : 0.45,
      "datum" : 9779
    }, {
      "relativeRanking" : 0.5,
      "datum" : 10028
    }, {
      "relativeRanking" : 0.55,
      "datum" : 10028
    }, {
      "relativeRanking" : 0.6,
      "datum" : 10028
    }, {
      "relativeRanking" : 0.65,
      "datum" : 10028
    }, {
      "relativeRanking" : 0.7,
      "datum" : 10028
    }, {
      "relativeRanking" : 0.75,
      "datum" : 10486
    }, {
      "relativeRanking" : 0.8,
      "datum" : 10486
    }, {
      "relativeRanking" : 0.85,
      "datum" : 10486
    }, {
      "relativeRanking" : 0.9,
      "datum" : 10486
    }, {
      "relativeRanking" : 0.95,
      "datum" : 10486
    } ],
    "maximum" : 11424
  },
  "failedReduceAttemptCDF" : {
    "numberValues" : 0,
    "minimum" : -9223372036854775808,
    "rankings" : [ ],
    "maximum" : 9223372036854775807
  },
  "queue" : "default",
  "jobName" : "ReduceJoin-[1601022829122]",
  "clusterMapMB" : -1,
  "clusterReduceMB" : -1,
  "jobMapMB" : -1,
  "jobReduceMB" : -1,
  "relativeTime" : 0,
  "mapperTriesToSucceed" : [ 1.0 ],
  "failedMapperFraction" : 0.0,
  "jobProperties" : { }
}