{
  "jobID" : "job_1600222256971_1107",
  "user" : "hadoop",
  "computonsPerMapInputByte" : -1,
  "computonsPerMapOutputByte" : -1,
  "computonsPerReduceInputByte" : -1,
  "computonsPerReduceOutputByte" : -1,
  "submitTime" : 1601023245732,
  "launchTime" : 1601023249533,
  "finishTime" : 1601023271789,
  "heapMegabytes" : -1,
  "totalMaps" : 8,
  "totalReduces" : 2,
  "outcome" : "SUCCESS",
  "jobtype" : "JAVA",
  "priority" : "NORMAL",
  "directDependantJobs" : [ ],
  "mapTasks" : [ {
    "inputBytes" : 134217938,
    "inputRecords" : 1342178,
    "outputBytes" : 279297930,
    "outputRecords" : 1342178,
    "taskID" : "task_1600222256971_1107_m_000000",
    "startTime" : 1601023249619,
    "finishTime" : 1601023260845,
    "taskType" : "MAP",
    "taskStatus" : "SUCCESS",
    "attempts" : [ {
      "attemptID" : "attempt_1600222256971_1107_m_000000_0",
      "result" : "SUCCESS",
      "startTime" : 1601023251803,
      "finishTime" : 1601023260845,
      "hostName" : "/default-rack/slave2",
      "hdfsBytesRead" : 134217938,
      "hdfsBytesWritten" : 0,
      "fileBytesRead" : 139858987,
      "fileBytesWritten" : 279297930,
      "mapInputRecords" : 1342178,
      "mapInputBytes" : -1,
      "mapOutputBytes" : 136902156,
      "mapOutputRecords" : 1342178,
      "combineInputRecords" : 0,
      "reduceInputGroups" : -1,
      "reduceInputRecords" : -1,
      "reduceShuffleBytes" : -1,
      "reduceOutputRecords" : -1,
      "spilledRecords" : 2684356,
      "shuffleFinished" : -1,
      "sortFinished" : -1,
      "location" : {
        "layers" : [ "default-rack", "slave2" ]
      },
      "clockSplits" : [ 6988, 135, 136, 135, 135, 136, 135, 136, 168, 308, 307, 308 ],
      "cpuUsages" : [ 1409, 1409, 1410, 1409, 1410, 1409, 1410, 1409, 1236, 523, 523, 523 ],
      "physMemKbytes" : [ 16447, 49341, 82236, 115131, 148026, 180921, 213816, 246711, 278976, 289482, 289260, 289039 ],
      "vmemKbytes" : [ 114345, 343035, 571726, 800417, 1029108, 1257798, 1486489, 1715180, 1939517, 2013592, 2013591, 2013592 ],
      "resourceUsageMetrics" : {
        "cumulativeCpuUsage" : 14080,
        "virtualMemoryUsage" : 2061918208,
        "physicalMemoryUsage" : 295862272,
        "heapUsage" : 197132288
      }
    } ],
    "preferredLocations" : [ ]
  }, {
    "inputBytes" : 134217838,
    "inputRecords" : 1342177,
    "outputBytes" : 279297722,
    "outputRecords" : 1342177,
    "taskID" : "task_1600222256971_1107_m_000001",
    "startTime" : 1601023249621,
    "finishTime" : 1601023259065,
    "taskType" : "MAP",
    "taskStatus" : "SUCCESS",
    "attempts" : [ {
      "attemptID" : "attempt_1600222256971_1107_m_000001_0",
      "result" : "SUCCESS",
      "startTime" : 1601023251804,
      "finishTime" : 1601023259065,
      "hostName" : "/default-rack/slave3",
      "hdfsBytesRead" : 134217838,
      "hdfsBytesWritten" : 0,
      "fileBytesRead" : 139689227,
      "fileBytesWritten" : 279297722,
      "mapInputRecords" : 1342177,
      "mapInputBytes" : -1,
      "mapOutputBytes" : 136902054,
      "mapOutputRecords" : 1342177,
      "combineInputRecords" : 0,
      "reduceInputGroups" : -1,
      "reduceInputRecords" : -1,
      "reduceShuffleBytes" : -1,
      "reduceOutputRecords" : -1,
      "spilledRecords" : 2684354,
      "shuffleFinished" : -1,
      "sortFinished" : -1,
      "location" : {
        "layers" : [ "default-rack", "slave3" ]
      },
      "clockSplits" : [ 5634, 147, 146, 147, 146, 147, 147, 146, 147, 146, 147, 147 ],
      "cpuUsages" : [ 994, 994, 994, 994, 994, 995, 994, 994, 994, 994, 994, 995 ],
      "physMemKbytes" : [ 11645, 34935, 58226, 81516, 104807, 128098, 151389, 174679, 197970, 221261, 244551, 267842 ],
      "vmemKbytes" : [ 83946, 251838, 419730, 587622, 755515, 923407, 1091300, 1259191, 1427084, 1594977, 1762868, 1930761 ],
      "resourceUsageMetrics" : {
        "cumulativeCpuUsage" : 11930,
        "virtualMemoryUsage" : 2063060992,
        "physicalMemoryUsage" : 286195712,
        "heapUsage" : 197132288
      }
    } ],
    "preferredLocations" : [ ]
  }, {
    "inputBytes" : 134217838,
    "inputRecords" : 1342177,
    "outputBytes" : 279297722,
    "outputRecords" : 1342177,
    "taskID" : "task_1600222256971_1107_m_000002",
    "startTime" : 1601023249621,
    "finishTime" : 1601023260461,
    "taskType" : "MAP",
    "taskStatus" : "SUCCESS",
    "attempts" : [ {
      "attemptID" : "attempt_1600222256971_1107_m_000002_0",
      "result" : "SUCCESS",
      "startTime" : 1601023251805,
      "finishTime" : 1601023260461,
      "hostName" : "/default-rack/slave5",
      "hdfsBytesRead" : 134217838,
      "hdfsBytesWritten" : 0,
      "fileBytesRead" : 139642811,
      "fileBytesWritten" : 279297722,
      "mapInputRecords" : 1342177,
      "mapInputBytes" : -1,
      "mapOutputBytes" : 136902054,
      "mapOutputRecords" : 1342177,
      "combineInputRecords" : 0,
      "reduceInputGroups" : -1,
      "reduceInputRecords" : -1,
      "reduceShuffleBytes" : -1,
      "reduceOutputRecords" : -1,
      "spilledRecords" : 2684354,
      "shuffleFinished" : -1,
      "sortFinished" : -1,
      "location" : {
        "layers" : [ "default-rack", "slave5" ]
      },
      "clockSplits" : [ 6912, 126, 126, 126, 126, 126, 126, 126, 126, 176, 274, 274 ],
      "cpuUsages" : [ 1280, 1281, 1280, 1281, 1280, 1281, 1280, 1281, 1280, 1061, 617, 618 ],
      "physMemKbytes" : [ 14782, 44346, 73910, 103474, 133039, 162603, 192168, 221732, 251297, 279220, 285662, 285469 ],
      "vmemKbytes" : [ 104140, 312422, 520703, 728984, 937267, 1145548, 1353830, 1562111, 1770393, 1967186, 2013635, 2013636 ],
      "resourceUsageMetrics" : {
        "cumulativeCpuUsage" : 13820,
        "virtualMemoryUsage" : 2061963264,
        "physicalMemoryUsage" : 292220928,
        "heapUsage" : 197132288
      }
    } ],
    "preferredLocations" : [ ]
  }, {
    "inputBytes" : 134217938,
    "inputRecords" : 1342178,
    "outputBytes" : 279297930,
    "outputRecords" : 1342178,
    "taskID" : "task_1600222256971_1107_m_000003",
    "startTime" : 1601023249621,
    "finishTime" : 1601023259603,
    "taskType" : "MAP",
    "taskStatus" : "SUCCESS",
    "attempts" : [ {
      "attemptID" : "attempt_1600222256971_1107_m_000003_0",
      "result" : "SUCCESS",
      "startTime" : 1601023251796,
      "finishTime" : 1601023259603,
      "hostName" : "/default-rack/slave5",
      "hdfsBytesRead" : 134217938,
      "hdfsBytesWritten" : 0,
      "fileBytesRead" : 139802379,
      "fileBytesWritten" : 279297930,
      "mapInputRecords" : 1342178,
      "mapInputBytes" : -1,
      "mapOutputBytes" : 136902156,
      "mapOutputRecords" : 1342178,
      "combineInputRecords" : 0,
      "reduceInputGroups" : -1,
      "reduceInputRecords" : -1,
      "reduceShuffleBytes" : -1,
      "reduceOutputRecords" : -1,
      "spilledRecords" : 2684356,
      "shuffleFinished" : -1,
      "sortFinished" : -1,
      "location" : {
        "layers" : [ "default-rack", "slave5" ]
      },
      "clockSplits" : [ 6104, 153, 154, 153, 154, 153, 153, 154, 153, 154, 153, 154 ],
      "cpuUsages" : [ 991, 992, 992, 991, 992, 992, 991, 992, 992, 991, 992, 992 ],
      "physMemKbytes" : [ 11841, 35523, 59205, 82887, 106570, 130252, 153935, 177616, 201299, 224982, 248663, 272346 ],
      "vmemKbytes" : [ 84008, 252024, 420040, 588056, 756073, 924089, 1092106, 1260121, 1428138, 1596155, 1764170, 1932187 ],
      "resourceUsageMetrics" : {
        "cumulativeCpuUsage" : 11900,
        "virtualMemoryUsage" : 2064584704,
        "physicalMemoryUsage" : 291008512,
        "heapUsage" : 197656576
      }
    } ],
    "preferredLocations" : [ ]
  }, {
    "inputBytes" : 134217838,
    "inputRecords" : 1342177,
    "outputBytes" : 279297722,
    "outputRecords" : 1342177,
    "taskID" : "task_1600222256971_1107_m_000004",
    "startTime" : 1601023249621,
    "finishTime" : 1601023259352,
    "taskType" : "MAP",
    "taskStatus" : "SUCCESS",
    "attempts" : [ {
      "attemptID" : "attempt_1600222256971_1107_m_000004_0",
      "result" : "SUCCESS",
      "startTime" : 1601023251805,
      "finishTime" : 1601023259352,
      "hostName" : "/default-rack/slave1",
      "hdfsBytesRead" : 134217838,
      "hdfsBytesWritten" : 0,
      "fileBytesRead" : 139764347,
      "fileBytesWritten" : 279297722,
      "mapInputRecords" : 1342177,
      "mapInputBytes" : -1,
      "mapOutputBytes" : 136902054,
      "mapOutputRecords" : 1342177,
      "combineInputRecords" : 0,
      "reduceInputGroups" : -1,
      "reduceInputRecords" : -1,
      "reduceShuffleBytes" : -1,
      "reduceOutputRecords" : -1,
      "spilledRecords" : 2684354,
      "shuffleFinished" : -1,
      "sortFinished" : -1,
      "location" : {
        "layers" : [ "default-rack", "slave1" ]
      },
      "clockSplits" : [ 5943, 144, 145, 144, 145, 144, 144, 145, 144, 145, 144, 145 ],
      "cpuUsages" : [ 983, 983, 984, 983, 983, 984, 983, 983, 984, 983, 983, 984 ],
      "physMemKbytes" : [ 11970, 35911, 59852, 83793, 107734, 131675, 155616, 179557, 203498, 227439, 251380, 275321 ],
      "vmemKbytes" : [ 83982, 251946, 419911, 587875, 755840, 923805, 1091770, 1259734, 1427699, 1595664, 1763628, 1931593 ],
      "resourceUsageMetrics" : {
        "cumulativeCpuUsage" : 11800,
        "virtualMemoryUsage" : 2063949824,
        "physicalMemoryUsage" : 294187008,
        "heapUsage" : 187695104
      }
    } ],
    "preferredLocations" : [ ]
  }, {
    "inputBytes" : 134217838,
    "inputRecords" : 1342177,
    "outputBytes" : 279297722,
    "outputRecords" : 1342177,
    "taskID" : "task_1600222256971_1107_m_000005",
    "startTime" : 1601023249622,
    "finishTime" : 1601023260134,
    "taskType" : "MAP",
    "taskStatus" : "SUCCESS",
    "attempts" : [ {
      "attemptID" : "attempt_1600222256971_1107_m_000005_0",
      "result" : "SUCCESS",
      "startTime" : 1601023251806,
      "finishTime" : 1601023260134,
      "hostName" : "/default-rack/slave4",
      "hdfsBytesRead" : 134217838,
      "hdfsBytesWritten" : 0,
      "fileBytesRead" : 139806851,
      "fileBytesWritten" : 279297722,
      "mapInputRecords" : 1342177,
      "mapInputBytes" : -1,
      "mapOutputBytes" : 136902054,
      "mapOutputRecords" : 1342177,
      "combineInputRecords" : 0,
      "reduceInputGroups" : -1,
      "reduceInputRecords" : -1,
      "reduceShuffleBytes" : -1,
      "reduceOutputRecords" : -1,
      "spilledRecords" : 2684354,
      "shuffleFinished" : -1,
      "sortFinished" : -1,
      "location" : {
        "layers" : [ "default-rack", "slave4" ]
      },
      "clockSplits" : [ 6469, 148, 149, 148, 149, 148, 149, 148, 149, 148, 200, 311 ],
      "cpuUsages" : [ 1121, 1122, 1121, 1122, 1121, 1122, 1121, 1122, 1121, 1122, 919, 486 ],
      "physMemKbytes" : [ 13246, 39738, 66231, 92724, 119217, 145710, 172203, 198696, 225189, 251682, 276819, 282769 ],
      "vmemKbytes" : [ 94336, 283010, 471684, 660357, 849031, 1037704, 1226378, 1415051, 1603726, 1792399, 1971511, 2015344 ],
      "resourceUsageMetrics" : {
        "cumulativeCpuUsage" : 12620,
        "virtualMemoryUsage" : 2063712256,
        "physicalMemoryUsage" : 289419264,
        "heapUsage" : 187170816
      }
    }, {
      "attemptID" : "attempt_1600222256971_1107_m_000005_1",
      "result" : "KILLED",
      "startTime" : 1601023259644,
      "finishTime" : 1601023260162,
      "hostName" : "/default-rack/slave4",
      "hdfsBytesRead" : -1,
      "hdfsBytesWritten" : -1,
      "fileBytesRead" : -1,
      "fileBytesWritten" : -1,
      "mapInputRecords" : -1,
      "mapInputBytes" : -1,
      "mapOutputBytes" : -1,
      "mapOutputRecords" : -1,
      "combineInputRecords" : -1,
      "reduceInputGroups" : -1,
      "reduceInputRecords" : -1,
      "reduceShuffleBytes" : -1,
      "reduceOutputRecords" : -1,
      "spilledRecords" : -1,
      "shuffleFinished" : -1,
      "sortFinished" : -1,
      "location" : {
        "layers" : [ "default-rack", "slave4" ]
      },
      "clockSplits" : [ 41, 41, 41, 41, 41, 41, 41, 41, 41, 41, 41, 41 ],
      "cpuUsages" : [ 0, 0, 0, 0, 0, 0, 0, 0, 0, 0, 0, 0 ],
      "physMemKbytes" : [ 0, 0, 0, 0, 0, 0, 0, 0, 0, 0, 0, 0 ],
      "vmemKbytes" : [ 0, 0, 0, 0, 0, 0, 0, 0, 0, 0, 0, 0 ],
      "resourceUsageMetrics" : {
        "cumulativeCpuUsage" : 0,
        "virtualMemoryUsage" : 0,
        "physicalMemoryUsage" : 0,
        "heapUsage" : 0
      }
    } ],
    "preferredLocations" : [ ]
  }, {
    "inputBytes" : 97346938,
    "inputRecords" : 973468,
    "outputBytes" : 202606238,
    "outputRecords" : 973468,
    "taskID" : "task_1600222256971_1107_m_000006",
    "startTime" : 1601023249622,
    "finishTime" : 1601023259595,
    "taskType" : "MAP",
    "taskStatus" : "SUCCESS",
    "attempts" : [ {
      "attemptID" : "attempt_1600222256971_1107_m_000006_0",
      "result" : "SUCCESS",
      "startTime" : 1601023251806,
      "finishTime" : 1601023259595,
      "hostName" : "/default-rack/slave2",
      "hdfsBytesRead" : 97346938,
      "hdfsBytesWritten" : 0,
      "fileBytesRead" : 101380205,
      "fileBytesWritten" : 202606238,
      "mapInputRecords" : 973468,
      "mapInputBytes" : -1,
      "mapOutputBytes" : 99293736,
      "mapOutputRecords" : 973468,
      "combineInputRecords" : 0,
      "reduceInputGroups" : -1,
      "reduceInputRecords" : -1,
      "reduceShuffleBytes" : -1,
      "reduceOutputRecords" : -1,
      "spilledRecords" : 1946936,
      "shuffleFinished" : -1,
      "sortFinished" : -1,
      "location" : {
        "layers" : [ "default-rack", "slave2" ]
      },
      "clockSplits" : [ 5554, 202, 202, 202, 201, 202, 202, 202, 201, 202, 202, 202 ],
      "cpuUsages" : [ 965, 966, 966, 966, 966, 966, 965, 966, 966, 966, 966, 966 ],
      "physMemKbytes" : [ 11850, 35550, 59250, 82950, 106651, 130351, 154052, 177751, 201452, 225153, 248852, 272553 ],
      "vmemKbytes" : [ 83907, 251722, 419539, 587354, 755170, 922985, 1090801, 1258616, 1426433, 1594248, 1762063, 1929880 ],
      "resourceUsageMetrics" : {
        "cumulativeCpuUsage" : 11590,
        "virtualMemoryUsage" : 2062118912,
        "physicalMemoryUsage" : 291229696,
        "heapUsage" : 198705152
      }
    } ],
    "preferredLocations" : [ ]
  }, {
    "inputBytes" : 97346938,
    "inputRecords" : 973468,
    "outputBytes" : 202606238,
    "outputRecords" : 973468,
    "taskID" : "task_1600222256971_1107_m_000007",
    "startTime" : 1601023249622,
    "finishTime" : 1601023258026,
    "taskType" : "MAP",
    "taskStatus" : "SUCCESS",
    "attempts" : [ {
      "attemptID" : "attempt_1600222256971_1107_m_000007_0",
      "result" : "SUCCESS",
      "startTime" : 1601023251805,
      "finishTime" : 1601023258026,
      "hostName" : "/default-rack/slave5",
      "hdfsBytesRead" : 97346938,
      "hdfsBytesWritten" : 0,
      "fileBytesRead" : 101393901,
      "fileBytesWritten" : 202606238,
      "mapInputRecords" : 973468,
      "mapInputBytes" : -1,
      "mapOutputBytes" : 99293736,
      "mapOutputRecords" : 973468,
      "combineInputRecords" : 0,
      "reduceInputGroups" : -1,
      "reduceInputRecords" : -1,
      "reduceShuffleBytes" : -1,
      "reduceOutputRecords" : -1,
      "spilledRecords" : 1946936,
      "shuffleFinished" : -1,
      "sortFinished" : -1,
      "location" : {
        "layers" : [ "default-rack", "slave5" ]
      },
      "clockSplits" : [ 4168, 184, 184, 185, 184, 184, 184, 185, 184, 184, 184, 185 ],
      "cpuUsages" : [ 714, 714, 714, 714, 714, 715, 714, 714, 714, 714, 714, 715 ],
      "physMemKbytes" : [ 11914, 35742, 59571, 83399, 107228, 131057, 154886, 178714, 202543, 226372, 250200, 274029 ],
      "vmemKbytes" : [ 83940, 251820, 419701, 587581, 755462, 923343, 1091224, 1259104, 1426985, 1594866, 1762746, 1930627 ],
      "resourceUsageMetrics" : {
        "cumulativeCpuUsage" : 8570,
        "virtualMemoryUsage" : 2062917632,
        "physicalMemoryUsage" : 292806656,
        "heapUsage" : 198180864
      }
    } ],
    "preferredLocations" : [ ]
  } ],
  "reduceTasks" : [ {
    "inputBytes" : 520328168,
    "inputRecords" : 5003155,
    "outputBytes" : 500315500,
    "outputRecords" : 5003155,
    "taskID" : "task_1600222256971_1107_r_000000",
    "startTime" : 1601023249622,
    "finishTime" : 1601023270450,
    "taskType" : "REDUCE",
    "taskStatus" : "SUCCESS",
    "attempts" : [ {
      "attemptID" : "attempt_1600222256971_1107_r_000000_0",
      "result" : "SUCCESS",
      "startTime" : 1601023260659,
      "finishTime" : 1601023270450,
      "hostName" : "/default-rack/slave5",
      "hdfsBytesRead" : 0,
      "hdfsBytesWritten" : 500315500,
      "fileBytesRead" : 520328168,
      "fileBytesWritten" : 520452935,
      "mapInputRecords" : -1,
      "mapInputBytes" : -1,
      "mapOutputBytes" : -1,
      "mapOutputRecords" : -1,
      "combineInputRecords" : 0,
      "reduceInputGroups" : 5003155,
      "reduceInputRecords" : 5003155,
      "reduceShuffleBytes" : 520328168,
      "reduceOutputRecords" : 5003155,
      "spilledRecords" : 5003155,
      "shuffleFinished" : 1601023265382,
      "sortFinished" : 1601023265422,
      "location" : {
        "layers" : [ "default-rack", "slave5" ]
      },
      "clockSplits" : [ 5049, 291, 290, 291, 290, 291, 291, 290, 291, 290, 834, 1281 ],
      "cpuUsages" : [ 1265, 1266, 1266, 1266, 1266, 1266, 1266, 1266, 1266, 1265, 2106, 2796 ],
      "physMemKbytes" : [ 10660, 31980, 53301, 74622, 95943, 117264, 138585, 159906, 181227, 202548, 220848, 224152 ],
      "vmemKbytes" : [ 96779, 290338, 483897, 677456, 871015, 1064574, 1258133, 1451692, 1645252, 1838811, 2003213, 2022908 ],
      "resourceUsageMetrics" : {
        "cumulativeCpuUsage" : 17560,
        "virtualMemoryUsage" : 2071457792,
        "physicalMemoryUsage" : 230178816,
        "heapUsage" : 136314880
      }
    } ],
    "preferredLocations" : [ ]
  }, {
    "inputBytes" : 519671928,
    "inputRecords" : 4996845,
    "outputBytes" : 499684500,
    "outputRecords" : 4996845,
    "taskID" : "task_1600222256971_1107_r_000001",
    "startTime" : 1601023249623,
    "finishTime" : 1601023271725,
    "taskType" : "REDUCE",
    "taskStatus" : "SUCCESS",
    "attempts" : [ {
      "attemptID" : "attempt_1600222256971_1107_r_000001_0",
      "result" : "SUCCESS",
      "startTime" : 1601023260662,
      "finishTime" : 1601023271725,
      "hostName" : "/default-rack/slave4",
      "hdfsBytesRead" : 0,
      "hdfsBytesWritten" : 499684500,
      "fileBytesRead" : 519671928,
      "fileBytesWritten" : 519796695,
      "mapInputRecords" : -1,
      "mapInputBytes" : -1,
      "mapOutputBytes" : -1,
      "mapOutputRecords" : -1,
      "combineInputRecords" : 0,
      "reduceInputGroups" : 4996845,
      "reduceInputRecords" : 4996845,
      "reduceShuffleBytes" : 519671928,
      "reduceOutputRecords" : 4996845,
      "spilledRecords" : 4996845,
      "shuffleFinished" : 1601023266668,
      "sortFinished" : 1601023266699,
      "location" : {
        "layers" : [ "default-rack", "slave4" ]
      },
      "clockSplits" : [ 6215, 183, 183, 183, 183, 183, 183, 183, 183, 880, 1177, 1314 ],
      "cpuUsages" : [ 1115, 1115, 1115, 1116, 1115, 1115, 1116, 1115, 1115, 2245, 2723, 2925 ],
      "physMemKbytes" : [ 10966, 32898, 54831, 76764, 98697, 120630, 142563, 164495, 186428, 203259, 205413, 206646 ],
      "vmemKbytes" : [ 108926, 326778, 544630, 762482, 980335, 1198186, 1416039, 1633891, 1851744, 2015893, 2025555, 2025556 ],
      "resourceUsageMetrics" : {
        "cumulativeCpuUsage" : 17930,
        "virtualMemoryUsage" : 2074169344,
        "physicalMemoryUsage" : 212176896,
        "heapUsage" : 132644864
      }
    } ],
    "preferredLocations" : [ ]
  } ],
  "otherTasks" : [ ],
  "successfulMapAttemptCDFs" : [ {
    "numberValues" : 0,
    "minimum" : -9223372036854775808,
    "rankings" : [ ],
    "maximum" : 9223372036854775807
  }, {
    "numberValues" : 0,
    "minimum" : -9223372036854775808,
    "rankings" : [ ],
    "maximum" : 9223372036854775807
  }, {
    "numberValues" : 0,
    "minimum" : -9223372036854775808,
    "rankings" : [ ],
    "maximum" : 9223372036854775807
  }, {
    "numberValues" : 8,
    "minimum" : 6221,
    "rankings" : [ {
      "relativeRanking" : 0.05,
      "datum" : 6221
    }, {
      "relativeRanking" : 0.1,
      "datum" : 6221
    }, {
      "relativeRanking" : 0.15,
      "datum" : 6221
    }, {
      "relativeRanking" : 0.2,
      "datum" : 6221
    }, {
      "relativeRanking" : 0.25,
      "datum" : 7261
    }, {
      "relativeRanking" : 0.3,
      "datum" : 7261
    }, {
      "relativeRanking" : 0.35,
      "datum" : 7261
    }, {
      "relativeRanking" : 0.4,
      "datum" : 7547
    }, {
      "relativeRanking" : 0.45,
      "datum" : 7547
    }, {
      "relativeRanking" : 0.5,
      "datum" : 7789
    }, {
      "relativeRanking" : 0.55,
      "datum" : 7789
    }, {
      "relativeRanking" : 0.6,
      "datum" : 7789
    }, {
      "relativeRanking" : 0.65,
      "datum" : 7807
    }, {
      "relativeRanking" : 0.7,
      "datum" : 7807
    }, {
      "relativeRanking" : 0.75,
      "datum" : 8328
    }, {
      "relativeRanking" : 0.8,
      "datum" : 8328
    }, {
      "relativeRanking" : 0.85,
      "datum" : 8328
    }, {
      "relativeRanking" : 0.9,
      "datum" : 8656
    }, {
      "relativeRanking" : 0.95,
      "datum" : 8656
    } ],
    "maximum" : 9042
  } ],
  "failedMapAttemptCDFs" : [ {
    "numberValues" : 0,
    "minimum" : -9223372036854775808,
    "rankings" : [ ],
    "maximum" : 9223372036854775807
  }, {
    "numberValues" : 0,
    "minimum" : -9223372036854775808,
    "rankings" : [ ],
    "maximum" : 9223372036854775807
  }, {
    "numberValues" : 0,
    "minimum" : -9223372036854775808,
    "rankings" : [ ],
    "maximum" : 9223372036854775807
  }, {
    "numberValues" : 0,
    "minimum" : -9223372036854775808,
    "rankings" : [ ],
    "maximum" : 9223372036854775807
  } ],
  "successfulReduceAttemptCDF" : {
    "numberValues" : 2,
    "minimum" : 9791,
    "rankings" : [ {
      "relativeRanking" : 0.05,
      "datum" : 9791
    }, {
      "relativeRanking" : 0.1,
      "datum" : 9791
    }, {
      "relativeRanking" : 0.15,
      "datum" : 9791
    }, {
      "relativeRanking" : 0.2,
      "datum" : 9791
    }, {
      "relativeRanking" : 0.25,
      "datum" : 9791
    }, {
      "relativeRanking" : 0.3,
      "datum" : 9791
    }, {
      "relativeRanking" : 0.35,
      "datum" : 9791
    }, {
      "relativeRanking" : 0.4,
      "datum" : 9791
    }, {
      "relativeRanking" : 0.45,
      "datum" : 9791
    }, {
      "relativeRanking" : 0.5,
      "datum" : 9791
    }, {
      "relativeRanking" : 0.55,
      "datum" : 9791
    }, {
      "relativeRanking" : 0.6,
      "datum" : 9791
    }, {
      "relativeRanking" : 0.65,
      "datum" : 9791
    }, {
      "relativeRanking" : 0.7,
      "datum" : 9791
    }, {
      "relativeRanking" : 0.75,
      "datum" : 9791
    }, {
      "relativeRanking" : 0.8,
      "datum" : 9791
    }, {
      "relativeRanking" : 0.85,
      "datum" : 9791
    }, {
      "relativeRanking" : 0.9,
      "datum" : 9791
    }, {
      "relativeRanking" : 0.95,
      "datum" : 9791
    } ],
    "maximum" : 11063
  },
  "failedReduceAttemptCDF" : {
    "numberValues" : 0,
    "minimum" : -9223372036854775808,
    "rankings" : [ ],
    "maximum" : 9223372036854775807
  },
  "queue" : "default",
  "jobName" : "TeraSort-[1601023246127]",
  "clusterMapMB" : -1,
  "clusterReduceMB" : -1,
  "jobMapMB" : -1,
  "jobReduceMB" : -1,
  "relativeTime" : 0,
  "mapperTriesToSucceed" : [ 1.0 ],
  "failedMapperFraction" : 0.0,
  "jobProperties" : { }
}