{
  "jobID" : "job_1572946766556_0684",
  "user" : "hadoop",
  "computonsPerMapInputByte" : -1,
  "computonsPerMapOutputByte" : -1,
  "computonsPerReduceInputByte" : -1,
  "computonsPerReduceOutputByte" : -1,
  "submitTime" : 1575463424103,
  "launchTime" : 1575463427758,
  "finishTime" : 1575463474428,
  "heapMegabytes" : -1,
  "totalMaps" : 2,
  "totalReduces" : 1,
  "outcome" : "SUCCESS",
  "jobtype" : "JAVA",
  "priority" : "NORMAL",
  "directDependantJobs" : [ ],
  "mapTasks" : [ {
    "inputBytes" : 79565870,
    "inputRecords" : 2570811,
    "outputBytes" : 140958784,
    "outputRecords" : 2570810,
    "taskID" : "task_1572946766556_0684_m_000000",
    "startTime" : 1575463427847,
    "finishTime" : 1575463443469,
    "taskType" : "MAP",
    "taskStatus" : "SUCCESS",
    "attempts" : [ {
      "attemptID" : "attempt_1572946766556_0684_m_000000_0",
      "result" : "SUCCESS",
      "startTime" : 1575463429981,
      "finishTime" : 1575463443469,
      "hostName" : "/default-rack/slave2",
      "hdfsBytesRead" : 79565870,
      "hdfsBytesWritten" : 0,
      "fileBytesRead" : 70417134,
      "fileBytesWritten" : 140958784,
      "mapInputRecords" : 2570811,
      "mapInputBytes" : -1,
      "mapOutputBytes" : 65275490,
      "mapOutputRecords" : 2570810,
      "combineInputRecords" : 0,
      "reduceInputGroups" : -1,
      "reduceInputRecords" : -1,
      "reduceShuffleBytes" : -1,
      "reduceOutputRecords" : -1,
      "spilledRecords" : 5141620,
      "shuffleFinished" : -1,
      "sortFinished" : -1,
      "location" : {
        "layers" : [ "default-rack", "slave2" ]
      },
      "clockSplits" : [ 1502, 1502, 1503, 1502, 1503, 2941, 280, 279, 614, 616, 615, 616 ],
      "cpuUsages" : [ 3096, 3096, 3097, 3096, 3097, 2702, 2527, 2528, 883, 876, 876, 876 ],
      "physMemKbytes" : [ 26322, 78966, 131610, 184253, 236898, 276937, 279677, 279962, 280234, 280489, 280744, 281000 ],
      "vmemKbytes" : [ 195188, 585566, 975943, 1366320, 1756699, 2053100, 2071392, 2071391, 2071774, 2072546, 2073317, 2074090 ],
      "resourceUsageMetrics" : {
        "cumulativeCpuUsage" : 26750,
        "virtualMemoryUsage" : 2124263424,
        "physicalMemoryUsage" : 287875072,
        "heapUsage" : 207618048
      }
    }, {
      "attemptID" : "attempt_1572946766556_0684_m_000000_1",
      "result" : "KILLED",
      "startTime" : 1575463441887,
      "finishTime" : 1575463443501,
      "hostName" : "/default-rack/slave5",
      "hdfsBytesRead" : -1,
      "hdfsBytesWritten" : -1,
      "fileBytesRead" : -1,
      "fileBytesWritten" : -1,
      "mapInputRecords" : -1,
      "mapInputBytes" : -1,
      "mapOutputBytes" : -1,
      "mapOutputRecords" : -1,
      "combineInputRecords" : -1,
      "reduceInputGroups" : -1,
      "reduceInputRecords" : -1,
      "reduceShuffleBytes" : -1,
      "reduceOutputRecords" : -1,
      "spilledRecords" : -1,
      "shuffleFinished" : -1,
      "sortFinished" : -1,
      "location" : {
        "layers" : [ "default-rack", "slave5" ]
      },
      "clockSplits" : [ 132, 132, 132, 132, 132, 132, 132, 132, 132, 132, 132, 133 ],
      "cpuUsages" : [ 0, 0, 0, 0, 0, 0, 0, 0, 0, 0, 0, 0 ],
      "physMemKbytes" : [ 0, 0, 0, 0, 0, 0, 0, 0, 0, 0, 0, 0 ],
      "vmemKbytes" : [ 0, 0, 0, 0, 0, 0, 0, 0, 0, 0, 0, 0 ],
      "resourceUsageMetrics" : {
        "cumulativeCpuUsage" : 0,
        "virtualMemoryUsage" : 0,
        "physicalMemoryUsage" : 0,
        "heapUsage" : 0
      }
    } ],
    "preferredLocations" : [ ]
  }, {
    "inputBytes" : 63092039,
    "inputRecords" : 1299730,
    "outputBytes" : 144540528,
    "outputRecords" : 1299729,
    "taskID" : "task_1572946766556_0684_m_000001",
    "startTime" : 1575463427849,
    "finishTime" : 1575463439004,
    "taskType" : "MAP",
    "taskStatus" : "SUCCESS",
    "attempts" : [ {
      "attemptID" : "attempt_1572946766556_0684_m_000001_0",
      "result" : "SUCCESS",
      "startTime" : 1575463429973,
      "finishTime" : 1575463439004,
      "hostName" : "/default-rack/slave2",
      "hdfsBytesRead" : 63092039,
      "hdfsBytesWritten" : 0,
      "fileBytesRead" : 72208006,
      "fileBytesWritten" : 144540528,
      "mapInputRecords" : 1299730,
      "mapInputBytes" : -1,
      "mapOutputBytes" : 69599284,
      "mapOutputRecords" : 1299729,
      "combineInputRecords" : 0,
      "reduceInputGroups" : -1,
      "reduceInputRecords" : -1,
      "reduceShuffleBytes" : -1,
      "reduceOutputRecords" : -1,
      "spilledRecords" : 2599458,
      "shuffleFinished" : -1,
      "sortFinished" : -1,
      "location" : {
        "layers" : [ "default-rack", "slave2" ]
      },
      "clockSplits" : [ 7232, 106, 106, 106, 106, 106, 106, 106, 216, 270, 269, 270 ],
      "cpuUsages" : [ 1954, 1954, 1954, 1954, 1954, 1954, 1955, 1954, 929, 446, 446, 446 ],
      "physMemKbytes" : [ 17297, 51891, 86485, 121078, 155673, 190267, 224862, 259455, 286026, 287633, 287450, 287267 ],
      "vmemKbytes" : [ 124809, 374430, 624051, 873671, 1123292, 1372913, 1622534, 1872154, 2064028, 2076232, 2075563, 2074894 ],
      "resourceUsageMetrics" : {
        "cumulativeCpuUsage" : 17900,
        "virtualMemoryUsage" : 2124349440,
        "physicalMemoryUsage" : 294068224,
        "heapUsage" : 204996608
      }
    } ],
    "preferredLocations" : [ ]
  } ],
  "reduceTasks" : [ {
    "inputBytes" : 142625104,
    "inputRecords" : 3870539,
    "outputBytes" : 467892321,
    "outputRecords" : 7567768,
    "taskID" : "task_1572946766556_0684_r_000000",
    "startTime" : 1575463427849,
    "finishTime" : 1575463474322,
    "taskType" : "REDUCE",
    "taskStatus" : "SUCCESS",
    "attempts" : [ {
      "attemptID" : "attempt_1572946766556_0684_r_000000_0",
      "result" : "SUCCESS",
      "startTime" : 1575463441884,
      "finishTime" : 1575463474322,
      "hostName" : "/default-rack/slave2",
      "hdfsBytesRead" : 0,
      "hdfsBytesWritten" : 467892321,
      "fileBytesRead" : 142625104,
      "fileBytesWritten" : 142749583,
      "mapInputRecords" : -1,
      "mapInputBytes" : -1,
      "mapOutputBytes" : -1,
      "mapOutputRecords" : -1,
      "combineInputRecords" : 0,
      "reduceInputGroups" : 432471,
      "reduceInputRecords" : 3870539,
      "reduceShuffleBytes" : 142625104,
      "reduceOutputRecords" : 7567768,
      "spilledRecords" : 3870539,
      "shuffleFinished" : 1575463444017,
      "sortFinished" : 1575463444039,
      "location" : {
        "layers" : [ "default-rack", "slave2" ]
      },
      "clockSplits" : [ 2790, 655, 655, 655, 655, 655, 655, 655, 2307, 7594, 7314, 7833 ],
      "cpuUsages" : [ 1345, 1345, 1346, 1345, 1345, 1346, 1345, 1345, 4660, 12842, 11298, 11668 ],
      "physMemKbytes" : [ 10802, 32407, 54012, 75617, 97223, 118828, 140433, 162038, 184967, 212349, 199374, 192083 ],
      "vmemKbytes" : [ 118832, 356497, 594162, 831827, 1069493, 1307158, 1544824, 1782489, 2014602, 2101628, 2086961, 2079038 ],
      "resourceUsageMetrics" : {
        "cumulativeCpuUsage" : 51230,
        "virtualMemoryUsage" : 2129526784,
        "physicalMemoryUsage" : 197926912,
        "heapUsage" : 135266304
      }
    } ],
    "preferredLocations" : [ ]
  } ],
  "otherTasks" : [ ],
  "successfulMapAttemptCDFs" : [ {
    "numberValues" : 0,
    "minimum" : -9223372036854775808,
    "rankings" : [ ],
    "maximum" : 9223372036854775807
  }, {
    "numberValues" : 0,
    "minimum" : -9223372036854775808,
    "rankings" : [ ],
    "maximum" : 9223372036854775807
  }, {
    "numberValues" : 0,
    "minimum" : -9223372036854775808,
    "rankings" : [ ],
    "maximum" : 9223372036854775807
  }, {
    "numberValues" : 2,
    "minimum" : 9031,
    "rankings" : [ {
      "relativeRanking" : 0.05,
      "datum" : 9031
    }, {
      "relativeRanking" : 0.1,
      "datum" : 9031
    }, {
      "relativeRanking" : 0.15,
      "datum" : 9031
    }, {
      "relativeRanking" : 0.2,
      "datum" : 9031
    }, {
      "relativeRanking" : 0.25,
      "datum" : 9031
    }, {
      "relativeRanking" : 0.3,
      "datum" : 9031
    }, {
      "relativeRanking" : 0.35,
      "datum" : 9031
    }, {
      "relativeRanking" : 0.4,
      "datum" : 9031
    }, {
      "relativeRanking" : 0.45,
      "datum" : 9031
    }, {
      "relativeRanking" : 0.5,
      "datum" : 9031
    }, {
      "relativeRanking" : 0.55,
      "datum" : 9031
    }, {
      "relativeRanking" : 0.6,
      "datum" : 9031
    }, {
      "relativeRanking" : 0.65,
      "datum" : 9031
    }, {
      "relativeRanking" : 0.7,
      "datum" : 9031
    }, {
      "relativeRanking" : 0.75,
      "datum" : 9031
    }, {
      "relativeRanking" : 0.8,
      "datum" : 9031
    }, {
      "relativeRanking" : 0.85,
      "datum" : 9031
    }, {
      "relativeRanking" : 0.9,
      "datum" : 9031
    }, {
      "relativeRanking" : 0.95,
      "datum" : 9031
    } ],
    "maximum" : 13488
  } ],
  "failedMapAttemptCDFs" : [ {
    "numberValues" : 0,
    "minimum" : -9223372036854775808,
    "rankings" : [ ],
    "maximum" : 9223372036854775807
  }, {
    "numberValues" : 0,
    "minimum" : -9223372036854775808,
    "rankings" : [ ],
    "maximum" : 9223372036854775807
  }, {
    "numberValues" : 0,
    "minimum" : -9223372036854775808,
    "rankings" : [ ],
    "maximum" : 9223372036854775807
  }, {
    "numberValues" : 0,
    "minimum" : -9223372036854775808,
    "rankings" : [ ],
    "maximum" : 9223372036854775807
  } ],
  "successfulReduceAttemptCDF" : {
    "numberValues" : 1,
    "minimum" : 32438,
    "rankings" : [ {
      "relativeRanking" : 0.05,
      "datum" : 32438
    }, {
      "relativeRanking" : 0.1,
      "datum" : 32438
    }, {
      "relativeRanking" : 0.15,
      "datum" : 32438
    }, {
      "relativeRanking" : 0.2,
      "datum" : 32438
    }, {
      "relativeRanking" : 0.25,
      "datum" : 32438
    }, {
      "relativeRanking" : 0.3,
      "datum" : 32438
    }, {
      "relativeRanking" : 0.35,
      "datum" : 32438
    }, {
      "relativeRanking" : 0.4,
      "datum" : 32438
    }, {
      "relativeRanking" : 0.45,
      "datum" : 32438
    }, {
      "relativeRanking" : 0.5,
      "datum" : 32438
    }, {
      "relativeRanking" : 0.55,
      "datum" : 32438
    }, {
      "relativeRanking" : 0.6,
      "datum" : 32438
    }, {
      "relativeRanking" : 0.65,
      "datum" : 32438
    }, {
      "relativeRanking" : 0.7,
      "datum" : 32438
    }, {
      "relativeRanking" : 0.75,
      "datum" : 32438
    }, {
      "relativeRanking" : 0.8,
      "datum" : 32438
    }, {
      "relativeRanking" : 0.85,
      "datum" : 32438
    }, {
      "relativeRanking" : 0.9,
      "datum" : 32438
    }, {
      "relativeRanking" : 0.95,
      "datum" : 32438
    } ],
    "maximum" : 32438
  },
  "failedReduceAttemptCDF" : {
    "numberValues" : 0,
    "minimum" : -9223372036854775808,
    "rankings" : [ ],
    "maximum" : 9223372036854775807
  },
  "queue" : "default",
  "jobName" : "ReduceJoin-[1575463420616]",
  "clusterMapMB" : -1,
  "clusterReduceMB" : -1,
  "jobMapMB" : -1,
  "jobReduceMB" : -1,
  "relativeTime" : 0,
  "mapperTriesToSucceed" : [ 1.0 ],
  "failedMapperFraction" : 0.0,
  "jobProperties" : { }
}