{
  "jobID" : "job_1572946766556_1077",
  "user" : "hadoop",
  "computonsPerMapInputByte" : -1,
  "computonsPerMapOutputByte" : -1,
  "computonsPerReduceInputByte" : -1,
  "computonsPerReduceOutputByte" : -1,
  "submitTime" : 1575699705088,
  "launchTime" : 1575699708885,
  "finishTime" : 1575700286017,
  "heapMegabytes" : -1,
  "totalMaps" : 3,
  "totalReduces" : 3,
  "outcome" : "SUCCESS",
  "jobtype" : "JAVA",
  "priority" : "NORMAL",
  "directDependantJobs" : [ ],
  "mapTasks" : [ {
    "inputBytes" : 9599084,
    "inputRecords" : 3960,
    "outputBytes" : 9861964448,
    "outputRecords" : 99038183,
    "taskID" : "task_1572946766556_1077_m_000000",
    "startTime" : 1575699708937,
    "finishTime" : 1575700125179,
    "taskType" : "MAP",
    "taskStatus" : "SUCCESS",
    "attempts" : [ {
      "attemptID" : "attempt_1572946766556_1077_m_000000_0",
      "result" : "SUCCESS",
      "startTime" : 1575699711097,
      "finishTime" : 1575700125179,
      "hostName" : "/default-rack/slave2",
      "hdfsBytesRead" : 9599084,
      "hdfsBytesWritten" : 0,
      "fileBytesRead" : 6550379206,
      "fileBytesWritten" : 9861964448,
      "mapInputRecords" : 3960,
      "mapInputBytes" : -1,
      "mapOutputBytes" : 3120344950,
      "mapOutputRecords" : 99038183,
      "combineInputRecords" : 0,
      "reduceInputGroups" : -1,
      "reduceInputRecords" : -1,
      "reduceShuffleBytes" : -1,
      "reduceOutputRecords" : -1,
      "spilledRecords" : 294795473,
      "shuffleFinished" : -1,
      "sortFinished" : -1,
      "location" : {
        "layers" : [ "default-rack", "slave2" ]
      },
      "clockSplits" : [ 15085, 11065, 30526, 37348, 106036, 8470, 56582, 13509, 33895, 32663, 33453, 35435 ],
      "cpuUsages" : [ 30044, 21727, 57478, 68427, 193764, 15292, 98028, 23258, 43320, 37587, 42035, 40330 ],
      "physMemKbytes" : [ 212685, 282586, 292250, 296311, 303463, 304137, 304301, 304229, 309807, 307862, 305269, 307305 ],
      "resourceUsageMetrics" : {
        "cumulativeCpuUsage" : 671290,
        "virtualMemoryUsage" : 2125742080,
        "physicalMemoryUsage" : 314970112,
        "heapUsage" : 209190912
      },
      "vmemKbytes" : [ 1595129, 2067442, 2070591, 2070619, 2070620, 2070619, 2070620, 2070619, 2076333, 2074892, 2074891, 2074907 ]
    }, {
      "attemptID" : "attempt_1572946766556_1077_m_000000_1",
      "result" : "KILLED",
      "startTime" : 1575699918353,
      "finishTime" : 1575700125212,
      "hostName" : "/default-rack/slave1",
      "hdfsBytesRead" : 7340188,
      "hdfsBytesWritten" : 0,
      "fileBytesRead" : 0,
      "fileBytesWritten" : 2568584089,
      "mapInputRecords" : 3018,
      "mapInputBytes" : -1,
      "mapOutputBytes" : 2460215278,
      "mapOutputRecords" : 78607126,
      "combineInputRecords" : 0,
      "reduceInputGroups" : -1,
      "reduceInputRecords" : -1,
      "reduceShuffleBytes" : -1,
      "reduceOutputRecords" : -1,
      "spilledRecords" : 77184694,
      "shuffleFinished" : -1,
      "sortFinished" : -1,
      "location" : {
        "layers" : [ "default-rack", "slave1" ]
      },
      "clockSplits" : [ 11015, 8800, 27157, 34655, 102884, 8449, 12562, 261, 261, 261, 261, 262 ],
      "cpuUsages" : [ 19469, 16834, 47574, 70293, 213526, 15254, 23180, 0, 0, 0, 0, 0 ],
      "physMemKbytes" : [ 213733, 281093, 293627, 299552, 304829, 305428, 305279, 305291, 305292, 305292, 305291, 305292 ],
      "resourceUsageMetrics" : {
        "cumulativeCpuUsage" : 406130,
        "virtualMemoryUsage" : 2119720960,
        "physicalMemoryUsage" : 312619008,
        "heapUsage" : 209190912
      },
      "vmemKbytes" : [ 1597238, 2070039, 2070040, 2070039, 2070040, 2070039, 2070040, 2070039, 2070040, 2070040, 2070039, 2070040 ]
    } ],
    "preferredLocations" : [ ]
  }, {
    "inputBytes" : 8988445,
    "inputRecords" : 3919,
    "outputBytes" : 5685799518,
    "outputRecords" : 58455405,
    "taskID" : "task_1572946766556_1077_m_000001",
    "startTime" : 1575699708939,
    "finishTime" : 1575699916080,
    "taskType" : "MAP",
    "taskStatus" : "SUCCESS",
    "attempts" : [ {
      "attemptID" : "attempt_1572946766556_1077_m_000001_0",
      "result" : "SUCCESS",
      "startTime" : 1575699711097,
      "finishTime" : 1575699916080,
      "hostName" : "/default-rack/slave1",
      "hdfsBytesRead" : 8988445,
      "hdfsBytesWritten" : 0,
      "fileBytesRead" : 3706999650,
      "fileBytesWritten" : 5685799518,
      "mapInputRecords" : 3919,
      "mapInputBytes" : -1,
      "mapOutputBytes" : 1868574631,
      "mapOutputRecords" : 58455405,
      "combineInputRecords" : 0,
      "reduceInputGroups" : -1,
      "reduceInputRecords" : -1,
      "reduceShuffleBytes" : -1,
      "reduceOutputRecords" : -1,
      "spilledRecords" : 167738402,
      "shuffleFinished" : -1,
      "sortFinished" : -1,
      "location" : {
        "layers" : [ "default-rack", "slave1" ]
      },
      "clockSplits" : [ 20551, 9091, 11615, 30039, 38675, 10673, 7761, 7248, 17003, 16418, 19201, 16677 ],
      "cpuUsages" : [ 41589, 17414, 22135, 57057, 66497, 17696, 15040, 12459, 22720, 20236, 21005, 21802 ],
      "physMemKbytes" : [ 166708, 278735, 286518, 297600, 298961, 299800, 300143, 300314, 306593, 307882, 308246, 308113 ],
      "resourceUsageMetrics" : {
        "cumulativeCpuUsage" : 335650,
        "virtualMemoryUsage" : 2127261696,
        "physicalMemoryUsage" : 315367424,
        "heapUsage" : 208666624
      },
      "vmemKbytes" : [ 1253298, 2069715, 2069716, 2069715, 2069716, 2069715, 2069716, 2069715, 2075916, 2076376, 2076375, 2076438 ]
    } ],
    "preferredLocations" : [ ]
  }, {
    "inputBytes" : 7676204,
    "inputRecords" : 3964,
    "outputBytes" : 7832590947,
    "outputRecords" : 81564432,
    "taskID" : "task_1572946766556_1077_m_000002",
    "startTime" : 1575699708940,
    "finishTime" : 1575699972233,
    "taskType" : "MAP",
    "taskStatus" : "SUCCESS",
    "attempts" : [ {
      "attemptID" : "attempt_1572946766556_1077_m_000002_0",
      "result" : "SUCCESS",
      "startTime" : 1575699711090,
      "finishTime" : 1575699972233,
      "hostName" : "/default-rack/slave1",
      "hdfsBytesRead" : 7676204,
      "hdfsBytesWritten" : 0,
      "fileBytesRead" : 5172327017,
      "fileBytesWritten" : 7832590947,
      "mapInputRecords" : 3964,
      "mapInputBytes" : -1,
      "mapOutputBytes" : 2508184176,
      "mapOutputRecords" : 81564432,
      "combineInputRecords" : 0,
      "reduceInputGroups" : -1,
      "reduceInputRecords" : -1,
      "reduceShuffleBytes" : -1,
      "reduceOutputRecords" : -1,
      "spilledRecords" : 239676086,
      "shuffleFinished" : -1,
      "sortFinished" : -1,
      "location" : {
        "layers" : [ "default-rack", "slave1" ]
      },
      "clockSplits" : [ 7456, 10250, 120638, 13154, 6278, 3614, 2720, 7886, 21800, 21737, 22544, 23052 ],
      "cpuUsages" : [ 14317, 22447, 219648, 22905, 11218, 7619, 6042, 12850, 28365, 27970, 29684, 29015 ],
      "physMemKbytes" : [ 132865, 283433, 292253, 305447, 305475, 305968, 305963, 306032, 308203, 309681, 310137, 309889 ],
      "resourceUsageMetrics" : {
        "cumulativeCpuUsage" : 432080,
        "virtualMemoryUsage" : 2123149312,
        "physicalMemoryUsage" : 317698048,
        "heapUsage" : 209190912
      },
      "vmemKbytes" : [ 974543, 2065536, 2069240, 2069239, 2069240, 2069239, 2069240, 2069239, 2072165, 2072360, 2072359, 2072371 ]
    } ],
    "preferredLocations" : [ ]
  } ],
  "reduceTasks" : [ {
    "inputBytes" : 2658198729,
    "inputRecords" : 79679848,
    "outputBytes" : 1608561436,
    "outputRecords" : 67589773,
    "taskID" : "task_1572946766556_1077_r_000000",
    "startTime" : 1575699708940,
    "finishTime" : 1575700277294,
    "taskType" : "REDUCE",
    "taskStatus" : "SUCCESS",
    "attempts" : [ {
      "attemptID" : "attempt_1572946766556_1077_r_000000_0",
      "result" : "SUCCESS",
      "startTime" : 1575699918347,
      "finishTime" : 1575700277294,
      "hostName" : "/default-rack/slave2",
      "hdfsBytesRead" : 0,
      "hdfsBytesWritten" : 1608561436,
      "fileBytesRead" : 2658198729,
      "fileBytesWritten" : 2658322826,
      "mapInputRecords" : -1,
      "mapInputBytes" : -1,
      "mapOutputBytes" : -1,
      "mapOutputRecords" : -1,
      "combineInputRecords" : 0,
      "reduceInputGroups" : 67589773,
      "reduceInputRecords" : 79679848,
      "reduceShuffleBytes" : 2658198729,
      "reduceOutputRecords" : 67589773,
      "spilledRecords" : 79679848,
      "shuffleFinished" : 1575700126623,
      "sortFinished" : 1575700126643,
      "location" : {
        "layers" : [ "default-rack", "slave2" ]
      },
      "clockSplits" : [ 19185, 57037, 132086, 33, 34, 33, 34, 33, 37596, 37663, 37347, 37855 ],
      "cpuUsages" : [ 7449, 10615, 4287, 333, 334, 334, 334, 333, 57768, 53664, 53982, 54077 ],
      "physMemKbytes" : [ 165953, 168845, 163949, 151161, 151356, 151551, 151746, 151941, 210129, 215702, 220682, 224682 ],
      "resourceUsageMetrics" : {
        "cumulativeCpuUsage" : 243510,
        "virtualMemoryUsage" : 2131140608,
        "physicalMemoryUsage" : 231129088,
        "heapUsage" : 135790592
      },
      "vmemKbytes" : [ 2072679, 2072680, 2072701, 2072998, 2073383, 2073766, 2074151, 2074534, 2080939, 2081192, 2081191, 2081192 ]
    } ],
    "preferredLocations" : [ ]
  }, {
    "inputBytes" : 2658695084,
    "inputRecords" : 79694574,
    "outputBytes" : 1608820777,
    "outputRecords" : 67600228,
    "taskID" : "task_1572946766556_1077_r_000001",
    "startTime" : 1575699708940,
    "finishTime" : 1575700285951,
    "taskType" : "REDUCE",
    "taskStatus" : "SUCCESS",
    "attempts" : [ {
      "attemptID" : "attempt_1572946766556_1077_r_000001_0",
      "result" : "SUCCESS",
      "startTime" : 1575699918355,
      "finishTime" : 1575700285951,
      "hostName" : "/default-rack/slave5",
      "hdfsBytesRead" : 0,
      "hdfsBytesWritten" : 1608820777,
      "fileBytesRead" : 2658695084,
      "fileBytesWritten" : 2658819181,
      "mapInputRecords" : -1,
      "mapInputBytes" : -1,
      "mapOutputBytes" : -1,
      "mapOutputRecords" : -1,
      "combineInputRecords" : 0,
      "reduceInputGroups" : 67600228,
      "reduceInputRecords" : 79694574,
      "reduceShuffleBytes" : 2658695084,
      "reduceOutputRecords" : 67600228,
      "spilledRecords" : 79694574,
      "shuffleFinished" : 1575700146392,
      "sortFinished" : 1575700146433,
      "location" : {
        "layers" : [ "default-rack", "slave5" ]
      },
      "clockSplits" : [ 19353, 57042, 151764, 349, 349, 349, 350, 349, 32941, 34890, 34483, 35367 ],
      "cpuUsages" : [ 6722, 10142, 11580, 1244, 1244, 1244, 1244, 1244, 57820, 59118, 59059, 58099 ],
      "physMemKbytes" : [ 167465, 172222, 167844, 160621, 169822, 179022, 188223, 197422, 218345, 225842, 230298, 233327 ],
      "resourceUsageMetrics" : {
        "cumulativeCpuUsage" : 268760,
        "virtualMemoryUsage" : 2132971520,
        "physicalMemoryUsage" : 240476160,
        "heapUsage" : 135790592
      },
      "vmemKbytes" : [ 2075096, 2075096, 2075177, 2076316, 2077783, 2079248, 2080715, 2082180, 2082978, 2082980, 2082979, 2082980 ]
    } ],
    "preferredLocations" : [ ]
  }, {
    "inputBytes" : 2658326038,
    "inputRecords" : 79683598,
    "outputBytes" : 1608699243,
    "outputRecords" : 67595139,
    "taskID" : "task_1572946766556_1077_r_000002",
    "startTime" : 1575699708940,
    "finishTime" : 1575700284410,
    "taskType" : "REDUCE",
    "taskStatus" : "SUCCESS",
    "attempts" : [ {
      "attemptID" : "attempt_1572946766556_1077_r_000002_0",
      "result" : "SUCCESS",
      "startTime" : 1575699918348,
      "finishTime" : 1575700284410,
      "hostName" : "/default-rack/slave4",
      "hdfsBytesRead" : 0,
      "hdfsBytesWritten" : 1608699243,
      "fileBytesRead" : 2658326038,
      "fileBytesWritten" : 2658450135,
      "mapInputRecords" : -1,
      "mapInputBytes" : -1,
      "mapOutputBytes" : -1,
      "mapOutputRecords" : -1,
      "combineInputRecords" : 0,
      "reduceInputGroups" : 67595139,
      "reduceInputRecords" : 79683598,
      "reduceShuffleBytes" : 2658326038,
      "reduceOutputRecords" : 67595139,
      "spilledRecords" : 79683598,
      "shuffleFinished" : 1575700146362,
      "sortFinished" : 1575700146387,
      "location" : {
        "layers" : [ "default-rack", "slave4" ]
      },
      "clockSplits" : [ 19263, 57059, 151791, 333, 333, 332, 333, 333, 32692, 34594, 34388, 34599 ],
      "cpuUsages" : [ 6444, 8715, 12625, 1245, 1245, 1244, 1245, 1245, 58620, 60587, 58953, 57732 ],
      "physMemKbytes" : [ 162606, 168260, 165099, 158551, 166712, 174873, 183034, 191194, 204818, 205877, 209348, 213708 ],
      "resourceUsageMetrics" : {
        "cumulativeCpuUsage" : 269900,
        "virtualMemoryUsage" : 2128609280,
        "physicalMemoryUsage" : 220008448,
        "heapUsage" : 134742016
      },
      "vmemKbytes" : [ 2071208, 2071208, 2071285, 2072371, 2073769, 2075166, 2076565, 2077962, 2078718, 2078720, 2078719, 2078720 ]
    } ],
    "preferredLocations" : [ ]
  } ],
  "otherTasks" : [ ],
  "successfulMapAttemptCDFs" : [ {
    "numberValues" : 0,
    "minimum" : -9223372036854775808,
    "rankings" : [ ],
    "maximum" : 9223372036854775807
  }, {
    "numberValues" : 0,
    "minimum" : -9223372036854775808,
    "rankings" : [ ],
    "maximum" : 9223372036854775807
  }, {
    "numberValues" : 0,
    "minimum" : -9223372036854775808,
    "rankings" : [ ],
    "maximum" : 9223372036854775807
  }, {
    "numberValues" : 3,
    "minimum" : 204983,
    "rankings" : [ {
      "relativeRanking" : 0.05,
      "datum" : 204983
    }, {
      "relativeRanking" : 0.1,
      "datum" : 204983
    }, {
      "relativeRanking" : 0.15,
      "datum" : 204983
    }, {
      "relativeRanking" : 0.2,
      "datum" : 204983
    }, {
      "relativeRanking" : 0.25,
      "datum" : 204983
    }, {
      "relativeRanking" : 0.3,
      "datum" : 204983
    }, {
      "relativeRanking" : 0.35,
      "datum" : 204983
    }, {
      "relativeRanking" : 0.4,
      "datum" : 204983
    }, {
      "relativeRanking" : 0.45,
      "datum" : 204983
    }, {
      "relativeRanking" : 0.5,
      "datum" : 204983
    }, {
      "relativeRanking" : 0.55,
      "datum" : 204983
    }, {
      "relativeRanking" : 0.6,
      "datum" : 204983
    }, {
      "relativeRanking" : 0.65,
      "datum" : 204983
    }, {
      "relativeRanking" : 0.7,
      "datum" : 261143
    }, {
      "relativeRanking" : 0.75,
      "datum" : 261143
    }, {
      "relativeRanking" : 0.8,
      "datum" : 261143
    }, {
      "relativeRanking" : 0.85,
      "datum" : 261143
    }, {
      "relativeRanking" : 0.9,
      "datum" : 261143
    }, {
      "relativeRanking" : 0.95,
      "datum" : 261143
    } ],
    "maximum" : 414082
  } ],
  "failedMapAttemptCDFs" : [ {
    "numberValues" : 0,
    "minimum" : -9223372036854775808,
    "rankings" : [ ],
    "maximum" : 9223372036854775807
  }, {
    "numberValues" : 0,
    "minimum" : -9223372036854775808,
    "rankings" : [ ],
    "maximum" : 9223372036854775807
  }, {
    "numberValues" : 0,
    "minimum" : -9223372036854775808,
    "rankings" : [ ],
    "maximum" : 9223372036854775807
  }, {
    "numberValues" : 0,
    "minimum" : -9223372036854775808,
    "rankings" : [ ],
    "maximum" : 9223372036854775807
  } ],
  "successfulReduceAttemptCDF" : {
    "numberValues" : 3,
    "minimum" : 358947,
    "rankings" : [ {
      "relativeRanking" : 0.05,
      "datum" : 358947
    }, {
      "relativeRanking" : 0.1,
      "datum" : 358947
    }, {
      "relativeRanking" : 0.15,
      "datum" : 358947
    }, {
      "relativeRanking" : 0.2,
      "datum" : 358947
    }, {
      "relativeRanking" : 0.25,
      "datum" : 358947
    }, {
      "relativeRanking" : 0.3,
      "datum" : 358947
    }, {
      "relativeRanking" : 0.35,
      "datum" : 358947
    }, {
      "relativeRanking" : 0.4,
      "datum" : 358947
    }, {
      "relativeRanking" : 0.45,
      "datum" : 358947
    }, {
      "relativeRanking" : 0.5,
      "datum" : 358947
    }, {
      "relativeRanking" : 0.55,
      "datum" : 358947
    }, {
      "relativeRanking" : 0.6,
      "datum" : 358947
    }, {
      "relativeRanking" : 0.65,
      "datum" : 358947
    }, {
      "relativeRanking" : 0.7,
      "datum" : 366062
    }, {
      "relativeRanking" : 0.75,
      "datum" : 366062
    }, {
      "relativeRanking" : 0.8,
      "datum" : 366062
    }, {
      "relativeRanking" : 0.85,
      "datum" : 366062
    }, {
      "relativeRanking" : 0.9,
      "datum" : 366062
    }, {
      "relativeRanking" : 0.95,
      "datum" : 366062
    } ],
    "maximum" : 367596
  },
  "failedReduceAttemptCDF" : {
    "numberValues" : 0,
    "minimum" : -9223372036854775808,
    "rankings" : [ ],
    "maximum" : 9223372036854775807
  },
  "queue" : "default",
  "jobName" : "CAC_Count-[1575699549840-Similarity2-END]",
  "clusterMapMB" : -1,
  "clusterReduceMB" : -1,
  "jobMapMB" : -1,
  "jobReduceMB" : -1,
  "relativeTime" : 0,
  "mapperTriesToSucceed" : [ 1.0 ],
  "failedMapperFraction" : 0.0,
  "jobProperties" : { }
}