{
  "jobID" : "job_1572946766556_1076",
  "user" : "hadoop",
  "computonsPerMapInputByte" : -1,
  "computonsPerMapOutputByte" : -1,
  "computonsPerReduceInputByte" : -1,
  "computonsPerReduceOutputByte" : -1,
  "submitTime" : 1575699552479,
  "launchTime" : 1575699556192,
  "finishTime" : 1575699703524,
  "heapMegabytes" : -1,
  "totalMaps" : 2,
  "totalReduces" : 3,
  "outcome" : "SUCCESS",
  "jobtype" : "JAVA",
  "priority" : "NORMAL",
  "directDependantJobs" : [ ],
  "mapTasks" : [ {
    "inputBytes" : 7745257,
    "inputRecords" : 246569,
    "outputBytes" : 32289411,
    "outputRecords" : 934712,
    "taskID" : "task_1572946766556_1076_m_000000",
    "startTime" : 1575699556236,
    "finishTime" : 1575699634629,
    "taskType" : "MAP",
    "taskStatus" : "SUCCESS",
    "attempts" : [ {
      "attemptID" : "attempt_1572946766556_1076_m_000000_0",
      "result" : "KILLED",
      "startTime" : 1575699558387,
      "finishTime" : 1575699634662,
      "hostName" : "/default-rack/slave4",
      "hdfsBytesRead" : 6291601,
      "hdfsBytesWritten" : 0,
      "fileBytesRead" : 0,
      "fileBytesWritten" : 123761,
      "mapInputRecords" : 199958,
      "mapInputBytes" : -1,
      "mapOutputBytes" : 24304872,
      "mapOutputRecords" : 749672,
      "combineInputRecords" : 0,
      "reduceInputGroups" : -1,
      "reduceInputRecords" : -1,
      "reduceShuffleBytes" : -1,
      "reduceOutputRecords" : -1,
      "spilledRecords" : 0,
      "shuffleFinished" : -1,
      "sortFinished" : -1,
      "location" : {
        "layers" : [ "default-rack", "slave4" ]
      },
      "clockSplits" : [ 14486, 11573, 11076, 10827, 11136, 11109, 4889, 229, 230, 229, 230, 230 ],
      "cpuUsages" : [ 235958, 172537, 169821, 167182, 172299, 166032, 76011, 0, 0, 0, 0, 0 ],
      "physMemKbytes" : [ 270219, 362244, 362248, 364436, 360834, 361026, 361223, 361223, 361224, 361224, 361223, 361224 ],
      "resourceUsageMetrics" : {
        "cumulativeCpuUsage" : 1159840,
        "virtualMemoryUsage" : 2123665408,
        "physicalMemoryUsage" : 369893376,
        "heapUsage" : 171966464
      },
      "vmemKbytes" : [ 1578737, 2075359, 2075386, 2077545, 2073892, 2073891, 2073892, 2073891, 2073892, 2073892, 2073891, 2073892 ]
    }, {
      "attemptID" : "attempt_1572946766556_1076_m_000000_1",
      "result" : "SUCCESS",
      "startTime" : 1575699571300,
      "finishTime" : 1575699634629,
      "hostName" : "/default-rack/slave4",
      "hdfsBytesRead" : 7745257,
      "hdfsBytesWritten" : 0,
      "fileBytesRead" : 0,
      "fileBytesWritten" : 32289411,
      "mapInputRecords" : 246569,
      "mapInputBytes" : -1,
      "mapOutputBytes" : 30296128,
      "mapOutputRecords" : 934712,
      "combineInputRecords" : 0,
      "reduceInputGroups" : -1,
      "reduceInputRecords" : -1,
      "reduceShuffleBytes" : -1,
      "reduceOutputRecords" : -1,
      "spilledRecords" : 934712,
      "shuffleFinished" : -1,
      "sortFinished" : -1,
      "location" : {
        "layers" : [ "default-rack", "slave4" ]
      },
      "clockSplits" : [ 12675, 7596, 7130, 6975, 7281, 6640, 6959, 6836, 305, 305, 305, 306 ],
      "cpuUsages" : [ 142844, 86828, 75111, 75822, 80881, 73943, 82716, 63416, 2802, 2802, 2802, 2803 ],
      "physMemKbytes" : [ 248567, 358883, 361198, 358895, 364926, 365821, 365839, 365823, 363289, 359144, 354998, 350853 ],
      "resourceUsageMetrics" : {
        "cumulativeCpuUsage" : 692770,
        "virtualMemoryUsage" : 2121596928,
        "physicalMemoryUsage" : 357150720,
        "heapUsage" : 175112192
      },
      "vmemKbytes" : [ 1500828, 2071871, 2071872, 2071871, 2071872, 2071871, 2071872, 2071871, 2071872, 2071872, 2071871, 2071872 ]
    } ],
    "preferredLocations" : [ ]
  }, {
    "inputBytes" : 1279951,
    "inputRecords" : 32202,
    "outputBytes" : 4613252,
    "outputRecords" : 203769,
    "taskID" : "task_1572946766556_1076_m_000001",
    "startTime" : 1575699556238,
    "finishTime" : 1575699569932,
    "taskType" : "MAP",
    "taskStatus" : "SUCCESS",
    "attempts" : [ {
      "attemptID" : "attempt_1572946766556_1076_m_000001_0",
      "result" : "SUCCESS",
      "startTime" : 1575699558381,
      "finishTime" : 1575699569932,
      "hostName" : "/default-rack/slave1",
      "hdfsBytesRead" : 1279951,
      "hdfsBytesWritten" : 0,
      "fileBytesRead" : 0,
      "fileBytesWritten" : 4613252,
      "mapInputRecords" : 32202,
      "mapInputBytes" : -1,
      "mapOutputBytes" : 4081855,
      "mapOutputRecords" : 203769,
      "combineInputRecords" : 0,
      "reduceInputGroups" : -1,
      "reduceInputRecords" : -1,
      "reduceShuffleBytes" : -1,
      "reduceOutputRecords" : -1,
      "spilledRecords" : 203769,
      "shuffleFinished" : -1,
      "sortFinished" : -1,
      "location" : {
        "layers" : [ "default-rack", "slave1" ]
      },
      "clockSplits" : [ 1428, 1429, 1428, 1429, 1428, 1379, 1298, 1298, 107, 102, 102, 102 ],
      "cpuUsages" : [ 18523, 18523, 18523, 18524, 18523, 20369, 23341, 23340, 734, 643, 643, 644 ],
      "physMemKbytes" : [ 30893, 92679, 154466, 216253, 278040, 335762, 352733, 359178, 360355, 356176, 351997, 347818 ],
      "resourceUsageMetrics" : {
        "cumulativeCpuUsage" : 162330,
        "virtualMemoryUsage" : 2127613952,
        "physicalMemoryUsage" : 354025472,
        "heapUsage" : 193462272
      },
      "vmemKbytes" : [ 184960, 554882, 924804, 1294725, 1664647, 2007398, 2077748, 2077747, 2077748, 2077748, 2077747, 2077748 ]
    } ],
    "preferredLocations" : [ ]
  } ],
  "reduceTasks" : [ {
    "inputBytes" : 13316912,
    "inputRecords" : 412432,
    "outputBytes" : 9598928,
    "outputRecords" : 3960,
    "taskID" : "task_1572946766556_1076_r_000000",
    "startTime" : 1575699556238,
    "finishTime" : 1575699703451,
    "taskType" : "REDUCE",
    "taskStatus" : "SUCCESS",
    "attempts" : [ {
      "attemptID" : "attempt_1572946766556_1076_r_000000_0",
      "result" : "SUCCESS",
      "startTime" : 1575699572320,
      "finishTime" : 1575699703451,
      "hostName" : "/default-rack/slave4",
      "hdfsBytesRead" : 0,
      "hdfsBytesWritten" : 9598928,
      "fileBytesRead" : 13316906,
      "fileBytesWritten" : 13440644,
      "mapInputRecords" : -1,
      "mapInputBytes" : -1,
      "mapOutputBytes" : -1,
      "mapOutputRecords" : -1,
      "combineInputRecords" : 0,
      "reduceInputGroups" : 3960,
      "reduceInputRecords" : 412432,
      "reduceShuffleBytes" : 13316912,
      "reduceOutputRecords" : 3960,
      "spilledRecords" : 412432,
      "shuffleFinished" : 1575699634826,
      "sortFinished" : 1575699635036,
      "location" : {
        "layers" : [ "default-rack", "slave4" ]
      },
      "clockSplits" : [ 4109, 4110, 54556, 62, 61, 62, 61, 62, 5883, 22889, 19399, 19864 ],
      "cpuUsages" : [ 399, 400, 4189, 599, 599, 599, 599, 598, 24128, 87138, 75518, 79844 ],
      "physMemKbytes" : [ 39671, 119015, 172803, 179306, 185809, 192312, 198815, 205318, 220068, 243201, 257806, 261412 ],
      "resourceUsageMetrics" : {
        "cumulativeCpuUsage" : 274610,
        "virtualMemoryUsage" : 2130427904,
        "physicalMemoryUsage" : 269651968,
        "heapUsage" : 146276352
      },
      "vmemKbytes" : [ 518202, 1554608, 2073438, 2074691, 2075946, 2077199, 2078453, 2079706, 2080485, 2080496, 2080495, 2080496 ]
    } ],
    "preferredLocations" : [ ]
  }, {
    "inputBytes" : 10820170,
    "inputRecords" : 331716,
    "outputBytes" : 7676048,
    "outputRecords" : 3964,
    "taskID" : "task_1572946766556_1076_r_000001",
    "startTime" : 1575699556239,
    "finishTime" : 1575699675638,
    "taskType" : "REDUCE",
    "taskStatus" : "SUCCESS",
    "attempts" : [ {
      "attemptID" : "attempt_1572946766556_1076_r_000001_0",
      "result" : "SUCCESS",
      "startTime" : 1575699572328,
      "finishTime" : 1575699675638,
      "hostName" : "/default-rack/slave3",
      "hdfsBytesRead" : 0,
      "hdfsBytesWritten" : 7676048,
      "fileBytesRead" : 10820164,
      "fileBytesWritten" : 10943902,
      "mapInputRecords" : -1,
      "mapInputBytes" : -1,
      "mapOutputBytes" : -1,
      "mapOutputRecords" : -1,
      "combineInputRecords" : 0,
      "reduceInputGroups" : 3964,
      "reduceInputRecords" : 331716,
      "reduceShuffleBytes" : 10820170,
      "reduceOutputRecords" : 3964,
      "spilledRecords" : 331716,
      "shuffleFinished" : 1575699635559,
      "sortFinished" : 1575699635735,
      "location" : {
        "layers" : [ "default-rack", "slave3" ]
      },
      "clockSplits" : [ 3953, 3953, 55855, 354, 354, 353, 354, 354, 1965, 21574, 7710, 6517 ],
      "cpuUsages" : [ 229, 230, 4563, 1803, 1802, 1803, 1802, 1803, 6727, 80060, 31727, 24991 ],
      "physMemKbytes" : [ 41465, 124397, 171878, 180819, 189762, 198703, 207646, 216587, 226101, 248849, 267701, 271406 ],
      "resourceUsageMetrics" : {
        "cumulativeCpuUsage" : 157540,
        "virtualMemoryUsage" : 2128736256,
        "physicalMemoryUsage" : 278056960,
        "heapUsage" : 144703488
      },
      "vmemKbytes" : [ 518225, 1554677, 2073354, 2074255, 2075156, 2076057, 2076959, 2077860, 2078686, 2078844, 2078843, 2078844 ]
    } ],
    "preferredLocations" : [ ]
  }, {
    "inputBytes" : 12517899,
    "inputRecords" : 394333,
    "outputBytes" : 8988289,
    "outputRecords" : 3919,
    "taskID" : "task_1572946766556_1076_r_000002",
    "startTime" : 1575699556239,
    "finishTime" : 1575699680903,
    "taskType" : "REDUCE",
    "taskStatus" : "SUCCESS",
    "attempts" : [ {
      "attemptID" : "attempt_1572946766556_1076_r_000002_0",
      "result" : "SUCCESS",
      "startTime" : 1575699572321,
      "finishTime" : 1575699680903,
      "hostName" : "/default-rack/slave1",
      "hdfsBytesRead" : 0,
      "hdfsBytesWritten" : 8988289,
      "fileBytesRead" : 12517893,
      "fileBytesWritten" : 12641631,
      "mapInputRecords" : -1,
      "mapInputBytes" : -1,
      "mapOutputBytes" : -1,
      "mapOutputRecords" : -1,
      "combineInputRecords" : 0,
      "reduceInputGroups" : 3919,
      "reduceInputRecords" : 394333,
      "reduceShuffleBytes" : 12517899,
      "reduceOutputRecords" : 3919,
      "spilledRecords" : 394333,
      "shuffleFinished" : 1575699635487,
      "sortFinished" : 1575699635685,
      "location" : {
        "layers" : [ "default-rack", "slave1" ]
      },
      "clockSplits" : [ 3913, 3914, 55899, 361, 361, 361, 360, 361, 2777, 19866, 12618, 7779 ],
      "cpuUsages" : [ 339, 340, 4295, 1714, 1714, 1714, 1714, 1714, 9743, 76887, 46813, 27083 ],
      "physMemKbytes" : [ 39907, 119723, 168339, 177315, 186292, 195267, 204244, 213219, 222697, 240384, 248858, 251982 ],
      "resourceUsageMetrics" : {
        "cumulativeCpuUsage" : 174070,
        "virtualMemoryUsage" : 2129719296,
        "physicalMemoryUsage" : 257941504,
        "heapUsage" : 144179200
      },
      "vmemKbytes" : [ 517858, 1553576, 2072088, 2073394, 2074701, 2076007, 2077314, 2078620, 2079696, 2079804, 2079803, 2079804 ]
    } ],
    "preferredLocations" : [ ]
  } ],
  "otherTasks" : [ ],
  "successfulMapAttemptCDFs" : [ {
    "numberValues" : 0,
    "minimum" : -9223372036854775808,
    "rankings" : [ ],
    "maximum" : 9223372036854775807
  }, {
    "numberValues" : 0,
    "minimum" : -9223372036854775808,
    "rankings" : [ ],
    "maximum" : 9223372036854775807
  }, {
    "numberValues" : 0,
    "minimum" : -9223372036854775808,
    "rankings" : [ ],
    "maximum" : 9223372036854775807
  }, {
    "numberValues" : 2,
    "minimum" : 11551,
    "rankings" : [ {
      "relativeRanking" : 0.05,
      "datum" : 11551
    }, {
      "relativeRanking" : 0.1,
      "datum" : 11551
    }, {
      "relativeRanking" : 0.15,
      "datum" : 11551
    }, {
      "relativeRanking" : 0.2,
      "datum" : 11551
    }, {
      "relativeRanking" : 0.25,
      "datum" : 11551
    }, {
      "relativeRanking" : 0.3,
      "datum" : 11551
    }, {
      "relativeRanking" : 0.35,
      "datum" : 11551
    }, {
      "relativeRanking" : 0.4,
      "datum" : 11551
    }, {
      "relativeRanking" : 0.45,
      "datum" : 11551
    }, {
      "relativeRanking" : 0.5,
      "datum" : 11551
    }, {
      "relativeRanking" : 0.55,
      "datum" : 11551
    }, {
      "relativeRanking" : 0.6,
      "datum" : 11551
    }, {
      "relativeRanking" : 0.65,
      "datum" : 11551
    }, {
      "relativeRanking" : 0.7,
      "datum" : 11551
    }, {
      "relativeRanking" : 0.75,
      "datum" : 11551
    }, {
      "relativeRanking" : 0.8,
      "datum" : 11551
    }, {
      "relativeRanking" : 0.85,
      "datum" : 11551
    }, {
      "relativeRanking" : 0.9,
      "datum" : 11551
    }, {
      "relativeRanking" : 0.95,
      "datum" : 11551
    } ],
    "maximum" : 63329
  } ],
  "failedMapAttemptCDFs" : [ {
    "numberValues" : 0,
    "minimum" : -9223372036854775808,
    "rankings" : [ ],
    "maximum" : 9223372036854775807
  }, {
    "numberValues" : 0,
    "minimum" : -9223372036854775808,
    "rankings" : [ ],
    "maximum" : 9223372036854775807
  }, {
    "numberValues" : 0,
    "minimum" : -9223372036854775808,
    "rankings" : [ ],
    "maximum" : 9223372036854775807
  }, {
    "numberValues" : 0,
    "minimum" : -9223372036854775808,
    "rankings" : [ ],
    "maximum" : 9223372036854775807
  } ],
  "successfulReduceAttemptCDF" : {
    "numberValues" : 3,
    "minimum" : 103310,
    "rankings" : [ {
      "relativeRanking" : 0.05,
      "datum" : 103310
    }, {
      "relativeRanking" : 0.1,
      "datum" : 103310
    }, {
      "relativeRanking" : 0.15,
      "datum" : 103310
    }, {
      "relativeRanking" : 0.2,
      "datum" : 103310
    }, {
      "relativeRanking" : 0.25,
      "datum" : 103310
    }, {
      "relativeRanking" : 0.3,
      "datum" : 103310
    }, {
      "relativeRanking" : 0.35,
      "datum" : 103310
    }, {
      "relativeRanking" : 0.4,
      "datum" : 103310
    }, {
      "relativeRanking" : 0.45,
      "datum" : 103310
    }, {
      "relativeRanking" : 0.5,
      "datum" : 103310
    }, {
      "relativeRanking" : 0.55,
      "datum" : 103310
    }, {
      "relativeRanking" : 0.6,
      "datum" : 103310
    }, {
      "relativeRanking" : 0.65,
      "datum" : 103310
    }, {
      "relativeRanking" : 0.7,
      "datum" : 108582
    }, {
      "relativeRanking" : 0.75,
      "datum" : 108582
    }, {
      "relativeRanking" : 0.8,
      "datum" : 108582
    }, {
      "relativeRanking" : 0.85,
      "datum" : 108582
    }, {
      "relativeRanking" : 0.9,
      "datum" : 108582
    }, {
      "relativeRanking" : 0.95,
      "datum" : 108582
    } ],
    "maximum" : 131131
  },
  "failedReduceAttemptCDF" : {
    "numberValues" : 0,
    "minimum" : -9223372036854775808,
    "rankings" : [ ],
    "maximum" : 9223372036854775807
  },
  "queue" : "default",
  "jobName" : "CAC_Count-[1575699549840-Indexing1]",
  "clusterMapMB" : -1,
  "clusterReduceMB" : -1,
  "jobMapMB" : -1,
  "jobReduceMB" : -1,
  "relativeTime" : 0,
  "mapperTriesToSucceed" : [ 0.5, 0.5 ],
  "failedMapperFraction" : 0.0,
  "jobProperties" : { }
}