{
  "jobID" : "job_1600222256971_1104",
  "user" : "hadoop",
  "computonsPerMapInputByte" : -1,
  "computonsPerMapOutputByte" : -1,
  "computonsPerReduceInputByte" : -1,
  "computonsPerReduceOutputByte" : -1,
  "submitTime" : 1601022997784,
  "launchTime" : 1601023002092,
  "finishTime" : 1601023024282,
  "heapMegabytes" : -1,
  "totalMaps" : 2,
  "totalReduces" : 6,
  "outcome" : "SUCCESS",
  "jobtype" : "JAVA",
  "priority" : "NORMAL",
  "directDependantJobs" : [ ],
  "mapTasks" : [ {
    "inputBytes" : 79565870,
    "inputRecords" : 2570811,
    "outputBytes" : 140958970,
    "outputRecords" : 2570810,
    "taskID" : "task_1600222256971_1104_m_000000",
    "startTime" : 1601023002134,
    "finishTime" : 1601023017999,
    "taskType" : "MAP",
    "taskStatus" : "SUCCESS",
    "attempts" : [ {
      "attemptID" : "attempt_1600222256971_1104_m_000000_0",
      "result" : "SUCCESS",
      "startTime" : 1601023004316,
      "finishTime" : 1601023017999,
      "hostName" : "/default-rack/slave2",
      "hdfsBytesRead" : 79565870,
      "hdfsBytesWritten" : 0,
      "fileBytesRead" : 71001342,
      "fileBytesWritten" : 140958970,
      "mapInputRecords" : 2570811,
      "mapInputBytes" : -1,
      "mapOutputBytes" : 65275490,
      "mapOutputRecords" : 2570810,
      "combineInputRecords" : 0,
      "reduceInputGroups" : -1,
      "reduceInputRecords" : -1,
      "reduceShuffleBytes" : -1,
      "reduceOutputRecords" : -1,
      "spilledRecords" : 5141620,
      "shuffleFinished" : -1,
      "sortFinished" : -1,
      "location" : {
        "layers" : [ "default-rack", "slave2" ]
      },
      "clockSplits" : [ 1079, 1079, 1080, 1079, 1079, 1080, 1079, 3427, 672, 671, 671, 671 ],
      "cpuUsages" : [ 2314, 2314, 2314, 2315, 2314, 2314, 2315, 5620, 1124, 1098, 1099, 1099 ],
      "physMemKbytes" : [ 19047, 57141, 95235, 133329, 171424, 209517, 247612, 278305, 281947, 282163, 282378, 282595 ],
      "resourceUsageMetrics" : {
        "cumulativeCpuUsage" : 26240,
        "virtualMemoryUsage" : 2062397440,
        "physicalMemoryUsage" : 289488896,
        "heapUsage" : 208142336
      },
      "vmemKbytes" : [ 136711, 410133, 683555, 956976, 1230399, 1503820, 1777243, 1993664, 2011225, 2012035, 2012844, 2013655 ]
    } ],
    "preferredLocations" : [ ]
  }, {
    "inputBytes" : 63092039,
    "inputRecords" : 1299730,
    "outputBytes" : 144540714,
    "outputRecords" : 1299729,
    "taskID" : "task_1600222256971_1104_m_000001",
    "startTime" : 1601023002136,
    "finishTime" : 1601023011833,
    "taskType" : "MAP",
    "taskStatus" : "SUCCESS",
    "attempts" : [ {
      "attemptID" : "attempt_1600222256971_1104_m_000001_0",
      "result" : "SUCCESS",
      "startTime" : 1601023004309,
      "finishTime" : 1601023011833,
      "hostName" : "/default-rack/slave2",
      "hdfsBytesRead" : 63092039,
      "hdfsBytesWritten" : 0,
      "fileBytesRead" : 72915813,
      "fileBytesWritten" : 144540714,
      "mapInputRecords" : 1299730,
      "mapInputBytes" : -1,
      "mapOutputBytes" : 69599284,
      "mapOutputRecords" : 1299729,
      "combineInputRecords" : 0,
      "reduceInputGroups" : -1,
      "reduceInputRecords" : -1,
      "reduceShuffleBytes" : -1,
      "reduceOutputRecords" : -1,
      "spilledRecords" : 2599458,
      "shuffleFinished" : -1,
      "sortFinished" : -1,
      "location" : {
        "layers" : [ "default-rack", "slave2" ]
      },
      "clockSplits" : [ 4423, 279, 279, 279, 279, 279, 279, 279, 279, 279, 279, 280 ],
      "cpuUsages" : [ 1046, 1047, 1047, 1046, 1047, 1047, 1046, 1047, 1047, 1046, 1047, 1047 ],
      "physMemKbytes" : [ 12283, 36850, 61418, 85985, 110552, 135119, 159687, 184254, 208822, 233389, 257956, 282524 ],
      "resourceUsageMetrics" : {
        "cumulativeCpuUsage" : 12560,
        "virtualMemoryUsage" : 2063310848,
        "physicalMemoryUsage" : 301883392,
        "heapUsage" : 207093760
      },
      "vmemKbytes" : [ 83956, 251868, 419781, 587693, 755606, 923519, 1091432, 1259344, 1427257, 1595170, 1763082, 1930995 ]
    } ],
    "preferredLocations" : [ ]
  } ],
  "reduceTasks" : [ {
    "inputBytes" : 23478435,
    "inputRecords" : 635799,
    "outputBytes" : 76999982,
    "outputRecords" : 1244958,
    "taskID" : "task_1600222256971_1104_r_000000",
    "startTime" : 1601023002136,
    "finishTime" : 1601023023958,
    "taskType" : "REDUCE",
    "taskStatus" : "SUCCESS",
    "attempts" : [ {
      "attemptID" : "attempt_1600222256971_1104_r_000000_0",
      "result" : "SUCCESS",
      "startTime" : 1601023014207,
      "finishTime" : 1601023023958,
      "hostName" : "/default-rack/slave5",
      "hdfsBytesRead" : 0,
      "hdfsBytesWritten" : 76999982,
      "fileBytesRead" : 23478429,
      "fileBytesWritten" : 23602896,
      "mapInputRecords" : -1,
      "mapInputBytes" : -1,
      "mapOutputBytes" : -1,
      "mapOutputRecords" : -1,
      "combineInputRecords" : 0,
      "reduceInputGroups" : 71419,
      "reduceInputRecords" : 635799,
      "reduceShuffleBytes" : 23478435,
      "reduceOutputRecords" : 1244958,
      "spilledRecords" : 635799,
      "shuffleFinished" : 1601023018371,
      "sortFinished" : 1601023018653,
      "location" : {
        "layers" : [ "default-rack", "slave5" ]
      },
      "clockSplits" : [ 4772, 322, 322, 322, 322, 322, 322, 322, 322, 322, 696, 1375 ],
      "cpuUsages" : [ 879, 879, 879, 880, 879, 879, 879, 880, 879, 879, 1338, 2170 ],
      "physMemKbytes" : [ 8999, 26999, 44999, 62998, 80998, 98997, 116998, 134997, 152997, 170997, 187942, 192678 ],
      "resourceUsageMetrics" : {
        "cumulativeCpuUsage" : 12300,
        "virtualMemoryUsage" : 2069630976,
        "physicalMemoryUsage" : 197943296,
        "heapUsage" : 136314880
      },
      "vmemKbytes" : [ 94932, 284797, 474663, 664528, 854394, 1044259, 1234125, 1423990, 1613856, 1803721, 1981625, 2021124 ]
    } ],
    "preferredLocations" : [ ]
  }, {
    "inputBytes" : 23803081,
    "inputRecords" : 646554,
    "outputBytes" : 77399444,
    "outputRecords" : 1256706,
    "taskID" : "task_1600222256971_1104_r_000001",
    "startTime" : 1601023002137,
    "finishTime" : 1601023023468,
    "taskType" : "REDUCE",
    "taskStatus" : "SUCCESS",
    "attempts" : [ {
      "attemptID" : "attempt_1600222256971_1104_r_000001_0",
      "result" : "SUCCESS",
      "startTime" : 1601023014221,
      "finishTime" : 1601023023468,
      "hostName" : "/default-rack/slave4",
      "hdfsBytesRead" : 0,
      "hdfsBytesWritten" : 77399444,
      "fileBytesRead" : 23803075,
      "fileBytesWritten" : 23927542,
      "mapInputRecords" : -1,
      "mapInputBytes" : -1,
      "mapOutputBytes" : -1,
      "mapOutputRecords" : -1,
      "combineInputRecords" : 0,
      "reduceInputGroups" : 72260,
      "reduceInputRecords" : 646554,
      "reduceShuffleBytes" : 23803081,
      "reduceOutputRecords" : 1256706,
      "spilledRecords" : 646554,
      "shuffleFinished" : 1601023018532,
      "sortFinished" : 1601023018809,
      "location" : {
        "layers" : [ "default-rack", "slave4" ]
      },
      "clockSplits" : [ 4898, 305, 305, 305, 305, 305, 305, 305, 305, 305, 392, 1198 ],
      "cpuUsages" : [ 956, 957, 957, 956, 957, 957, 957, 956, 957, 957, 1109, 2514 ],
      "physMemKbytes" : [ 8785, 26356, 43927, 61498, 79069, 96640, 114212, 131783, 149354, 166925, 184414, 191858 ],
      "resourceUsageMetrics" : {
        "cumulativeCpuUsage" : 13190,
        "virtualMemoryUsage" : 2068402176,
        "physicalMemoryUsage" : 196722688,
        "heapUsage" : 139460608
      },
      "vmemKbytes" : [ 92642, 277926, 463211, 648496, 833781, 1019065, 1204350, 1389635, 1574920, 1760205, 1944595, 2019924 ]
    } ],
    "preferredLocations" : [ ]
  }, {
    "inputBytes" : 23721894,
    "inputRecords" : 642865,
    "outputBytes" : 78056574,
    "outputRecords" : 1262143,
    "taskID" : "task_1600222256971_1104_r_000002",
    "startTime" : 1601023002137,
    "finishTime" : 1601023023741,
    "taskType" : "REDUCE",
    "taskStatus" : "SUCCESS",
    "attempts" : [ {
      "attemptID" : "attempt_1600222256971_1104_r_000002_0",
      "result" : "SUCCESS",
      "startTime" : 1601023014221,
      "finishTime" : 1601023023741,
      "hostName" : "/default-rack/slave3",
      "hdfsBytesRead" : 0,
      "hdfsBytesWritten" : 78056574,
      "fileBytesRead" : 23721888,
      "fileBytesWritten" : 23846355,
      "mapInputRecords" : -1,
      "mapInputBytes" : -1,
      "mapOutputBytes" : -1,
      "mapOutputRecords" : -1,
      "combineInputRecords" : 0,
      "reduceInputGroups" : 71719,
      "reduceInputRecords" : 642865,
      "reduceShuffleBytes" : 23721894,
      "reduceOutputRecords" : 1262143,
      "spilledRecords" : 642865,
      "shuffleFinished" : 1601023018536,
      "sortFinished" : 1601023018869,
      "location" : {
        "layers" : [ "default-rack", "slave3" ]
      },
      "clockSplits" : [ 4964, 303, 303, 304, 303, 303, 303, 304, 303, 303, 538, 1278 ],
      "cpuUsages" : [ 895, 896, 896, 896, 896, 896, 896, 896, 896, 896, 1119, 1822 ],
      "physMemKbytes" : [ 9124, 27374, 45623, 63872, 82122, 100371, 118622, 136871, 155121, 173370, 191111, 196874 ],
      "resourceUsageMetrics" : {
        "cumulativeCpuUsage" : 11900,
        "virtualMemoryUsage" : 2069561344,
        "physicalMemoryUsage" : 201961472,
        "heapUsage" : 138412032
      },
      "vmemKbytes" : [ 93921, 281764, 469608, 657451, 845295, 1033138, 1220981, 1408824, 1596668, 1784512, 1966912, 2021056 ]
    } ],
    "preferredLocations" : [ ]
  }, {
    "inputBytes" : 24022465,
    "inputRecords" : 653532,
    "outputBytes" : 79087685,
    "outputRecords" : 1278223,
    "taskID" : "task_1600222256971_1104_r_000003",
    "startTime" : 1601023002137,
    "finishTime" : 1601023023628,
    "taskType" : "REDUCE",
    "taskStatus" : "SUCCESS",
    "attempts" : [ {
      "attemptID" : "attempt_1600222256971_1104_r_000003_0",
      "result" : "SUCCESS",
      "startTime" : 1601023014219,
      "finishTime" : 1601023023628,
      "hostName" : "/default-rack/slave1",
      "hdfsBytesRead" : 0,
      "hdfsBytesWritten" : 79087685,
      "fileBytesRead" : 24022459,
      "fileBytesWritten" : 24146926,
      "mapInputRecords" : -1,
      "mapInputBytes" : -1,
      "mapOutputBytes" : -1,
      "mapOutputRecords" : -1,
      "combineInputRecords" : 0,
      "reduceInputGroups" : 72699,
      "reduceInputRecords" : 653532,
      "reduceShuffleBytes" : 24022465,
      "reduceOutputRecords" : 1278223,
      "spilledRecords" : 653532,
      "shuffleFinished" : 1601023018532,
      "sortFinished" : 1601023018807,
      "location" : {
        "layers" : [ "default-rack", "slave1" ]
      },
      "clockSplits" : [ 4907, 306, 307, 306, 307, 306, 306, 307, 306, 307, 518, 1212 ],
      "cpuUsages" : [ 1085, 1086, 1086, 1086, 1085, 1086, 1086, 1086, 1086, 1085, 1338, 2165 ],
      "physMemKbytes" : [ 9376, 28129, 46882, 65635, 84389, 103142, 121895, 140648, 159401, 178155, 196413, 202365 ],
      "resourceUsageMetrics" : {
        "cumulativeCpuUsage" : 14360,
        "virtualMemoryUsage" : 2070654976,
        "physicalMemoryUsage" : 207544320,
        "heapUsage" : 139984896
      },
      "vmemKbytes" : [ 93909, 281727, 469546, 657364, 845183, 1033001, 1220820, 1408639, 1596458, 1784276, 1966969, 2022124 ]
    } ],
    "preferredLocations" : [ ]
  }, {
    "inputBytes" : 23613026,
    "inputRecords" : 639897,
    "outputBytes" : 77576715,
    "outputRecords" : 1250618,
    "taskID" : "task_1600222256971_1104_r_000004",
    "startTime" : 1601023002137,
    "finishTime" : 1601023023691,
    "taskType" : "REDUCE",
    "taskStatus" : "SUCCESS",
    "attempts" : [ {
      "attemptID" : "attempt_1600222256971_1104_r_000004_0",
      "result" : "SUCCESS",
      "startTime" : 1601023014212,
      "finishTime" : 1601023023691,
      "hostName" : "/default-rack/slave2",
      "hdfsBytesRead" : 0,
      "hdfsBytesWritten" : 77576715,
      "fileBytesRead" : 23613020,
      "fileBytesWritten" : 23737487,
      "mapInputRecords" : -1,
      "mapInputBytes" : -1,
      "mapOutputBytes" : -1,
      "mapOutputRecords" : -1,
      "combineInputRecords" : 0,
      "reduceInputGroups" : 71664,
      "reduceInputRecords" : 639897,
      "reduceShuffleBytes" : 23613026,
      "reduceOutputRecords" : 1250618,
      "spilledRecords" : 639897,
      "shuffleFinished" : 1601023018181,
      "sortFinished" : 1601023018635,
      "location" : {
        "layers" : [ "default-rack", "slave2" ]
      },
      "clockSplits" : [ 4752, 322, 323, 322, 323, 322, 323, 322, 323, 322, 563, 1250 ],
      "cpuUsages" : [ 836, 837, 837, 837, 837, 837, 837, 837, 837, 837, 1091, 1820 ],
      "physMemKbytes" : [ 8719, 26157, 43596, 61035, 78474, 95913, 113352, 130791, 148230, 165669, 182543, 187745 ],
      "resourceUsageMetrics" : {
        "cumulativeCpuUsage" : 11280,
        "virtualMemoryUsage" : 2068250624,
        "physicalMemoryUsage" : 192540672,
        "heapUsage" : 138412032
      },
      "vmemKbytes" : [ 94019, 282057, 470096, 658135, 846174, 1034213, 1222252, 1410291, 1598330, 1786368, 1968114, 2019776 ]
    } ],
    "preferredLocations" : [ ]
  }, {
    "inputBytes" : 23986263,
    "inputRecords" : 651892,
    "outputBytes" : 78771921,
    "outputRecords" : 1275120,
    "taskID" : "task_1600222256971_1104_r_000005",
    "startTime" : 1601023002137,
    "finishTime" : 1601023024162,
    "taskType" : "REDUCE",
    "taskStatus" : "SUCCESS",
    "attempts" : [ {
      "attemptID" : "attempt_1600222256971_1104_r_000005_0",
      "result" : "SUCCESS",
      "startTime" : 1601023015197,
      "finishTime" : 1601023024162,
      "hostName" : "/default-rack/slave5",
      "hdfsBytesRead" : 0,
      "hdfsBytesWritten" : 78771921,
      "fileBytesRead" : 23986257,
      "fileBytesWritten" : 24110724,
      "mapInputRecords" : -1,
      "mapInputBytes" : -1,
      "mapOutputBytes" : -1,
      "mapOutputRecords" : -1,
      "combineInputRecords" : 0,
      "reduceInputGroups" : 72710,
      "reduceInputRecords" : 651892,
      "reduceShuffleBytes" : 23986263,
      "reduceOutputRecords" : 1275120,
      "spilledRecords" : 651892,
      "shuffleFinished" : 1601023018132,
      "sortFinished" : 1601023018537,
      "location" : {
        "layers" : [ "default-rack", "slave5" ]
      },
      "clockSplits" : [ 3739, 395, 395, 395, 395, 395, 395, 395, 395, 395, 395, 1263 ],
      "cpuUsages" : [ 998, 998, 999, 998, 999, 998, 999, 998, 999, 998, 999, 2947 ],
      "physMemKbytes" : [ 8632, 25896, 43160, 60424, 77689, 94952, 112217, 129481, 146746, 164010, 181274, 193552 ],
      "resourceUsageMetrics" : {
        "cumulativeCpuUsage" : 13930,
        "virtualMemoryUsage" : 2070421504,
        "physicalMemoryUsage" : 198930432,
        "heapUsage" : 136314880
      },
      "vmemKbytes" : [ 90045, 270135, 450226, 630317, 810408, 990498, 1170589, 1350680, 1530771, 1710862, 1890952, 2017252 ]
    } ],
    "preferredLocations" : [ ]
  } ],
  "otherTasks" : [ ],
  "successfulMapAttemptCDFs" : [ {
    "numberValues" : 0,
    "minimum" : -9223372036854775808,
    "rankings" : [ ],
    "maximum" : 9223372036854775807
  }, {
    "numberValues" : 0,
    "minimum" : -9223372036854775808,
    "rankings" : [ ],
    "maximum" : 9223372036854775807
  }, {
    "numberValues" : 0,
    "minimum" : -9223372036854775808,
    "rankings" : [ ],
    "maximum" : 9223372036854775807
  }, {
    "numberValues" : 2,
    "minimum" : 7524,
    "rankings" : [ {
      "relativeRanking" : 0.05,
      "datum" : 7524
    }, {
      "relativeRanking" : 0.1,
      "datum" : 7524
    }, {
      "relativeRanking" : 0.15,
      "datum" : 7524
    }, {
      "relativeRanking" : 0.2,
      "datum" : 7524
    }, {
      "relativeRanking" : 0.25,
      "datum" : 7524
    }, {
      "relativeRanking" : 0.3,
      "datum" : 7524
    }, {
      "relativeRanking" : 0.35,
      "datum" : 7524
    }, {
      "relativeRanking" : 0.4,
      "datum" : 7524
    }, {
      "relativeRanking" : 0.45,
      "datum" : 7524
    }, {
      "relativeRanking" : 0.5,
      "datum" : 7524
    }, {
      "relativeRanking" : 0.55,
      "datum" : 7524
    }, {
      "relativeRanking" : 0.6,
      "datum" : 7524
    }, {
      "relativeRanking" : 0.65,
      "datum" : 7524
    }, {
      "relativeRanking" : 0.7,
      "datum" : 7524
    }, {
      "relativeRanking" : 0.75,
      "datum" : 7524
    }, {
      "relativeRanking" : 0.8,
      "datum" : 7524
    }, {
      "relativeRanking" : 0.85,
      "datum" : 7524
    }, {
      "relativeRanking" : 0.9,
      "datum" : 7524
    }, {
      "relativeRanking" : 0.95,
      "datum" : 7524
    } ],
    "maximum" : 13683
  } ],
  "failedMapAttemptCDFs" : [ {
    "numberValues" : 0,
    "minimum" : -9223372036854775808,
    "rankings" : [ ],
    "maximum" : 9223372036854775807
  }, {
    "numberValues" : 0,
    "minimum" : -9223372036854775808,
    "rankings" : [ ],
    "maximum" : 9223372036854775807
  }, {
    "numberValues" : 0,
    "minimum" : -9223372036854775808,
    "rankings" : [ ],
    "maximum" : 9223372036854775807
  }, {
    "numberValues" : 0,
    "minimum" : -9223372036854775808,
    "rankings" : [ ],
    "maximum" : 9223372036854775807
  } ],
  "successfulReduceAttemptCDF" : {
    "numberValues" : 6,
    "minimum" : 8965,
    "rankings" : [ {
      "relativeRanking" : 0.05,
      "datum" : 8965
    }, {
      "relativeRanking" : 0.1,
      "datum" : 8965
    }, {
      "relativeRanking" : 0.15,
      "datum" : 8965
    }, {
      "relativeRanking" : 0.2,
      "datum" : 8965
    }, {
      "relativeRanking" : 0.25,
      "datum" : 8965
    }, {
      "relativeRanking" : 0.3,
      "datum" : 8965
    }, {
      "relativeRanking" : 0.35,
      "datum" : 9247
    }, {
      "relativeRanking" : 0.4,
      "datum" : 9247
    }, {
      "relativeRanking" : 0.45,
      "datum" : 9247
    }, {
      "relativeRanking" : 0.5,
      "datum" : 9409
    }, {
      "relativeRanking" : 0.55,
      "datum" : 9409
    }, {
      "relativeRanking" : 0.6,
      "datum" : 9409
    }, {
      "relativeRanking" : 0.65,
      "datum" : 9409
    }, {
      "relativeRanking" : 0.7,
      "datum" : 9479
    }, {
      "relativeRanking" : 0.75,
      "datum" : 9479
    }, {
      "relativeRanking" : 0.8,
      "datum" : 9479
    }, {
      "relativeRanking" : 0.85,
      "datum" : 9520
    }, {
      "relativeRanking" : 0.9,
      "datum" : 9520
    }, {
      "relativeRanking" : 0.95,
      "datum" : 9520
    } ],
    "maximum" : 9751
  },
  "failedReduceAttemptCDF" : {
    "numberValues" : 0,
    "minimum" : -9223372036854775808,
    "rankings" : [ ],
    "maximum" : 9223372036854775807
  },
  "queue" : "default",
  "jobName" : "ReduceJoin-[1601022998418]",
  "clusterMapMB" : -1,
  "clusterReduceMB" : -1,
  "jobMapMB" : -1,
  "jobReduceMB" : -1,
  "relativeTime" : 0,
  "mapperTriesToSucceed" : [ 1.0 ],
  "failedMapperFraction" : 0.0,
  "jobProperties" : { }
}