{
  "jobID" : "job_1572946766556_1088",
  "user" : "hadoop",
  "computonsPerMapInputByte" : -1,
  "computonsPerMapOutputByte" : -1,
  "computonsPerReduceInputByte" : -1,
  "computonsPerReduceOutputByte" : -1,
  "submitTime" : 1575703835015,
  "launchTime" : 1575703838616,
  "finishTime" : 1575703983806,
  "heapMegabytes" : -1,
  "totalMaps" : 2,
  "totalReduces" : 3,
  "outcome" : "SUCCESS",
  "jobtype" : "JAVA",
  "priority" : "NORMAL",
  "directDependantJobs" : [ ],
  "mapTasks" : [ {
    "inputBytes" : 7745257,
    "inputRecords" : 246569,
    "outputBytes" : 32289411,
    "outputRecords" : 934712,
    "taskID" : "task_1572946766556_1088_m_000000",
    "startTime" : 1575703838718,
    "finishTime" : 1575703910334,
    "taskType" : "MAP",
    "taskStatus" : "SUCCESS",
    "attempts" : [ {
      "attemptID" : "attempt_1572946766556_1088_m_000000_0",
      "result" : "SUCCESS",
      "startTime" : 1575703840828,
      "finishTime" : 1575703910334,
      "hostName" : "/default-rack/slave4",
      "hdfsBytesRead" : 7745257,
      "hdfsBytesWritten" : 0,
      "fileBytesRead" : 0,
      "fileBytesWritten" : 32289411,
      "mapInputRecords" : 246569,
      "mapInputBytes" : -1,
      "mapOutputBytes" : 30296128,
      "mapOutputRecords" : 934712,
      "combineInputRecords" : 0,
      "reduceInputGroups" : -1,
      "reduceInputRecords" : -1,
      "reduceShuffleBytes" : -1,
      "reduceOutputRecords" : -1,
      "spilledRecords" : 934712,
      "shuffleFinished" : -1,
      "sortFinished" : -1,
      "location" : {
        "layers" : [ "default-rack", "slave4" ]
      },
      "clockSplits" : [ 10789, 8174, 8322, 7900, 8117, 8053, 8175, 8338, 406, 405, 406, 406 ],
      "cpuUsages" : [ 150213, 123845, 92253, 85493, 88019, 88239, 91962, 95907, 1632, 1632, 1632, 1633 ],
      "physMemKbytes" : [ 229315, 358834, 358356, 362961, 363280, 360356, 360428, 360487, 358262, 353873, 349484, 345095 ],
      "resourceUsageMetrics" : {
        "cumulativeCpuUsage" : 822460,
        "virtualMemoryUsage" : 2123558912,
        "physicalMemoryUsage" : 351129600,
        "heapUsage" : 192937984
      },
      "vmemKbytes" : [ 1363687, 2072294, 2072288, 2076757, 2076887, 2073787, 2073788, 2073787, 2073788, 2073788, 2073787, 2073788 ]
    }, {
      "attemptID" : "attempt_1572946766556_1088_m_000000_1",
      "result" : "KILLED",
      "startTime" : 1575703854741,
      "finishTime" : 1575703910380,
      "hostName" : "/default-rack/slave4",
      "hdfsBytesRead" : 6684817,
      "hdfsBytesWritten" : 0,
      "fileBytesRead" : 0,
      "fileBytesWritten" : 123761,
      "mapInputRecords" : 211106,
      "mapInputBytes" : -1,
      "mapOutputBytes" : 25619962,
      "mapOutputRecords" : 790257,
      "combineInputRecords" : 0,
      "reduceInputGroups" : -1,
      "reduceInputRecords" : -1,
      "reduceShuffleBytes" : -1,
      "reduceOutputRecords" : -1,
      "spilledRecords" : 0,
      "shuffleFinished" : -1,
      "sortFinished" : -1,
      "location" : {
        "layers" : [ "default-rack", "slave4" ]
      },
      "clockSplits" : [ 11374, 8066, 7726, 7364, 7370, 7095, 6007, 119, 119, 118, 119, 119 ],
      "cpuUsages" : [ 124684, 107829, 103423, 95179, 95539, 96509, 88087, 0, 0, 0, 0, 0 ],
      "physMemKbytes" : [ 236541, 358440, 362552, 362752, 368054, 369323, 363749, 362587, 362588, 362588, 362587, 362588 ],
      "resourceUsageMetrics" : {
        "cumulativeCpuUsage" : 711250,
        "virtualMemoryUsage" : 2121773056,
        "physicalMemoryUsage" : 371290112,
        "heapUsage" : 192937984
      },
      "vmemKbytes" : [ 1430851, 2073995, 2072044, 2072043, 2072044, 2072043, 2072044, 2072043, 2072044, 2072044, 2072043, 2072044 ]
    } ],
    "preferredLocations" : [ ]
  }, {
    "inputBytes" : 1279951,
    "inputRecords" : 32202,
    "outputBytes" : 4613252,
    "outputRecords" : 203769,
    "taskID" : "task_1572946766556_1088_m_000001",
    "startTime" : 1575703838721,
    "finishTime" : 1575703852803,
    "taskType" : "MAP",
    "taskStatus" : "SUCCESS",
    "attempts" : [ {
      "attemptID" : "attempt_1572946766556_1088_m_000001_0",
      "result" : "SUCCESS",
      "startTime" : 1575703840831,
      "finishTime" : 1575703852803,
      "hostName" : "/default-rack/slave5",
      "hdfsBytesRead" : 1279951,
      "hdfsBytesWritten" : 0,
      "fileBytesRead" : 0,
      "fileBytesWritten" : 4613252,
      "mapInputRecords" : 32202,
      "mapInputBytes" : -1,
      "mapOutputBytes" : 4081855,
      "mapOutputRecords" : 203769,
      "combineInputRecords" : 0,
      "reduceInputGroups" : -1,
      "reduceInputRecords" : -1,
      "reduceShuffleBytes" : -1,
      "reduceOutputRecords" : -1,
      "spilledRecords" : 203769,
      "shuffleFinished" : -1,
      "sortFinished" : -1,
      "location" : {
        "layers" : [ "default-rack", "slave5" ]
      },
      "clockSplits" : [ 1512, 1513, 1512, 1513, 1513, 1399, 1291, 1261, 106, 107, 106, 107 ],
      "cpuUsages" : [ 18698, 18699, 18698, 18699, 18698, 21042, 23293, 22211, 811, 810, 810, 811 ],
      "physMemKbytes" : [ 31758, 95274, 158790, 222305, 285822, 341846, 354711, 360661, 361081, 356907, 352732, 348559 ],
      "resourceUsageMetrics" : {
        "cumulativeCpuUsage" : 163280,
        "virtualMemoryUsage" : 2124877824,
        "physicalMemoryUsage" : 354787328,
        "heapUsage" : 174587904
      },
      "vmemKbytes" : [ 188995, 566986, 944978, 1322969, 1700960, 2029745, 2075076, 2075075, 2075076, 2075076, 2075075, 2075076 ]
    } ],
    "preferredLocations" : [ ]
  } ],
  "reduceTasks" : [ {
    "inputBytes" : 13316912,
    "inputRecords" : 412432,
    "outputBytes" : 9598928,
    "outputRecords" : 3960,
    "taskID" : "task_1572946766556_1088_r_000000",
    "startTime" : 1575703838721,
    "finishTime" : 1575703983694,
    "taskType" : "REDUCE",
    "taskStatus" : "SUCCESS",
    "attempts" : [ {
      "attemptID" : "attempt_1572946766556_1088_r_000000_0",
      "result" : "SUCCESS",
      "startTime" : 1575703855766,
      "finishTime" : 1575703983694,
      "hostName" : "/default-rack/slave5",
      "hdfsBytesRead" : 0,
      "hdfsBytesWritten" : 9598928,
      "fileBytesRead" : 13316906,
      "fileBytesWritten" : 13440644,
      "mapInputRecords" : -1,
      "mapInputBytes" : -1,
      "mapOutputBytes" : -1,
      "mapOutputRecords" : -1,
      "combineInputRecords" : 0,
      "reduceInputGroups" : 3960,
      "reduceInputRecords" : 412432,
      "reduceShuffleBytes" : 13316912,
      "reduceOutputRecords" : 3960,
      "spilledRecords" : 412432,
      "shuffleFinished" : 1575703910916,
      "sortFinished" : 1575703911120,
      "location" : {
        "layers" : [ "default-rack", "slave5" ]
      },
      "clockSplits" : [ 3919, 3919, 47709, 190, 189, 190, 189, 190, 5591, 23165, 22499, 20166 ],
      "cpuUsages" : [ 204, 205, 3511, 1120, 1121, 1120, 1120, 1121, 20304, 86974, 73578, 63412 ],
      "physMemKbytes" : [ 40766, 122300, 170553, 178846, 187139, 195432, 203725, 212018, 222008, 246900, 261127, 264105 ],
      "resourceUsageMetrics" : {
        "cumulativeCpuUsage" : 253790,
        "virtualMemoryUsage" : 2128248832,
        "physicalMemoryUsage" : 274124800,
        "heapUsage" : 149946368
      },
      "vmemKbytes" : [ 517945, 1553837, 2072311, 2073368, 2074425, 2075482, 2076539, 2077596, 2078340, 2078368, 2078367, 2078368 ]
    } ],
    "preferredLocations" : [ ]
  }, {
    "inputBytes" : 10820170,
    "inputRecords" : 331716,
    "outputBytes" : 7676048,
    "outputRecords" : 3964,
    "taskID" : "task_1572946766556_1088_r_000001",
    "startTime" : 1575703838722,
    "finishTime" : 1575703950591,
    "taskType" : "REDUCE",
    "taskStatus" : "SUCCESS",
    "attempts" : [ {
      "attemptID" : "attempt_1572946766556_1088_r_000001_0",
      "result" : "SUCCESS",
      "startTime" : 1575703855768,
      "finishTime" : 1575703950591,
      "hostName" : "/default-rack/slave4",
      "hdfsBytesRead" : 0,
      "hdfsBytesWritten" : 7676048,
      "fileBytesRead" : 10820164,
      "fileBytesWritten" : 10943902,
      "mapInputRecords" : -1,
      "mapInputBytes" : -1,
      "mapOutputBytes" : -1,
      "mapOutputRecords" : -1,
      "combineInputRecords" : 0,
      "reduceInputGroups" : 3964,
      "reduceInputRecords" : 331716,
      "reduceShuffleBytes" : 10820170,
      "reduceOutputRecords" : 3964,
      "spilledRecords" : 331716,
      "shuffleFinished" : 1575703911263,
      "sortFinished" : 1575703911471,
      "location" : {
        "layers" : [ "default-rack", "slave4" ]
      },
      "clockSplits" : [ 4133, 4134, 47628, 207, 207, 207, 207, 207, 4364, 19571, 7871, 6073 ],
      "cpuUsages" : [ 179, 180, 3826, 1295, 1296, 1295, 1296, 1295, 14994, 72940, 27208, 20386 ],
      "physMemKbytes" : [ 40185, 120557, 187002, 198641, 210280, 221918, 233557, 245195, 252348, 265443, 282376, 283019 ],
      "resourceUsageMetrics" : {
        "cumulativeCpuUsage" : 146190,
        "virtualMemoryUsage" : 2130059264,
        "physicalMemoryUsage" : 289558528,
        "heapUsage" : 154664960
      },
      "vmemKbytes" : [ 518116, 1554350, 2073407, 2075286, 2077166, 2079045, 2080926, 2082805, 2082325, 2080136, 2080135, 2080136 ]
    } ],
    "preferredLocations" : [ ]
  }, {
    "inputBytes" : 12517899,
    "inputRecords" : 394333,
    "outputBytes" : 8988289,
    "outputRecords" : 3919,
    "taskID" : "task_1572946766556_1088_r_000002",
    "startTime" : 1575703838722,
    "finishTime" : 1575703952512,
    "taskType" : "REDUCE",
    "taskStatus" : "SUCCESS",
    "attempts" : [ {
      "attemptID" : "attempt_1572946766556_1088_r_000002_0",
      "result" : "SUCCESS",
      "startTime" : 1575703855769,
      "finishTime" : 1575703952512,
      "hostName" : "/default-rack/slave2",
      "hdfsBytesRead" : 0,
      "hdfsBytesWritten" : 8988289,
      "fileBytesRead" : 12517893,
      "fileBytesWritten" : 12641631,
      "mapInputRecords" : -1,
      "mapInputBytes" : -1,
      "mapOutputBytes" : -1,
      "mapOutputRecords" : -1,
      "combineInputRecords" : 0,
      "reduceInputGroups" : 3919,
      "reduceInputRecords" : 394333,
      "reduceShuffleBytes" : 12517899,
      "reduceOutputRecords" : 3919,
      "spilledRecords" : 394333,
      "shuffleFinished" : 1575703911060,
      "sortFinished" : 1575703911278,
      "location" : {
        "layers" : [ "default-rack", "slave2" ]
      },
      "clockSplits" : [ 4013, 4014, 47706, 183, 183, 183, 183, 183, 4273, 15699, 12603, 7508 ],
      "cpuUsages" : [ 294, 295, 3177, 996, 997, 996, 997, 996, 10766, 46542, 33907, 18937 ],
      "physMemKbytes" : [ 40474, 121424, 175666, 182599, 189532, 196465, 203398, 210331, 220560, 242115, 257148, 258677 ],
      "resourceUsageMetrics" : {
        "cumulativeCpuUsage" : 118900,
        "virtualMemoryUsage" : 2129444864,
        "physicalMemoryUsage" : 265924608,
        "heapUsage" : 146276352
      },
      "vmemKbytes" : [ 518076, 1554230, 2072205, 2073472, 2074741, 2076008, 2077276, 2078543, 2079485, 2079536, 2079535, 2079536 ]
    } ],
    "preferredLocations" : [ ]
  } ],
  "otherTasks" : [ ],
  "successfulMapAttemptCDFs" : [ {
    "numberValues" : 0,
    "minimum" : -9223372036854775808,
    "rankings" : [ ],
    "maximum" : 9223372036854775807
  }, {
    "numberValues" : 0,
    "minimum" : -9223372036854775808,
    "rankings" : [ ],
    "maximum" : 9223372036854775807
  }, {
    "numberValues" : 0,
    "minimum" : -9223372036854775808,
    "rankings" : [ ],
    "maximum" : 9223372036854775807
  }, {
    "numberValues" : 2,
    "minimum" : 11972,
    "rankings" : [ {
      "relativeRanking" : 0.05,
      "datum" : 11972
    }, {
      "relativeRanking" : 0.1,
      "datum" : 11972
    }, {
      "relativeRanking" : 0.15,
      "datum" : 11972
    }, {
      "relativeRanking" : 0.2,
      "datum" : 11972
    }, {
      "relativeRanking" : 0.25,
      "datum" : 11972
    }, {
      "relativeRanking" : 0.3,
      "datum" : 11972
    }, {
      "relativeRanking" : 0.35,
      "datum" : 11972
    }, {
      "relativeRanking" : 0.4,
      "datum" : 11972
    }, {
      "relativeRanking" : 0.45,
      "datum" : 11972
    }, {
      "relativeRanking" : 0.5,
      "datum" : 11972
    }, {
      "relativeRanking" : 0.55,
      "datum" : 11972
    }, {
      "relativeRanking" : 0.6,
      "datum" : 11972
    }, {
      "relativeRanking" : 0.65,
      "datum" : 11972
    }, {
      "relativeRanking" : 0.7,
      "datum" : 11972
    }, {
      "relativeRanking" : 0.75,
      "datum" : 11972
    }, {
      "relativeRanking" : 0.8,
      "datum" : 11972
    }, {
      "relativeRanking" : 0.85,
      "datum" : 11972
    }, {
      "relativeRanking" : 0.9,
      "datum" : 11972
    }, {
      "relativeRanking" : 0.95,
      "datum" : 11972
    } ],
    "maximum" : 69506
  } ],
  "failedMapAttemptCDFs" : [ {
    "numberValues" : 0,
    "minimum" : -9223372036854775808,
    "rankings" : [ ],
    "maximum" : 9223372036854775807
  }, {
    "numberValues" : 0,
    "minimum" : -9223372036854775808,
    "rankings" : [ ],
    "maximum" : 9223372036854775807
  }, {
    "numberValues" : 0,
    "minimum" : -9223372036854775808,
    "rankings" : [ ],
    "maximum" : 9223372036854775807
  }, {
    "numberValues" : 0,
    "minimum" : -9223372036854775808,
    "rankings" : [ ],
    "maximum" : 9223372036854775807
  } ],
  "successfulReduceAttemptCDF" : {
    "numberValues" : 3,
    "minimum" : 94823,
    "rankings" : [ {
      "relativeRanking" : 0.05,
      "datum" : 94823
    }, {
      "relativeRanking" : 0.1,
      "datum" : 94823
    }, {
      "relativeRanking" : 0.15,
      "datum" : 94823
    }, {
      "relativeRanking" : 0.2,
      "datum" : 94823
    }, {
      "relativeRanking" : 0.25,
      "datum" : 94823
    }, {
      "relativeRanking" : 0.3,
      "datum" : 94823
    }, {
      "relativeRanking" : 0.35,
      "datum" : 94823
    }, {
      "relativeRanking" : 0.4,
      "datum" : 94823
    }, {
      "relativeRanking" : 0.45,
      "datum" : 94823
    }, {
      "relativeRanking" : 0.5,
      "datum" : 94823
    }, {
      "relativeRanking" : 0.55,
      "datum" : 94823
    }, {
      "relativeRanking" : 0.6,
      "datum" : 94823
    }, {
      "relativeRanking" : 0.65,
      "datum" : 94823
    }, {
      "relativeRanking" : 0.7,
      "datum" : 96743
    }, {
      "relativeRanking" : 0.75,
      "datum" : 96743
    }, {
      "relativeRanking" : 0.8,
      "datum" : 96743
    }, {
      "relativeRanking" : 0.85,
      "datum" : 96743
    }, {
      "relativeRanking" : 0.9,
      "datum" : 96743
    }, {
      "relativeRanking" : 0.95,
      "datum" : 96743
    } ],
    "maximum" : 127928
  },
  "failedReduceAttemptCDF" : {
    "numberValues" : 0,
    "minimum" : -9223372036854775808,
    "rankings" : [ ],
    "maximum" : 9223372036854775807
  },
  "queue" : "default",
  "jobName" : "CAC_Count-[1575703832181-Indexing1]",
  "clusterMapMB" : -1,
  "clusterReduceMB" : -1,
  "jobMapMB" : -1,
  "jobReduceMB" : -1,
  "relativeTime" : 0,
  "mapperTriesToSucceed" : [ 1.0 ],
  "failedMapperFraction" : 0.0,
  "jobProperties" : { }
}