{
  "jobID" : "job_1572946766556_1089",
  "user" : "hadoop",
  "computonsPerMapInputByte" : -1,
  "computonsPerMapOutputByte" : -1,
  "computonsPerReduceInputByte" : -1,
  "computonsPerReduceOutputByte" : -1,
  "submitTime" : 1575703985750,
  "launchTime" : 1575703989802,
  "finishTime" : 1575704546646,
  "heapMegabytes" : -1,
  "totalMaps" : 3,
  "totalReduces" : 3,
  "outcome" : "SUCCESS",
  "jobtype" : "JAVA",
  "priority" : "NORMAL",
  "directDependantJobs" : [ ],
  "mapTasks" : [ {
    "inputBytes" : 9599084,
    "inputRecords" : 3960,
    "outputBytes" : 9861964448,
    "outputRecords" : 99038183,
    "taskID" : "task_1572946766556_1089_m_000000",
    "startTime" : 1575703989862,
    "finishTime" : 1575704378511,
    "taskType" : "MAP",
    "taskStatus" : "SUCCESS",
    "attempts" : [ {
      "attemptID" : "attempt_1572946766556_1089_m_000000_0",
      "result" : "SUCCESS",
      "startTime" : 1575703992043,
      "finishTime" : 1575704378511,
      "hostName" : "/default-rack/slave2",
      "hdfsBytesRead" : 9599084,
      "hdfsBytesWritten" : 0,
      "fileBytesRead" : 6550379206,
      "fileBytesWritten" : 9861964448,
      "mapInputRecords" : 3960,
      "mapInputBytes" : -1,
      "mapOutputBytes" : 3120344950,
      "mapOutputRecords" : 99038183,
      "combineInputRecords" : 0,
      "reduceInputGroups" : -1,
      "reduceInputRecords" : -1,
      "reduceShuffleBytes" : -1,
      "reduceOutputRecords" : -1,
      "spilledRecords" : 294795473,
      "shuffleFinished" : -1,
      "sortFinished" : -1,
      "location" : {
        "layers" : [ "default-rack", "slave2" ]
      },
      "clockSplits" : [ 11549, 8564, 29221, 32515, 90438, 8803, 51906, 15081, 33904, 33767, 34255, 36449 ],
      "cpuUsages" : [ 22419, 16124, 52819, 55345, 155488, 14479, 84160, 25412, 45635, 44558, 43320, 44371 ],
      "physMemKbytes" : [ 216287, 287767, 299060, 306336, 309165, 309870, 310714, 310493, 312095, 313976, 314455, 314997 ],
      "resourceUsageMetrics" : {
        "cumulativeCpuUsage" : 604130,
        "virtualMemoryUsage" : 2129780736,
        "physicalMemoryUsage" : 323997696,
        "heapUsage" : 209190912
      },
      "vmemKbytes" : [ 1597580, 2075729, 2076780, 2076779, 2076780, 2076779, 2076780, 2076779, 2078750, 2078836, 2078835, 2078840 ]
    } ],
    "preferredLocations" : [ ]
  }, {
    "inputBytes" : 8988445,
    "inputRecords" : 3919,
    "outputBytes" : 5685799518,
    "outputRecords" : 58455405,
    "taskID" : "task_1572946766556_1089_m_000001",
    "startTime" : 1575703989864,
    "finishTime" : 1575704223909,
    "taskType" : "MAP",
    "taskStatus" : "SUCCESS",
    "attempts" : [ {
      "attemptID" : "attempt_1572946766556_1089_m_000001_0",
      "result" : "SUCCESS",
      "startTime" : 1575703992044,
      "finishTime" : 1575704223909,
      "hostName" : "/default-rack/slave2",
      "hdfsBytesRead" : 8988445,
      "hdfsBytesWritten" : 0,
      "fileBytesRead" : 3706999650,
      "fileBytesWritten" : 5685799518,
      "mapInputRecords" : 3919,
      "mapInputBytes" : -1,
      "mapOutputBytes" : 1868574631,
      "mapOutputRecords" : 58455405,
      "combineInputRecords" : 0,
      "reduceInputGroups" : -1,
      "reduceInputRecords" : -1,
      "reduceShuffleBytes" : -1,
      "reduceOutputRecords" : -1,
      "spilledRecords" : 167738402,
      "shuffleFinished" : -1,
      "sortFinished" : -1,
      "location" : {
        "layers" : [ "default-rack", "slave2" ]
      },
      "clockSplits" : [ 20766, 9671, 13886, 36078, 44783, 10662, 8278, 9730, 19156, 19286, 19485, 20049 ],
      "cpuUsages" : [ 38616, 18879, 25362, 62109, 74345, 20717, 14378, 15262, 26530, 24067, 25576, 26189 ],
      "physMemKbytes" : [ 170627, 284240, 296228, 302585, 302455, 304372, 305134, 304997, 314159, 314399, 313806, 315583 ],
      "resourceUsageMetrics" : {
        "cumulativeCpuUsage" : 372030,
        "virtualMemoryUsage" : 2128371712,
        "physicalMemoryUsage" : 323502080,
        "heapUsage" : 209190912
      },
      "vmemKbytes" : [ 1254683, 2068651, 2068652, 2068651, 2068652, 2068651, 2068652, 2068651, 2076741, 2077460, 2077459, 2077499 ]
    } ],
    "preferredLocations" : [ ]
  }, {
    "inputBytes" : 7676204,
    "inputRecords" : 3964,
    "outputBytes" : 7832590947,
    "outputRecords" : 81564432,
    "taskID" : "task_1572946766556_1089_m_000002",
    "startTime" : 1575703989865,
    "finishTime" : 1575704259500,
    "taskType" : "MAP",
    "taskStatus" : "SUCCESS",
    "attempts" : [ {
      "attemptID" : "attempt_1572946766556_1089_m_000002_0",
      "result" : "SUCCESS",
      "startTime" : 1575703992036,
      "finishTime" : 1575704259500,
      "hostName" : "/default-rack/slave3",
      "hdfsBytesRead" : 7676204,
      "hdfsBytesWritten" : 0,
      "fileBytesRead" : 5172327017,
      "fileBytesWritten" : 7832590947,
      "mapInputRecords" : 3964,
      "mapInputBytes" : -1,
      "mapOutputBytes" : 2508184176,
      "mapOutputRecords" : 81564432,
      "combineInputRecords" : 0,
      "reduceInputGroups" : -1,
      "reduceInputRecords" : -1,
      "reduceShuffleBytes" : -1,
      "reduceOutputRecords" : -1,
      "spilledRecords" : 239676086,
      "shuffleFinished" : -1,
      "sortFinished" : -1,
      "location" : {
        "layers" : [ "default-rack", "slave3" ]
      },
      "clockSplits" : [ 7513, 7535, 120383, 14527, 8870, 4744, 2195, 8187, 22327, 22671, 23999, 24499 ],
      "cpuUsages" : [ 12904, 13846, 215279, 26973, 17385, 10202, 4320, 14002, 31426, 31832, 34198, 32613 ],
      "physMemKbytes" : [ 129647, 277517, 286724, 298696, 298844, 299878, 299944, 300095, 303600, 303202, 301982, 302655 ],
      "resourceUsageMetrics" : {
        "cumulativeCpuUsage" : 444980,
        "virtualMemoryUsage" : 2122530816,
        "physicalMemoryUsage" : 310722560,
        "heapUsage" : 209190912
      },
      "vmemKbytes" : [ 974184, 2064773, 2068476, 2068475, 2068476, 2068475, 2068476, 2068528, 2071731, 2071756, 2071755, 2071769 ]
    } ],
    "preferredLocations" : [ ]
  } ],
  "reduceTasks" : [ {
    "inputBytes" : 2658198729,
    "inputRecords" : 79679848,
    "outputBytes" : 1608561436,
    "outputRecords" : 67589773,
    "taskID" : "task_1572946766556_1089_r_000000",
    "startTime" : 1575703989865,
    "finishTime" : 1575704545398,
    "taskType" : "REDUCE",
    "taskStatus" : "SUCCESS",
    "attempts" : [ {
      "attemptID" : "attempt_1572946766556_1089_r_000000_0",
      "result" : "SUCCESS",
      "startTime" : 1575704226347,
      "finishTime" : 1575704545398,
      "hostName" : "/default-rack/slave1",
      "hdfsBytesRead" : 0,
      "hdfsBytesWritten" : 1608561436,
      "fileBytesRead" : 2658198729,
      "fileBytesWritten" : 2658322826,
      "mapInputRecords" : -1,
      "mapInputBytes" : -1,
      "mapOutputBytes" : -1,
      "mapOutputRecords" : -1,
      "combineInputRecords" : 0,
      "reduceInputGroups" : 67589773,
      "reduceInputRecords" : 79679848,
      "reduceShuffleBytes" : 2658198729,
      "reduceOutputRecords" : 67589773,
      "spilledRecords" : 79679848,
      "shuffleFinished" : 1575704406826,
      "sortFinished" : 1575704406850,
      "location" : {
        "layers" : [ "default-rack", "slave1" ]
      },
      "clockSplits" : [ 19101, 29693, 131746, 108, 108, 109, 108, 108, 34147, 34883, 33973, 34957 ],
      "cpuUsages" : [ 7627, 8702, 13479, 864, 865, 865, 865, 864, 61583, 61119, 57911, 62346 ],
      "physMemKbytes" : [ 168396, 175816, 172116, 162877, 171194, 179509, 187826, 196141, 213442, 216030, 215273, 219922 ],
      "resourceUsageMetrics" : {
        "cumulativeCpuUsage" : 277090,
        "virtualMemoryUsage" : 2137374720,
        "physicalMemoryUsage" : 230567936,
        "heapUsage" : 138936320
      },
      "vmemKbytes" : [ 2074215, 2074216, 2074396, 2076923, 2080172, 2083421, 2086670, 2089919, 2087508, 2087280, 2087279, 2087280 ]
    } ],
    "preferredLocations" : [ ]
  }, {
    "inputBytes" : 2658695084,
    "inputRecords" : 79694574,
    "outputBytes" : 1608820777,
    "outputRecords" : 67600228,
    "taskID" : "task_1572946766556_1089_r_000001",
    "startTime" : 1575703989865,
    "finishTime" : 1575704546575,
    "taskType" : "REDUCE",
    "taskStatus" : "SUCCESS",
    "attempts" : [ {
      "attemptID" : "attempt_1572946766556_1089_r_000001_0",
      "result" : "SUCCESS",
      "startTime" : 1575704226353,
      "finishTime" : 1575704546575,
      "hostName" : "/default-rack/slave3",
      "hdfsBytesRead" : 0,
      "hdfsBytesWritten" : 1608820777,
      "fileBytesRead" : 2658695084,
      "fileBytesWritten" : 2658819181,
      "mapInputRecords" : -1,
      "mapInputBytes" : -1,
      "mapOutputBytes" : -1,
      "mapOutputRecords" : -1,
      "combineInputRecords" : 0,
      "reduceInputGroups" : 67600228,
      "reduceInputRecords" : 79694574,
      "reduceShuffleBytes" : 2658695084,
      "reduceOutputRecords" : 67600228,
      "spilledRecords" : 79694574,
      "shuffleFinished" : 1575704406852,
      "sortFinished" : 1575704406883,
      "location" : {
        "layers" : [ "default-rack", "slave3" ]
      },
      "clockSplits" : [ 19163, 14443, 146959, 108, 108, 108, 108, 108, 34369, 35197, 34475, 35065 ],
      "cpuUsages" : [ 7797, 1472, 16511, 900, 900, 901, 900, 901, 60846, 61364, 58452, 62066 ],
      "physMemKbytes" : [ 170097, 170404, 167493, 168323, 178773, 189222, 199673, 210122, 227219, 234347, 237217, 242855 ],
      "resourceUsageMetrics" : {
        "cumulativeCpuUsage" : 273010,
        "virtualMemoryUsage" : 2142265344,
        "physicalMemoryUsage" : 251748352,
        "heapUsage" : 137363456
      },
      "vmemKbytes" : [ 2075376, 2075376, 2075613, 2078936, 2083209, 2087482, 2091756, 2096029, 2092378, 2092056, 2092055, 2092056 ]
    } ],
    "preferredLocations" : [ ]
  }, {
    "inputBytes" : 2658326038,
    "inputRecords" : 79683598,
    "outputBytes" : 1608699243,
    "outputRecords" : 67595139,
    "taskID" : "task_1572946766556_1089_r_000002",
    "startTime" : 1575703989865,
    "finishTime" : 1575704544336,
    "taskType" : "REDUCE",
    "taskStatus" : "SUCCESS",
    "attempts" : [ {
      "attemptID" : "attempt_1572946766556_1089_r_000002_0",
      "result" : "SUCCESS",
      "startTime" : 1575704226350,
      "finishTime" : 1575704544336,
      "hostName" : "/default-rack/slave4",
      "hdfsBytesRead" : 0,
      "hdfsBytesWritten" : 1608699243,
      "fileBytesRead" : 2658326038,
      "fileBytesWritten" : 2658450135,
      "mapInputRecords" : -1,
      "mapInputBytes" : -1,
      "mapOutputBytes" : -1,
      "mapOutputRecords" : -1,
      "combineInputRecords" : 0,
      "reduceInputGroups" : 67595139,
      "reduceInputRecords" : 79683598,
      "reduceShuffleBytes" : 2658326038,
      "reduceOutputRecords" : 67595139,
      "spilledRecords" : 79683598,
      "shuffleFinished" : 1575704405241,
      "sortFinished" : 1575704405265,
      "location" : {
        "layers" : [ "default-rack", "slave4" ]
      },
      "clockSplits" : [ 19346, 29679, 130024, 456, 455, 456, 455, 456, 32688, 34348, 34784, 34822 ],
      "cpuUsages" : [ 7244, 6240, 16071, 1426, 1426, 1426, 1427, 1426, 56932, 61006, 60389, 59887 ],
      "physMemKbytes" : [ 173524, 172907, 168506, 166686, 176109, 185530, 194953, 204374, 216493, 219749, 224190, 228483 ],
      "resourceUsageMetrics" : {
        "cumulativeCpuUsage" : 274900,
        "virtualMemoryUsage" : 2137804800,
        "physicalMemoryUsage" : 235073536,
        "heapUsage" : 135266304
      },
      "vmemKbytes" : [ 2079080, 2077490, 2076809, 2078396, 2080437, 2082477, 2084518, 2086559, 2087696, 2087700, 2087699, 2087700 ]
    } ],
    "preferredLocations" : [ ]
  } ],
  "otherTasks" : [ ],
  "successfulMapAttemptCDFs" : [ {
    "numberValues" : 0,
    "minimum" : -9223372036854775808,
    "rankings" : [ ],
    "maximum" : 9223372036854775807
  }, {
    "numberValues" : 0,
    "minimum" : -9223372036854775808,
    "rankings" : [ ],
    "maximum" : 9223372036854775807
  }, {
    "numberValues" : 0,
    "minimum" : -9223372036854775808,
    "rankings" : [ ],
    "maximum" : 9223372036854775807
  }, {
    "numberValues" : 3,
    "minimum" : 231865,
    "rankings" : [ {
      "relativeRanking" : 0.05,
      "datum" : 231865
    }, {
      "relativeRanking" : 0.1,
      "datum" : 231865
    }, {
      "relativeRanking" : 0.15,
      "datum" : 231865
    }, {
      "relativeRanking" : 0.2,
      "datum" : 231865
    }, {
      "relativeRanking" : 0.25,
      "datum" : 231865
    }, {
      "relativeRanking" : 0.3,
      "datum" : 231865
    }, {
      "relativeRanking" : 0.35,
      "datum" : 231865
    }, {
      "relativeRanking" : 0.4,
      "datum" : 231865
    }, {
      "relativeRanking" : 0.45,
      "datum" : 231865
    }, {
      "relativeRanking" : 0.5,
      "datum" : 231865
    }, {
      "relativeRanking" : 0.55,
      "datum" : 231865
    }, {
      "relativeRanking" : 0.6,
      "datum" : 231865
    }, {
      "relativeRanking" : 0.65,
      "datum" : 231865
    }, {
      "relativeRanking" : 0.7,
      "datum" : 267464
    }, {
      "relativeRanking" : 0.75,
      "datum" : 267464
    }, {
      "relativeRanking" : 0.8,
      "datum" : 267464
    }, {
      "relativeRanking" : 0.85,
      "datum" : 267464
    }, {
      "relativeRanking" : 0.9,
      "datum" : 267464
    }, {
      "relativeRanking" : 0.95,
      "datum" : 267464
    } ],
    "maximum" : 386468
  } ],
  "failedMapAttemptCDFs" : [ {
    "numberValues" : 0,
    "minimum" : -9223372036854775808,
    "rankings" : [ ],
    "maximum" : 9223372036854775807
  }, {
    "numberValues" : 0,
    "minimum" : -9223372036854775808,
    "rankings" : [ ],
    "maximum" : 9223372036854775807
  }, {
    "numberValues" : 0,
    "minimum" : -9223372036854775808,
    "rankings" : [ ],
    "maximum" : 9223372036854775807
  }, {
    "numberValues" : 0,
    "minimum" : -9223372036854775808,
    "rankings" : [ ],
    "maximum" : 9223372036854775807
  } ],
  "successfulReduceAttemptCDF" : {
    "numberValues" : 3,
    "minimum" : 317986,
    "rankings" : [ {
      "relativeRanking" : 0.05,
      "datum" : 317986
    }, {
      "relativeRanking" : 0.1,
      "datum" : 317986
    }, {
      "relativeRanking" : 0.15,
      "datum" : 317986
    }, {
      "relativeRanking" : 0.2,
      "datum" : 317986
    }, {
      "relativeRanking" : 0.25,
      "datum" : 317986
    }, {
      "relativeRanking" : 0.3,
      "datum" : 317986
    }, {
      "relativeRanking" : 0.35,
      "datum" : 317986
    }, {
      "relativeRanking" : 0.4,
      "datum" : 317986
    }, {
      "relativeRanking" : 0.45,
      "datum" : 317986
    }, {
      "relativeRanking" : 0.5,
      "datum" : 317986
    }, {
      "relativeRanking" : 0.55,
      "datum" : 317986
    }, {
      "relativeRanking" : 0.6,
      "datum" : 317986
    }, {
      "relativeRanking" : 0.65,
      "datum" : 317986
    }, {
      "relativeRanking" : 0.7,
      "datum" : 319051
    }, {
      "relativeRanking" : 0.75,
      "datum" : 319051
    }, {
      "relativeRanking" : 0.8,
      "datum" : 319051
    }, {
      "relativeRanking" : 0.85,
      "datum" : 319051
    }, {
      "relativeRanking" : 0.9,
      "datum" : 319051
    }, {
      "relativeRanking" : 0.95,
      "datum" : 319051
    } ],
    "maximum" : 320222
  },
  "failedReduceAttemptCDF" : {
    "numberValues" : 0,
    "minimum" : -9223372036854775808,
    "rankings" : [ ],
    "maximum" : 9223372036854775807
  },
  "queue" : "default",
  "jobName" : "CAC_Count-[1575703832181-Similarity2-END]",
  "clusterMapMB" : -1,
  "clusterReduceMB" : -1,
  "jobMapMB" : -1,
  "jobReduceMB" : -1,
  "relativeTime" : 0,
  "mapperTriesToSucceed" : [ 1.0 ],
  "failedMapperFraction" : 0.0,
  "jobProperties" : { }
}