{
  "jobID" : "job_1572946766556_0689",
  "user" : "hadoop",
  "computonsPerMapInputByte" : -1,
  "computonsPerMapOutputByte" : -1,
  "computonsPerReduceInputByte" : -1,
  "computonsPerReduceOutputByte" : -1,
  "submitTime" : 1575463755779,
  "launchTime" : 1575463759441,
  "finishTime" : 1575463788751,
  "heapMegabytes" : -1,
  "totalMaps" : 2,
  "totalReduces" : 2,
  "outcome" : "SUCCESS",
  "jobtype" : "JAVA",
  "priority" : "NORMAL",
  "directDependantJobs" : [ ],
  "mapTasks" : [ {
    "inputBytes" : 79565870,
    "inputRecords" : 2570811,
    "outputBytes" : 140958826,
    "outputRecords" : 2570810,
    "taskID" : "task_1572946766556_0689_m_000000",
    "startTime" : 1575463759564,
    "finishTime" : 1575463771481,
    "taskType" : "MAP",
    "taskStatus" : "SUCCESS",
    "attempts" : [ {
      "attemptID" : "attempt_1572946766556_0689_m_000000_0",
      "result" : "SUCCESS",
      "startTime" : 1575463761653,
      "finishTime" : 1575463771481,
      "hostName" : "/default-rack/slave1",
      "hdfsBytesRead" : 79565870,
      "hdfsBytesWritten" : 0,
      "fileBytesRead" : 70579111,
      "fileBytesWritten" : 140958826,
      "mapInputRecords" : 2570811,
      "mapInputBytes" : -1,
      "mapOutputBytes" : 65275490,
      "mapOutputRecords" : 2570810,
      "combineInputRecords" : 0,
      "reduceInputGroups" : -1,
      "reduceInputRecords" : -1,
      "reduceShuffleBytes" : -1,
      "reduceOutputRecords" : -1,
      "spilledRecords" : 5141620,
      "shuffleFinished" : -1,
      "sortFinished" : -1,
      "location" : {
        "layers" : [ "default-rack", "slave1" ]
      },
      "clockSplits" : [ 6774, 160, 160, 159, 160, 160, 159, 160, 479, 481, 481, 481 ],
      "cpuUsages" : [ 1896, 1897, 1896, 1897, 1896, 1897, 1896, 1897, 813, 808, 808, 809 ],
      "physMemKbytes" : [ 17242, 51726, 86211, 120696, 155181, 189665, 224150, 258635, 276672, 277997, 279320, 280645 ],
      "vmemKbytes" : [ 129330, 387992, 646654, 905315, 1163977, 1422638, 1681300, 1939961, 2070926, 2072138, 2073347, 2074558 ],
      "resourceUsageMetrics" : {
        "cumulativeCpuUsage" : 18410,
        "virtualMemoryUsage" : 2124967936,
        "physicalMemoryUsage" : 288059392,
        "heapUsage" : 208142336
      }
    }, {
      "attemptID" : "attempt_1572946766556_0689_m_000000_1",
      "result" : "KILLED",
      "startTime" : 1575463769573,
      "finishTime" : 1575463771513,
      "hostName" : "/default-rack/slave5",
      "hdfsBytesRead" : -1,
      "hdfsBytesWritten" : -1,
      "fileBytesRead" : -1,
      "fileBytesWritten" : -1,
      "mapInputRecords" : -1,
      "mapInputBytes" : -1,
      "mapOutputBytes" : -1,
      "mapOutputRecords" : -1,
      "combineInputRecords" : -1,
      "reduceInputGroups" : -1,
      "reduceInputRecords" : -1,
      "reduceShuffleBytes" : -1,
      "reduceOutputRecords" : -1,
      "spilledRecords" : -1,
      "shuffleFinished" : -1,
      "sortFinished" : -1,
      "location" : {
        "layers" : [ "default-rack", "slave5" ]
      },
      "clockSplits" : [ 159, 159, 159, 160, 159, 159, 159, 160, 159, 159, 159, 160 ],
      "cpuUsages" : [ 0, 0, 0, 0, 0, 0, 0, 0, 0, 0, 0, 0 ],
      "physMemKbytes" : [ 0, 0, 0, 0, 0, 0, 0, 0, 0, 0, 0, 0 ],
      "vmemKbytes" : [ 0, 0, 0, 0, 0, 0, 0, 0, 0, 0, 0, 0 ],
      "resourceUsageMetrics" : {
        "cumulativeCpuUsage" : 0,
        "virtualMemoryUsage" : 0,
        "physicalMemoryUsage" : 0,
        "heapUsage" : 0
      }
    } ],
    "preferredLocations" : [ ]
  }, {
    "inputBytes" : 63092039,
    "inputRecords" : 1299730,
    "outputBytes" : 144540558,
    "outputRecords" : 1299729,
    "taskID" : "task_1572946766556_0689_m_000001",
    "startTime" : 1575463759565,
    "finishTime" : 1575463768296,
    "taskType" : "MAP",
    "taskStatus" : "SUCCESS",
    "attempts" : [ {
      "attemptID" : "attempt_1572946766556_0689_m_000001_0",
      "result" : "SUCCESS",
      "startTime" : 1575463761644,
      "finishTime" : 1575463768296,
      "hostName" : "/default-rack/slave1",
      "hdfsBytesRead" : 63092039,
      "hdfsBytesWritten" : 0,
      "fileBytesRead" : 72404788,
      "fileBytesWritten" : 144540558,
      "mapInputRecords" : 1299730,
      "mapInputBytes" : -1,
      "mapOutputBytes" : 69599284,
      "mapOutputRecords" : 1299729,
      "combineInputRecords" : 0,
      "reduceInputGroups" : -1,
      "reduceInputRecords" : -1,
      "reduceShuffleBytes" : -1,
      "reduceOutputRecords" : -1,
      "spilledRecords" : 2599458,
      "shuffleFinished" : -1,
      "sortFinished" : -1,
      "location" : {
        "layers" : [ "default-rack", "slave1" ]
      },
      "clockSplits" : [ 4430, 199, 199, 200, 199, 199, 199, 200, 199, 199, 199, 200 ],
      "cpuUsages" : [ 955, 956, 956, 956, 956, 956, 955, 956, 956, 956, 956, 956 ],
      "physMemKbytes" : [ 11924, 35772, 59621, 83469, 107318, 131167, 155016, 178864, 202713, 226562, 250410, 274259 ],
      "vmemKbytes" : [ 86436, 259309, 432183, 605056, 777929, 950802, 1123676, 1296549, 1469423, 1642296, 1815169, 1988043 ],
      "resourceUsageMetrics" : {
        "cumulativeCpuUsage" : 11470,
        "virtualMemoryUsage" : 2124267520,
        "physicalMemoryUsage" : 293052416,
        "heapUsage" : 207618048
      }
    } ],
    "preferredLocations" : [ ]
  } ],
  "reduceTasks" : [ {
    "inputBytes" : 70813331,
    "inputRecords" : 1918561,
    "outputBytes" : 232633271,
    "outputRecords" : 3757719,
    "taskID" : "task_1572946766556_0689_r_000000",
    "startTime" : 1575463759566,
    "finishTime" : 1575463787598,
    "taskType" : "REDUCE",
    "taskStatus" : "SUCCESS",
    "attempts" : [ {
      "attemptID" : "attempt_1572946766556_0689_r_000000_0",
      "result" : "SUCCESS",
      "startTime" : 1575463770596,
      "finishTime" : 1575463787598,
      "hostName" : "/default-rack/slave3",
      "hdfsBytesRead" : 0,
      "hdfsBytesWritten" : 232633271,
      "fileBytesRead" : 70813331,
      "fileBytesWritten" : 70937810,
      "mapInputRecords" : -1,
      "mapInputBytes" : -1,
      "mapOutputBytes" : -1,
      "mapOutputRecords" : -1,
      "combineInputRecords" : 0,
      "reduceInputGroups" : 214802,
      "reduceInputRecords" : 1918561,
      "reduceShuffleBytes" : 70813331,
      "reduceOutputRecords" : 3757719,
      "spilledRecords" : 1918561,
      "shuffleFinished" : 1575463773708,
      "sortFinished" : 1575463773733,
      "location" : {
        "layers" : [ "default-rack", "slave3" ]
      },
      "clockSplits" : [ 3637, 497, 497, 497, 497, 497, 497, 497, 497, 2390, 3333, 3650 ],
      "cpuUsages" : [ 1230, 1230, 1230, 1230, 1230, 1230, 1231, 1230, 1230, 4742, 6536, 6171 ],
      "physMemKbytes" : [ 9733, 29199, 48665, 68130, 87597, 107062, 126529, 145994, 165461, 188461, 214608, 213917 ],
      "vmemKbytes" : [ 110552, 331658, 552764, 773869, 994976, 1216081, 1437188, 1658293, 1879400, 2060344, 2077941, 2078267 ],
      "resourceUsageMetrics" : {
        "cumulativeCpuUsage" : 28520,
        "virtualMemoryUsage" : 2128154624,
        "physicalMemoryUsage" : 216092672,
        "heapUsage" : 136314880
      }
    } ],
    "preferredLocations" : [ ]
  }, {
    "inputBytes" : 71811785,
    "inputRecords" : 1951978,
    "outputBytes" : 235259050,
    "outputRecords" : 3810049,
    "taskID" : "task_1572946766556_0689_r_000001",
    "startTime" : 1575463759566,
    "finishTime" : 1575463788686,
    "taskType" : "REDUCE",
    "taskStatus" : "SUCCESS",
    "attempts" : [ {
      "attemptID" : "attempt_1572946766556_0689_r_000001_0",
      "result" : "SUCCESS",
      "startTime" : 1575463770597,
      "finishTime" : 1575463788686,
      "hostName" : "/default-rack/slave5",
      "hdfsBytesRead" : 0,
      "hdfsBytesWritten" : 235259050,
      "fileBytesRead" : 71811785,
      "fileBytesWritten" : 71936264,
      "mapInputRecords" : -1,
      "mapInputBytes" : -1,
      "mapOutputBytes" : -1,
      "mapOutputRecords" : -1,
      "combineInputRecords" : 0,
      "reduceInputGroups" : 217669,
      "reduceInputRecords" : 1951978,
      "reduceShuffleBytes" : 71811785,
      "reduceOutputRecords" : 3810049,
      "spilledRecords" : 1951978,
      "shuffleFinished" : 1575463773556,
      "sortFinished" : 1575463773583,
      "location" : {
        "layers" : [ "default-rack", "slave5" ]
      },
      "clockSplits" : [ 3517, 517, 518, 517, 518, 517, 518, 517, 518, 2564, 3301, 3462 ],
      "cpuUsages" : [ 1362, 1362, 1363, 1362, 1362, 1363, 1362, 1362, 1363, 5195, 5991, 6393 ],
      "physMemKbytes" : [ 9911, 29734, 49558, 69381, 89204, 109027, 128851, 148674, 168498, 191738, 216044, 219677 ],
      "vmemKbytes" : [ 111258, 333777, 556296, 778815, 1001334, 1223853, 1446372, 1668891, 1891410, 2067125, 2080863, 2080864 ],
      "resourceUsageMetrics" : {
        "cumulativeCpuUsage" : 29980,
        "virtualMemoryUsage" : 2130804736,
        "physicalMemoryUsage" : 225869824,
        "heapUsage" : 134217728
      }
    } ],
    "preferredLocations" : [ ]
  } ],
  "otherTasks" : [ ],
  "successfulMapAttemptCDFs" : [ {
    "numberValues" : 0,
    "minimum" : -9223372036854775808,
    "rankings" : [ ],
    "maximum" : 9223372036854775807
  }, {
    "numberValues" : 0,
    "minimum" : -9223372036854775808,
    "rankings" : [ ],
    "maximum" : 9223372036854775807
  }, {
    "numberValues" : 0,
    "minimum" : -9223372036854775808,
    "rankings" : [ ],
    "maximum" : 9223372036854775807
  }, {
    "numberValues" : 2,
    "minimum" : 6652,
    "rankings" : [ {
      "relativeRanking" : 0.05,
      "datum" : 6652
    }, {
      "relativeRanking" : 0.1,
      "datum" : 6652
    }, {
      "relativeRanking" : 0.15,
      "datum" : 6652
    }, {
      "relativeRanking" : 0.2,
      "datum" : 6652
    }, {
      "relativeRanking" : 0.25,
      "datum" : 6652
    }, {
      "relativeRanking" : 0.3,
      "datum" : 6652
    }, {
      "relativeRanking" : 0.35,
      "datum" : 6652
    }, {
      "relativeRanking" : 0.4,
      "datum" : 6652
    }, {
      "relativeRanking" : 0.45,
      "datum" : 6652
    }, {
      "relativeRanking" : 0.5,
      "datum" : 6652
    }, {
      "relativeRanking" : 0.55,
      "datum" : 6652
    }, {
      "relativeRanking" : 0.6,
      "datum" : 6652
    }, {
      "relativeRanking" : 0.65,
      "datum" : 6652
    }, {
      "relativeRanking" : 0.7,
      "datum" : 6652
    }, {
      "relativeRanking" : 0.75,
      "datum" : 6652
    }, {
      "relativeRanking" : 0.8,
      "datum" : 6652
    }, {
      "relativeRanking" : 0.85,
      "datum" : 6652
    }, {
      "relativeRanking" : 0.9,
      "datum" : 6652
    }, {
      "relativeRanking" : 0.95,
      "datum" : 6652
    } ],
    "maximum" : 9828
  } ],
  "failedMapAttemptCDFs" : [ {
    "numberValues" : 0,
    "minimum" : -9223372036854775808,
    "rankings" : [ ],
    "maximum" : 9223372036854775807
  }, {
    "numberValues" : 0,
    "minimum" : -9223372036854775808,
    "rankings" : [ ],
    "maximum" : 9223372036854775807
  }, {
    "numberValues" : 0,
    "minimum" : -9223372036854775808,
    "rankings" : [ ],
    "maximum" : 9223372036854775807
  }, {
    "numberValues" : 0,
    "minimum" : -9223372036854775808,
    "rankings" : [ ],
    "maximum" : 9223372036854775807
  } ],
  "successfulReduceAttemptCDF" : {
    "numberValues" : 2,
    "minimum" : 17002,
    "rankings" : [ {
      "relativeRanking" : 0.05,
      "datum" : 17002
    }, {
      "relativeRanking" : 0.1,
      "datum" : 17002
    }, {
      "relativeRanking" : 0.15,
      "datum" : 17002
    }, {
      "relativeRanking" : 0.2,
      "datum" : 17002
    }, {
      "relativeRanking" : 0.25,
      "datum" : 17002
    }, {
      "relativeRanking" : 0.3,
      "datum" : 17002
    }, {
      "relativeRanking" : 0.35,
      "datum" : 17002
    }, {
      "relativeRanking" : 0.4,
      "datum" : 17002
    }, {
      "relativeRanking" : 0.45,
      "datum" : 17002
    }, {
      "relativeRanking" : 0.5,
      "datum" : 17002
    }, {
      "relativeRanking" : 0.55,
      "datum" : 17002
    }, {
      "relativeRanking" : 0.6,
      "datum" : 17002
    }, {
      "relativeRanking" : 0.65,
      "datum" : 17002
    }, {
      "relativeRanking" : 0.7,
      "datum" : 17002
    }, {
      "relativeRanking" : 0.75,
      "datum" : 17002
    }, {
      "relativeRanking" : 0.8,
      "datum" : 17002
    }, {
      "relativeRanking" : 0.85,
      "datum" : 17002
    }, {
      "relativeRanking" : 0.9,
      "datum" : 17002
    }, {
      "relativeRanking" : 0.95,
      "datum" : 17002
    } ],
    "maximum" : 18089
  },
  "failedReduceAttemptCDF" : {
    "numberValues" : 0,
    "minimum" : -9223372036854775808,
    "rankings" : [ ],
    "maximum" : 9223372036854775807
  },
  "queue" : "default",
  "jobName" : "ReduceJoin-[1575463752881]",
  "clusterMapMB" : -1,
  "clusterReduceMB" : -1,
  "jobMapMB" : -1,
  "jobReduceMB" : -1,
  "relativeTime" : 0,
  "mapperTriesToSucceed" : [ 1.0 ],
  "failedMapperFraction" : 0.0,
  "jobProperties" : { }
}