{
  "jobID" : "job_1600222256971_1098",
  "user" : "hadoop",
  "computonsPerMapInputByte" : -1,
  "computonsPerMapOutputByte" : -1,
  "computonsPerReduceInputByte" : -1,
  "computonsPerReduceOutputByte" : -1,
  "submitTime" : 1601022793856,
  "launchTime" : 1601022797958,
  "finishTime" : 1601022820218,
  "heapMegabytes" : -1,
  "totalMaps" : 2,
  "totalReduces" : 4,
  "outcome" : "SUCCESS",
  "jobtype" : "JAVA",
  "priority" : "NORMAL",
  "directDependantJobs" : [ ],
  "mapTasks" : [ {
    "inputBytes" : 79565870,
    "inputRecords" : 2570811,
    "outputBytes" : 140958934,
    "outputRecords" : 2570810,
    "taskID" : "task_1600222256971_1098_m_000000",
    "startTime" : 1601022798023,
    "finishTime" : 1601022810545,
    "taskType" : "MAP",
    "taskStatus" : "SUCCESS",
    "attempts" : [ {
      "attemptID" : "attempt_1600222256971_1098_m_000000_0",
      "result" : "SUCCESS",
      "startTime" : 1601022800165,
      "finishTime" : 1601022810545,
      "hostName" : "/default-rack/slave2",
      "hdfsBytesRead" : 79565870,
      "hdfsBytesWritten" : 0,
      "fileBytesRead" : 70957790,
      "fileBytesWritten" : 140958934,
      "mapInputRecords" : 2570811,
      "mapInputBytes" : -1,
      "mapOutputBytes" : 65275490,
      "mapOutputRecords" : 2570810,
      "combineInputRecords" : 0,
      "reduceInputGroups" : -1,
      "reduceInputRecords" : -1,
      "reduceShuffleBytes" : -1,
      "reduceOutputRecords" : -1,
      "spilledRecords" : 5141620,
      "shuffleFinished" : -1,
      "sortFinished" : -1,
      "location" : {
        "layers" : [ "default-rack", "slave2" ]
      },
      "clockSplits" : [ 7252, 82, 82, 82, 82, 82, 82, 82, 633, 635, 635, 636 ],
      "cpuUsages" : [ 2115, 2115, 2115, 2115, 2115, 2116, 2115, 2115, 1005, 1001, 1001, 1002 ],
      "physMemKbytes" : [ 17596, 52788, 87981, 123174, 158367, 193560, 228753, 263946, 281842, 282163, 282482, 282803 ],
      "resourceUsageMetrics" : {
        "cumulativeCpuUsage" : 20930,
        "virtualMemoryUsage" : 2062213120,
        "physicalMemoryUsage" : 289755136,
        "heapUsage" : 208142336
      },
      "vmemKbytes" : [ 125611, 376835, 628059, 879282, 1130507, 1381730, 1632955, 1884178, 2011176, 2011950, 2012721, 2013494 ]
    }, {
      "attemptID" : "attempt_1600222256971_1098_m_000000_1",
      "result" : "KILLED",
      "startTime" : 1601022809075,
      "finishTime" : 1601022810573,
      "hostName" : "/default-rack/slave2",
      "hdfsBytesRead" : -1,
      "hdfsBytesWritten" : -1,
      "fileBytesRead" : -1,
      "fileBytesWritten" : -1,
      "mapInputRecords" : -1,
      "mapInputBytes" : -1,
      "mapOutputBytes" : -1,
      "mapOutputRecords" : -1,
      "combineInputRecords" : -1,
      "reduceInputGroups" : -1,
      "reduceInputRecords" : -1,
      "reduceShuffleBytes" : -1,
      "reduceOutputRecords" : -1,
      "spilledRecords" : -1,
      "shuffleFinished" : -1,
      "sortFinished" : -1,
      "location" : {
        "layers" : [ "default-rack", "slave2" ]
      },
      "clockSplits" : [ 122, 123, 122, 123, 122, 123, 123, 122, 123, 122, 123, 123 ],
      "cpuUsages" : [ 0, 0, 0, 0, 0, 0, 0, 0, 0, 0, 0, 0 ],
      "physMemKbytes" : [ 0, 0, 0, 0, 0, 0, 0, 0, 0, 0, 0, 0 ],
      "resourceUsageMetrics" : {
        "cumulativeCpuUsage" : 0,
        "virtualMemoryUsage" : 0,
        "physicalMemoryUsage" : 0,
        "heapUsage" : 0
      },
      "vmemKbytes" : [ 0, 0, 0, 0, 0, 0, 0, 0, 0, 0, 0, 0 ]
    } ],
    "preferredLocations" : [ ]
  }, {
    "inputBytes" : 63092039,
    "inputRecords" : 1299730,
    "outputBytes" : 144540654,
    "outputRecords" : 1299729,
    "taskID" : "task_1600222256971_1098_m_000001",
    "startTime" : 1601022798025,
    "finishTime" : 1601022806892,
    "taskType" : "MAP",
    "taskStatus" : "SUCCESS",
    "attempts" : [ {
      "attemptID" : "attempt_1600222256971_1098_m_000001_0",
      "result" : "SUCCESS",
      "startTime" : 1601022800158,
      "finishTime" : 1601022806892,
      "hostName" : "/default-rack/slave2",
      "hdfsBytesRead" : 63092039,
      "hdfsBytesWritten" : 0,
      "fileBytesRead" : 73062149,
      "fileBytesWritten" : 144540654,
      "mapInputRecords" : 1299730,
      "mapInputBytes" : -1,
      "mapOutputBytes" : 69599284,
      "mapOutputRecords" : 1299729,
      "combineInputRecords" : 0,
      "reduceInputGroups" : -1,
      "reduceInputRecords" : -1,
      "reduceShuffleBytes" : -1,
      "reduceOutputRecords" : -1,
      "spilledRecords" : 2599458,
      "shuffleFinished" : -1,
      "sortFinished" : -1,
      "location" : {
        "layers" : [ "default-rack", "slave2" ]
      },
      "clockSplits" : [ 4650, 187, 188, 187, 187, 188, 187, 187, 188, 187, 187, 188 ],
      "cpuUsages" : [ 1093, 1093, 1094, 1093, 1093, 1094, 1093, 1093, 1094, 1093, 1093, 1094 ],
      "physMemKbytes" : [ 11803, 35410, 59018, 82625, 106232, 129839, 153447, 177054, 200662, 224269, 247876, 271484 ],
      "resourceUsageMetrics" : {
        "cumulativeCpuUsage" : 13120,
        "virtualMemoryUsage" : 2060591104,
        "physicalMemoryUsage" : 290086912,
        "heapUsage" : 207093760
      },
      "vmemKbytes" : [ 83845, 251536, 419228, 586919, 754610, 922301, 1089993, 1257684, 1425376, 1593067, 1760758, 1928450 ]
    } ],
    "preferredLocations" : [ ]
  } ],
  "reduceTasks" : [ {
    "inputBytes" : 35475711,
    "inputRecords" : 960696,
    "outputBytes" : 117366671,
    "outputRecords" : 1892904,
    "taskID" : "task_1600222256971_1098_r_000000",
    "startTime" : 1601022798025,
    "finishTime" : 1601022820146,
    "taskType" : "REDUCE",
    "taskStatus" : "SUCCESS",
    "attempts" : [ {
      "attemptID" : "attempt_1600222256971_1098_r_000000_0",
      "result" : "SUCCESS",
      "startTime" : 1601022809075,
      "finishTime" : 1601022820146,
      "hostName" : "/default-rack/slave5",
      "hdfsBytesRead" : 0,
      "hdfsBytesWritten" : 117366671,
      "fileBytesRead" : 35475705,
      "fileBytesWritten" : 35600172,
      "mapInputRecords" : -1,
      "mapInputBytes" : -1,
      "mapOutputBytes" : -1,
      "mapOutputRecords" : -1,
      "combineInputRecords" : 0,
      "reduceInputGroups" : 107400,
      "reduceInputRecords" : 960696,
      "reduceShuffleBytes" : 35475711,
      "reduceOutputRecords" : 1892904,
      "spilledRecords" : 960696,
      "shuffleFinished" : 1601022812262,
      "sortFinished" : 1601022812785,
      "location" : {
        "layers" : [ "default-rack", "slave5" ]
      },
      "clockSplits" : [ 4124, 412, 412, 412, 412, 412, 412, 412, 412, 412, 1408, 1820 ],
      "cpuUsages" : [ 1215, 1215, 1215, 1215, 1215, 1215, 1215, 1215, 1215, 1215, 2317, 3153 ],
      "physMemKbytes" : [ 9450, 28350, 47251, 66152, 85053, 103953, 122854, 141755, 160656, 179556, 193231, 194299 ],
      "resourceUsageMetrics" : {
        "cumulativeCpuUsage" : 17620,
        "virtualMemoryUsage" : 2069123072,
        "physicalMemoryUsage" : 200839168,
        "heapUsage" : 136839168
      },
      "vmemKbytes" : [ 98604, 295812, 493021, 690229, 887438, 1084646, 1281855, 1479063, 1676272, 1873481, 2014653, 2020628 ]
    } ],
    "preferredLocations" : [ ]
  }, {
    "inputBytes" : 35795216,
    "inputRecords" : 972611,
    "outputBytes" : 117030796,
    "outputRecords" : 1896626,
    "taskID" : "task_1600222256971_1098_r_000001",
    "startTime" : 1601022798026,
    "finishTime" : 1601022819869,
    "taskType" : "REDUCE",
    "taskStatus" : "SUCCESS",
    "attempts" : [ {
      "attemptID" : "attempt_1600222256971_1098_r_000001_0",
      "result" : "SUCCESS",
      "startTime" : 1601022809088,
      "finishTime" : 1601022819869,
      "hostName" : "/default-rack/slave1",
      "hdfsBytesRead" : 0,
      "hdfsBytesWritten" : 117030796,
      "fileBytesRead" : 35795210,
      "fileBytesWritten" : 35919677,
      "mapInputRecords" : -1,
      "mapInputBytes" : -1,
      "mapOutputBytes" : -1,
      "mapOutputRecords" : -1,
      "combineInputRecords" : 0,
      "reduceInputGroups" : 108684,
      "reduceInputRecords" : 972611,
      "reduceShuffleBytes" : 35795216,
      "reduceOutputRecords" : 1896626,
      "spilledRecords" : 972611,
      "shuffleFinished" : 1601022812213,
      "sortFinished" : 1601022812757,
      "location" : {
        "layers" : [ "default-rack", "slave1" ]
      },
      "clockSplits" : [ 4087, 407, 408, 407, 407, 408, 407, 408, 407, 407, 1281, 1735 ],
      "cpuUsages" : [ 1152, 1153, 1152, 1153, 1153, 1152, 1153, 1152, 1153, 1153, 2454, 3130 ],
      "physMemKbytes" : [ 9561, 28684, 47807, 66930, 86053, 105176, 124300, 143423, 162546, 181669, 196965, 199449 ],
      "resourceUsageMetrics" : {
        "cumulativeCpuUsage" : 17110,
        "virtualMemoryUsage" : 2070364160,
        "physicalMemoryUsage" : 204980224,
        "heapUsage" : 138936320
      },
      "vmemKbytes" : [ 97750, 293251, 488753, 684254, 879756, 1075257, 1270759, 1466260, 1661762, 1857263, 2010418, 2021840 ]
    } ],
    "preferredLocations" : [ ]
  }, {
    "inputBytes" : 35337632,
    "inputRecords" : 957865,
    "outputBytes" : 115266600,
    "outputRecords" : 1864815,
    "taskID" : "task_1600222256971_1098_r_000002",
    "startTime" : 1601022798026,
    "finishTime" : 1601022819893,
    "taskType" : "REDUCE",
    "taskStatus" : "SUCCESS",
    "attempts" : [ {
      "attemptID" : "attempt_1600222256971_1098_r_000002_0",
      "result" : "SUCCESS",
      "startTime" : 1601022809083,
      "finishTime" : 1601022819893,
      "hostName" : "/default-rack/slave3",
      "hdfsBytesRead" : 0,
      "hdfsBytesWritten" : 115266600,
      "fileBytesRead" : 35337626,
      "fileBytesWritten" : 35462093,
      "mapInputRecords" : -1,
      "mapInputBytes" : -1,
      "mapOutputBytes" : -1,
      "mapOutputRecords" : -1,
      "combineInputRecords" : 0,
      "reduceInputGroups" : 107402,
      "reduceInputRecords" : 957865,
      "reduceShuffleBytes" : 35337632,
      "reduceOutputRecords" : 1864815,
      "spilledRecords" : 957865,
      "shuffleFinished" : 1601022812258,
      "sortFinished" : 1601022812778,
      "location" : {
        "layers" : [ "default-rack", "slave3" ]
      },
      "clockSplits" : [ 4110, 406, 406, 405, 406, 406, 406, 405, 406, 406, 1281, 1756 ],
      "cpuUsages" : [ 1166, 1166, 1166, 1166, 1166, 1166, 1166, 1166, 1166, 1166, 2542, 3288 ],
      "physMemKbytes" : [ 9602, 28808, 48013, 67218, 86425, 105630, 124836, 144041, 163247, 182453, 198279, 202405 ],
      "resourceUsageMetrics" : {
        "cumulativeCpuUsage" : 17490,
        "virtualMemoryUsage" : 2071199744,
        "physicalMemoryUsage" : 208867328,
        "heapUsage" : 139460608
      },
      "vmemKbytes" : [ 97698, 293094, 488490, 683886, 879283, 1074679, 1270076, 1465471, 1660868, 1856265, 2010581, 2022656 ]
    } ],
    "preferredLocations" : [ ]
  }, {
    "inputBytes" : 36016581,
    "inputRecords" : 979367,
    "outputBytes" : 118228254,
    "outputRecords" : 1913423,
    "taskID" : "task_1600222256971_1098_r_000003",
    "startTime" : 1601022798026,
    "finishTime" : 1601022819820,
    "taskType" : "REDUCE",
    "taskStatus" : "SUCCESS",
    "attempts" : [ {
      "attemptID" : "attempt_1600222256971_1098_r_000003_0",
      "result" : "SUCCESS",
      "startTime" : 1601022809081,
      "finishTime" : 1601022819820,
      "hostName" : "/default-rack/slave4",
      "hdfsBytesRead" : 0,
      "hdfsBytesWritten" : 118228254,
      "fileBytesRead" : 36016575,
      "fileBytesWritten" : 36141042,
      "mapInputRecords" : -1,
      "mapInputBytes" : -1,
      "mapOutputBytes" : -1,
      "mapOutputRecords" : -1,
      "combineInputRecords" : 0,
      "reduceInputGroups" : 108985,
      "reduceInputRecords" : 979367,
      "reduceShuffleBytes" : 36016581,
      "reduceOutputRecords" : 1913423,
      "spilledRecords" : 979367,
      "shuffleFinished" : 1601022812290,
      "sortFinished" : 1601022812848,
      "location" : {
        "layers" : [ "default-rack", "slave4" ]
      },
      "clockSplits" : [ 4173, 405, 404, 405, 404, 405, 404, 405, 404, 405, 1213, 1698 ],
      "cpuUsages" : [ 1215, 1215, 1216, 1215, 1216, 1215, 1215, 1216, 1215, 1216, 2652, 3514 ],
      "physMemKbytes" : [ 9319, 27957, 46595, 65233, 83872, 102509, 121148, 139786, 158425, 177063, 192822, 197758 ],
      "resourceUsageMetrics" : {
        "cumulativeCpuUsage" : 18320,
        "virtualMemoryUsage" : 2070147072,
        "physicalMemoryUsage" : 204500992,
        "heapUsage" : 136314880
      },
      "vmemKbytes" : [ 97427, 292283, 487138, 681993, 876849, 1071704, 1266561, 1461416, 1656272, 1851127, 2007926, 2021628 ]
    } ],
    "preferredLocations" : [ ]
  } ],
  "otherTasks" : [ ],
  "successfulMapAttemptCDFs" : [ {
    "numberValues" : 0,
    "minimum" : -9223372036854775808,
    "rankings" : [ ],
    "maximum" : 9223372036854775807
  }, {
    "numberValues" : 0,
    "minimum" : -9223372036854775808,
    "rankings" : [ ],
    "maximum" : 9223372036854775807
  }, {
    "numberValues" : 0,
    "minimum" : -9223372036854775808,
    "rankings" : [ ],
    "maximum" : 9223372036854775807
  }, {
    "numberValues" : 2,
    "minimum" : 6734,
    "rankings" : [ {
      "relativeRanking" : 0.05,
      "datum" : 6734
    }, {
      "relativeRanking" : 0.1,
      "datum" : 6734
    }, {
      "relativeRanking" : 0.15,
      "datum" : 6734
    }, {
      "relativeRanking" : 0.2,
      "datum" : 6734
    }, {
      "relativeRanking" : 0.25,
      "datum" : 6734
    }, {
      "relativeRanking" : 0.3,
      "datum" : 6734
    }, {
      "relativeRanking" : 0.35,
      "datum" : 6734
    }, {
      "relativeRanking" : 0.4,
      "datum" : 6734
    }, {
      "relativeRanking" : 0.45,
      "datum" : 6734
    }, {
      "relativeRanking" : 0.5,
      "datum" : 6734
    }, {
      "relativeRanking" : 0.55,
      "datum" : 6734
    }, {
      "relativeRanking" : 0.6,
      "datum" : 6734
    }, {
      "relativeRanking" : 0.65,
      "datum" : 6734
    }, {
      "relativeRanking" : 0.7,
      "datum" : 6734
    }, {
      "relativeRanking" : 0.75,
      "datum" : 6734
    }, {
      "relativeRanking" : 0.8,
      "datum" : 6734
    }, {
      "relativeRanking" : 0.85,
      "datum" : 6734
    }, {
      "relativeRanking" : 0.9,
      "datum" : 6734
    }, {
      "relativeRanking" : 0.95,
      "datum" : 6734
    } ],
    "maximum" : 10380
  } ],
  "failedMapAttemptCDFs" : [ {
    "numberValues" : 0,
    "minimum" : -9223372036854775808,
    "rankings" : [ ],
    "maximum" : 9223372036854775807
  }, {
    "numberValues" : 0,
    "minimum" : -9223372036854775808,
    "rankings" : [ ],
    "maximum" : 9223372036854775807
  }, {
    "numberValues" : 0,
    "minimum" : -9223372036854775808,
    "rankings" : [ ],
    "maximum" : 9223372036854775807
  }, {
    "numberValues" : 0,
    "minimum" : -9223372036854775808,
    "rankings" : [ ],
    "maximum" : 9223372036854775807
  } ],
  "successfulReduceAttemptCDF" : {
    "numberValues" : 4,
    "minimum" : 10739,
    "rankings" : [ {
      "relativeRanking" : 0.05,
      "datum" : 10739
    }, {
      "relativeRanking" : 0.1,
      "datum" : 10739
    }, {
      "relativeRanking" : 0.15,
      "datum" : 10739
    }, {
      "relativeRanking" : 0.2,
      "datum" : 10739
    }, {
      "relativeRanking" : 0.25,
      "datum" : 10739
    }, {
      "relativeRanking" : 0.3,
      "datum" : 10739
    }, {
      "relativeRanking" : 0.35,
      "datum" : 10739
    }, {
      "relativeRanking" : 0.4,
      "datum" : 10739
    }, {
      "relativeRanking" : 0.45,
      "datum" : 10739
    }, {
      "relativeRanking" : 0.5,
      "datum" : 10781
    }, {
      "relativeRanking" : 0.55,
      "datum" : 10781
    }, {
      "relativeRanking" : 0.6,
      "datum" : 10781
    }, {
      "relativeRanking" : 0.65,
      "datum" : 10781
    }, {
      "relativeRanking" : 0.7,
      "datum" : 10781
    }, {
      "relativeRanking" : 0.75,
      "datum" : 10810
    }, {
      "relativeRanking" : 0.8,
      "datum" : 10810
    }, {
      "relativeRanking" : 0.85,
      "datum" : 10810
    }, {
      "relativeRanking" : 0.9,
      "datum" : 10810
    }, {
      "relativeRanking" : 0.95,
      "datum" : 10810
    } ],
    "maximum" : 11071
  },
  "failedReduceAttemptCDF" : {
    "numberValues" : 0,
    "minimum" : -9223372036854775808,
    "rankings" : [ ],
    "maximum" : 9223372036854775807
  },
  "queue" : "default",
  "jobName" : "ReduceJoin-[1601022794703]",
  "clusterMapMB" : -1,
  "clusterReduceMB" : -1,
  "jobMapMB" : -1,
  "jobReduceMB" : -1,
  "relativeTime" : 0,
  "mapperTriesToSucceed" : [ 1.0 ],
  "failedMapperFraction" : 0.0,
  "jobProperties" : { }
}