{
  "jobID" : "job_1572946766556_1043",
  "user" : "hadoop",
  "computonsPerMapInputByte" : -1,
  "computonsPerMapOutputByte" : -1,
  "computonsPerReduceInputByte" : -1,
  "computonsPerReduceOutputByte" : -1,
  "submitTime" : 1575686351626,
  "launchTime" : 1575686355172,
  "finishTime" : 1575687162180,
  "heapMegabytes" : -1,
  "totalMaps" : 2,
  "totalReduces" : 2,
  "outcome" : "SUCCESS",
  "jobtype" : "JAVA",
  "priority" : "NORMAL",
  "directDependantJobs" : [ ],
  "mapTasks" : [ {
    "inputBytes" : 13858263,
    "inputRecords" : 5885,
    "outputBytes" : 16157439326,
    "outputRecords" : 157234191,
    "taskID" : "task_1572946766556_1043_m_000000",
    "startTime" : 1575686355215,
    "finishTime" : 1575686913730,
    "taskType" : "MAP",
    "taskStatus" : "SUCCESS",
    "attempts" : [ {
      "attemptID" : "attempt_1572946766556_1043_m_000000_0",
      "result" : "SUCCESS",
      "startTime" : 1575686357364,
      "finishTime" : 1575686913730,
      "hostName" : "/default-rack/slave4",
      "hdfsBytesRead" : 13858263,
      "hdfsBytesWritten" : 0,
      "fileBytesRead" : 11043952114,
      "fileBytesWritten" : 16157439326,
      "mapInputRecords" : 5885,
      "mapInputBytes" : -1,
      "mapOutputBytes" : 4804377587,
      "mapOutputRecords" : 157234191,
      "combineInputRecords" : 0,
      "reduceInputGroups" : -1,
      "reduceInputRecords" : -1,
      "reduceShuffleBytes" : -1,
      "reduceOutputRecords" : -1,
      "spilledRecords" : 496965907,
      "shuffleFinished" : -1,
      "sortFinished" : -1,
      "location" : {
        "layers" : [ "default-rack", "slave4" ]
      },
      "clockSplits" : [ 17645, 7486, 133289, 37280, 114690, 15821, 11303, 16969, 49099, 51021, 47376, 54372 ],
      "cpuUsages" : [ 32471, 13153, 250784, 71217, 213999, 27466, 20007, 29878, 65133, 64677, 60811, 67344 ],
      "physMemKbytes" : [ 202463, 289077, 307254, 312250, 314415, 314829, 314591, 315826, 319200, 318469, 314271, 313596 ],
      "resourceUsageMetrics" : {
        "cumulativeCpuUsage" : 916940,
        "virtualMemoryUsage" : 2122006528,
        "physicalMemoryUsage" : 321232896,
        "heapUsage" : 208142336
      },
      "vmemKbytes" : [ 1498780, 2068651, 2069357, 2069639, 2069640, 2069639, 2069640, 2069639, 2075232, 2074799, 2071243, 2071248 ]
    }, {
      "attemptID" : "attempt_1572946766556_1043_m_000000_1",
      "result" : "KILLED",
      "startTime" : 1575686679875,
      "finishTime" : 1575686913763,
      "hostName" : "/default-rack/slave4",
      "hdfsBytesRead" : 6815900,
      "hdfsBytesWritten" : 0,
      "fileBytesRead" : 0,
      "fileBytesWritten" : 2725849779,
      "mapInputRecords" : 3373,
      "mapInputBytes" : -1,
      "mapOutputBytes" : 2611979539,
      "mapOutputRecords" : 85740657,
      "combineInputRecords" : 0,
      "reduceInputGroups" : -1,
      "reduceInputRecords" : -1,
      "reduceShuffleBytes" : -1,
      "reduceOutputRecords" : -1,
      "spilledRecords" : 83926996,
      "shuffleFinished" : -1,
      "sortFinished" : -1,
      "location" : {
        "layers" : [ "default-rack", "slave4" ]
      },
      "clockSplits" : [ 18298, 11510, 167786, 35186, 134, 135, 135, 135, 134, 135, 135, 135 ],
      "cpuUsages" : [ 34076, 21976, 339150, 75748, 0, 0, 0, 0, 0, 0, 0, 0 ],
      "physMemKbytes" : [ 202891, 285157, 296741, 300675, 300360, 300359, 300360, 300359, 300360, 300360, 300359, 300360 ],
      "resourceUsageMetrics" : {
        "cumulativeCpuUsage" : 470950,
        "virtualMemoryUsage" : 2122354688,
        "physicalMemoryUsage" : 307568640,
        "heapUsage" : 209190912
      },
      "vmemKbytes" : [ 1500044, 2070395, 2071978, 2072611, 2072612, 2072611, 2072612, 2072611, 2072612, 2072612, 2072611, 2072612 ]
    } ],
    "preferredLocations" : [ ]
  }, {
    "inputBytes" : 12405314,
    "inputRecords" : 5958,
    "outputBytes" : 8382482745,
    "outputRecords" : 81823829,
    "taskID" : "task_1572946766556_1043_m_000001",
    "startTime" : 1575686355217,
    "finishTime" : 1575686677326,
    "taskType" : "MAP",
    "taskStatus" : "SUCCESS",
    "attempts" : [ {
      "attemptID" : "attempt_1572946766556_1043_m_000001_0",
      "result" : "SUCCESS",
      "startTime" : 1575686357371,
      "finishTime" : 1575686677326,
      "hostName" : "/default-rack/slave4",
      "hdfsBytesRead" : 12405314,
      "hdfsBytesWritten" : 0,
      "fileBytesRead" : 5530455311,
      "fileBytesWritten" : 8382482745,
      "mapInputRecords" : 5958,
      "mapInputBytes" : -1,
      "mapOutputBytes" : 2692726170,
      "mapOutputRecords" : 81823829,
      "combineInputRecords" : 0,
      "reduceInputGroups" : -1,
      "reduceInputRecords" : -1,
      "reduceShuffleBytes" : -1,
      "reduceOutputRecords" : -1,
      "spilledRecords" : 240835486,
      "shuffleFinished" : -1,
      "sortFinished" : -1,
      "location" : {
        "layers" : [ "default-rack", "slave4" ]
      },
      "clockSplits" : [ 23228, 14255, 61619, 28345, 23983, 8399, 47615, 10275, 24182, 25449, 25075, 27497 ],
      "cpuUsages" : [ 43068, 28183, 132337, 61491, 49594, 18590, 89623, 17732, 36086, 34742, 35171, 39623 ],
      "physMemKbytes" : [ 203758, 283947, 298442, 299270, 300313, 300552, 300740, 301035, 307781, 308824, 309532, 310545 ],
      "resourceUsageMetrics" : {
        "cumulativeCpuUsage" : 586240,
        "virtualMemoryUsage" : 2125770752,
        "physicalMemoryUsage" : 318218240,
        "heapUsage" : 209190912
      },
      "vmemKbytes" : [ 1521405, 2068399, 2068400, 2068399, 2068400, 2068399, 2068400, 2068399, 2074490, 2074920, 2074919, 2074941 ]
    } ],
    "preferredLocations" : [ ]
  } ],
  "reduceTasks" : [ {
    "inputBytes" : 3987610327,
    "inputRecords" : 119529630,
    "outputBytes" : 2413073888,
    "outputRecords" : 101394168,
    "taskID" : "task_1572946766556_1043_r_000000",
    "startTime" : 1575686355217,
    "finishTime" : 1575687162095,
    "taskType" : "REDUCE",
    "taskStatus" : "SUCCESS",
    "attempts" : [ {
      "attemptID" : "attempt_1572946766556_1043_r_000000_0",
      "result" : "SUCCESS",
      "startTime" : 1575686679870,
      "finishTime" : 1575687162095,
      "hostName" : "/default-rack/slave3",
      "hdfsBytesRead" : 0,
      "hdfsBytesWritten" : 2413073888,
      "fileBytesRead" : 3987610327,
      "fileBytesWritten" : 3987734424,
      "mapInputRecords" : -1,
      "mapInputBytes" : -1,
      "mapOutputBytes" : -1,
      "mapOutputRecords" : -1,
      "combineInputRecords" : 0,
      "reduceInputGroups" : 101394168,
      "reduceInputRecords" : 119529630,
      "reduceShuffleBytes" : 3987610327,
      "reduceOutputRecords" : 101394168,
      "spilledRecords" : 119529630,
      "shuffleFinished" : 1575686957678,
      "sortFinished" : 1575686957699,
      "location" : {
        "layers" : [ "default-rack", "slave3" ]
      },
      "clockSplits" : [ 24609, 1521, 251813, 113, 113, 113, 113, 113, 50342, 51441, 50351, 51400 ],
      "cpuUsages" : [ 9969, 550, 23114, 894, 894, 894, 894, 894, 93359, 88074, 87474, 87630 ],
      "physMemKbytes" : [ 169025, 169053, 152533, 160183, 167834, 175485, 183136, 190787, 214660, 215451, 220603, 224910 ],
      "resourceUsageMetrics" : {
        "cumulativeCpuUsage" : 394890,
        "virtualMemoryUsage" : 2137714688,
        "physicalMemoryUsage" : 232095744,
        "heapUsage" : 135790592
      },
      "vmemKbytes" : [ 2073231, 2073231, 2074257, 2076310, 2078363, 2080415, 2082468, 2084521, 2085563, 2085564, 2085563, 2085564 ]
    } ],
    "preferredLocations" : [ ]
  }, {
    "inputBytes" : 3987609494,
    "inputRecords" : 119528390,
    "outputBytes" : 2413007568,
    "outputRecords" : 101390972,
    "taskID" : "task_1572946766556_1043_r_000001",
    "startTime" : 1575686355217,
    "finishTime" : 1575687159712,
    "taskType" : "REDUCE",
    "taskStatus" : "SUCCESS",
    "attempts" : [ {
      "attemptID" : "attempt_1572946766556_1043_r_000001_0",
      "result" : "SUCCESS",
      "startTime" : 1575686679880,
      "finishTime" : 1575687159712,
      "hostName" : "/default-rack/slave1",
      "hdfsBytesRead" : 0,
      "hdfsBytesWritten" : 2413007568,
      "fileBytesRead" : 3987609494,
      "fileBytesWritten" : 3987733591,
      "mapInputRecords" : -1,
      "mapInputBytes" : -1,
      "mapOutputBytes" : -1,
      "mapOutputRecords" : -1,
      "combineInputRecords" : 0,
      "reduceInputGroups" : 101390972,
      "reduceInputRecords" : 119528390,
      "reduceShuffleBytes" : 3987609494,
      "reduceOutputRecords" : 101390972,
      "spilledRecords" : 119528390,
      "shuffleFinished" : 1575686957466,
      "sortFinished" : 1575686957488,
      "location" : {
        "layers" : [ "default-rack", "slave1" ]
      },
      "clockSplits" : [ 24485, 1520, 251756, 153, 153, 152, 153, 153, 49865, 50445, 50219, 50764 ],
      "cpuUsages" : [ 10599, 730, 28575, 915, 915, 915, 915, 915, 94313, 96885, 90165, 89698 ],
      "physMemKbytes" : [ 173260, 173294, 158786, 170207, 181628, 193049, 204470, 215891, 236262, 243362, 250911, 258023 ],
      "resourceUsageMetrics" : {
        "cumulativeCpuUsage" : 415540,
        "virtualMemoryUsage" : 2140327936,
        "physicalMemoryUsage" : 266878976,
        "heapUsage" : 136314880
      },
      "vmemKbytes" : [ 2076668, 2076668, 2080087, 2081544, 2083001, 2084457, 2085914, 2087370, 2088115, 2088116, 2088115, 2088119 ]
    } ],
    "preferredLocations" : [ ]
  } ],
  "otherTasks" : [ ],
  "successfulMapAttemptCDFs" : [ {
    "numberValues" : 0,
    "minimum" : -9223372036854775808,
    "rankings" : [ ],
    "maximum" : 9223372036854775807
  }, {
    "numberValues" : 0,
    "minimum" : -9223372036854775808,
    "rankings" : [ ],
    "maximum" : 9223372036854775807
  }, {
    "numberValues" : 0,
    "minimum" : -9223372036854775808,
    "rankings" : [ ],
    "maximum" : 9223372036854775807
  }, {
    "numberValues" : 2,
    "minimum" : 319955,
    "rankings" : [ {
      "relativeRanking" : 0.05,
      "datum" : 319955
    }, {
      "relativeRanking" : 0.1,
      "datum" : 319955
    }, {
      "relativeRanking" : 0.15,
      "datum" : 319955
    }, {
      "relativeRanking" : 0.2,
      "datum" : 319955
    }, {
      "relativeRanking" : 0.25,
      "datum" : 319955
    }, {
      "relativeRanking" : 0.3,
      "datum" : 319955
    }, {
      "relativeRanking" : 0.35,
      "datum" : 319955
    }, {
      "relativeRanking" : 0.4,
      "datum" : 319955
    }, {
      "relativeRanking" : 0.45,
      "datum" : 319955
    }, {
      "relativeRanking" : 0.5,
      "datum" : 319955
    }, {
      "relativeRanking" : 0.55,
      "datum" : 319955
    }, {
      "relativeRanking" : 0.6,
      "datum" : 319955
    }, {
      "relativeRanking" : 0.65,
      "datum" : 319955
    }, {
      "relativeRanking" : 0.7,
      "datum" : 319955
    }, {
      "relativeRanking" : 0.75,
      "datum" : 319955
    }, {
      "relativeRanking" : 0.8,
      "datum" : 319955
    }, {
      "relativeRanking" : 0.85,
      "datum" : 319955
    }, {
      "relativeRanking" : 0.9,
      "datum" : 319955
    }, {
      "relativeRanking" : 0.95,
      "datum" : 319955
    } ],
    "maximum" : 556366
  } ],
  "failedMapAttemptCDFs" : [ {
    "numberValues" : 0,
    "minimum" : -9223372036854775808,
    "rankings" : [ ],
    "maximum" : 9223372036854775807
  }, {
    "numberValues" : 0,
    "minimum" : -9223372036854775808,
    "rankings" : [ ],
    "maximum" : 9223372036854775807
  }, {
    "numberValues" : 0,
    "minimum" : -9223372036854775808,
    "rankings" : [ ],
    "maximum" : 9223372036854775807
  }, {
    "numberValues" : 0,
    "minimum" : -9223372036854775808,
    "rankings" : [ ],
    "maximum" : 9223372036854775807
  } ],
  "successfulReduceAttemptCDF" : {
    "numberValues" : 2,
    "minimum" : 479832,
    "rankings" : [ {
      "relativeRanking" : 0.05,
      "datum" : 479832
    }, {
      "relativeRanking" : 0.1,
      "datum" : 479832
    }, {
      "relativeRanking" : 0.15,
      "datum" : 479832
    }, {
      "relativeRanking" : 0.2,
      "datum" : 479832
    }, {
      "relativeRanking" : 0.25,
      "datum" : 479832
    }, {
      "relativeRanking" : 0.3,
      "datum" : 479832
    }, {
      "relativeRanking" : 0.35,
      "datum" : 479832
    }, {
      "relativeRanking" : 0.4,
      "datum" : 479832
    }, {
      "relativeRanking" : 0.45,
      "datum" : 479832
    }, {
      "relativeRanking" : 0.5,
      "datum" : 479832
    }, {
      "relativeRanking" : 0.55,
      "datum" : 479832
    }, {
      "relativeRanking" : 0.6,
      "datum" : 479832
    }, {
      "relativeRanking" : 0.65,
      "datum" : 479832
    }, {
      "relativeRanking" : 0.7,
      "datum" : 479832
    }, {
      "relativeRanking" : 0.75,
      "datum" : 479832
    }, {
      "relativeRanking" : 0.8,
      "datum" : 479832
    }, {
      "relativeRanking" : 0.85,
      "datum" : 479832
    }, {
      "relativeRanking" : 0.9,
      "datum" : 479832
    }, {
      "relativeRanking" : 0.95,
      "datum" : 479832
    } ],
    "maximum" : 482225
  },
  "failedReduceAttemptCDF" : {
    "numberValues" : 0,
    "minimum" : -9223372036854775808,
    "rankings" : [ ],
    "maximum" : 9223372036854775807
  },
  "queue" : "default",
  "jobName" : "CAC_Count-[1575686193807-Similarity2-END]",
  "clusterMapMB" : -1,
  "clusterReduceMB" : -1,
  "jobMapMB" : -1,
  "jobReduceMB" : -1,
  "relativeTime" : 0,
  "mapperTriesToSucceed" : [ 1.0 ],
  "failedMapperFraction" : 0.0,
  "jobProperties" : { }
}