{
  "jobID" : "job_1572946766556_1042",
  "user" : "hadoop",
  "computonsPerMapInputByte" : -1,
  "computonsPerMapOutputByte" : -1,
  "computonsPerReduceInputByte" : -1,
  "computonsPerReduceOutputByte" : -1,
  "submitTime" : 1575686197013,
  "launchTime" : 1575686200691,
  "finishTime" : 1575686349326,
  "heapMegabytes" : -1,
  "totalMaps" : 2,
  "totalReduces" : 2,
  "outcome" : "SUCCESS",
  "jobtype" : "JAVA",
  "priority" : "NORMAL",
  "directDependantJobs" : [ ],
  "mapTasks" : [ {
    "inputBytes" : 7745257,
    "inputRecords" : 246569,
    "outputBytes" : 32289381,
    "outputRecords" : 934712,
    "taskID" : "task_1572946766556_1042_m_000000",
    "startTime" : 1575686200739,
    "finishTime" : 1575686271359,
    "taskType" : "MAP",
    "taskStatus" : "SUCCESS",
    "attempts" : [ {
      "attemptID" : "attempt_1572946766556_1042_m_000000_0",
      "result" : "SUCCESS",
      "startTime" : 1575686202912,
      "finishTime" : 1575686271359,
      "hostName" : "/default-rack/slave4",
      "hdfsBytesRead" : 7745257,
      "hdfsBytesWritten" : 0,
      "fileBytesRead" : 0,
      "fileBytesWritten" : 32289381,
      "mapInputRecords" : 246569,
      "mapInputBytes" : -1,
      "mapOutputBytes" : 30296128,
      "mapOutputRecords" : 934712,
      "combineInputRecords" : 0,
      "reduceInputGroups" : -1,
      "reduceInputRecords" : -1,
      "reduceShuffleBytes" : -1,
      "reduceOutputRecords" : -1,
      "spilledRecords" : 934712,
      "shuffleFinished" : -1,
      "sortFinished" : -1,
      "location" : {
        "layers" : [ "default-rack", "slave4" ]
      },
      "clockSplits" : [ 11837, 8127, 8085, 7978, 7686, 8012, 7738, 8252, 186, 177, 177, 177 ],
      "cpuUsages" : [ 176997, 138922, 137777, 132951, 128461, 131973, 128988, 128283, 1153, 598, 598, 599 ],
      "physMemKbytes" : [ 246925, 367130, 367085, 372620, 374665, 373434, 366714, 366804, 365044, 360746, 356447, 352149 ],
      "resourceUsageMetrics" : {
        "cumulativeCpuUsage" : 1107300,
        "virtualMemoryUsage" : 2126045184,
        "physicalMemoryUsage" : 358400000,
        "heapUsage" : 192937984
      },
      "vmemKbytes" : [ 1414709, 2076147, 2076216, 2076215, 2076216, 2076215, 2076216, 2076215, 2076216, 2076216, 2076215, 2076216 ]
    }, {
      "attemptID" : "attempt_1572946766556_1042_m_000000_1",
      "result" : "KILLED",
      "startTime" : 1575686216836,
      "finishTime" : 1575686271392,
      "hostName" : "/default-rack/slave2",
      "hdfsBytesRead" : 7078033,
      "hdfsBytesWritten" : 0,
      "fileBytesRead" : 0,
      "fileBytesWritten" : 123761,
      "mapInputRecords" : 223776,
      "mapInputBytes" : -1,
      "mapOutputBytes" : 27325844,
      "mapOutputRecords" : 843114,
      "combineInputRecords" : 0,
      "reduceInputGroups" : -1,
      "reduceInputRecords" : -1,
      "reduceShuffleBytes" : -1,
      "reduceOutputRecords" : -1,
      "spilledRecords" : 0,
      "shuffleFinished" : -1,
      "sortFinished" : -1,
      "location" : {
        "layers" : [ "default-rack", "slave2" ]
      },
      "clockSplits" : [ 10134, 7112, 6640, 6517, 6627, 6478, 6550, 2103, 591, 591, 591, 592 ],
      "cpuUsages" : [ 126269, 109569, 99482, 97730, 99126, 98276, 98207, 24991, 0, 0, 0, 0 ],
      "physMemKbytes" : [ 218886, 353610, 363079, 365324, 368167, 366233, 366339, 366375, 366376, 366376, 366375, 366376 ],
      "resourceUsageMetrics" : {
        "cumulativeCpuUsage" : 753650,
        "virtualMemoryUsage" : 2120462336,
        "physicalMemoryUsage" : 375169024,
        "heapUsage" : 192937984
      },
      "vmemKbytes" : [ 1321914, 2072927, 2070769, 2070763, 2070764, 2070763, 2070764, 2070763, 2070764, 2070764, 2070763, 2070764 ]
    } ],
    "preferredLocations" : [ ]
  }, {
    "inputBytes" : 1279951,
    "inputRecords" : 32202,
    "outputBytes" : 4613222,
    "outputRecords" : 203769,
    "taskID" : "task_1572946766556_1042_m_000001",
    "startTime" : 1575686200741,
    "finishTime" : 1575686214617,
    "taskType" : "MAP",
    "taskStatus" : "SUCCESS",
    "attempts" : [ {
      "attemptID" : "attempt_1572946766556_1042_m_000001_0",
      "result" : "SUCCESS",
      "startTime" : 1575686202920,
      "finishTime" : 1575686214617,
      "hostName" : "/default-rack/slave3",
      "hdfsBytesRead" : 1279951,
      "hdfsBytesWritten" : 0,
      "fileBytesRead" : 0,
      "fileBytesWritten" : 4613222,
      "mapInputRecords" : 32202,
      "mapInputBytes" : -1,
      "mapOutputBytes" : 4081855,
      "mapOutputRecords" : 203769,
      "combineInputRecords" : 0,
      "reduceInputGroups" : -1,
      "reduceInputRecords" : -1,
      "reduceShuffleBytes" : -1,
      "reduceOutputRecords" : -1,
      "spilledRecords" : 203769,
      "shuffleFinished" : -1,
      "sortFinished" : -1,
      "location" : {
        "layers" : [ "default-rack", "slave3" ]
      },
      "clockSplits" : [ 1475, 1475, 1476, 1475, 1476, 1371, 1278, 1241, 99, 99, 99, 100 ],
      "cpuUsages" : [ 18837, 18837, 18838, 18837, 18838, 20925, 22824, 21783, 628, 627, 628, 628 ],
      "physMemKbytes" : [ 31733, 95199, 158666, 222132, 285599, 341014, 352424, 357162, 356937, 352572, 348207, 343842 ],
      "resourceUsageMetrics" : {
        "cumulativeCpuUsage" : 162230,
        "virtualMemoryUsage" : 2122383360,
        "physicalMemoryUsage" : 349859840,
        "heapUsage" : 174063616
      },
      "vmemKbytes" : [ 189236, 567708, 946180, 1324652, 1703125, 2029704, 2072640, 2072639, 2072640, 2072640, 2072639, 2072640 ]
    } ],
    "preferredLocations" : [ ]
  } ],
  "reduceTasks" : [ {
    "inputBytes" : 19125688,
    "inputRecords" : 600639,
    "outputBytes" : 13858107,
    "outputRecords" : 5885,
    "taskID" : "task_1572946766556_1042_r_000000",
    "startTime" : 1575686200741,
    "finishTime" : 1575686349262,
    "taskType" : "REDUCE",
    "taskStatus" : "SUCCESS",
    "attempts" : [ {
      "attemptID" : "attempt_1572946766556_1042_r_000000_0",
      "result" : "SUCCESS",
      "startTime" : 1575686216817,
      "finishTime" : 1575686349262,
      "hostName" : "/default-rack/slave4",
      "hdfsBytesRead" : 0,
      "hdfsBytesWritten" : 13858107,
      "fileBytesRead" : 19125682,
      "fileBytesWritten" : 19249420,
      "mapInputRecords" : -1,
      "mapInputBytes" : -1,
      "mapOutputBytes" : -1,
      "mapOutputRecords" : -1,
      "combineInputRecords" : 0,
      "reduceInputGroups" : 5885,
      "reduceInputRecords" : 600639,
      "reduceShuffleBytes" : 19125688,
      "reduceOutputRecords" : 5885,
      "spilledRecords" : 600639,
      "shuffleFinished" : 1575686271950,
      "sortFinished" : 1575686272219,
      "location" : {
        "layers" : [ "default-rack", "slave4" ]
      },
      "clockSplits" : [ 3961, 3962, 47696, 202, 203, 202, 202, 203, 8325, 27907, 28308, 11262 ],
      "cpuUsages" : [ 369, 370, 4082, 1352, 1352, 1352, 1352, 1352, 32121, 102348, 102734, 40086 ],
      "physMemKbytes" : [ 40775, 122327, 175030, 184707, 194384, 204061, 213739, 223416, 238970, 251523, 260993, 262044 ],
      "resourceUsageMetrics" : {
        "cumulativeCpuUsage" : 288870,
        "virtualMemoryUsage" : 2128191488,
        "physicalMemoryUsage" : 268902400,
        "heapUsage" : 144179200
      },
      "vmemKbytes" : [ 518160, 1554482, 2073100, 2074013, 2074926, 2075839, 2076753, 2077666, 2078292, 2078312, 2078311, 2078312 ]
    } ],
    "preferredLocations" : [ ]
  }, {
    "inputBytes" : 17529281,
    "inputRecords" : 537842,
    "outputBytes" : 12405158,
    "outputRecords" : 5958,
    "taskID" : "task_1572946766556_1042_r_000001",
    "startTime" : 1575686200741,
    "finishTime" : 1575686342619,
    "taskType" : "REDUCE",
    "taskStatus" : "SUCCESS",
    "attempts" : [ {
      "attemptID" : "attempt_1572946766556_1042_r_000001_0",
      "result" : "SUCCESS",
      "startTime" : 1575686216823,
      "finishTime" : 1575686342619,
      "hostName" : "/default-rack/slave1",
      "hdfsBytesRead" : 0,
      "hdfsBytesWritten" : 12405158,
      "fileBytesRead" : 17529275,
      "fileBytesWritten" : 17653013,
      "mapInputRecords" : -1,
      "mapInputBytes" : -1,
      "mapOutputBytes" : -1,
      "mapOutputRecords" : -1,
      "combineInputRecords" : 0,
      "reduceInputGroups" : 5958,
      "reduceInputRecords" : 537842,
      "reduceShuffleBytes" : 17529281,
      "reduceOutputRecords" : 5958,
      "spilledRecords" : 537842,
      "shuffleFinished" : 1575686271790,
      "sortFinished" : 1575686272032,
      "location" : {
        "layers" : [ "default-rack", "slave1" ]
      },
      "clockSplits" : [ 3814, 3814, 47761, 178, 177, 178, 177, 178, 5608, 31508, 14444, 17946 ],
      "cpuUsages" : [ 264, 265, 3682, 1182, 1181, 1182, 1181, 1182, 20455, 122744, 53565, 64347 ],
      "physMemKbytes" : [ 40534, 121604, 177001, 186468, 195937, 205404, 214872, 224339, 237709, 261658, 266214, 265681 ],
      "resourceUsageMetrics" : {
        "cumulativeCpuUsage" : 271230,
        "virtualMemoryUsage" : 2129252352,
        "physicalMemoryUsage" : 271171584,
        "heapUsage" : 150470656
      },
      "vmemKbytes" : [ 517953, 1553861, 2072255, 2073134, 2074014, 2074893, 2075773, 2076652, 2078310, 2079348, 2079347, 2079348 ]
    } ],
    "preferredLocations" : [ ]
  } ],
  "otherTasks" : [ ],
  "successfulMapAttemptCDFs" : [ {
    "numberValues" : 0,
    "minimum" : -9223372036854775808,
    "rankings" : [ ],
    "maximum" : 9223372036854775807
  }, {
    "numberValues" : 0,
    "minimum" : -9223372036854775808,
    "rankings" : [ ],
    "maximum" : 9223372036854775807
  }, {
    "numberValues" : 0,
    "minimum" : -9223372036854775808,
    "rankings" : [ ],
    "maximum" : 9223372036854775807
  }, {
    "numberValues" : 2,
    "minimum" : 11697,
    "rankings" : [ {
      "relativeRanking" : 0.05,
      "datum" : 11697
    }, {
      "relativeRanking" : 0.1,
      "datum" : 11697
    }, {
      "relativeRanking" : 0.15,
      "datum" : 11697
    }, {
      "relativeRanking" : 0.2,
      "datum" : 11697
    }, {
      "relativeRanking" : 0.25,
      "datum" : 11697
    }, {
      "relativeRanking" : 0.3,
      "datum" : 11697
    }, {
      "relativeRanking" : 0.35,
      "datum" : 11697
    }, {
      "relativeRanking" : 0.4,
      "datum" : 11697
    }, {
      "relativeRanking" : 0.45,
      "datum" : 11697
    }, {
      "relativeRanking" : 0.5,
      "datum" : 11697
    }, {
      "relativeRanking" : 0.55,
      "datum" : 11697
    }, {
      "relativeRanking" : 0.6,
      "datum" : 11697
    }, {
      "relativeRanking" : 0.65,
      "datum" : 11697
    }, {
      "relativeRanking" : 0.7,
      "datum" : 11697
    }, {
      "relativeRanking" : 0.75,
      "datum" : 11697
    }, {
      "relativeRanking" : 0.8,
      "datum" : 11697
    }, {
      "relativeRanking" : 0.85,
      "datum" : 11697
    }, {
      "relativeRanking" : 0.9,
      "datum" : 11697
    }, {
      "relativeRanking" : 0.95,
      "datum" : 11697
    } ],
    "maximum" : 68447
  } ],
  "failedMapAttemptCDFs" : [ {
    "numberValues" : 0,
    "minimum" : -9223372036854775808,
    "rankings" : [ ],
    "maximum" : 9223372036854775807
  }, {
    "numberValues" : 0,
    "minimum" : -9223372036854775808,
    "rankings" : [ ],
    "maximum" : 9223372036854775807
  }, {
    "numberValues" : 0,
    "minimum" : -9223372036854775808,
    "rankings" : [ ],
    "maximum" : 9223372036854775807
  }, {
    "numberValues" : 0,
    "minimum" : -9223372036854775808,
    "rankings" : [ ],
    "maximum" : 9223372036854775807
  } ],
  "successfulReduceAttemptCDF" : {
    "numberValues" : 2,
    "minimum" : 125796,
    "rankings" : [ {
      "relativeRanking" : 0.05,
      "datum" : 125796
    }, {
      "relativeRanking" : 0.1,
      "datum" : 125796
    }, {
      "relativeRanking" : 0.15,
      "datum" : 125796
    }, {
      "relativeRanking" : 0.2,
      "datum" : 125796
    }, {
      "relativeRanking" : 0.25,
      "datum" : 125796
    }, {
      "relativeRanking" : 0.3,
      "datum" : 125796
    }, {
      "relativeRanking" : 0.35,
      "datum" : 125796
    }, {
      "relativeRanking" : 0.4,
      "datum" : 125796
    }, {
      "relativeRanking" : 0.45,
      "datum" : 125796
    }, {
      "relativeRanking" : 0.5,
      "datum" : 125796
    }, {
      "relativeRanking" : 0.55,
      "datum" : 125796
    }, {
      "relativeRanking" : 0.6,
      "datum" : 125796
    }, {
      "relativeRanking" : 0.65,
      "datum" : 125796
    }, {
      "relativeRanking" : 0.7,
      "datum" : 125796
    }, {
      "relativeRanking" : 0.75,
      "datum" : 125796
    }, {
      "relativeRanking" : 0.8,
      "datum" : 125796
    }, {
      "relativeRanking" : 0.85,
      "datum" : 125796
    }, {
      "relativeRanking" : 0.9,
      "datum" : 125796
    }, {
      "relativeRanking" : 0.95,
      "datum" : 125796
    } ],
    "maximum" : 132445
  },
  "failedReduceAttemptCDF" : {
    "numberValues" : 0,
    "minimum" : -9223372036854775808,
    "rankings" : [ ],
    "maximum" : 9223372036854775807
  },
  "queue" : "default",
  "jobName" : "CAC_Count-[1575686193807-Indexing1]",
  "clusterMapMB" : -1,
  "clusterReduceMB" : -1,
  "jobMapMB" : -1,
  "jobReduceMB" : -1,
  "relativeTime" : 0,
  "mapperTriesToSucceed" : [ 1.0 ],
  "failedMapperFraction" : 0.0,
  "jobProperties" : { }
}