{
  "jobID" : "job_1572946766556_0686",
  "user" : "hadoop",
  "computonsPerMapInputByte" : -1,
  "computonsPerMapOutputByte" : -1,
  "computonsPerReduceInputByte" : -1,
  "computonsPerReduceOutputByte" : -1,
  "submitTime" : 1575463570927,
  "launchTime" : 1575463574784,
  "finishTime" : 1575463617759,
  "heapMegabytes" : -1,
  "totalMaps" : 2,
  "totalReduces" : 1,
  "outcome" : "SUCCESS",
  "jobtype" : "JAVA",
  "priority" : "NORMAL",
  "directDependantJobs" : [ ],
  "mapTasks" : [ {
    "inputBytes" : 79565870,
    "inputRecords" : 2570811,
    "outputBytes" : 140958772,
    "outputRecords" : 2570810,
    "taskID" : "task_1572946766556_0686_m_000000",
    "startTime" : 1575463574882,
    "finishTime" : 1575463589116,
    "taskType" : "MAP",
    "taskStatus" : "SUCCESS",
    "attempts" : [ {
      "attemptID" : "attempt_1572946766556_0686_m_000000_0",
      "result" : "SUCCESS",
      "startTime" : 1575463576984,
      "finishTime" : 1575463589116,
      "hostName" : "/default-rack/slave2",
      "hdfsBytesRead" : 79565870,
      "hdfsBytesWritten" : 0,
      "fileBytesRead" : 70417122,
      "fileBytesWritten" : 140958772,
      "mapInputRecords" : 2570811,
      "mapInputBytes" : -1,
      "mapOutputBytes" : 65275490,
      "mapOutputRecords" : 2570810,
      "combineInputRecords" : 0,
      "reduceInputGroups" : -1,
      "reduceInputRecords" : -1,
      "reduceShuffleBytes" : -1,
      "reduceOutputRecords" : -1,
      "spilledRecords" : 5141620,
      "shuffleFinished" : -1,
      "sortFinished" : -1,
      "location" : {
        "layers" : [ "default-rack", "slave2" ]
      },
      "clockSplits" : [ 1012, 1012, 1013, 1012, 1012, 1013, 1012, 1939, 1471, 773, 423, 424 ],
      "cpuUsages" : [ 2040, 2041, 2041, 2041, 2041, 2041, 2040, 2192, 3008, 1447, 664, 664 ],
      "physMemKbytes" : [ 17667, 53002, 88337, 123672, 159007, 194342, 229677, 264602, 278028, 279050, 279261, 279412 ],
      "vmemKbytes" : [ 131979, 395939, 659899, 923858, 1187819, 1451778, 1715738, 1976545, 2072166, 2073903, 2074027, 2074028 ],
      "resourceUsageMetrics" : {
        "cumulativeCpuUsage" : 22260,
        "virtualMemoryUsage" : 2123804672,
        "physicalMemoryUsage" : 286195712,
        "heapUsage" : 208142336
      }
    } ],
    "preferredLocations" : [ ]
  }, {
    "inputBytes" : 63092039,
    "inputRecords" : 1299730,
    "outputBytes" : 144540516,
    "outputRecords" : 1299729,
    "taskID" : "task_1572946766556_0686_m_000001",
    "startTime" : 1575463574884,
    "finishTime" : 1575463584535,
    "taskType" : "MAP",
    "taskStatus" : "SUCCESS",
    "attempts" : [ {
      "attemptID" : "attempt_1572946766556_0686_m_000001_0",
      "result" : "SUCCESS",
      "startTime" : 1575463576990,
      "finishTime" : 1575463584535,
      "hostName" : "/default-rack/slave2",
      "hdfsBytesRead" : 63092039,
      "hdfsBytesWritten" : 0,
      "fileBytesRead" : 72207994,
      "fileBytesWritten" : 144540516,
      "mapInputRecords" : 1299730,
      "mapInputBytes" : -1,
      "mapOutputBytes" : 69599284,
      "mapOutputRecords" : 1299729,
      "combineInputRecords" : 0,
      "reduceInputGroups" : -1,
      "reduceInputRecords" : -1,
      "reduceShuffleBytes" : -1,
      "reduceOutputRecords" : -1,
      "spilledRecords" : 2599458,
      "shuffleFinished" : -1,
      "sortFinished" : -1,
      "location" : {
        "layers" : [ "default-rack", "slave2" ]
      },
      "clockSplits" : [ 5108, 220, 219, 220, 219, 220, 219, 220, 219, 220, 219, 220 ],
      "cpuUsages" : [ 1106, 1107, 1107, 1106, 1107, 1107, 1106, 1107, 1107, 1106, 1107, 1107 ],
      "physMemKbytes" : [ 11643, 34929, 58216, 81502, 104789, 128076, 151363, 174649, 197936, 221223, 244509, 267796 ],
      "vmemKbytes" : [ 86368, 259104, 431841, 604577, 777314, 950051, 1122788, 1295524, 1468261, 1640998, 1813734, 1986471 ],
      "resourceUsageMetrics" : {
        "cumulativeCpuUsage" : 13280,
        "virtualMemoryUsage" : 2122588160,
        "physicalMemoryUsage" : 286146560,
        "heapUsage" : 206569472
      }
    } ],
    "preferredLocations" : [ ]
  } ],
  "reduceTasks" : [ {
    "inputBytes" : 142625104,
    "inputRecords" : 3870539,
    "outputBytes" : 467892321,
    "outputRecords" : 7567768,
    "taskID" : "task_1572946766556_0686_r_000000",
    "startTime" : 1575463574884,
    "finishTime" : 1575463617651,
    "taskType" : "REDUCE",
    "taskStatus" : "SUCCESS",
    "attempts" : [ {
      "attemptID" : "attempt_1572946766556_0686_r_000000_0",
      "result" : "SUCCESS",
      "startTime" : 1575463586893,
      "finishTime" : 1575463617651,
      "hostName" : "/default-rack/slave4",
      "hdfsBytesRead" : 0,
      "hdfsBytesWritten" : 467892321,
      "fileBytesRead" : 142625104,
      "fileBytesWritten" : 142749583,
      "mapInputRecords" : -1,
      "mapInputBytes" : -1,
      "mapOutputBytes" : -1,
      "mapOutputRecords" : -1,
      "combineInputRecords" : 0,
      "reduceInputGroups" : 432471,
      "reduceInputRecords" : 3870539,
      "reduceShuffleBytes" : 142625104,
      "reduceOutputRecords" : 7567768,
      "spilledRecords" : 3870539,
      "shuffleFinished" : 1575463590407,
      "sortFinished" : 1575463590431,
      "location" : {
        "layers" : [ "default-rack", "slave4" ]
      },
      "clockSplits" : [ 4066, 500, 499, 500, 499, 500, 500, 499, 2807, 6683, 6713, 6923 ],
      "cpuUsages" : [ 1262, 1263, 1262, 1263, 1263, 1262, 1263, 1262, 5660, 12110, 11686, 11324 ],
      "physMemKbytes" : [ 10655, 31967, 53279, 74590, 95903, 117214, 138527, 159838, 180888, 205341, 200118, 194683 ],
      "vmemKbytes" : [ 120381, 361143, 601906, 842668, 1083431, 1324194, 1564957, 1805719, 2029656, 2077466, 2078490, 2078688 ],
      "resourceUsageMetrics" : {
        "cumulativeCpuUsage" : 50880,
        "virtualMemoryUsage" : 2128576512,
        "physicalMemoryUsage" : 199766016,
        "heapUsage" : 133693440
      }
    } ],
    "preferredLocations" : [ ]
  } ],
  "otherTasks" : [ ],
  "successfulMapAttemptCDFs" : [ {
    "numberValues" : 0,
    "minimum" : -9223372036854775808,
    "rankings" : [ ],
    "maximum" : 9223372036854775807
  }, {
    "numberValues" : 0,
    "minimum" : -9223372036854775808,
    "rankings" : [ ],
    "maximum" : 9223372036854775807
  }, {
    "numberValues" : 0,
    "minimum" : -9223372036854775808,
    "rankings" : [ ],
    "maximum" : 9223372036854775807
  }, {
    "numberValues" : 2,
    "minimum" : 7545,
    "rankings" : [ {
      "relativeRanking" : 0.05,
      "datum" : 7545
    }, {
      "relativeRanking" : 0.1,
      "datum" : 7545
    }, {
      "relativeRanking" : 0.15,
      "datum" : 7545
    }, {
      "relativeRanking" : 0.2,
      "datum" : 7545
    }, {
      "relativeRanking" : 0.25,
      "datum" : 7545
    }, {
      "relativeRanking" : 0.3,
      "datum" : 7545
    }, {
      "relativeRanking" : 0.35,
      "datum" : 7545
    }, {
      "relativeRanking" : 0.4,
      "datum" : 7545
    }, {
      "relativeRanking" : 0.45,
      "datum" : 7545
    }, {
      "relativeRanking" : 0.5,
      "datum" : 7545
    }, {
      "relativeRanking" : 0.55,
      "datum" : 7545
    }, {
      "relativeRanking" : 0.6,
      "datum" : 7545
    }, {
      "relativeRanking" : 0.65,
      "datum" : 7545
    }, {
      "relativeRanking" : 0.7,
      "datum" : 7545
    }, {
      "relativeRanking" : 0.75,
      "datum" : 7545
    }, {
      "relativeRanking" : 0.8,
      "datum" : 7545
    }, {
      "relativeRanking" : 0.85,
      "datum" : 7545
    }, {
      "relativeRanking" : 0.9,
      "datum" : 7545
    }, {
      "relativeRanking" : 0.95,
      "datum" : 7545
    } ],
    "maximum" : 12132
  } ],
  "failedMapAttemptCDFs" : [ {
    "numberValues" : 0,
    "minimum" : -9223372036854775808,
    "rankings" : [ ],
    "maximum" : 9223372036854775807
  }, {
    "numberValues" : 0,
    "minimum" : -9223372036854775808,
    "rankings" : [ ],
    "maximum" : 9223372036854775807
  }, {
    "numberValues" : 0,
    "minimum" : -9223372036854775808,
    "rankings" : [ ],
    "maximum" : 9223372036854775807
  }, {
    "numberValues" : 0,
    "minimum" : -9223372036854775808,
    "rankings" : [ ],
    "maximum" : 9223372036854775807
  } ],
  "successfulReduceAttemptCDF" : {
    "numberValues" : 1,
    "minimum" : 30758,
    "rankings" : [ {
      "relativeRanking" : 0.05,
      "datum" : 30758
    }, {
      "relativeRanking" : 0.1,
      "datum" : 30758
    }, {
      "relativeRanking" : 0.15,
      "datum" : 30758
    }, {
      "relativeRanking" : 0.2,
      "datum" : 30758
    }, {
      "relativeRanking" : 0.25,
      "datum" : 30758
    }, {
      "relativeRanking" : 0.3,
      "datum" : 30758
    }, {
      "relativeRanking" : 0.35,
      "datum" : 30758
    }, {
      "relativeRanking" : 0.4,
      "datum" : 30758
    }, {
      "relativeRanking" : 0.45,
      "datum" : 30758
    }, {
      "relativeRanking" : 0.5,
      "datum" : 30758
    }, {
      "relativeRanking" : 0.55,
      "datum" : 30758
    }, {
      "relativeRanking" : 0.6,
      "datum" : 30758
    }, {
      "relativeRanking" : 0.65,
      "datum" : 30758
    }, {
      "relativeRanking" : 0.7,
      "datum" : 30758
    }, {
      "relativeRanking" : 0.75,
      "datum" : 30758
    }, {
      "relativeRanking" : 0.8,
      "datum" : 30758
    }, {
      "relativeRanking" : 0.85,
      "datum" : 30758
    }, {
      "relativeRanking" : 0.9,
      "datum" : 30758
    }, {
      "relativeRanking" : 0.95,
      "datum" : 30758
    } ],
    "maximum" : 30758
  },
  "failedReduceAttemptCDF" : {
    "numberValues" : 0,
    "minimum" : -9223372036854775808,
    "rankings" : [ ],
    "maximum" : 9223372036854775807
  },
  "queue" : "default",
  "jobName" : "ReduceJoin-[1575463568376]",
  "clusterMapMB" : -1,
  "clusterReduceMB" : -1,
  "jobMapMB" : -1,
  "jobReduceMB" : -1,
  "relativeTime" : 0,
  "mapperTriesToSucceed" : [ 1.0 ],
  "failedMapperFraction" : 0.0,
  "jobProperties" : { }
}