{
  "jobID" : "job_1600222256971_1115",
  "user" : "hadoop",
  "computonsPerMapInputByte" : -1,
  "computonsPerMapOutputByte" : -1,
  "computonsPerReduceInputByte" : -1,
  "computonsPerReduceOutputByte" : -1,
  "submitTime" : 1601023510165,
  "launchTime" : 1601023513829,
  "finishTime" : 1601023532346,
  "heapMegabytes" : -1,
  "totalMaps" : 8,
  "totalReduces" : 6,
  "outcome" : "SUCCESS",
  "jobtype" : "JAVA",
  "priority" : "NORMAL",
  "directDependantJobs" : [ ],
  "mapTasks" : [ {
    "inputBytes" : 134217938,
    "inputRecords" : 1342178,
    "outputBytes" : 279298146,
    "outputRecords" : 1342178,
    "taskID" : "task_1600222256971_1115_m_000000",
    "startTime" : 1601023513876,
    "finishTime" : 1601023523830,
    "taskType" : "MAP",
    "taskStatus" : "SUCCESS",
    "attempts" : [ {
      "attemptID" : "attempt_1600222256971_1115_m_000000_0",
      "result" : "SUCCESS",
      "startTime" : 1601023516094,
      "finishTime" : 1601023523830,
      "hostName" : "/default-rack/slave2",
      "hdfsBytesRead" : 134217938,
      "hdfsBytesWritten" : 0,
      "fileBytesRead" : 141008095,
      "fileBytesWritten" : 279298146,
      "mapInputRecords" : 1342178,
      "mapInputBytes" : -1,
      "mapOutputBytes" : 136902156,
      "mapOutputRecords" : 1342178,
      "combineInputRecords" : 0,
      "reduceInputGroups" : -1,
      "reduceInputRecords" : -1,
      "reduceShuffleBytes" : -1,
      "reduceOutputRecords" : -1,
      "spilledRecords" : 2684356,
      "shuffleFinished" : -1,
      "sortFinished" : -1,
      "location" : {
        "layers" : [ "default-rack", "slave2" ]
      },
      "clockSplits" : [ 5857, 170, 170, 169, 170, 170, 169, 170, 170, 169, 170, 170 ],
      "cpuUsages" : [ 955, 956, 956, 956, 956, 956, 955, 956, 956, 956, 956, 956 ],
      "physMemKbytes" : [ 12005, 36016, 60028, 84039, 108050, 132061, 156073, 180084, 204096, 228107, 252118, 276130 ],
      "vmemKbytes" : [ 83998, 251995, 419994, 587991, 755989, 923986, 1091984, 1259981, 1427980, 1595977, 1763974, 1931973 ],
      "resourceUsageMetrics" : {
        "cumulativeCpuUsage" : 11470,
        "virtualMemoryUsage" : 2064355328,
        "physicalMemoryUsage" : 295051264,
        "heapUsage" : 197132288
      }
    }, {
      "attemptID" : "attempt_1600222256971_1115_m_000000_1",
      "result" : "KILLED",
      "startTime" : -1,
      "finishTime" : 0,
      "hostName" : "/UNKNOWN/UNKNOWN",
      "hdfsBytesRead" : -1,
      "hdfsBytesWritten" : -1,
      "fileBytesRead" : -1,
      "fileBytesWritten" : -1,
      "mapInputRecords" : -1,
      "mapInputBytes" : -1,
      "mapOutputBytes" : -1,
      "mapOutputRecords" : -1,
      "combineInputRecords" : -1,
      "reduceInputGroups" : -1,
      "reduceInputRecords" : -1,
      "reduceShuffleBytes" : -1,
      "reduceOutputRecords" : -1,
      "spilledRecords" : -1,
      "shuffleFinished" : -1,
      "sortFinished" : -1,
      "location" : {
        "layers" : [ "UNKNOWN", "UNKNOWN" ]
      },
      "clockSplits" : [ -1, -1, -1, -1, -1, -1, -1, -1, -1, -1, -1, -1 ],
      "cpuUsages" : [ -1, -1, -1, -1, -1, -1, -1, -1, -1, -1, -1, -1 ],
      "physMemKbytes" : [ -1, -1, -1, -1, -1, -1, -1, -1, -1, -1, -1, -1 ],
      "vmemKbytes" : [ -1, -1, -1, -1, -1, -1, -1, -1, -1, -1, -1, -1 ],
      "resourceUsageMetrics" : {
        "cumulativeCpuUsage" : 0,
        "virtualMemoryUsage" : 0,
        "physicalMemoryUsage" : 0,
        "heapUsage" : 0
      }
    } ],
    "preferredLocations" : [ ]
  }, {
    "inputBytes" : 134217838,
    "inputRecords" : 1342177,
    "outputBytes" : 279297938,
    "outputRecords" : 1342177,
    "taskID" : "task_1600222256971_1115_m_000001",
    "startTime" : 1601023513878,
    "finishTime" : 1601023522888,
    "taskType" : "MAP",
    "taskStatus" : "SUCCESS",
    "attempts" : [ {
      "attemptID" : "attempt_1600222256971_1115_m_000001_0",
      "result" : "SUCCESS",
      "startTime" : 1601023516093,
      "finishTime" : 1601023522888,
      "hostName" : "/default-rack/slave3",
      "hdfsBytesRead" : 134217838,
      "hdfsBytesWritten" : 0,
      "fileBytesRead" : 140756871,
      "fileBytesWritten" : 279297938,
      "mapInputRecords" : 1342177,
      "mapInputBytes" : -1,
      "mapOutputBytes" : 136902054,
      "mapOutputRecords" : 1342177,
      "combineInputRecords" : 0,
      "reduceInputGroups" : -1,
      "reduceInputRecords" : -1,
      "reduceShuffleBytes" : -1,
      "reduceOutputRecords" : -1,
      "spilledRecords" : 2684354,
      "shuffleFinished" : -1,
      "sortFinished" : -1,
      "location" : {
        "layers" : [ "default-rack", "slave3" ]
      },
      "clockSplits" : [ 5063, 156, 157, 156, 156, 157, 156, 156, 157, 156, 156, 157 ],
      "cpuUsages" : [ 867, 868, 867, 868, 867, 868, 867, 868, 867, 868, 867, 868 ],
      "physMemKbytes" : [ 11797, 35392, 58988, 82583, 106178, 129773, 153369, 176964, 200560, 224155, 247750, 271346 ],
      "vmemKbytes" : [ 84008, 252025, 420044, 588061, 756079, 924096, 1092114, 1260131, 1428150, 1596167, 1764184, 1932203 ],
      "resourceUsageMetrics" : {
        "cumulativeCpuUsage" : 10410,
        "virtualMemoryUsage" : 2064601088,
        "physicalMemoryUsage" : 289939456,
        "heapUsage" : 197656576
      }
    } ],
    "preferredLocations" : [ ]
  }, {
    "inputBytes" : 134217838,
    "inputRecords" : 1342177,
    "outputBytes" : 279297938,
    "outputRecords" : 1342177,
    "taskID" : "task_1600222256971_1115_m_000002",
    "startTime" : 1601023513878,
    "finishTime" : 1601023523414,
    "taskType" : "MAP",
    "taskStatus" : "SUCCESS",
    "attempts" : [ {
      "attemptID" : "attempt_1600222256971_1115_m_000002_0",
      "result" : "SUCCESS",
      "startTime" : 1601023516096,
      "finishTime" : 1601023523414,
      "hostName" : "/default-rack/slave5",
      "hdfsBytesRead" : 134217838,
      "hdfsBytesWritten" : 0,
      "fileBytesRead" : 140685287,
      "fileBytesWritten" : 279297938,
      "mapInputRecords" : 1342177,
      "mapInputBytes" : -1,
      "mapOutputBytes" : 136902054,
      "mapOutputRecords" : 1342177,
      "combineInputRecords" : 0,
      "reduceInputGroups" : -1,
      "reduceInputRecords" : -1,
      "reduceShuffleBytes" : -1,
      "reduceOutputRecords" : -1,
      "spilledRecords" : 2684354,
      "shuffleFinished" : -1,
      "sortFinished" : -1,
      "location" : {
        "layers" : [ "default-rack", "slave5" ]
      },
      "clockSplits" : [ 5736, 142, 143, 142, 142, 143, 142, 142, 143, 142, 142, 143 ],
      "cpuUsages" : [ 949, 949, 949, 949, 949, 950, 949, 949, 949, 949, 949, 950 ],
      "physMemKbytes" : [ 12072, 36216, 60360, 84503, 108648, 132791, 156936, 181079, 205224, 229368, 253511, 277656 ],
      "vmemKbytes" : [ 84020, 252061, 420103, 588144, 756185, 924226, 1092268, 1260309, 1428351, 1596392, 1764433, 1932475 ],
      "resourceUsageMetrics" : {
        "cumulativeCpuUsage" : 11390,
        "virtualMemoryUsage" : 2064891904,
        "physicalMemoryUsage" : 296681472,
        "heapUsage" : 198180864
      }
    } ],
    "preferredLocations" : [ ]
  }, {
    "inputBytes" : 134217938,
    "inputRecords" : 1342178,
    "outputBytes" : 279298146,
    "outputRecords" : 1342178,
    "taskID" : "task_1600222256971_1115_m_000003",
    "startTime" : 1601023513879,
    "finishTime" : 1601023523408,
    "taskType" : "MAP",
    "taskStatus" : "SUCCESS",
    "attempts" : [ {
      "attemptID" : "attempt_1600222256971_1115_m_000003_0",
      "result" : "SUCCESS",
      "startTime" : 1601023516097,
      "finishTime" : 1601023523408,
      "hostName" : "/default-rack/slave3",
      "hdfsBytesRead" : 134217938,
      "hdfsBytesWritten" : 0,
      "fileBytesRead" : 141068311,
      "fileBytesWritten" : 279298146,
      "mapInputRecords" : 1342178,
      "mapInputBytes" : -1,
      "mapOutputBytes" : 136902156,
      "mapOutputRecords" : 1342178,
      "combineInputRecords" : 0,
      "reduceInputGroups" : -1,
      "reduceInputRecords" : -1,
      "reduceShuffleBytes" : -1,
      "reduceOutputRecords" : -1,
      "spilledRecords" : 2684356,
      "shuffleFinished" : -1,
      "sortFinished" : -1,
      "location" : {
        "layers" : [ "default-rack", "slave3" ]
      },
      "clockSplits" : [ 5668, 148, 148, 147, 148, 148, 147, 148, 148, 147, 148, 148 ],
      "cpuUsages" : [ 955, 956, 956, 956, 956, 956, 955, 956, 956, 956, 956, 956 ],
      "physMemKbytes" : [ 12079, 36238, 60398, 84557, 108716, 132875, 157035, 181194, 205354, 229513, 253672, 277832 ],
      "vmemKbytes" : [ 83993, 251979, 419966, 587952, 755939, 923926, 1091913, 1259899, 1427886, 1595873, 1763859, 1931846 ],
      "resourceUsageMetrics" : {
        "cumulativeCpuUsage" : 11470,
        "virtualMemoryUsage" : 2064220160,
        "physicalMemoryUsage" : 296869888,
        "heapUsage" : 197656576
      }
    } ],
    "preferredLocations" : [ ]
  }, {
    "inputBytes" : 134217838,
    "inputRecords" : 1342177,
    "outputBytes" : 279297938,
    "outputRecords" : 1342177,
    "taskID" : "task_1600222256971_1115_m_000004",
    "startTime" : 1601023513879,
    "finishTime" : 1601023524710,
    "taskType" : "MAP",
    "taskStatus" : "SUCCESS",
    "attempts" : [ {
      "attemptID" : "attempt_1600222256971_1115_m_000004_0",
      "result" : "SUCCESS",
      "startTime" : 1601023516096,
      "finishTime" : 1601023524710,
      "hostName" : "/default-rack/slave1",
      "hdfsBytesRead" : 134217838,
      "hdfsBytesWritten" : 0,
      "fileBytesRead" : 141026223,
      "fileBytesWritten" : 279297938,
      "mapInputRecords" : 1342177,
      "mapInputBytes" : -1,
      "mapOutputBytes" : 136902054,
      "mapOutputRecords" : 1342177,
      "combineInputRecords" : 0,
      "reduceInputGroups" : -1,
      "reduceInputRecords" : -1,
      "reduceShuffleBytes" : -1,
      "reduceOutputRecords" : -1,
      "spilledRecords" : 2684354,
      "shuffleFinished" : -1,
      "sortFinished" : -1,
      "location" : {
        "layers" : [ "default-rack", "slave1" ]
      },
      "clockSplits" : [ 6891, 119, 119, 118, 119, 119, 118, 119, 119, 206, 276, 276 ],
      "cpuUsages" : [ 1492, 1493, 1493, 1493, 1493, 1493, 1493, 1493, 1493, 862, 371, 371 ],
      "physMemKbytes" : [ 15355, 46067, 76778, 107489, 138201, 168912, 199624, 230335, 261047, 286905, 289837, 289823 ],
      "vmemKbytes" : [ 106937, 320811, 534685, 748558, 962433, 1176306, 1390181, 1604054, 1817929, 1998015, 2018519, 2018520 ],
      "resourceUsageMetrics" : {
        "cumulativeCpuUsage" : 15040,
        "virtualMemoryUsage" : 2066964480,
        "physicalMemoryUsage" : 296771584,
        "heapUsage" : 197656576
      }
    } ],
    "preferredLocations" : [ ]
  }, {
    "inputBytes" : 134217838,
    "inputRecords" : 1342177,
    "outputBytes" : 279297938,
    "outputRecords" : 1342177,
    "taskID" : "task_1600222256971_1115_m_000005",
    "startTime" : 1601023513879,
    "finishTime" : 1601023523389,
    "taskType" : "MAP",
    "taskStatus" : "SUCCESS",
    "attempts" : [ {
      "attemptID" : "attempt_1600222256971_1115_m_000005_0",
      "result" : "SUCCESS",
      "startTime" : 1601023516095,
      "finishTime" : 1601023523389,
      "hostName" : "/default-rack/slave4",
      "hdfsBytesRead" : 134217838,
      "hdfsBytesWritten" : 0,
      "fileBytesRead" : 140709103,
      "fileBytesWritten" : 279297938,
      "mapInputRecords" : 1342177,
      "mapInputBytes" : -1,
      "mapOutputBytes" : 136902054,
      "mapOutputRecords" : 1342177,
      "combineInputRecords" : 0,
      "reduceInputGroups" : -1,
      "reduceInputRecords" : -1,
      "reduceShuffleBytes" : -1,
      "reduceOutputRecords" : -1,
      "spilledRecords" : 2684354,
      "shuffleFinished" : -1,
      "sortFinished" : -1,
      "location" : {
        "layers" : [ "default-rack", "slave4" ]
      },
      "clockSplits" : [ 5685, 145, 144, 145, 144, 145, 145, 144, 145, 144, 145, 145 ],
      "cpuUsages" : [ 936, 937, 937, 936, 937, 937, 936, 937, 937, 936, 937, 937 ],
      "physMemKbytes" : [ 11818, 35455, 59093, 82730, 106367, 130004, 153642, 177279, 200917, 224554, 248191, 271829 ],
      "vmemKbytes" : [ 84010, 252031, 420054, 588075, 756097, 924118, 1092140, 1260161, 1428184, 1596205, 1764226, 1932249 ],
      "resourceUsageMetrics" : {
        "cumulativeCpuUsage" : 11240,
        "virtualMemoryUsage" : 2064650240,
        "physicalMemoryUsage" : 290455552,
        "heapUsage" : 187695104
      }
    } ],
    "preferredLocations" : [ ]
  }, {
    "inputBytes" : 97346938,
    "inputRecords" : 973468,
    "outputBytes" : 202606430,
    "outputRecords" : 973468,
    "taskID" : "task_1600222256971_1115_m_000006",
    "startTime" : 1601023513879,
    "finishTime" : 1601023522767,
    "taskType" : "MAP",
    "taskStatus" : "SUCCESS",
    "attempts" : [ {
      "attemptID" : "attempt_1600222256971_1115_m_000006_0",
      "result" : "SUCCESS",
      "startTime" : 1601023516087,
      "finishTime" : 1601023522767,
      "hostName" : "/default-rack/slave2",
      "hdfsBytesRead" : 97346938,
      "hdfsBytesWritten" : 0,
      "fileBytesRead" : 102354649,
      "fileBytesWritten" : 202606430,
      "mapInputRecords" : 973468,
      "mapInputBytes" : -1,
      "mapOutputBytes" : 99293736,
      "mapOutputRecords" : 973468,
      "combineInputRecords" : 0,
      "reduceInputGroups" : -1,
      "reduceInputRecords" : -1,
      "reduceShuffleBytes" : -1,
      "reduceOutputRecords" : -1,
      "spilledRecords" : 1946936,
      "shuffleFinished" : -1,
      "sortFinished" : -1,
      "location" : {
        "layers" : [ "default-rack", "slave2" ]
      },
      "clockSplits" : [ 4682, 180, 181, 180, 180, 181, 180, 180, 181, 180, 180, 181 ],
      "cpuUsages" : [ 820, 820, 820, 820, 820, 820, 820, 820, 820, 820, 820, 820 ],
      "physMemKbytes" : [ 12074, 36222, 60370, 84517, 108666, 132813, 156962, 181109, 205258, 229406, 253553, 277702 ],
      "vmemKbytes" : [ 83967, 251901, 419836, 587770, 755705, 923640, 1091575, 1259509, 1427444, 1595379, 1763313, 1931248 ],
      "resourceUsageMetrics" : {
        "cumulativeCpuUsage" : 9840,
        "virtualMemoryUsage" : 2063581184,
        "physicalMemoryUsage" : 296730624,
        "heapUsage" : 198180864
      }
    } ],
    "preferredLocations" : [ ]
  }, {
    "inputBytes" : 97346938,
    "inputRecords" : 973468,
    "outputBytes" : 202606430,
    "outputRecords" : 973468,
    "taskID" : "task_1600222256971_1115_m_000007",
    "startTime" : 1601023513879,
    "finishTime" : 1601023522472,
    "taskType" : "MAP",
    "taskStatus" : "SUCCESS",
    "attempts" : [ {
      "attemptID" : "attempt_1600222256971_1115_m_000007_0",
      "result" : "SUCCESS",
      "startTime" : 1601023516095,
      "finishTime" : 1601023522472,
      "hostName" : "/default-rack/slave1",
      "hdfsBytesRead" : 97346938,
      "hdfsBytesWritten" : 0,
      "fileBytesRead" : 102417465,
      "fileBytesWritten" : 202606430,
      "mapInputRecords" : 973468,
      "mapInputBytes" : -1,
      "mapOutputBytes" : 99293736,
      "mapOutputRecords" : 973468,
      "combineInputRecords" : 0,
      "reduceInputGroups" : -1,
      "reduceInputRecords" : -1,
      "reduceShuffleBytes" : -1,
      "reduceOutputRecords" : -1,
      "spilledRecords" : 1946936,
      "shuffleFinished" : -1,
      "sortFinished" : -1,
      "location" : {
        "layers" : [ "default-rack", "slave1" ]
      },
      "clockSplits" : [ 4488, 169, 170, 169, 169, 170, 169, 169, 170, 169, 169, 170 ],
      "cpuUsages" : [ 802, 803, 802, 803, 802, 803, 802, 803, 802, 803, 802, 803 ],
      "physMemKbytes" : [ 11851, 35553, 59255, 82957, 106660, 130362, 154065, 177766, 201469, 225172, 248873, 272576 ],
      "vmemKbytes" : [ 84044, 252132, 420221, 588309, 756398, 924487, 1092576, 1260664, 1428753, 1596842, 1764930, 1933019 ],
      "resourceUsageMetrics" : {
        "cumulativeCpuUsage" : 9630,
        "virtualMemoryUsage" : 2065473536,
        "physicalMemoryUsage" : 291254272,
        "heapUsage" : 198180864
      }
    } ],
    "preferredLocations" : [ ]
  } ],
  "reduceTasks" : [ {
    "inputBytes" : 173711768,
    "inputRecords" : 1670305,
    "outputBytes" : 167030500,
    "outputRecords" : 1670305,
    "taskID" : "task_1600222256971_1115_r_000000",
    "startTime" : 1601023513880,
    "finishTime" : 1601023532230,
    "taskType" : "REDUCE",
    "taskStatus" : "SUCCESS",
    "attempts" : [ {
      "attemptID" : "attempt_1600222256971_1115_r_000000_0",
      "result" : "SUCCESS",
      "startTime" : 1601023524946,
      "finishTime" : 1601023532230,
      "hostName" : "/default-rack/slave4",
      "hdfsBytesRead" : 0,
      "hdfsBytesWritten" : 167030500,
      "fileBytesRead" : 173711732,
      "fileBytesWritten" : 173836499,
      "mapInputRecords" : -1,
      "mapInputBytes" : -1,
      "mapOutputBytes" : -1,
      "mapOutputRecords" : -1,
      "combineInputRecords" : 0,
      "reduceInputGroups" : 1670305,
      "reduceInputRecords" : 1670305,
      "reduceShuffleBytes" : 173711768,
      "reduceOutputRecords" : 1670305,
      "spilledRecords" : 1670305,
      "shuffleFinished" : 1601023528972,
      "sortFinished" : 1601023529508,
      "location" : {
        "layers" : [ "default-rack", "slave4" ]
      },
      "clockSplits" : [ 4791, 226, 226, 225, 226, 226, 225, 226, 226, 225, 226, 226 ],
      "cpuUsages" : [ 1008, 1008, 1009, 1008, 1008, 1009, 1008, 1008, 1009, 1008, 1008, 1009 ],
      "physMemKbytes" : [ 14032, 42099, 70166, 98232, 126299, 154366, 182433, 210499, 238566, 266633, 294699, 322766 ],
      "vmemKbytes" : [ 84936, 254808, 424680, 594552, 764425, 934297, 1104170, 1274041, 1443914, 1613787, 1783658, 1953531 ],
      "resourceUsageMetrics" : {
        "cumulativeCpuUsage" : 12100,
        "virtualMemoryUsage" : 2087391232,
        "physicalMemoryUsage" : 344883200,
        "heapUsage" : 198180864
      }
    } ],
    "preferredLocations" : [ ]
  }, {
    "inputBytes" : 173649680,
    "inputRecords" : 1669708,
    "outputBytes" : 166970800,
    "outputRecords" : 1669708,
    "taskID" : "task_1600222256971_1115_r_000001",
    "startTime" : 1601023513880,
    "finishTime" : 1601023531188,
    "taskType" : "REDUCE",
    "taskStatus" : "SUCCESS",
    "attempts" : [ {
      "attemptID" : "attempt_1600222256971_1115_r_000001_0",
      "result" : "SUCCESS",
      "startTime" : 1601023524963,
      "finishTime" : 1601023531188,
      "hostName" : "/default-rack/slave3",
      "hdfsBytesRead" : 0,
      "hdfsBytesWritten" : 166970800,
      "fileBytesRead" : 173649644,
      "fileBytesWritten" : 173774411,
      "mapInputRecords" : -1,
      "mapInputBytes" : -1,
      "mapOutputBytes" : -1,
      "mapOutputRecords" : -1,
      "combineInputRecords" : 0,
      "reduceInputGroups" : 1669708,
      "reduceInputRecords" : 1669708,
      "reduceShuffleBytes" : 173649680,
      "reduceOutputRecords" : 1669708,
      "spilledRecords" : 1669708,
      "shuffleFinished" : 1601023529028,
      "sortFinished" : 1601023529477,
      "location" : {
        "layers" : [ "default-rack", "slave3" ]
      },
      "clockSplits" : [ 4666, 141, 140, 141, 140, 141, 140, 141, 140, 141, 140, 141 ],
      "cpuUsages" : [ 1500, 1500, 1500, 1500, 1500, 1500, 1500, 1500, 1500, 1500, 1500, 1500 ],
      "physMemKbytes" : [ 14281, 42846, 71410, 99974, 128539, 157103, 185668, 214231, 242796, 271361, 299924, 328489 ],
      "vmemKbytes" : [ 84359, 253077, 421795, 590512, 759231, 927948, 1096667, 1265384, 1434103, 1602821, 1771538, 1940257 ],
      "resourceUsageMetrics" : {
        "cumulativeCpuUsage" : 18000,
        "virtualMemoryUsage" : 2073206784,
        "physicalMemoryUsage" : 350998528,
        "heapUsage" : 199229440
      }
    } ],
    "preferredLocations" : [ ]
  }, {
    "inputBytes" : 172966816,
    "inputRecords" : 1663142,
    "outputBytes" : 166314200,
    "outputRecords" : 1663142,
    "taskID" : "task_1600222256971_1115_r_000002",
    "startTime" : 1601023513880,
    "finishTime" : 1601023531217,
    "taskType" : "REDUCE",
    "taskStatus" : "SUCCESS",
    "attempts" : [ {
      "attemptID" : "attempt_1600222256971_1115_r_000002_0",
      "result" : "SUCCESS",
      "startTime" : 1601023524952,
      "finishTime" : 1601023531217,
      "hostName" : "/default-rack/slave5",
      "hdfsBytesRead" : 0,
      "hdfsBytesWritten" : 166314200,
      "fileBytesRead" : 172966780,
      "fileBytesWritten" : 173091547,
      "mapInputRecords" : -1,
      "mapInputBytes" : -1,
      "mapOutputBytes" : -1,
      "mapOutputRecords" : -1,
      "combineInputRecords" : 0,
      "reduceInputGroups" : 1663142,
      "reduceInputRecords" : 1663142,
      "reduceShuffleBytes" : 172966816,
      "reduceOutputRecords" : 1663142,
      "spilledRecords" : 1663142,
      "shuffleFinished" : 1601023529092,
      "sortFinished" : 1601023529393,
      "location" : {
        "layers" : [ "default-rack", "slave5" ]
      },
      "clockSplits" : [ 4594, 151, 151, 151, 151, 151, 150, 151, 151, 151, 151, 151 ],
      "cpuUsages" : [ 1531, 1532, 1532, 1531, 1532, 1532, 1531, 1532, 1532, 1531, 1532, 1532 ],
      "physMemKbytes" : [ 14659, 43977, 73295, 102613, 131932, 161250, 190569, 219886, 249205, 278524, 307841, 337160 ],
      "vmemKbytes" : [ 84957, 254871, 424786, 594700, 764615, 934530, 1104445, 1274359, 1444274, 1614189, 1784103, 1954018 ],
      "resourceUsageMetrics" : {
        "cumulativeCpuUsage" : 18380,
        "virtualMemoryUsage" : 2087911424,
        "physicalMemoryUsage" : 360263680,
        "heapUsage" : 200278016
      }
    } ],
    "preferredLocations" : [ ]
  }, {
    "inputBytes" : 171729736,
    "inputRecords" : 1651247,
    "outputBytes" : 165124700,
    "outputRecords" : 1651247,
    "taskID" : "task_1600222256971_1115_r_000003",
    "startTime" : 1601023513880,
    "finishTime" : 1601023531575,
    "taskType" : "REDUCE",
    "taskStatus" : "SUCCESS",
    "attempts" : [ {
      "attemptID" : "attempt_1600222256971_1115_r_000003_0",
      "result" : "SUCCESS",
      "startTime" : 1601023524951,
      "finishTime" : 1601023531575,
      "hostName" : "/default-rack/slave1",
      "hdfsBytesRead" : 0,
      "hdfsBytesWritten" : 165124700,
      "fileBytesRead" : 171729700,
      "fileBytesWritten" : 171854467,
      "mapInputRecords" : -1,
      "mapInputBytes" : -1,
      "mapOutputBytes" : -1,
      "mapOutputRecords" : -1,
      "combineInputRecords" : 0,
      "reduceInputGroups" : 1651247,
      "reduceInputRecords" : 1651247,
      "reduceShuffleBytes" : 171729736,
      "reduceOutputRecords" : 1651247,
      "spilledRecords" : 1651247,
      "shuffleFinished" : 1601023529515,
      "sortFinished" : 1601023529855,
      "location" : {
        "layers" : [ "default-rack", "slave1" ]
      },
      "clockSplits" : [ 5057, 141, 141, 141, 141, 142, 141, 141, 141, 141, 141, 142 ],
      "cpuUsages" : [ 1288, 1288, 1289, 1288, 1288, 1289, 1288, 1288, 1289, 1288, 1288, 1289 ],
      "physMemKbytes" : [ 14028, 42084, 70140, 98196, 126253, 154309, 182366, 210421, 238478, 266535, 294590, 322647 ],
      "vmemKbytes" : [ 84780, 254341, 423904, 593465, 763027, 932588, 1102150, 1271711, 1441274, 1610835, 1780396, 1949959 ],
      "resourceUsageMetrics" : {
        "cumulativeCpuUsage" : 15460,
        "virtualMemoryUsage" : 2083573760,
        "physicalMemoryUsage" : 344756224,
        "heapUsage" : 199229440
      }
    } ],
    "preferredLocations" : [ ]
  }, {
    "inputBytes" : 174133176,
    "inputRecords" : 1674357,
    "outputBytes" : 167435700,
    "outputRecords" : 1674357,
    "taskID" : "task_1600222256971_1115_r_000004",
    "startTime" : 1601023513880,
    "finishTime" : 1601023531655,
    "taskType" : "REDUCE",
    "taskStatus" : "SUCCESS",
    "attempts" : [ {
      "attemptID" : "attempt_1600222256971_1115_r_000004_0",
      "result" : "SUCCESS",
      "startTime" : 1601023524959,
      "finishTime" : 1601023531655,
      "hostName" : "/default-rack/slave1",
      "hdfsBytesRead" : 0,
      "hdfsBytesWritten" : 167435700,
      "fileBytesRead" : 174133140,
      "fileBytesWritten" : 174257907,
      "mapInputRecords" : -1,
      "mapInputBytes" : -1,
      "mapOutputBytes" : -1,
      "mapOutputRecords" : -1,
      "combineInputRecords" : 0,
      "reduceInputGroups" : 1674357,
      "reduceInputRecords" : 1674357,
      "reduceShuffleBytes" : 174133176,
      "reduceOutputRecords" : 1674357,
      "spilledRecords" : 1674357,
      "shuffleFinished" : 1601023529333,
      "sortFinished" : 1601023529701,
      "location" : {
        "layers" : [ "default-rack", "slave1" ]
      },
      "clockSplits" : [ 4915, 161, 161, 161, 161, 161, 161, 161, 161, 161, 161, 161 ],
      "cpuUsages" : [ 1306, 1307, 1307, 1306, 1307, 1307, 1306, 1307, 1307, 1306, 1307, 1307 ],
      "physMemKbytes" : [ 14974, 44923, 74873, 104822, 134771, 164720, 194670, 224619, 254569, 284518, 314467, 344417 ],
      "vmemKbytes" : [ 84328, 252985, 421642, 590299, 758956, 927613, 1096270, 1264927, 1433584, 1602241, 1770898, 1939555 ],
      "resourceUsageMetrics" : {
        "cumulativeCpuUsage" : 15680,
        "virtualMemoryUsage" : 2072457216,
        "physicalMemoryUsage" : 368017408,
        "heapUsage" : 199229440
      }
    } ],
    "preferredLocations" : [ ]
  }, {
    "inputBytes" : 173809112,
    "inputRecords" : 1671241,
    "outputBytes" : 167124100,
    "outputRecords" : 1671241,
    "taskID" : "task_1600222256971_1115_r_000005",
    "startTime" : 1601023513880,
    "finishTime" : 1601023531511,
    "taskType" : "REDUCE",
    "taskStatus" : "SUCCESS",
    "attempts" : [ {
      "attemptID" : "attempt_1600222256971_1115_r_000005_0",
      "result" : "SUCCESS",
      "startTime" : 1601023524958,
      "finishTime" : 1601023531511,
      "hostName" : "/default-rack/slave2",
      "hdfsBytesRead" : 0,
      "hdfsBytesWritten" : 167124100,
      "fileBytesRead" : 173809076,
      "fileBytesWritten" : 173933843,
      "mapInputRecords" : -1,
      "mapInputBytes" : -1,
      "mapOutputBytes" : -1,
      "mapOutputRecords" : -1,
      "combineInputRecords" : 0,
      "reduceInputGroups" : 1671241,
      "reduceInputRecords" : 1671241,
      "reduceShuffleBytes" : 173809112,
      "reduceOutputRecords" : 1671241,
      "spilledRecords" : 1671241,
      "shuffleFinished" : 1601023529234,
      "sortFinished" : 1601023529628,
      "location" : {
        "layers" : [ "default-rack", "slave2" ]
      },
      "clockSplits" : [ 4831, 155, 156, 155, 156, 155, 155, 156, 155, 156, 155, 156 ],
      "cpuUsages" : [ 1092, 1093, 1092, 1093, 1092, 1093, 1092, 1093, 1092, 1093, 1092, 1093 ],
      "physMemKbytes" : [ 14185, 42558, 70930, 99302, 127675, 156047, 184420, 212791, 241164, 269537, 297908, 326281 ],
      "vmemKbytes" : [ 84384, 253153, 421924, 590693, 759463, 928232, 1097002, 1265771, 1434542, 1603311, 1772080, 1940851 ],
      "resourceUsageMetrics" : {
        "cumulativeCpuUsage" : 13110,
        "virtualMemoryUsage" : 2073841664,
        "physicalMemoryUsage" : 348639232,
        "heapUsage" : 199229440
      }
    } ],
    "preferredLocations" : [ ]
  } ],
  "otherTasks" : [ ],
  "successfulMapAttemptCDFs" : [ {
    "numberValues" : 0,
    "minimum" : -9223372036854775808,
    "rankings" : [ ],
    "maximum" : 9223372036854775807
  }, {
    "numberValues" : 0,
    "minimum" : -9223372036854775808,
    "rankings" : [ ],
    "maximum" : 9223372036854775807
  }, {
    "numberValues" : 0,
    "minimum" : -9223372036854775808,
    "rankings" : [ ],
    "maximum" : 9223372036854775807
  }, {
    "numberValues" : 8,
    "minimum" : 6377,
    "rankings" : [ {
      "relativeRanking" : 0.05,
      "datum" : 6377
    }, {
      "relativeRanking" : 0.1,
      "datum" : 6377
    }, {
      "relativeRanking" : 0.15,
      "datum" : 6377
    }, {
      "relativeRanking" : 0.2,
      "datum" : 6377
    }, {
      "relativeRanking" : 0.25,
      "datum" : 6680
    }, {
      "relativeRanking" : 0.3,
      "datum" : 6680
    }, {
      "relativeRanking" : 0.35,
      "datum" : 6680
    }, {
      "relativeRanking" : 0.4,
      "datum" : 6795
    }, {
      "relativeRanking" : 0.45,
      "datum" : 6795
    }, {
      "relativeRanking" : 0.5,
      "datum" : 7294
    }, {
      "relativeRanking" : 0.55,
      "datum" : 7294
    }, {
      "relativeRanking" : 0.6,
      "datum" : 7294
    }, {
      "relativeRanking" : 0.65,
      "datum" : 7311
    }, {
      "relativeRanking" : 0.7,
      "datum" : 7311
    }, {
      "relativeRanking" : 0.75,
      "datum" : 7318
    }, {
      "relativeRanking" : 0.8,
      "datum" : 7318
    }, {
      "relativeRanking" : 0.85,
      "datum" : 7318
    }, {
      "relativeRanking" : 0.9,
      "datum" : 7736
    }, {
      "relativeRanking" : 0.95,
      "datum" : 7736
    } ],
    "maximum" : 8614
  } ],
  "failedMapAttemptCDFs" : [ {
    "numberValues" : 0,
    "minimum" : -9223372036854775808,
    "rankings" : [ ],
    "maximum" : 9223372036854775807
  }, {
    "numberValues" : 0,
    "minimum" : -9223372036854775808,
    "rankings" : [ ],
    "maximum" : 9223372036854775807
  }, {
    "numberValues" : 0,
    "minimum" : -9223372036854775808,
    "rankings" : [ ],
    "maximum" : 9223372036854775807
  }, {
    "numberValues" : 0,
    "minimum" : -9223372036854775808,
    "rankings" : [ ],
    "maximum" : 9223372036854775807
  } ],
  "successfulReduceAttemptCDF" : {
    "numberValues" : 6,
    "minimum" : 6225,
    "rankings" : [ {
      "relativeRanking" : 0.05,
      "datum" : 6225
    }, {
      "relativeRanking" : 0.1,
      "datum" : 6225
    }, {
      "relativeRanking" : 0.15,
      "datum" : 6225
    }, {
      "relativeRanking" : 0.2,
      "datum" : 6225
    }, {
      "relativeRanking" : 0.25,
      "datum" : 6225
    }, {
      "relativeRanking" : 0.3,
      "datum" : 6225
    }, {
      "relativeRanking" : 0.35,
      "datum" : 6265
    }, {
      "relativeRanking" : 0.4,
      "datum" : 6265
    }, {
      "relativeRanking" : 0.45,
      "datum" : 6265
    }, {
      "relativeRanking" : 0.5,
      "datum" : 6553
    }, {
      "relativeRanking" : 0.55,
      "datum" : 6553
    }, {
      "relativeRanking" : 0.6,
      "datum" : 6553
    }, {
      "relativeRanking" : 0.65,
      "datum" : 6553
    }, {
      "relativeRanking" : 0.7,
      "datum" : 6624
    }, {
      "relativeRanking" : 0.75,
      "datum" : 6624
    }, {
      "relativeRanking" : 0.8,
      "datum" : 6624
    }, {
      "relativeRanking" : 0.85,
      "datum" : 6696
    }, {
      "relativeRanking" : 0.9,
      "datum" : 6696
    }, {
      "relativeRanking" : 0.95,
      "datum" : 6696
    } ],
    "maximum" : 7284
  },
  "failedReduceAttemptCDF" : {
    "numberValues" : 0,
    "minimum" : -9223372036854775808,
    "rankings" : [ ],
    "maximum" : 9223372036854775807
  },
  "queue" : "default",
  "jobName" : "TeraSort-[1601023510667]",
  "clusterMapMB" : -1,
  "clusterReduceMB" : -1,
  "jobMapMB" : -1,
  "jobReduceMB" : -1,
  "relativeTime" : 0,
  "mapperTriesToSucceed" : [ 1.0 ],
  "failedMapperFraction" : 0.0,
  "jobProperties" : { }
}