{
  "name" : "<root>",
  "children" : [ {
    "name" : "UNKNOWN",
    "children" : [ {
      "name" : "UNKNOWN",
      "children" : null
    } ]
  }, {
    "name" : "default-rack",
    "children" : [ {
      "name" : "slave4",
      "children" : null
    }, {
      "name" : "slave3",
      "children" : null
    }, {
      "name" : "slave5",
      "children" : null
    }, {
      "name" : "slave2",
      "children" : null
    }, {
      "name" : "slave1",
      "children" : null
    } ]
  } ]
}