{
  "jobID" : "job_1572946766556_0687",
  "user" : "hadoop",
  "computonsPerMapInputByte" : -1,
  "computonsPerMapOutputByte" : -1,
  "computonsPerReduceInputByte" : -1,
  "computonsPerReduceOutputByte" : -1,
  "submitTime" : 1575463637014,
  "launchTime" : 1575463641066,
  "finishTime" : 1575463685558,
  "heapMegabytes" : -1,
  "totalMaps" : 2,
  "totalReduces" : 1,
  "outcome" : "SUCCESS",
  "jobtype" : "JAVA",
  "priority" : "NORMAL",
  "directDependantJobs" : [ ],
  "mapTasks" : [ {
    "inputBytes" : 79565870,
    "inputRecords" : 2570811,
    "outputBytes" : 140958772,
    "outputRecords" : 2570810,
    "taskID" : "task_1572946766556_0687_m_000000",
    "startTime" : 1575463641108,
    "finishTime" : 1575463653421,
    "taskType" : "MAP",
    "taskStatus" : "SUCCESS",
    "attempts" : [ {
      "attemptID" : "attempt_1572946766556_0687_m_000000_0",
      "result" : "SUCCESS",
      "startTime" : 1575463643284,
      "finishTime" : 1575463653421,
      "hostName" : "/default-rack/slave2",
      "hdfsBytesRead" : 79565870,
      "hdfsBytesWritten" : 0,
      "fileBytesRead" : 70417122,
      "fileBytesWritten" : 140958772,
      "mapInputRecords" : 2570811,
      "mapInputBytes" : -1,
      "mapOutputBytes" : 65275490,
      "mapOutputRecords" : 2570810,
      "combineInputRecords" : 0,
      "reduceInputGroups" : -1,
      "reduceInputRecords" : -1,
      "reduceShuffleBytes" : -1,
      "reduceOutputRecords" : -1,
      "spilledRecords" : 5141620,
      "shuffleFinished" : -1,
      "sortFinished" : -1,
      "location" : {
        "layers" : [ "default-rack", "slave2" ]
      },
      "clockSplits" : [ 7764, 17, 18, 17, 17, 18, 17, 17, 558, 559, 560, 560 ],
      "cpuUsages" : [ 1569, 1569, 1569, 1569, 1570, 1569, 1569, 1569, 886, 884, 883, 884 ],
      "physMemKbytes" : [ 17335, 52006, 86677, 121348, 156019, 190690, 225362, 260033, 277630, 277879, 278126, 278375 ],
      "vmemKbytes" : [ 129324, 387972, 646620, 905267, 1163916, 1422564, 1681213, 1939860, 2070600, 2071374, 2072145, 2072918 ],
      "resourceUsageMetrics" : {
        "cumulativeCpuUsage" : 16090,
        "virtualMemoryUsage" : 2123063296,
        "physicalMemoryUsage" : 285184000,
        "heapUsage" : 207093760
      }
    } ],
    "preferredLocations" : [ ]
  }, {
    "inputBytes" : 63092039,
    "inputRecords" : 1299730,
    "outputBytes" : 144540516,
    "outputRecords" : 1299729,
    "taskID" : "task_1572946766556_0687_m_000001",
    "startTime" : 1575463641110,
    "finishTime" : 1575463650620,
    "taskType" : "MAP",
    "taskStatus" : "SUCCESS",
    "attempts" : [ {
      "attemptID" : "attempt_1572946766556_0687_m_000001_0",
      "result" : "SUCCESS",
      "startTime" : 1575463643277,
      "finishTime" : 1575463650620,
      "hostName" : "/default-rack/slave2",
      "hdfsBytesRead" : 63092039,
      "hdfsBytesWritten" : 0,
      "fileBytesRead" : 72207994,
      "fileBytesWritten" : 144540516,
      "mapInputRecords" : 1299730,
      "mapInputBytes" : -1,
      "mapOutputBytes" : 69599284,
      "mapOutputRecords" : 1299729,
      "combineInputRecords" : 0,
      "reduceInputGroups" : -1,
      "reduceInputRecords" : -1,
      "reduceShuffleBytes" : -1,
      "reduceOutputRecords" : -1,
      "spilledRecords" : 2599458,
      "shuffleFinished" : -1,
      "sortFinished" : -1,
      "location" : {
        "layers" : [ "default-rack", "slave2" ]
      },
      "clockSplits" : [ 4300, 275, 274, 275, 274, 275, 274, 275, 274, 275, 274, 275 ],
      "cpuUsages" : [ 986, 987, 987, 986, 987, 987, 986, 987, 987, 986, 987, 987 ],
      "physMemKbytes" : [ 11794, 35382, 58971, 82559, 106148, 129737, 153326, 176914, 200503, 224092, 247680, 271269 ],
      "vmemKbytes" : [ 86395, 259185, 431975, 604764, 777555, 950344, 1123135, 1295924, 1468715, 1641505, 1814294, 1987085 ],
      "resourceUsageMetrics" : {
        "cumulativeCpuUsage" : 11840,
        "virtualMemoryUsage" : 2123243520,
        "physicalMemoryUsage" : 289857536,
        "heapUsage" : 206569472
      }
    } ],
    "preferredLocations" : [ ]
  } ],
  "reduceTasks" : [ {
    "inputBytes" : 142625104,
    "inputRecords" : 3870539,
    "outputBytes" : 467892321,
    "outputRecords" : 7567768,
    "taskID" : "task_1572946766556_0687_r_000000",
    "startTime" : 1575463641111,
    "finishTime" : 1575463685464,
    "taskType" : "REDUCE",
    "taskStatus" : "SUCCESS",
    "attempts" : [ {
      "attemptID" : "attempt_1572946766556_0687_r_000000_0",
      "result" : "SUCCESS",
      "startTime" : 1575463653176,
      "finishTime" : 1575463685464,
      "hostName" : "/default-rack/slave2",
      "hdfsBytesRead" : 0,
      "hdfsBytesWritten" : 467892321,
      "fileBytesRead" : 142625104,
      "fileBytesWritten" : 142749583,
      "mapInputRecords" : -1,
      "mapInputBytes" : -1,
      "mapOutputBytes" : -1,
      "mapOutputRecords" : -1,
      "combineInputRecords" : 0,
      "reduceInputGroups" : 432471,
      "reduceInputRecords" : 3870539,
      "reduceShuffleBytes" : 142625104,
      "reduceOutputRecords" : 7567768,
      "spilledRecords" : 3870539,
      "shuffleFinished" : 1575463655216,
      "sortFinished" : 1575463655237,
      "location" : {
        "layers" : [ "default-rack", "slave2" ]
      },
      "clockSplits" : [ 2721, 658, 657, 658, 657, 658, 657, 658, 2262, 7585, 7274, 7750 ],
      "cpuUsages" : [ 1389, 1390, 1390, 1390, 1390, 1390, 1390, 1390, 4230, 12942, 10662, 11207 ],
      "physMemKbytes" : [ 10992, 32977, 54962, 76947, 98933, 120918, 142904, 164889, 188147, 215519, 202162, 197525 ],
      "vmemKbytes" : [ 118968, 356905, 594842, 832779, 1070717, 1308654, 1546591, 1784528, 2014923, 2081524, 2081523, 2081524 ],
      "resourceUsageMetrics" : {
        "cumulativeCpuUsage" : 50350,
        "virtualMemoryUsage" : 2131480576,
        "physicalMemoryUsage" : 203767808,
        "heapUsage" : 134742016
      }
    } ],
    "preferredLocations" : [ ]
  } ],
  "otherTasks" : [ ],
  "successfulMapAttemptCDFs" : [ {
    "numberValues" : 0,
    "minimum" : -9223372036854775808,
    "rankings" : [ ],
    "maximum" : 9223372036854775807
  }, {
    "numberValues" : 0,
    "minimum" : -9223372036854775808,
    "rankings" : [ ],
    "maximum" : 9223372036854775807
  }, {
    "numberValues" : 0,
    "minimum" : -9223372036854775808,
    "rankings" : [ ],
    "maximum" : 9223372036854775807
  }, {
    "numberValues" : 2,
    "minimum" : 7343,
    "rankings" : [ {
      "relativeRanking" : 0.05,
      "datum" : 7343
    }, {
      "relativeRanking" : 0.1,
      "datum" : 7343
    }, {
      "relativeRanking" : 0.15,
      "datum" : 7343
    }, {
      "relativeRanking" : 0.2,
      "datum" : 7343
    }, {
      "relativeRanking" : 0.25,
      "datum" : 7343
    }, {
      "relativeRanking" : 0.3,
      "datum" : 7343
    }, {
      "relativeRanking" : 0.35,
      "datum" : 7343
    }, {
      "relativeRanking" : 0.4,
      "datum" : 7343
    }, {
      "relativeRanking" : 0.45,
      "datum" : 7343
    }, {
      "relativeRanking" : 0.5,
      "datum" : 7343
    }, {
      "relativeRanking" : 0.55,
      "datum" : 7343
    }, {
      "relativeRanking" : 0.6,
      "datum" : 7343
    }, {
      "relativeRanking" : 0.65,
      "datum" : 7343
    }, {
      "relativeRanking" : 0.7,
      "datum" : 7343
    }, {
      "relativeRanking" : 0.75,
      "datum" : 7343
    }, {
      "relativeRanking" : 0.8,
      "datum" : 7343
    }, {
      "relativeRanking" : 0.85,
      "datum" : 7343
    }, {
      "relativeRanking" : 0.9,
      "datum" : 7343
    }, {
      "relativeRanking" : 0.95,
      "datum" : 7343
    } ],
    "maximum" : 10137
  } ],
  "failedMapAttemptCDFs" : [ {
    "numberValues" : 0,
    "minimum" : -9223372036854775808,
    "rankings" : [ ],
    "maximum" : 9223372036854775807
  }, {
    "numberValues" : 0,
    "minimum" : -9223372036854775808,
    "rankings" : [ ],
    "maximum" : 9223372036854775807
  }, {
    "numberValues" : 0,
    "minimum" : -9223372036854775808,
    "rankings" : [ ],
    "maximum" : 9223372036854775807
  }, {
    "numberValues" : 0,
    "minimum" : -9223372036854775808,
    "rankings" : [ ],
    "maximum" : 9223372036854775807
  } ],
  "successfulReduceAttemptCDF" : {
    "numberValues" : 1,
    "minimum" : 32288,
    "rankings" : [ {
      "relativeRanking" : 0.05,
      "datum" : 32288
    }, {
      "relativeRanking" : 0.1,
      "datum" : 32288
    }, {
      "relativeRanking" : 0.15,
      "datum" : 32288
    }, {
      "relativeRanking" : 0.2,
      "datum" : 32288
    }, {
      "relativeRanking" : 0.25,
      "datum" : 32288
    }, {
      "relativeRanking" : 0.3,
      "datum" : 32288
    }, {
      "relativeRanking" : 0.35,
      "datum" : 32288
    }, {
      "relativeRanking" : 0.4,
      "datum" : 32288
    }, {
      "relativeRanking" : 0.45,
      "datum" : 32288
    }, {
      "relativeRanking" : 0.5,
      "datum" : 32288
    }, {
      "relativeRanking" : 0.55,
      "datum" : 32288
    }, {
      "relativeRanking" : 0.6,
      "datum" : 32288
    }, {
      "relativeRanking" : 0.65,
      "datum" : 32288
    }, {
      "relativeRanking" : 0.7,
      "datum" : 32288
    }, {
      "relativeRanking" : 0.75,
      "datum" : 32288
    }, {
      "relativeRanking" : 0.8,
      "datum" : 32288
    }, {
      "relativeRanking" : 0.85,
      "datum" : 32288
    }, {
      "relativeRanking" : 0.9,
      "datum" : 32288
    }, {
      "relativeRanking" : 0.95,
      "datum" : 32288
    } ],
    "maximum" : 32288
  },
  "failedReduceAttemptCDF" : {
    "numberValues" : 0,
    "minimum" : -9223372036854775808,
    "rankings" : [ ],
    "maximum" : 9223372036854775807
  },
  "queue" : "default",
  "jobName" : "ReduceJoin-[1575463634467]",
  "clusterMapMB" : -1,
  "clusterReduceMB" : -1,
  "jobMapMB" : -1,
  "jobReduceMB" : -1,
  "relativeTime" : 0,
  "mapperTriesToSucceed" : [ 1.0 ],
  "failedMapperFraction" : 0.0,
  "jobProperties" : { }
}