{
  "jobID" : "job_1600222256971_1117",
  "user" : "hadoop",
  "computonsPerMapInputByte" : -1,
  "computonsPerMapOutputByte" : -1,
  "computonsPerReduceInputByte" : -1,
  "computonsPerReduceOutputByte" : -1,
  "submitTime" : 1601023571032,
  "launchTime" : 1601023574546,
  "finishTime" : 1601023593193,
  "heapMegabytes" : -1,
  "totalMaps" : 8,
  "totalReduces" : 6,
  "outcome" : "SUCCESS",
  "jobtype" : "JAVA",
  "priority" : "NORMAL",
  "directDependantJobs" : [ ],
  "mapTasks" : [ {
    "inputBytes" : 134217938,
    "inputRecords" : 1342178,
    "outputBytes" : 279298074,
    "outputRecords" : 1342178,
    "taskID" : "task_1600222256971_1117_m_000000",
    "startTime" : 1601023574586,
    "finishTime" : 1601023584521,
    "taskType" : "MAP",
    "taskStatus" : "SUCCESS",
    "attempts" : [ {
      "attemptID" : "attempt_1600222256971_1117_m_000000_0",
      "result" : "SUCCESS",
      "startTime" : 1601023576844,
      "finishTime" : 1601023584521,
      "hostName" : "/default-rack/slave2",
      "hdfsBytesRead" : 134217938,
      "hdfsBytesWritten" : 0,
      "fileBytesRead" : 140221651,
      "fileBytesWritten" : 279298074,
      "mapInputRecords" : 1342178,
      "mapInputBytes" : -1,
      "mapOutputBytes" : 136902156,
      "mapOutputRecords" : 1342178,
      "combineInputRecords" : 0,
      "reduceInputGroups" : -1,
      "reduceInputRecords" : -1,
      "reduceShuffleBytes" : -1,
      "reduceOutputRecords" : -1,
      "spilledRecords" : 2684356,
      "shuffleFinished" : -1,
      "sortFinished" : -1,
      "location" : {
        "layers" : [ "default-rack", "slave2" ]
      },
      "clockSplits" : [ 5268, 218, 218, 218, 217, 218, 218, 218, 217, 218, 218, 218 ],
      "cpuUsages" : [ 809, 809, 809, 809, 809, 810, 809, 809, 809, 809, 809, 810 ],
      "physMemKbytes" : [ 11819, 35458, 59098, 82737, 106376, 130015, 153655, 177294, 200934, 224573, 248212, 271852 ],
      "vmemKbytes" : [ 84012, 252036, 420060, 588084, 756109, 924133, 1092158, 1260181, 1428206, 1596231, 1764254, 1932279 ],
      "resourceUsageMetrics" : {
        "cumulativeCpuUsage" : 9710,
        "virtualMemoryUsage" : 2064683008,
        "physicalMemoryUsage" : 290480128,
        "heapUsage" : 187695104
      }
    }, {
      "attemptID" : "attempt_1600222256971_1117_m_000000_1",
      "result" : "KILLED",
      "startTime" : -1,
      "finishTime" : 0,
      "hostName" : "/UNKNOWN/UNKNOWN",
      "hdfsBytesRead" : -1,
      "hdfsBytesWritten" : -1,
      "fileBytesRead" : -1,
      "fileBytesWritten" : -1,
      "mapInputRecords" : -1,
      "mapInputBytes" : -1,
      "mapOutputBytes" : -1,
      "mapOutputRecords" : -1,
      "combineInputRecords" : -1,
      "reduceInputGroups" : -1,
      "reduceInputRecords" : -1,
      "reduceShuffleBytes" : -1,
      "reduceOutputRecords" : -1,
      "spilledRecords" : -1,
      "shuffleFinished" : -1,
      "sortFinished" : -1,
      "location" : {
        "layers" : [ "UNKNOWN", "UNKNOWN" ]
      },
      "clockSplits" : [ -1, -1, -1, -1, -1, -1, -1, -1, -1, -1, -1, -1 ],
      "cpuUsages" : [ -1, -1, -1, -1, -1, -1, -1, -1, -1, -1, -1, -1 ],
      "physMemKbytes" : [ -1, -1, -1, -1, -1, -1, -1, -1, -1, -1, -1, -1 ],
      "vmemKbytes" : [ -1, -1, -1, -1, -1, -1, -1, -1, -1, -1, -1, -1 ],
      "resourceUsageMetrics" : {
        "cumulativeCpuUsage" : 0,
        "virtualMemoryUsage" : 0,
        "physicalMemoryUsage" : 0,
        "heapUsage" : 0
      }
    } ],
    "preferredLocations" : [ ]
  }, {
    "inputBytes" : 134217838,
    "inputRecords" : 1342177,
    "outputBytes" : 279297866,
    "outputRecords" : 1342177,
    "taskID" : "task_1600222256971_1117_m_000001",
    "startTime" : 1601023574588,
    "finishTime" : 1601023583631,
    "taskType" : "MAP",
    "taskStatus" : "SUCCESS",
    "attempts" : [ {
      "attemptID" : "attempt_1600222256971_1117_m_000001_0",
      "result" : "SUCCESS",
      "startTime" : 1601023576842,
      "finishTime" : 1601023583631,
      "hostName" : "/default-rack/slave3",
      "hdfsBytesRead" : 134217838,
      "hdfsBytesWritten" : 0,
      "fileBytesRead" : 140232571,
      "fileBytesWritten" : 279297866,
      "mapInputRecords" : 1342177,
      "mapInputBytes" : -1,
      "mapOutputBytes" : 136902054,
      "mapOutputRecords" : 1342177,
      "combineInputRecords" : 0,
      "reduceInputGroups" : -1,
      "reduceInputRecords" : -1,
      "reduceShuffleBytes" : -1,
      "reduceOutputRecords" : -1,
      "spilledRecords" : 2684354,
      "shuffleFinished" : -1,
      "sortFinished" : -1,
      "location" : {
        "layers" : [ "default-rack", "slave3" ]
      },
      "clockSplits" : [ 4848, 175, 175, 176, 175, 175, 175, 176, 175, 175, 175, 176 ],
      "cpuUsages" : [ 790, 790, 790, 790, 790, 790, 790, 790, 790, 790, 790, 790 ],
      "physMemKbytes" : [ 11943, 35829, 59716, 83602, 107489, 131376, 155263, 179149, 203036, 226923, 250809, 274696 ],
      "vmemKbytes" : [ 83980, 251940, 419900, 587860, 755821, 923781, 1091742, 1259701, 1427662, 1595623, 1763582, 1931543 ],
      "resourceUsageMetrics" : {
        "cumulativeCpuUsage" : 9480,
        "virtualMemoryUsage" : 2063896576,
        "physicalMemoryUsage" : 293519360,
        "heapUsage" : 198180864
      }
    } ],
    "preferredLocations" : [ ]
  }, {
    "inputBytes" : 134217838,
    "inputRecords" : 1342177,
    "outputBytes" : 279297866,
    "outputRecords" : 1342177,
    "taskID" : "task_1600222256971_1117_m_000002",
    "startTime" : 1601023574588,
    "finishTime" : 1601023583595,
    "taskType" : "MAP",
    "taskStatus" : "SUCCESS",
    "attempts" : [ {
      "attemptID" : "attempt_1600222256971_1117_m_000002_0",
      "result" : "SUCCESS",
      "startTime" : 1601023576833,
      "finishTime" : 1601023583595,
      "hostName" : "/default-rack/slave5",
      "hdfsBytesRead" : 134217838,
      "hdfsBytesWritten" : 0,
      "fileBytesRead" : 140029915,
      "fileBytesWritten" : 279297866,
      "mapInputRecords" : 1342177,
      "mapInputBytes" : -1,
      "mapOutputBytes" : 136902054,
      "mapOutputRecords" : 1342177,
      "combineInputRecords" : 0,
      "reduceInputGroups" : -1,
      "reduceInputRecords" : -1,
      "reduceShuffleBytes" : -1,
      "reduceOutputRecords" : -1,
      "spilledRecords" : 2684354,
      "shuffleFinished" : -1,
      "sortFinished" : -1,
      "location" : {
        "layers" : [ "default-rack", "slave5" ]
      },
      "clockSplits" : [ 4674, 189, 188, 189, 188, 189, 189, 188, 189, 188, 189, 189 ],
      "cpuUsages" : [ 790, 790, 790, 790, 790, 790, 790, 790, 790, 790, 790, 790 ],
      "physMemKbytes" : [ 11902, 35707, 59513, 83318, 107123, 130928, 154734, 178539, 202345, 226150, 249955, 273761 ],
      "vmemKbytes" : [ 84018, 252055, 420093, 588130, 756167, 924204, 1092242, 1260279, 1428317, 1596354, 1764391, 1932429 ],
      "resourceUsageMetrics" : {
        "cumulativeCpuUsage" : 9480,
        "virtualMemoryUsage" : 2064842752,
        "physicalMemoryUsage" : 292519936,
        "heapUsage" : 197132288
      }
    } ],
    "preferredLocations" : [ ]
  }, {
    "inputBytes" : 134217938,
    "inputRecords" : 1342178,
    "outputBytes" : 279298074,
    "outputRecords" : 1342178,
    "taskID" : "task_1600222256971_1117_m_000003",
    "startTime" : 1601023574588,
    "finishTime" : 1601023584142,
    "taskType" : "MAP",
    "taskStatus" : "SUCCESS",
    "attempts" : [ {
      "attemptID" : "attempt_1600222256971_1117_m_000003_0",
      "result" : "SUCCESS",
      "startTime" : 1601023576841,
      "finishTime" : 1601023584142,
      "hostName" : "/default-rack/slave1",
      "hdfsBytesRead" : 134217938,
      "hdfsBytesWritten" : 0,
      "fileBytesRead" : 140019723,
      "fileBytesWritten" : 279298074,
      "mapInputRecords" : 1342178,
      "mapInputBytes" : -1,
      "mapOutputBytes" : 136902156,
      "mapOutputRecords" : 1342178,
      "combineInputRecords" : 0,
      "reduceInputGroups" : -1,
      "reduceInputRecords" : -1,
      "reduceShuffleBytes" : -1,
      "reduceOutputRecords" : -1,
      "spilledRecords" : 2684356,
      "shuffleFinished" : -1,
      "sortFinished" : -1,
      "location" : {
        "layers" : [ "default-rack", "slave1" ]
      },
      "clockSplits" : [ 5234, 187, 187, 186, 187, 187, 186, 187, 187, 186, 187, 187 ],
      "cpuUsages" : [ 759, 759, 759, 759, 759, 760, 759, 759, 759, 759, 759, 760 ],
      "physMemKbytes" : [ 11933, 35801, 59669, 83536, 107404, 131271, 155139, 179006, 202875, 226742, 250609, 274478 ],
      "vmemKbytes" : [ 83939, 251818, 419698, 587577, 755456, 923335, 1091215, 1259094, 1426974, 1594853, 1762732, 1930612 ],
      "resourceUsageMetrics" : {
        "cumulativeCpuUsage" : 9110,
        "virtualMemoryUsage" : 2062901248,
        "physicalMemoryUsage" : 293285888,
        "heapUsage" : 198180864
      }
    } ],
    "preferredLocations" : [ ]
  }, {
    "inputBytes" : 134217838,
    "inputRecords" : 1342177,
    "outputBytes" : 279297866,
    "outputRecords" : 1342177,
    "taskID" : "task_1600222256971_1117_m_000004",
    "startTime" : 1601023574588,
    "finishTime" : 1601023583905,
    "taskType" : "MAP",
    "taskStatus" : "SUCCESS",
    "attempts" : [ {
      "attemptID" : "attempt_1600222256971_1117_m_000004_0",
      "result" : "SUCCESS",
      "startTime" : 1601023576840,
      "finishTime" : 1601023583905,
      "hostName" : "/default-rack/slave1",
      "hdfsBytesRead" : 134217838,
      "hdfsBytesWritten" : 0,
      "fileBytesRead" : 140108707,
      "fileBytesWritten" : 279297866,
      "mapInputRecords" : 1342177,
      "mapInputBytes" : -1,
      "mapOutputBytes" : 136902054,
      "mapOutputRecords" : 1342177,
      "combineInputRecords" : 0,
      "reduceInputGroups" : -1,
      "reduceInputRecords" : -1,
      "reduceShuffleBytes" : -1,
      "reduceOutputRecords" : -1,
      "spilledRecords" : 2684354,
      "shuffleFinished" : -1,
      "sortFinished" : -1,
      "location" : {
        "layers" : [ "default-rack", "slave1" ]
      },
      "clockSplits" : [ 4971, 189, 190, 189, 189, 190, 189, 189, 190, 189, 189, 190 ],
      "cpuUsages" : [ 845, 846, 846, 846, 846, 846, 845, 846, 846, 846, 846, 846 ],
      "physMemKbytes" : [ 12032, 36097, 60163, 84228, 108293, 132358, 156424, 180489, 204555, 228620, 252685, 276751 ],
      "vmemKbytes" : [ 83983, 251950, 419919, 587886, 755854, 923821, 1091789, 1259756, 1427725, 1595692, 1763659, 1931628 ],
      "resourceUsageMetrics" : {
        "cumulativeCpuUsage" : 10150,
        "virtualMemoryUsage" : 2063986688,
        "physicalMemoryUsage" : 295714816,
        "heapUsage" : 197656576
      }
    } ],
    "preferredLocations" : [ ]
  }, {
    "inputBytes" : 134217838,
    "inputRecords" : 1342177,
    "outputBytes" : 279297866,
    "outputRecords" : 1342177,
    "taskID" : "task_1600222256971_1117_m_000005",
    "startTime" : 1601023574589,
    "finishTime" : 1601023584012,
    "taskType" : "MAP",
    "taskStatus" : "SUCCESS",
    "attempts" : [ {
      "attemptID" : "attempt_1600222256971_1117_m_000005_0",
      "result" : "SUCCESS",
      "startTime" : 1601023576841,
      "finishTime" : 1601023584012,
      "hostName" : "/default-rack/slave4",
      "hdfsBytesRead" : 134217838,
      "hdfsBytesWritten" : 0,
      "fileBytesRead" : 140315875,
      "fileBytesWritten" : 279297866,
      "mapInputRecords" : 1342177,
      "mapInputBytes" : -1,
      "mapOutputBytes" : 136902054,
      "mapOutputRecords" : 1342177,
      "combineInputRecords" : 0,
      "reduceInputGroups" : -1,
      "reduceInputRecords" : -1,
      "reduceShuffleBytes" : -1,
      "reduceOutputRecords" : -1,
      "spilledRecords" : 2684354,
      "shuffleFinished" : -1,
      "sortFinished" : -1,
      "location" : {
        "layers" : [ "default-rack", "slave4" ]
      },
      "clockSplits" : [ 5124, 185, 185, 185, 185, 185, 184, 185, 185, 185, 185, 185 ],
      "cpuUsages" : [ 856, 857, 857, 856, 857, 857, 856, 857, 857, 856, 857, 857 ],
      "physMemKbytes" : [ 11833, 35501, 59169, 82836, 106504, 130171, 153839, 177506, 201175, 224842, 248509, 272178 ],
      "vmemKbytes" : [ 83979, 251937, 419895, 587852, 755811, 923768, 1091727, 1259684, 1427643, 1595601, 1763558, 1931517 ],
      "resourceUsageMetrics" : {
        "cumulativeCpuUsage" : 10280,
        "virtualMemoryUsage" : 2063867904,
        "physicalMemoryUsage" : 290828288,
        "heapUsage" : 197656576
      }
    } ],
    "preferredLocations" : [ ]
  }, {
    "inputBytes" : 97346938,
    "inputRecords" : 973468,
    "outputBytes" : 202606394,
    "outputRecords" : 973468,
    "taskID" : "task_1600222256971_1117_m_000006",
    "startTime" : 1601023574589,
    "finishTime" : 1601023583197,
    "taskType" : "MAP",
    "taskStatus" : "SUCCESS",
    "attempts" : [ {
      "attemptID" : "attempt_1600222256971_1117_m_000006_0",
      "result" : "SUCCESS",
      "startTime" : 1601023576843,
      "finishTime" : 1601023583197,
      "hostName" : "/default-rack/slave2",
      "hdfsBytesRead" : 97346938,
      "hdfsBytesWritten" : 0,
      "fileBytesRead" : 101830355,
      "fileBytesWritten" : 202606394,
      "mapInputRecords" : 973468,
      "mapInputBytes" : -1,
      "mapOutputBytes" : 99293736,
      "mapOutputRecords" : 973468,
      "combineInputRecords" : 0,
      "reduceInputGroups" : -1,
      "reduceInputRecords" : -1,
      "reduceShuffleBytes" : -1,
      "reduceOutputRecords" : -1,
      "spilledRecords" : 1946936,
      "shuffleFinished" : -1,
      "sortFinished" : -1,
      "location" : {
        "layers" : [ "default-rack", "slave2" ]
      },
      "clockSplits" : [ 4905, 130, 131, 130, 130, 131, 130, 130, 131, 130, 130, 131 ],
      "cpuUsages" : [ 651, 652, 652, 651, 652, 652, 651, 652, 652, 651, 652, 652 ],
      "physMemKbytes" : [ 11978, 35936, 59894, 83851, 107809, 131766, 155724, 179681, 203640, 227597, 251554, 275513 ],
      "vmemKbytes" : [ 83932, 251797, 419663, 587528, 755393, 923258, 1091124, 1258989, 1426855, 1594720, 1762585, 1930451 ],
      "resourceUsageMetrics" : {
        "cumulativeCpuUsage" : 7820,
        "virtualMemoryUsage" : 2062729216,
        "physicalMemoryUsage" : 294391808,
        "heapUsage" : 198180864
      }
    } ],
    "preferredLocations" : [ ]
  }, {
    "inputBytes" : 97346938,
    "inputRecords" : 973468,
    "outputBytes" : 202606394,
    "outputRecords" : 973468,
    "taskID" : "task_1600222256971_1117_m_000007",
    "startTime" : 1601023574589,
    "finishTime" : 1601023582714,
    "taskType" : "MAP",
    "taskStatus" : "SUCCESS",
    "attempts" : [ {
      "attemptID" : "attempt_1600222256971_1117_m_000007_0",
      "result" : "SUCCESS",
      "startTime" : 1601023576840,
      "finishTime" : 1601023582714,
      "hostName" : "/default-rack/slave1",
      "hdfsBytesRead" : 97346938,
      "hdfsBytesWritten" : 0,
      "fileBytesRead" : 101893171,
      "fileBytesWritten" : 202606394,
      "mapInputRecords" : 973468,
      "mapInputBytes" : -1,
      "mapOutputBytes" : 99293736,
      "mapOutputRecords" : 973468,
      "combineInputRecords" : 0,
      "reduceInputGroups" : -1,
      "reduceInputRecords" : -1,
      "reduceShuffleBytes" : -1,
      "reduceOutputRecords" : -1,
      "spilledRecords" : 1946936,
      "shuffleFinished" : -1,
      "sortFinished" : -1,
      "location" : {
        "layers" : [ "default-rack", "slave1" ]
      },
      "clockSplits" : [ 4659, 108, 108, 108, 107, 108, 108, 108, 107, 108, 108, 108 ],
      "cpuUsages" : [ 638, 638, 639, 638, 638, 639, 638, 638, 639, 638, 638, 639 ],
      "physMemKbytes" : [ 12065, 36196, 60328, 84459, 108590, 132721, 156853, 180984, 205116, 229247, 253378, 277510 ],
      "vmemKbytes" : [ 83967, 251901, 419835, 587768, 755703, 923636, 1091571, 1259504, 1427439, 1595373, 1763306, 1931241 ],
      "resourceUsageMetrics" : {
        "cumulativeCpuUsage" : 7660,
        "virtualMemoryUsage" : 2063572992,
        "physicalMemoryUsage" : 296525824,
        "heapUsage" : 198180864
      }
    } ],
    "preferredLocations" : [ ]
  } ],
  "reduceTasks" : [ {
    "inputBytes" : 173711768,
    "inputRecords" : 1670305,
    "outputBytes" : 167030500,
    "outputRecords" : 1670305,
    "taskID" : "task_1600222256971_1117_r_000000",
    "startTime" : 1601023574589,
    "finishTime" : 1601023592299,
    "taskType" : "REDUCE",
    "taskStatus" : "SUCCESS",
    "attempts" : [ {
      "attemptID" : "attempt_1600222256971_1117_r_000000_0",
      "result" : "SUCCESS",
      "startTime" : 1601023585689,
      "finishTime" : 1601023592299,
      "hostName" : "/default-rack/slave3",
      "hdfsBytesRead" : 0,
      "hdfsBytesWritten" : 167030500,
      "fileBytesRead" : 173711732,
      "fileBytesWritten" : 173836499,
      "mapInputRecords" : -1,
      "mapInputBytes" : -1,
      "mapOutputBytes" : -1,
      "mapOutputRecords" : -1,
      "combineInputRecords" : 0,
      "reduceInputGroups" : 1670305,
      "reduceInputRecords" : 1670305,
      "reduceShuffleBytes" : 173711768,
      "reduceOutputRecords" : 1670305,
      "spilledRecords" : 1670305,
      "shuffleFinished" : 1601023590176,
      "sortFinished" : 1601023590510,
      "location" : {
        "layers" : [ "default-rack", "slave3" ]
      },
      "clockSplits" : [ 4978, 147, 148, 147, 148, 147, 147, 148, 147, 148, 147, 148 ],
      "cpuUsages" : [ 1349, 1349, 1349, 1349, 1349, 1350, 1349, 1349, 1349, 1349, 1349, 1350 ],
      "physMemKbytes" : [ 14256, 42768, 71280, 99791, 128304, 156815, 185328, 213839, 242352, 270864, 299375, 327888 ],
      "vmemKbytes" : [ 84415, 253246, 422077, 590908, 759739, 928570, 1097401, 1266232, 1435063, 1603894, 1772725, 1941556 ],
      "resourceUsageMetrics" : {
        "cumulativeCpuUsage" : 16190,
        "virtualMemoryUsage" : 2074595328,
        "physicalMemoryUsage" : 350355456,
        "heapUsage" : 199753728
      }
    } ],
    "preferredLocations" : [ ]
  }, {
    "inputBytes" : 173649680,
    "inputRecords" : 1669708,
    "outputBytes" : 166970800,
    "outputRecords" : 1669708,
    "taskID" : "task_1600222256971_1117_r_000001",
    "startTime" : 1601023574590,
    "finishTime" : 1601023592200,
    "taskType" : "REDUCE",
    "taskStatus" : "SUCCESS",
    "attempts" : [ {
      "attemptID" : "attempt_1600222256971_1117_r_000001_0",
      "result" : "SUCCESS",
      "startTime" : 1601023585702,
      "finishTime" : 1601023592200,
      "hostName" : "/default-rack/slave4",
      "hdfsBytesRead" : 0,
      "hdfsBytesWritten" : 166970800,
      "fileBytesRead" : 173649644,
      "fileBytesWritten" : 173774411,
      "mapInputRecords" : -1,
      "mapInputBytes" : -1,
      "mapOutputBytes" : -1,
      "mapOutputRecords" : -1,
      "combineInputRecords" : 0,
      "reduceInputGroups" : 1669708,
      "reduceInputRecords" : 1669708,
      "reduceShuffleBytes" : 173649680,
      "reduceOutputRecords" : 1669708,
      "spilledRecords" : 1669708,
      "shuffleFinished" : 1601023589991,
      "sortFinished" : 1601023590358,
      "location" : {
        "layers" : [ "default-rack", "slave4" ]
      },
      "clockSplits" : [ 4812, 152, 152, 153, 152, 152, 152, 153, 152, 152, 152, 153 ],
      "cpuUsages" : [ 1312, 1313, 1312, 1313, 1312, 1313, 1312, 1313, 1312, 1313, 1312, 1313 ],
      "physMemKbytes" : [ 14032, 42097, 70163, 98228, 126293, 154358, 182424, 210489, 238555, 266620, 294685, 322751 ],
      "vmemKbytes" : [ 84196, 252588, 420980, 589371, 757764, 926155, 1094548, 1262939, 1431332, 1599724, 1768115, 1936508 ],
      "resourceUsageMetrics" : {
        "cumulativeCpuUsage" : 15750,
        "virtualMemoryUsage" : 2069200896,
        "physicalMemoryUsage" : 344866816,
        "heapUsage" : 198705152
      }
    } ],
    "preferredLocations" : [ ]
  }, {
    "inputBytes" : 172966816,
    "inputRecords" : 1663142,
    "outputBytes" : 166314200,
    "outputRecords" : 1663142,
    "taskID" : "task_1600222256971_1117_r_000002",
    "startTime" : 1601023574590,
    "finishTime" : 1601023591531,
    "taskType" : "REDUCE",
    "taskStatus" : "SUCCESS",
    "attempts" : [ {
      "attemptID" : "attempt_1600222256971_1117_r_000002_0",
      "result" : "SUCCESS",
      "startTime" : 1601023585693,
      "finishTime" : 1601023591531,
      "hostName" : "/default-rack/slave1",
      "hdfsBytesRead" : 0,
      "hdfsBytesWritten" : 166314200,
      "fileBytesRead" : 172966780,
      "fileBytesWritten" : 173091547,
      "mapInputRecords" : -1,
      "mapInputBytes" : -1,
      "mapOutputBytes" : -1,
      "mapOutputRecords" : -1,
      "combineInputRecords" : 0,
      "reduceInputGroups" : 1663142,
      "reduceInputRecords" : 1663142,
      "reduceShuffleBytes" : 172966816,
      "reduceOutputRecords" : 1663142,
      "spilledRecords" : 1663142,
      "shuffleFinished" : 1601023589164,
      "sortFinished" : 1601023589731,
      "location" : {
        "layers" : [ "default-rack", "slave1" ]
      },
      "clockSplits" : [ 4199, 148, 148, 148, 148, 148, 147, 148, 148, 148, 148, 148 ],
      "cpuUsages" : [ 1006, 1007, 1007, 1006, 1007, 1007, 1006, 1007, 1007, 1006, 1007, 1007 ],
      "physMemKbytes" : [ 14620, 43863, 73105, 102347, 131590, 160832, 190075, 219316, 248559, 277802, 307043, 336286 ],
      "vmemKbytes" : [ 84225, 252676, 421127, 589578, 758029, 926480, 1094931, 1263382, 1431833, 1600284, 1768735, 1937186 ],
      "resourceUsageMetrics" : {
        "cumulativeCpuUsage" : 12080,
        "virtualMemoryUsage" : 2069925888,
        "physicalMemoryUsage" : 359329792,
        "heapUsage" : 199229440
      }
    } ],
    "preferredLocations" : [ ]
  }, {
    "inputBytes" : 171729736,
    "inputRecords" : 1651247,
    "outputBytes" : 165124700,
    "outputRecords" : 1651247,
    "taskID" : "task_1600222256971_1117_r_000003",
    "startTime" : 1601023574590,
    "finishTime" : 1601023592476,
    "taskType" : "REDUCE",
    "taskStatus" : "SUCCESS",
    "attempts" : [ {
      "attemptID" : "attempt_1600222256971_1117_r_000003_0",
      "result" : "SUCCESS",
      "startTime" : 1601023585699,
      "finishTime" : 1601023592476,
      "hostName" : "/default-rack/slave2",
      "hdfsBytesRead" : 0,
      "hdfsBytesWritten" : 165124700,
      "fileBytesRead" : 171729700,
      "fileBytesWritten" : 171854467,
      "mapInputRecords" : -1,
      "mapInputBytes" : -1,
      "mapOutputBytes" : -1,
      "mapOutputRecords" : -1,
      "combineInputRecords" : 0,
      "reduceInputGroups" : 1651247,
      "reduceInputRecords" : 1651247,
      "reduceShuffleBytes" : 171729736,
      "reduceOutputRecords" : 1651247,
      "spilledRecords" : 1651247,
      "shuffleFinished" : 1601023590253,
      "sortFinished" : 1601023590605,
      "location" : {
        "layers" : [ "default-rack", "slave2" ]
      },
      "clockSplits" : [ 5064, 154, 154, 155, 154, 154, 154, 155, 154, 154, 154, 155 ],
      "cpuUsages" : [ 1474, 1474, 1474, 1474, 1474, 1475, 1474, 1474, 1474, 1474, 1474, 1475 ],
      "physMemKbytes" : [ 14485, 43455, 72426, 101396, 130367, 159338, 188309, 217279, 246250, 275221, 304191, 333162 ],
      "vmemKbytes" : [ 84402, 253207, 422014, 590819, 759625, 928430, 1097236, 1266041, 1434848, 1603653, 1772458, 1941265 ],
      "resourceUsageMetrics" : {
        "cumulativeCpuUsage" : 17690,
        "virtualMemoryUsage" : 2074284032,
        "physicalMemoryUsage" : 355991552,
        "heapUsage" : 199229440
      }
    } ],
    "preferredLocations" : [ ]
  }, {
    "inputBytes" : 174133176,
    "inputRecords" : 1674357,
    "outputBytes" : 167435700,
    "outputRecords" : 1674357,
    "taskID" : "task_1600222256971_1117_r_000004",
    "startTime" : 1601023574590,
    "finishTime" : 1601023592023,
    "taskType" : "REDUCE",
    "taskStatus" : "SUCCESS",
    "attempts" : [ {
      "attemptID" : "attempt_1600222256971_1117_r_000004_0",
      "result" : "SUCCESS",
      "startTime" : 1601023585700,
      "finishTime" : 1601023592023,
      "hostName" : "/default-rack/slave5",
      "hdfsBytesRead" : 0,
      "hdfsBytesWritten" : 167435700,
      "fileBytesRead" : 174133140,
      "fileBytesWritten" : 174257907,
      "mapInputRecords" : -1,
      "mapInputBytes" : -1,
      "mapOutputBytes" : -1,
      "mapOutputRecords" : -1,
      "combineInputRecords" : 0,
      "reduceInputGroups" : 1674357,
      "reduceInputRecords" : 1674357,
      "reduceShuffleBytes" : 174133176,
      "reduceOutputRecords" : 1674357,
      "spilledRecords" : 1674357,
      "shuffleFinished" : 1601023589622,
      "sortFinished" : 1601023590183,
      "location" : {
        "layers" : [ "default-rack", "slave5" ]
      },
      "clockSplits" : [ 4638, 152, 152, 152, 152, 152, 152, 152, 152, 152, 152, 152 ],
      "cpuUsages" : [ 1115, 1115, 1115, 1115, 1115, 1115, 1115, 1115, 1115, 1115, 1115, 1115 ],
      "physMemKbytes" : [ 13816, 41450, 69084, 96717, 124351, 151984, 179618, 207251, 234886, 262519, 290152, 317787 ],
      "vmemKbytes" : [ 84209, 252627, 421046, 589464, 757883, 926302, 1094721, 1263139, 1431558, 1599977, 1768395, 1936814 ],
      "resourceUsageMetrics" : {
        "cumulativeCpuUsage" : 13380,
        "virtualMemoryUsage" : 2069528576,
        "physicalMemoryUsage" : 339562496,
        "heapUsage" : 186646528
      }
    } ],
    "preferredLocations" : [ ]
  }, {
    "inputBytes" : 173809112,
    "inputRecords" : 1671241,
    "outputBytes" : 167124100,
    "outputRecords" : 1671241,
    "taskID" : "task_1600222256971_1117_r_000005",
    "startTime" : 1601023574590,
    "finishTime" : 1601023593101,
    "taskType" : "REDUCE",
    "taskStatus" : "SUCCESS",
    "attempts" : [ {
      "attemptID" : "attempt_1600222256971_1117_r_000005_0",
      "result" : "SUCCESS",
      "startTime" : 1601023586675,
      "finishTime" : 1601023593101,
      "hostName" : "/default-rack/slave3",
      "hdfsBytesRead" : 0,
      "hdfsBytesWritten" : 167124100,
      "fileBytesRead" : 173809076,
      "fileBytesWritten" : 173933843,
      "mapInputRecords" : -1,
      "mapInputBytes" : -1,
      "mapOutputBytes" : -1,
      "mapOutputRecords" : -1,
      "combineInputRecords" : 0,
      "reduceInputGroups" : 1671241,
      "reduceInputRecords" : 1671241,
      "reduceShuffleBytes" : 173809112,
      "reduceOutputRecords" : 1671241,
      "spilledRecords" : 1671241,
      "shuffleFinished" : 1601023590617,
      "sortFinished" : 1601023591203,
      "location" : {
        "layers" : [ "default-rack", "slave3" ]
      },
      "clockSplits" : [ 4696, 156, 156, 156, 156, 156, 156, 156, 156, 156, 156, 157 ],
      "cpuUsages" : [ 1288, 1288, 1289, 1288, 1288, 1289, 1288, 1288, 1289, 1288, 1288, 1289 ],
      "physMemKbytes" : [ 14545, 43638, 72730, 101821, 130914, 160005, 189098, 218189, 247282, 276374, 305465, 334558 ],
      "vmemKbytes" : [ 84033, 252099, 420166, 588232, 756299, 924366, 1092433, 1260499, 1428566, 1596633, 1764699, 1932766 ],
      "resourceUsageMetrics" : {
        "cumulativeCpuUsage" : 15460,
        "virtualMemoryUsage" : 2065203200,
        "physicalMemoryUsage" : 357482496,
        "heapUsage" : 199229440
      }
    } ],
    "preferredLocations" : [ ]
  } ],
  "otherTasks" : [ ],
  "successfulMapAttemptCDFs" : [ {
    "numberValues" : 0,
    "minimum" : -9223372036854775808,
    "rankings" : [ ],
    "maximum" : 9223372036854775807
  }, {
    "numberValues" : 0,
    "minimum" : -9223372036854775808,
    "rankings" : [ ],
    "maximum" : 9223372036854775807
  }, {
    "numberValues" : 0,
    "minimum" : -9223372036854775808,
    "rankings" : [ ],
    "maximum" : 9223372036854775807
  }, {
    "numberValues" : 8,
    "minimum" : 5874,
    "rankings" : [ {
      "relativeRanking" : 0.05,
      "datum" : 5874
    }, {
      "relativeRanking" : 0.1,
      "datum" : 5874
    }, {
      "relativeRanking" : 0.15,
      "datum" : 5874
    }, {
      "relativeRanking" : 0.2,
      "datum" : 5874
    }, {
      "relativeRanking" : 0.25,
      "datum" : 6354
    }, {
      "relativeRanking" : 0.3,
      "datum" : 6354
    }, {
      "relativeRanking" : 0.35,
      "datum" : 6354
    }, {
      "relativeRanking" : 0.4,
      "datum" : 6762
    }, {
      "relativeRanking" : 0.45,
      "datum" : 6762
    }, {
      "relativeRanking" : 0.5,
      "datum" : 6789
    }, {
      "relativeRanking" : 0.55,
      "datum" : 6789
    }, {
      "relativeRanking" : 0.6,
      "datum" : 6789
    }, {
      "relativeRanking" : 0.65,
      "datum" : 7065
    }, {
      "relativeRanking" : 0.7,
      "datum" : 7065
    }, {
      "relativeRanking" : 0.75,
      "datum" : 7171
    }, {
      "relativeRanking" : 0.8,
      "datum" : 7171
    }, {
      "relativeRanking" : 0.85,
      "datum" : 7171
    }, {
      "relativeRanking" : 0.9,
      "datum" : 7301
    }, {
      "relativeRanking" : 0.95,
      "datum" : 7301
    } ],
    "maximum" : 7677
  } ],
  "failedMapAttemptCDFs" : [ {
    "numberValues" : 0,
    "minimum" : -9223372036854775808,
    "rankings" : [ ],
    "maximum" : 9223372036854775807
  }, {
    "numberValues" : 0,
    "minimum" : -9223372036854775808,
    "rankings" : [ ],
    "maximum" : 9223372036854775807
  }, {
    "numberValues" : 0,
    "minimum" : -9223372036854775808,
    "rankings" : [ ],
    "maximum" : 9223372036854775807
  }, {
    "numberValues" : 0,
    "minimum" : -9223372036854775808,
    "rankings" : [ ],
    "maximum" : 9223372036854775807
  } ],
  "successfulReduceAttemptCDF" : {
    "numberValues" : 6,
    "minimum" : 5838,
    "rankings" : [ {
      "relativeRanking" : 0.05,
      "datum" : 5838
    }, {
      "relativeRanking" : 0.1,
      "datum" : 5838
    }, {
      "relativeRanking" : 0.15,
      "datum" : 5838
    }, {
      "relativeRanking" : 0.2,
      "datum" : 5838
    }, {
      "relativeRanking" : 0.25,
      "datum" : 5838
    }, {
      "relativeRanking" : 0.3,
      "datum" : 5838
    }, {
      "relativeRanking" : 0.35,
      "datum" : 6323
    }, {
      "relativeRanking" : 0.4,
      "datum" : 6323
    }, {
      "relativeRanking" : 0.45,
      "datum" : 6323
    }, {
      "relativeRanking" : 0.5,
      "datum" : 6426
    }, {
      "relativeRanking" : 0.55,
      "datum" : 6426
    }, {
      "relativeRanking" : 0.6,
      "datum" : 6426
    }, {
      "relativeRanking" : 0.65,
      "datum" : 6426
    }, {
      "relativeRanking" : 0.7,
      "datum" : 6498
    }, {
      "relativeRanking" : 0.75,
      "datum" : 6498
    }, {
      "relativeRanking" : 0.8,
      "datum" : 6498
    }, {
      "relativeRanking" : 0.85,
      "datum" : 6610
    }, {
      "relativeRanking" : 0.9,
      "datum" : 6610
    }, {
      "relativeRanking" : 0.95,
      "datum" : 6610
    } ],
    "maximum" : 6777
  },
  "failedReduceAttemptCDF" : {
    "numberValues" : 0,
    "minimum" : -9223372036854775808,
    "rankings" : [ ],
    "maximum" : 9223372036854775807
  },
  "queue" : "default",
  "jobName" : "TeraSort-[1601023571474]",
  "clusterMapMB" : -1,
  "clusterReduceMB" : -1,
  "jobMapMB" : -1,
  "jobReduceMB" : -1,
  "relativeTime" : 0,
  "mapperTriesToSucceed" : [ 1.0 ],
  "failedMapperFraction" : 0.0,
  "jobProperties" : { }
}