{
  "jobID" : "job_1572946766556_0695",
  "user" : "hadoop",
  "computonsPerMapInputByte" : -1,
  "computonsPerMapOutputByte" : -1,
  "computonsPerReduceInputByte" : -1,
  "computonsPerReduceOutputByte" : -1,
  "submitTime" : 1575464062188,
  "launchTime" : 1575464065679,
  "finishTime" : 1575464091937,
  "heapMegabytes" : -1,
  "totalMaps" : 2,
  "totalReduces" : 3,
  "outcome" : "SUCCESS",
  "jobtype" : "JAVA",
  "priority" : "NORMAL",
  "directDependantJobs" : [ ],
  "mapTasks" : [ {
    "inputBytes" : 79565870,
    "inputRecords" : 2570811,
    "outputBytes" : 140958856,
    "outputRecords" : 2570810,
    "taskID" : "task_1572946766556_0695_m_000000",
    "startTime" : 1575464065726,
    "finishTime" : 1575464078086,
    "taskType" : "MAP",
    "taskStatus" : "SUCCESS",
    "attempts" : [ {
      "attemptID" : "attempt_1572946766556_0695_m_000000_0",
      "result" : "SUCCESS",
      "startTime" : 1575464067899,
      "finishTime" : 1575464078086,
      "hostName" : "/default-rack/slave1",
      "hdfsBytesRead" : 79565870,
      "hdfsBytesWritten" : 0,
      "fileBytesRead" : 70766168,
      "fileBytesWritten" : 140958856,
      "mapInputRecords" : 2570811,
      "mapInputBytes" : -1,
      "mapOutputBytes" : 65275490,
      "mapOutputRecords" : 2570810,
      "combineInputRecords" : 0,
      "reduceInputGroups" : -1,
      "reduceInputRecords" : -1,
      "reduceShuffleBytes" : -1,
      "reduceOutputRecords" : -1,
      "spilledRecords" : 5141620,
      "shuffleFinished" : -1,
      "sortFinished" : -1,
      "location" : {
        "layers" : [ "default-rack", "slave1" ]
      },
      "clockSplits" : [ 1012, 1013, 1013, 1012, 1013, 1013, 1013, 1120, 491, 490, 491, 491 ],
      "cpuUsages" : [ 1583, 1584, 1583, 1584, 1583, 1584, 1584, 1488, 897, 896, 897, 897 ],
      "physMemKbytes" : [ 17600, 52800, 88000, 123199, 158400, 193599, 228800, 263672, 277276, 278117, 278958, 279799 ],
      "vmemKbytes" : [ 131577, 394731, 657886, 921040, 1184195, 1447349, 1710504, 1971161, 2069620, 2070757, 2071894, 2073031 ],
      "resourceUsageMetrics" : {
        "cumulativeCpuUsage" : 16160,
        "virtualMemoryUsage" : 2123366400,
        "physicalMemoryUsage" : 286945280,
        "heapUsage" : 208666624
      }
    } ],
    "preferredLocations" : [ ]
  }, {
    "inputBytes" : 63092039,
    "inputRecords" : 1299730,
    "outputBytes" : 144540600,
    "outputRecords" : 1299729,
    "taskID" : "task_1572946766556_0695_m_000001",
    "startTime" : 1575464065729,
    "finishTime" : 1575464075026,
    "taskType" : "MAP",
    "taskStatus" : "SUCCESS",
    "attempts" : [ {
      "attemptID" : "attempt_1572946766556_0695_m_000001_0",
      "result" : "SUCCESS",
      "startTime" : 1575464067892,
      "finishTime" : 1575464075026,
      "hostName" : "/default-rack/slave1",
      "hdfsBytesRead" : 63092039,
      "hdfsBytesWritten" : 0,
      "fileBytesRead" : 72493477,
      "fileBytesWritten" : 144540600,
      "mapInputRecords" : 1299730,
      "mapInputBytes" : -1,
      "mapOutputBytes" : 69599284,
      "mapOutputRecords" : 1299729,
      "combineInputRecords" : 0,
      "reduceInputGroups" : -1,
      "reduceInputRecords" : -1,
      "reduceShuffleBytes" : -1,
      "reduceOutputRecords" : -1,
      "spilledRecords" : 2599458,
      "shuffleFinished" : -1,
      "sortFinished" : -1,
      "location" : {
        "layers" : [ "default-rack", "slave1" ]
      },
      "clockSplits" : [ 4145, 269, 269, 269, 269, 269, 269, 269, 269, 269, 269, 270 ],
      "cpuUsages" : [ 917, 918, 917, 918, 917, 918, 917, 918, 917, 918, 917, 918 ],
      "physMemKbytes" : [ 11816, 35448, 59080, 82711, 106344, 129975, 153608, 177239, 200872, 224504, 248135, 271768 ],
      "vmemKbytes" : [ 86488, 259464, 432440, 605416, 778393, 951369, 1124346, 1297321, 1470298, 1643275, 1816250, 1989227 ],
      "resourceUsageMetrics" : {
        "cumulativeCpuUsage" : 11010,
        "virtualMemoryUsage" : 2125533184,
        "physicalMemoryUsage" : 290390016,
        "heapUsage" : 206569472
      }
    } ],
    "preferredLocations" : [ ]
  } ],
  "reduceTasks" : [ {
    "inputBytes" : 47500888,
    "inputRecords" : 1289331,
    "outputBytes" : 156087667,
    "outputRecords" : 2523181,
    "taskID" : "task_1572946766556_0695_r_000000",
    "startTime" : 1575464065729,
    "finishTime" : 1575464089899,
    "taskType" : "REDUCE",
    "taskStatus" : "SUCCESS",
    "attempts" : [ {
      "attemptID" : "attempt_1572946766556_0695_r_000000_0",
      "result" : "SUCCESS",
      "startTime" : 1575464077794,
      "finishTime" : 1575464089899,
      "hostName" : "/default-rack/slave1",
      "hdfsBytesRead" : 0,
      "hdfsBytesWritten" : 156087667,
      "fileBytesRead" : 47500882,
      "fileBytesWritten" : 47625361,
      "mapInputRecords" : -1,
      "mapInputBytes" : -1,
      "mapOutputBytes" : -1,
      "mapOutputRecords" : -1,
      "combineInputRecords" : 0,
      "reduceInputGroups" : 144118,
      "reduceInputRecords" : 1289331,
      "reduceShuffleBytes" : 47500888,
      "reduceOutputRecords" : 2523181,
      "spilledRecords" : 1289331,
      "shuffleFinished" : 1575464079661,
      "sortFinished" : 1575464080424,
      "location" : {
        "layers" : [ "default-rack", "slave1" ]
      },
      "clockSplits" : [ 3114, 505, 505, 505, 505, 505, 505, 505, 504, 505, 2001, 2428 ],
      "cpuUsages" : [ 1344, 1345, 1345, 1345, 1344, 1345, 1345, 1345, 1344, 1345, 3904, 4419 ],
      "physMemKbytes" : [ 14065, 42195, 70326, 98456, 126587, 154717, 182848, 210978, 239109, 267240, 291076, 305719 ],
      "vmemKbytes" : [ 102450, 307350, 512250, 717149, 922050, 1126950, 1331851, 1536750, 1741651, 1946551, 2076201, 2078296 ],
      "resourceUsageMetrics" : {
        "cumulativeCpuUsage" : 21770,
        "virtualMemoryUsage" : 2128175104,
        "physicalMemoryUsage" : 315621376,
        "heapUsage" : 208666624
      }
    } ],
    "preferredLocations" : [ ]
  }, {
    "inputBytes" : 47416095,
    "inputRecords" : 1286451,
    "outputBytes" : 154976159,
    "outputRecords" : 2507324,
    "taskID" : "task_1572946766556_0695_r_000001",
    "startTime" : 1575464065729,
    "finishTime" : 1575464091861,
    "taskType" : "REDUCE",
    "taskStatus" : "SUCCESS",
    "attempts" : [ {
      "attemptID" : "attempt_1572946766556_0695_r_000001_0",
      "result" : "SUCCESS",
      "startTime" : 1575464077799,
      "finishTime" : 1575464091861,
      "hostName" : "/default-rack/slave2",
      "hdfsBytesRead" : 0,
      "hdfsBytesWritten" : 154976159,
      "fileBytesRead" : 47416089,
      "fileBytesWritten" : 47540568,
      "mapInputRecords" : -1,
      "mapInputBytes" : -1,
      "mapOutputBytes" : -1,
      "mapOutputRecords" : -1,
      "combineInputRecords" : 0,
      "reduceInputGroups" : 143924,
      "reduceInputRecords" : 1286451,
      "reduceShuffleBytes" : 47416095,
      "reduceOutputRecords" : 2507324,
      "spilledRecords" : 1286451,
      "shuffleFinished" : 1575464080641,
      "sortFinished" : 1575464081479,
      "location" : {
        "layers" : [ "default-rack", "slave2" ]
      },
      "clockSplits" : [ 4108, 451, 451, 450, 451, 451, 451, 450, 451, 1127, 2490, 2717 ],
      "cpuUsages" : [ 1381, 1381, 1382, 1381, 1382, 1381, 1381, 1382, 1381, 2173, 3882, 5183 ],
      "physMemKbytes" : [ 15347, 46042, 76738, 107433, 138128, 168823, 199519, 230214, 260910, 289913, 297350, 311190 ],
      "vmemKbytes" : [ 107850, 323552, 539254, 754955, 970657, 1186358, 1402061, 1617762, 1833464, 2036989, 2084539, 2084540 ],
      "resourceUsageMetrics" : {
        "cumulativeCpuUsage" : 23670,
        "virtualMemoryUsage" : 2134568960,
        "physicalMemoryUsage" : 330321920,
        "heapUsage" : 208666624
      }
    } ],
    "preferredLocations" : [ ]
  }, {
    "inputBytes" : 47708145,
    "inputRecords" : 1294757,
    "outputBytes" : 156828495,
    "outputRecords" : 2537263,
    "taskID" : "task_1572946766556_0695_r_000002",
    "startTime" : 1575464065730,
    "finishTime" : 1575464090599,
    "taskType" : "REDUCE",
    "taskStatus" : "SUCCESS",
    "attempts" : [ {
      "attemptID" : "attempt_1572946766556_0695_r_000002_0",
      "result" : "SUCCESS",
      "startTime" : 1575464077797,
      "finishTime" : 1575464090599,
      "hostName" : "/default-rack/slave4",
      "hdfsBytesRead" : 0,
      "hdfsBytesWritten" : 156828495,
      "fileBytesRead" : 47708139,
      "fileBytesWritten" : 47832618,
      "mapInputRecords" : -1,
      "mapInputBytes" : -1,
      "mapOutputBytes" : -1,
      "mapOutputRecords" : -1,
      "combineInputRecords" : 0,
      "reduceInputGroups" : 144429,
      "reduceInputRecords" : 1294757,
      "reduceShuffleBytes" : 47708145,
      "reduceOutputRecords" : 2537263,
      "spilledRecords" : 1294757,
      "shuffleFinished" : 1575464080441,
      "sortFinished" : 1575464081158,
      "location" : {
        "layers" : [ "default-rack", "slave4" ]
      },
      "clockSplits" : [ 3821, 454, 454, 454, 454, 453, 454, 454, 454, 694, 2203, 2443 ],
      "cpuUsages" : [ 1440, 1441, 1441, 1441, 1440, 1441, 1441, 1441, 1440, 1793, 4009, 4562 ],
      "physMemKbytes" : [ 13453, 40360, 67268, 94175, 121082, 147989, 174897, 201804, 228712, 255530, 276473, 290274 ],
      "vmemKbytes" : [ 105293, 315880, 526468, 737055, 947643, 1158230, 1368818, 1579405, 1789993, 1998601, 2076999, 2077000 ],
      "resourceUsageMetrics" : {
        "cumulativeCpuUsage" : 23330,
        "virtualMemoryUsage" : 2126848000,
        "physicalMemoryUsage" : 300032000,
        "heapUsage" : 197132288
      }
    } ],
    "preferredLocations" : [ ]
  } ],
  "otherTasks" : [ ],
  "successfulMapAttemptCDFs" : [ {
    "numberValues" : 0,
    "minimum" : -9223372036854775808,
    "rankings" : [ ],
    "maximum" : 9223372036854775807
  }, {
    "numberValues" : 0,
    "minimum" : -9223372036854775808,
    "rankings" : [ ],
    "maximum" : 9223372036854775807
  }, {
    "numberValues" : 0,
    "minimum" : -9223372036854775808,
    "rankings" : [ ],
    "maximum" : 9223372036854775807
  }, {
    "numberValues" : 2,
    "minimum" : 7134,
    "rankings" : [ {
      "relativeRanking" : 0.05,
      "datum" : 7134
    }, {
      "relativeRanking" : 0.1,
      "datum" : 7134
    }, {
      "relativeRanking" : 0.15,
      "datum" : 7134
    }, {
      "relativeRanking" : 0.2,
      "datum" : 7134
    }, {
      "relativeRanking" : 0.25,
      "datum" : 7134
    }, {
      "relativeRanking" : 0.3,
      "datum" : 7134
    }, {
      "relativeRanking" : 0.35,
      "datum" : 7134
    }, {
      "relativeRanking" : 0.4,
      "datum" : 7134
    }, {
      "relativeRanking" : 0.45,
      "datum" : 7134
    }, {
      "relativeRanking" : 0.5,
      "datum" : 7134
    }, {
      "relativeRanking" : 0.55,
      "datum" : 7134
    }, {
      "relativeRanking" : 0.6,
      "datum" : 7134
    }, {
      "relativeRanking" : 0.65,
      "datum" : 7134
    }, {
      "relativeRanking" : 0.7,
      "datum" : 7134
    }, {
      "relativeRanking" : 0.75,
      "datum" : 7134
    }, {
      "relativeRanking" : 0.8,
      "datum" : 7134
    }, {
      "relativeRanking" : 0.85,
      "datum" : 7134
    }, {
      "relativeRanking" : 0.9,
      "datum" : 7134
    }, {
      "relativeRanking" : 0.95,
      "datum" : 7134
    } ],
    "maximum" : 10187
  } ],
  "failedMapAttemptCDFs" : [ {
    "numberValues" : 0,
    "minimum" : -9223372036854775808,
    "rankings" : [ ],
    "maximum" : 9223372036854775807
  }, {
    "numberValues" : 0,
    "minimum" : -9223372036854775808,
    "rankings" : [ ],
    "maximum" : 9223372036854775807
  }, {
    "numberValues" : 0,
    "minimum" : -9223372036854775808,
    "rankings" : [ ],
    "maximum" : 9223372036854775807
  }, {
    "numberValues" : 0,
    "minimum" : -9223372036854775808,
    "rankings" : [ ],
    "maximum" : 9223372036854775807
  } ],
  "successfulReduceAttemptCDF" : {
    "numberValues" : 3,
    "minimum" : 12105,
    "rankings" : [ {
      "relativeRanking" : 0.05,
      "datum" : 12105
    }, {
      "relativeRanking" : 0.1,
      "datum" : 12105
    }, {
      "relativeRanking" : 0.15,
      "datum" : 12105
    }, {
      "relativeRanking" : 0.2,
      "datum" : 12105
    }, {
      "relativeRanking" : 0.25,
      "datum" : 12105
    }, {
      "relativeRanking" : 0.3,
      "datum" : 12105
    }, {
      "relativeRanking" : 0.35,
      "datum" : 12105
    }, {
      "relativeRanking" : 0.4,
      "datum" : 12105
    }, {
      "relativeRanking" : 0.45,
      "datum" : 12105
    }, {
      "relativeRanking" : 0.5,
      "datum" : 12105
    }, {
      "relativeRanking" : 0.55,
      "datum" : 12105
    }, {
      "relativeRanking" : 0.6,
      "datum" : 12105
    }, {
      "relativeRanking" : 0.65,
      "datum" : 12105
    }, {
      "relativeRanking" : 0.7,
      "datum" : 12802
    }, {
      "relativeRanking" : 0.75,
      "datum" : 12802
    }, {
      "relativeRanking" : 0.8,
      "datum" : 12802
    }, {
      "relativeRanking" : 0.85,
      "datum" : 12802
    }, {
      "relativeRanking" : 0.9,
      "datum" : 12802
    }, {
      "relativeRanking" : 0.95,
      "datum" : 12802
    } ],
    "maximum" : 14062
  },
  "failedReduceAttemptCDF" : {
    "numberValues" : 0,
    "minimum" : -9223372036854775808,
    "rankings" : [ ],
    "maximum" : 9223372036854775807
  },
  "queue" : "default",
  "jobName" : "ReduceJoin-[1575464059371]",
  "clusterMapMB" : -1,
  "clusterReduceMB" : -1,
  "jobMapMB" : -1,
  "jobReduceMB" : -1,
  "relativeTime" : 0,
  "mapperTriesToSucceed" : [ 1.0 ],
  "failedMapperFraction" : 0.0,
  "jobProperties" : { }
}