{
  "jobID" : "job_1572946766556_1066",
  "user" : "hadoop",
  "computonsPerMapInputByte" : -1,
  "computonsPerMapOutputByte" : -1,
  "computonsPerReduceInputByte" : -1,
  "computonsPerReduceOutputByte" : -1,
  "submitTime" : 1575695963640,
  "launchTime" : 1575695967160,
  "finishTime" : 1575696095912,
  "heapMegabytes" : -1,
  "totalMaps" : 2,
  "totalReduces" : 3,
  "outcome" : "SUCCESS",
  "jobtype" : "JAVA",
  "priority" : "NORMAL",
  "directDependantJobs" : [ ],
  "mapTasks" : [ {
    "inputBytes" : 7745257,
    "inputRecords" : 246569,
    "outputBytes" : 32289411,
    "outputRecords" : 934712,
    "taskID" : "task_1572946766556_1066_m_000000",
    "startTime" : 1575695967202,
    "finishTime" : 1575696033583,
    "taskType" : "MAP",
    "taskStatus" : "SUCCESS",
    "attempts" : [ {
      "attemptID" : "attempt_1572946766556_1066_m_000000_0",
      "result" : "SUCCESS",
      "startTime" : 1575695969376,
      "finishTime" : 1575696033583,
      "hostName" : "/default-rack/slave2",
      "hdfsBytesRead" : 7745257,
      "hdfsBytesWritten" : 0,
      "fileBytesRead" : 0,
      "fileBytesWritten" : 32289411,
      "mapInputRecords" : 246569,
      "mapInputBytes" : -1,
      "mapOutputBytes" : 30296128,
      "mapOutputRecords" : 934712,
      "combineInputRecords" : 0,
      "reduceInputGroups" : -1,
      "reduceInputRecords" : -1,
      "reduceShuffleBytes" : -1,
      "reduceOutputRecords" : -1,
      "spilledRecords" : 934712,
      "shuffleFinished" : -1,
      "sortFinished" : -1,
      "location" : {
        "layers" : [ "default-rack", "slave2" ]
      },
      "clockSplits" : [ 10558, 7697, 7644, 7703, 7429, 7120, 7171, 7191, 420, 420, 420, 420 ],
      "cpuUsages" : [ 128468, 106135, 89103, 85390, 84656, 78716, 78389, 62578, 4718, 4719, 4719, 4719 ],
      "physMemKbytes" : [ 221922, 354432, 359241, 360143, 365869, 364980, 364530, 364500, 361786, 357533, 353280, 349027 ],
      "resourceUsageMetrics" : {
        "cumulativeCpuUsage" : 732310,
        "virtualMemoryUsage" : 2124967936,
        "physicalMemoryUsage" : 355225600,
        "heapUsage" : 175112192
      },
      "vmemKbytes" : [ 1343152, 2070939, 2070940, 2070941, 2076746, 2075689, 2075164, 2075163, 2075164, 2075164, 2075163, 2075164 ]
    }, {
      "attemptID" : "attempt_1572946766556_1066_m_000000_1",
      "result" : "KILLED",
      "startTime" : 1575695983289,
      "finishTime" : 1575696033616,
      "hostName" : "/default-rack/slave2",
      "hdfsBytesRead" : 5767313,
      "hdfsBytesWritten" : 0,
      "fileBytesRead" : 0,
      "fileBytesWritten" : 123761,
      "mapInputRecords" : 184534,
      "mapInputBytes" : -1,
      "mapOutputBytes" : 22381117,
      "mapOutputRecords" : 690389,
      "combineInputRecords" : 0,
      "reduceInputGroups" : -1,
      "reduceInputRecords" : -1,
      "reduceShuffleBytes" : -1,
      "reduceOutputRecords" : -1,
      "spilledRecords" : 0,
      "shuffleFinished" : -1,
      "sortFinished" : -1,
      "location" : {
        "layers" : [ "default-rack", "slave2" ]
      },
      "clockSplits" : [ 11254, 8187, 7753, 7296, 7425, 6686, 282, 283, 283, 282, 283, 283 ],
      "cpuUsages" : [ 113257, 97498, 91770, 88099, 90069, 80167, 0, 0, 0, 0, 0, 0 ],
      "physMemKbytes" : [ 223835, 343448, 355196, 363075, 365053, 357642, 357620, 357619, 357620, 357620, 357619, 357620 ],
      "resourceUsageMetrics" : {
        "cumulativeCpuUsage" : 560860,
        "virtualMemoryUsage" : 2121048064,
        "physicalMemoryUsage" : 366202880,
        "heapUsage" : 192937984
      },
      "vmemKbytes" : [ 1400114, 2071995, 2071996, 2077082, 2079203, 2071368, 2071336, 2071335, 2071336, 2071336, 2071335, 2071336 ]
    } ],
    "preferredLocations" : [ ]
  }, {
    "inputBytes" : 1279951,
    "inputRecords" : 32202,
    "outputBytes" : 4613252,
    "outputRecords" : 203769,
    "taskID" : "task_1572946766556_1066_m_000001",
    "startTime" : 1575695967204,
    "finishTime" : 1575695981661,
    "taskType" : "MAP",
    "taskStatus" : "SUCCESS",
    "attempts" : [ {
      "attemptID" : "attempt_1572946766556_1066_m_000001_0",
      "result" : "SUCCESS",
      "startTime" : 1575695969384,
      "finishTime" : 1575695981661,
      "hostName" : "/default-rack/slave5",
      "hdfsBytesRead" : 1279951,
      "hdfsBytesWritten" : 0,
      "fileBytesRead" : 0,
      "fileBytesWritten" : 4613252,
      "mapInputRecords" : 32202,
      "mapInputBytes" : -1,
      "mapOutputBytes" : 4081855,
      "mapOutputRecords" : 203769,
      "combineInputRecords" : 0,
      "reduceInputGroups" : -1,
      "reduceInputRecords" : -1,
      "reduceShuffleBytes" : -1,
      "reduceOutputRecords" : -1,
      "spilledRecords" : 203769,
      "shuffleFinished" : -1,
      "sortFinished" : -1,
      "location" : {
        "layers" : [ "default-rack", "slave5" ]
      },
      "clockSplits" : [ 1453, 1453, 1453, 1454, 1453, 1528, 1613, 1447, 98, 98, 98, 98 ],
      "cpuUsages" : [ 18470, 18470, 18470, 18470, 18470, 24548, 31599, 16900, 2903, 2903, 2903, 2904 ],
      "physMemKbytes" : [ 31452, 94356, 157260, 220163, 283068, 339795, 353370, 357487, 355062, 351597, 348132, 344668 ],
      "resourceUsageMetrics" : {
        "cumulativeCpuUsage" : 177010,
        "virtualMemoryUsage" : 2124099584,
        "physicalMemoryUsage" : 351166464,
        "heapUsage" : 174587904
      },
      "vmemKbytes" : [ 187312, 561936, 936560, 1311183, 1685808, 2020289, 2074316, 2074315, 2074316, 2074316, 2074315, 2074316 ]
    } ],
    "preferredLocations" : [ ]
  } ],
  "reduceTasks" : [ {
    "inputBytes" : 13316912,
    "inputRecords" : 412432,
    "outputBytes" : 9598928,
    "outputRecords" : 3960,
    "taskID" : "task_1572946766556_1066_r_000000",
    "startTime" : 1575695967205,
    "finishTime" : 1575696095844,
    "taskType" : "REDUCE",
    "taskStatus" : "SUCCESS",
    "attempts" : [ {
      "attemptID" : "attempt_1572946766556_1066_r_000000_0",
      "result" : "SUCCESS",
      "startTime" : 1575695984309,
      "finishTime" : 1575696095844,
      "hostName" : "/default-rack/slave2",
      "hdfsBytesRead" : 0,
      "hdfsBytesWritten" : 9598928,
      "fileBytesRead" : 13316906,
      "fileBytesWritten" : 13440644,
      "mapInputRecords" : -1,
      "mapInputBytes" : -1,
      "mapOutputBytes" : -1,
      "mapOutputRecords" : -1,
      "combineInputRecords" : 0,
      "reduceInputGroups" : 3960,
      "reduceInputRecords" : 412432,
      "reduceShuffleBytes" : 13316912,
      "reduceOutputRecords" : 3960,
      "spilledRecords" : 412432,
      "shuffleFinished" : 1575696033718,
      "sortFinished" : 1575696033950,
      "location" : {
        "layers" : [ "default-rack", "slave2" ]
      },
      "clockSplits" : [ 4107, 4107, 41642, 194, 194, 194, 195, 194, 2906, 22814, 19355, 15514 ],
      "cpuUsages" : [ 314, 315, 3782, 1001, 1001, 1001, 1001, 1001, 8617, 68175, 60012, 45410 ],
      "physMemKbytes" : [ 40144, 120434, 173963, 181602, 189243, 196882, 204523, 212162, 221789, 255015, 272372, 280008 ],
      "resourceUsageMetrics" : {
        "cumulativeCpuUsage" : 191800,
        "virtualMemoryUsage" : 2128105472,
        "physicalMemoryUsage" : 285814784,
        "heapUsage" : 154664960
      },
      "vmemKbytes" : [ 517902, 1553708, 2072134, 2073180, 2074227, 2075273, 2076320, 2077365, 2078173, 2078228, 2078227, 2078228 ]
    } ],
    "preferredLocations" : [ ]
  }, {
    "inputBytes" : 10820170,
    "inputRecords" : 331716,
    "outputBytes" : 7676048,
    "outputRecords" : 3964,
    "taskID" : "task_1572946766556_1066_r_000001",
    "startTime" : 1575695967205,
    "finishTime" : 1575696075400,
    "taskType" : "REDUCE",
    "taskStatus" : "SUCCESS",
    "attempts" : [ {
      "attemptID" : "attempt_1572946766556_1066_r_000001_0",
      "result" : "SUCCESS",
      "startTime" : 1575695984316,
      "finishTime" : 1575696075400,
      "hostName" : "/default-rack/slave4",
      "hdfsBytesRead" : 0,
      "hdfsBytesWritten" : 7676048,
      "fileBytesRead" : 10820164,
      "fileBytesWritten" : 10943902,
      "mapInputRecords" : -1,
      "mapInputBytes" : -1,
      "mapOutputBytes" : -1,
      "mapOutputRecords" : -1,
      "combineInputRecords" : 0,
      "reduceInputGroups" : 3964,
      "reduceInputRecords" : 331716,
      "reduceShuffleBytes" : 10820170,
      "reduceOutputRecords" : 3964,
      "spilledRecords" : 331716,
      "shuffleFinished" : 1575696034501,
      "sortFinished" : 1575696034676,
      "location" : {
        "layers" : [ "default-rack", "slave4" ]
      },
      "clockSplits" : [ 3912, 3912, 42537, 16, 16, 17, 16, 16, 4731, 21636, 7698, 6561 ],
      "cpuUsages" : [ 229, 230, 2122, 192, 191, 192, 192, 191, 18488, 76958, 26623, 22742 ],
      "physMemKbytes" : [ 41321, 123965, 173053, 174952, 176853, 178752, 180653, 182552, 211963, 244330, 252080, 255601 ],
      "resourceUsageMetrics" : {
        "cumulativeCpuUsage" : 148350,
        "virtualMemoryUsage" : 2130235392,
        "physicalMemoryUsage" : 262795264,
        "heapUsage" : 142606336
      },
      "vmemKbytes" : [ 518313, 1554941, 2077110, 2077451, 2077792, 2078133, 2078475, 2078816, 2079891, 2080308, 2080307, 2080308 ]
    } ],
    "preferredLocations" : [ ]
  }, {
    "inputBytes" : 12517899,
    "inputRecords" : 394333,
    "outputBytes" : 8988289,
    "outputRecords" : 3919,
    "taskID" : "task_1572946766556_1066_r_000002",
    "startTime" : 1575695967205,
    "finishTime" : 1575696079969,
    "taskType" : "REDUCE",
    "taskStatus" : "SUCCESS",
    "attempts" : [ {
      "attemptID" : "attempt_1572946766556_1066_r_000002_0",
      "result" : "SUCCESS",
      "startTime" : 1575695984310,
      "finishTime" : 1575696079969,
      "hostName" : "/default-rack/slave5",
      "hdfsBytesRead" : 0,
      "hdfsBytesWritten" : 8988289,
      "fileBytesRead" : 12517893,
      "fileBytesWritten" : 12641631,
      "mapInputRecords" : -1,
      "mapInputBytes" : -1,
      "mapOutputBytes" : -1,
      "mapOutputRecords" : -1,
      "combineInputRecords" : 0,
      "reduceInputGroups" : 3919,
      "reduceInputRecords" : 394333,
      "reduceShuffleBytes" : 12517899,
      "reduceOutputRecords" : 3919,
      "spilledRecords" : 394333,
      "shuffleFinished" : 1575696034517,
      "sortFinished" : 1575696034712,
      "location" : {
        "layers" : [ "default-rack", "slave5" ]
      },
      "clockSplits" : [ 3932, 3932, 42557, 15, 15, 15, 15, 14, 5573, 17398, 14875, 7306 ],
      "cpuUsages" : [ 219, 220, 2170, 220, 220, 220, 220, 220, 22038, 65809, 54364, 25350 ],
      "physMemKbytes" : [ 41597, 124793, 172035, 174178, 176323, 178466, 180611, 182754, 216715, 242107, 253294, 255557 ],
      "resourceUsageMetrics" : {
        "cumulativeCpuUsage" : 171270,
        "virtualMemoryUsage" : 2131705856,
        "physicalMemoryUsage" : 261947392,
        "heapUsage" : 145227776
      },
      "vmemKbytes" : [ 518708, 1556126, 2076422, 2076763, 2077104, 2077445, 2077787, 2078128, 2080795, 2081744, 2081743, 2081744 ]
    } ],
    "preferredLocations" : [ ]
  } ],
  "otherTasks" : [ ],
  "successfulMapAttemptCDFs" : [ {
    "numberValues" : 0,
    "minimum" : -9223372036854775808,
    "rankings" : [ ],
    "maximum" : 9223372036854775807
  }, {
    "numberValues" : 0,
    "minimum" : -9223372036854775808,
    "rankings" : [ ],
    "maximum" : 9223372036854775807
  }, {
    "numberValues" : 0,
    "minimum" : -9223372036854775808,
    "rankings" : [ ],
    "maximum" : 9223372036854775807
  }, {
    "numberValues" : 2,
    "minimum" : 12277,
    "rankings" : [ {
      "relativeRanking" : 0.05,
      "datum" : 12277
    }, {
      "relativeRanking" : 0.1,
      "datum" : 12277
    }, {
      "relativeRanking" : 0.15,
      "datum" : 12277
    }, {
      "relativeRanking" : 0.2,
      "datum" : 12277
    }, {
      "relativeRanking" : 0.25,
      "datum" : 12277
    }, {
      "relativeRanking" : 0.3,
      "datum" : 12277
    }, {
      "relativeRanking" : 0.35,
      "datum" : 12277
    }, {
      "relativeRanking" : 0.4,
      "datum" : 12277
    }, {
      "relativeRanking" : 0.45,
      "datum" : 12277
    }, {
      "relativeRanking" : 0.5,
      "datum" : 12277
    }, {
      "relativeRanking" : 0.55,
      "datum" : 12277
    }, {
      "relativeRanking" : 0.6,
      "datum" : 12277
    }, {
      "relativeRanking" : 0.65,
      "datum" : 12277
    }, {
      "relativeRanking" : 0.7,
      "datum" : 12277
    }, {
      "relativeRanking" : 0.75,
      "datum" : 12277
    }, {
      "relativeRanking" : 0.8,
      "datum" : 12277
    }, {
      "relativeRanking" : 0.85,
      "datum" : 12277
    }, {
      "relativeRanking" : 0.9,
      "datum" : 12277
    }, {
      "relativeRanking" : 0.95,
      "datum" : 12277
    } ],
    "maximum" : 64207
  } ],
  "failedMapAttemptCDFs" : [ {
    "numberValues" : 0,
    "minimum" : -9223372036854775808,
    "rankings" : [ ],
    "maximum" : 9223372036854775807
  }, {
    "numberValues" : 0,
    "minimum" : -9223372036854775808,
    "rankings" : [ ],
    "maximum" : 9223372036854775807
  }, {
    "numberValues" : 0,
    "minimum" : -9223372036854775808,
    "rankings" : [ ],
    "maximum" : 9223372036854775807
  }, {
    "numberValues" : 0,
    "minimum" : -9223372036854775808,
    "rankings" : [ ],
    "maximum" : 9223372036854775807
  } ],
  "successfulReduceAttemptCDF" : {
    "numberValues" : 3,
    "minimum" : 91084,
    "rankings" : [ {
      "relativeRanking" : 0.05,
      "datum" : 91084
    }, {
      "relativeRanking" : 0.1,
      "datum" : 91084
    }, {
      "relativeRanking" : 0.15,
      "datum" : 91084
    }, {
      "relativeRanking" : 0.2,
      "datum" : 91084
    }, {
      "relativeRanking" : 0.25,
      "datum" : 91084
    }, {
      "relativeRanking" : 0.3,
      "datum" : 91084
    }, {
      "relativeRanking" : 0.35,
      "datum" : 91084
    }, {
      "relativeRanking" : 0.4,
      "datum" : 91084
    }, {
      "relativeRanking" : 0.45,
      "datum" : 91084
    }, {
      "relativeRanking" : 0.5,
      "datum" : 91084
    }, {
      "relativeRanking" : 0.55,
      "datum" : 91084
    }, {
      "relativeRanking" : 0.6,
      "datum" : 91084
    }, {
      "relativeRanking" : 0.65,
      "datum" : 91084
    }, {
      "relativeRanking" : 0.7,
      "datum" : 95659
    }, {
      "relativeRanking" : 0.75,
      "datum" : 95659
    }, {
      "relativeRanking" : 0.8,
      "datum" : 95659
    }, {
      "relativeRanking" : 0.85,
      "datum" : 95659
    }, {
      "relativeRanking" : 0.9,
      "datum" : 95659
    }, {
      "relativeRanking" : 0.95,
      "datum" : 95659
    } ],
    "maximum" : 111535
  },
  "failedReduceAttemptCDF" : {
    "numberValues" : 0,
    "minimum" : -9223372036854775808,
    "rankings" : [ ],
    "maximum" : 9223372036854775807
  },
  "queue" : "default",
  "jobName" : "CAC_Count-[1575695960847-Indexing1]",
  "clusterMapMB" : -1,
  "clusterReduceMB" : -1,
  "jobMapMB" : -1,
  "jobReduceMB" : -1,
  "relativeTime" : 0,
  "mapperTriesToSucceed" : [ 1.0 ],
  "failedMapperFraction" : 0.0,
  "jobProperties" : { }
}