{
  "jobID" : "job_1572946766556_1067",
  "user" : "hadoop",
  "computonsPerMapInputByte" : -1,
  "computonsPerMapOutputByte" : -1,
  "computonsPerReduceInputByte" : -1,
  "computonsPerReduceOutputByte" : -1,
  "submitTime" : 1575696098168,
  "launchTime" : 1575696101784,
  "finishTime" : 1575696674259,
  "heapMegabytes" : -1,
  "totalMaps" : 3,
  "totalReduces" : 3,
  "outcome" : "SUCCESS",
  "jobtype" : "JAVA",
  "priority" : "NORMAL",
  "directDependantJobs" : [ ],
  "mapTasks" : [ {
    "inputBytes" : 9599084,
    "inputRecords" : 3960,
    "outputBytes" : 9810598992,
    "outputRecords" : 99038183,
    "taskID" : "task_1572946766556_1067_m_000000",
    "startTime" : 1575696101829,
    "finishTime" : 1575696507983,
    "taskType" : "MAP",
    "taskStatus" : "SUCCESS",
    "attempts" : [ {
      "attemptID" : "attempt_1572946766556_1067_m_000000_0",
      "result" : "SUCCESS",
      "startTime" : 1575696103998,
      "finishTime" : 1575696507983,
      "hostName" : "/default-rack/slave2",
      "hdfsBytesRead" : 9599084,
      "hdfsBytesWritten" : 0,
      "fileBytesRead" : 6499800206,
      "fileBytesWritten" : 9810598992,
      "mapInputRecords" : 3960,
      "mapInputBytes" : -1,
      "mapOutputBytes" : 3120344950,
      "mapOutputRecords" : 99038183,
      "combineInputRecords" : 0,
      "reduceInputGroups" : -1,
      "reduceInputRecords" : -1,
      "reduceShuffleBytes" : -1,
      "reduceOutputRecords" : -1,
      "spilledRecords" : 293520449,
      "shuffleFinished" : -1,
      "sortFinished" : -1,
      "location" : {
        "layers" : [ "default-rack", "slave2" ]
      },
      "clockSplits" : [ 15935, 10313, 30826, 31332, 93127, 11736, 59246, 13778, 33704, 33788, 34310, 35874 ],
      "cpuUsages" : [ 29168, 20766, 54883, 51694, 156577, 22217, 105077, 21832, 44747, 42477, 44216, 46436 ],
      "physMemKbytes" : [ 215799, 289903, 299167, 306789, 308753, 307461, 308365, 308106, 313070, 313667, 312959, 312611 ],
      "resourceUsageMetrics" : {
        "cumulativeCpuUsage" : 640090,
        "virtualMemoryUsage" : 2130391040,
        "physicalMemoryUsage" : 320118784,
        "heapUsage" : 209190912
      },
      "vmemKbytes" : [ 1598116, 2076976, 2077376, 2077375, 2077376, 2077375, 2077376, 2077375, 2079336, 2079432, 2079431, 2079435 ]
    }, {
      "attemptID" : "attempt_1572946766556_1067_m_000000_1",
      "result" : "KILLED",
      "startTime" : 1575696292264,
      "finishTime" : 1575696508018,
      "hostName" : "/default-rack/slave3",
      "hdfsBytesRead" : 7340188,
      "hdfsBytesWritten" : 0,
      "fileBytesRead" : 0,
      "fileBytesWritten" : 2932358786,
      "mapInputRecords" : 3018,
      "mapInputBytes" : -1,
      "mapOutputBytes" : 2817253598,
      "mapOutputRecords" : 89617530,
      "combineInputRecords" : 0,
      "reduceInputGroups" : -1,
      "reduceInputRecords" : -1,
      "reduceShuffleBytes" : -1,
      "reduceOutputRecords" : -1,
      "spilledRecords" : 87751132,
      "shuffleFinished" : -1,
      "sortFinished" : -1,
      "location" : {
        "layers" : [ "default-rack", "slave3" ]
      },
      "clockSplits" : [ 17592, 8615, 24715, 28290, 80956, 8703, 45885, 193, 193, 193, 193, 193 ],
      "cpuUsages" : [ 36696, 15655, 44213, 49189, 139832, 17549, 85556, 0, 0, 0, 0, 0 ],
      "physMemKbytes" : [ 213274, 284527, 296579, 304001, 308605, 308967, 308713, 308723, 308724, 308724, 308723, 308724 ],
      "resourceUsageMetrics" : {
        "cumulativeCpuUsage" : 388690,
        "virtualMemoryUsage" : 2125824000,
        "physicalMemoryUsage" : 316133376,
        "heapUsage" : 209190912
      },
      "vmemKbytes" : [ 1597061, 2074944, 2076000, 2075999, 2076000, 2075999, 2076000, 2075999, 2076000, 2076000, 2075999, 2076000 ]
    } ],
    "preferredLocations" : [ ]
  }, {
    "inputBytes" : 8988445,
    "inputRecords" : 3919,
    "outputBytes" : 5676875188,
    "outputRecords" : 58455405,
    "taskID" : "task_1572946766556_1067_m_000001",
    "startTime" : 1575696101831,
    "finishTime" : 1575696289718,
    "taskType" : "MAP",
    "taskStatus" : "SUCCESS",
    "attempts" : [ {
      "attemptID" : "attempt_1572946766556_1067_m_000001_0",
      "result" : "SUCCESS",
      "startTime" : 1575696103991,
      "finishTime" : 1575696289718,
      "hostName" : "/default-rack/slave5",
      "hdfsBytesRead" : 8988445,
      "hdfsBytesWritten" : 0,
      "fileBytesRead" : 3696633540,
      "fileBytesWritten" : 5676875188,
      "mapInputRecords" : 3919,
      "mapInputBytes" : -1,
      "mapOutputBytes" : 1868574631,
      "mapOutputRecords" : 58455405,
      "combineInputRecords" : 0,
      "reduceInputGroups" : -1,
      "reduceInputRecords" : -1,
      "reduceShuffleBytes" : -1,
      "reduceOutputRecords" : -1,
      "spilledRecords" : 167474122,
      "shuffleFinished" : -1,
      "sortFinished" : -1,
      "location" : {
        "layers" : [ "default-rack", "slave5" ]
      },
      "clockSplits" : [ 17583, 7138, 10528, 29694, 35135, 8535, 7307, 7683, 15301, 15147, 15737, 15905 ],
      "cpuUsages" : [ 32005, 11844, 18800, 53398, 61960, 15615, 13294, 13630, 20874, 19551, 19825, 19934 ],
      "physMemKbytes" : [ 166742, 280030, 282175, 294597, 297691, 298243, 298319, 298822, 307112, 307604, 304282, 304211 ],
      "resourceUsageMetrics" : {
        "cumulativeCpuUsage" : 300730,
        "virtualMemoryUsage" : 2123976704,
        "physicalMemoryUsage" : 311603200,
        "heapUsage" : 208142336
      },
      "vmemKbytes" : [ 1253659, 2070311, 2070312, 2070311, 2070312, 2070311, 2070312, 2070311, 2077509, 2078291, 2073667, 2073198 ]
    } ],
    "preferredLocations" : [ ]
  }, {
    "inputBytes" : 7676204,
    "inputRecords" : 3964,
    "outputBytes" : 7826597216,
    "outputRecords" : 81564432,
    "taskID" : "task_1572946766556_1067_m_000002",
    "startTime" : 1575696101831,
    "finishTime" : 1575696374193,
    "taskType" : "MAP",
    "taskStatus" : "SUCCESS",
    "attempts" : [ {
      "attemptID" : "attempt_1572946766556_1067_m_000002_0",
      "result" : "SUCCESS",
      "startTime" : 1575696103997,
      "finishTime" : 1575696374193,
      "hostName" : "/default-rack/slave5",
      "hdfsBytesRead" : 7676204,
      "hdfsBytesWritten" : 0,
      "fileBytesRead" : 5162663294,
      "fileBytesWritten" : 7826597216,
      "mapInputRecords" : 3964,
      "mapInputBytes" : -1,
      "mapOutputBytes" : 2508184176,
      "mapOutputRecords" : 81564432,
      "combineInputRecords" : 0,
      "reduceInputGroups" : -1,
      "reduceInputRecords" : -1,
      "reduceShuffleBytes" : -1,
      "reduceOutputRecords" : -1,
      "spilledRecords" : 239504465,
      "shuffleFinished" : -1,
      "sortFinished" : -1,
      "location" : {
        "layers" : [ "default-rack", "slave5" ]
      },
      "clockSplits" : [ 7560, 7201, 123770, 13273, 8713, 3090, 2011, 9684, 23859, 23087, 23447, 24486 ],
      "cpuUsages" : [ 13780, 13368, 222158, 22299, 18316, 5583, 3635, 15443, 34840, 34518, 32941, 35249 ],
      "physMemKbytes" : [ 128681, 275065, 288349, 310523, 310859, 311899, 312040, 312408, 318260, 317211, 316231, 316387 ],
      "resourceUsageMetrics" : {
        "cumulativeCpuUsage" : 452130,
        "virtualMemoryUsage" : 2140454912,
        "physicalMemoryUsage" : 324194304,
        "heapUsage" : 209190912
      },
      "vmemKbytes" : [ 974716, 2065903, 2074951, 2087203, 2087204, 2087203, 2087204, 2087383, 2089259, 2089260, 2089259, 2089263 ]
    } ],
    "preferredLocations" : [ ]
  } ],
  "reduceTasks" : [ {
    "inputBytes" : 2658198729,
    "inputRecords" : 79679848,
    "outputBytes" : 1608561436,
    "outputRecords" : 67589773,
    "taskID" : "task_1572946766556_1067_r_000000",
    "startTime" : 1575696101832,
    "finishTime" : 1575696669819,
    "taskType" : "REDUCE",
    "taskStatus" : "SUCCESS",
    "attempts" : [ {
      "attemptID" : "attempt_1572946766556_1067_r_000000_0",
      "result" : "SUCCESS",
      "startTime" : 1575696292259,
      "finishTime" : 1575696669819,
      "hostName" : "/default-rack/slave1",
      "hdfsBytesRead" : 0,
      "hdfsBytesWritten" : 1608561436,
      "fileBytesRead" : 2658198729,
      "fileBytesWritten" : 2658322826,
      "mapInputRecords" : -1,
      "mapInputBytes" : -1,
      "mapOutputBytes" : -1,
      "mapOutputRecords" : -1,
      "combineInputRecords" : 0,
      "reduceInputGroups" : 67589773,
      "reduceInputRecords" : 79679848,
      "reduceShuffleBytes" : 2658198729,
      "reduceOutputRecords" : 67589773,
      "spilledRecords" : 79679848,
      "shuffleFinished" : 1575696534546,
      "sortFinished" : 1575696534569,
      "location" : {
        "layers" : [ "default-rack", "slave1" ]
      },
      "clockSplits" : [ 13038, 84453, 144982, 486, 486, 486, 486, 486, 31397, 33817, 33785, 33645 ],
      "cpuUsages" : [ 4849, 9940, 15766, 1395, 1396, 1395, 1396, 1396, 57757, 61864, 58665, 57521 ],
      "physMemKbytes" : [ 168145, 167820, 160234, 153450, 164347, 175242, 186139, 197034, 212985, 214616, 217232, 220606 ],
      "resourceUsageMetrics" : {
        "cumulativeCpuUsage" : 273340,
        "virtualMemoryUsage" : 2135584768,
        "physicalMemoryUsage" : 227823616,
        "heapUsage" : 137887744
      },
      "vmemKbytes" : [ 2075076, 2075076, 2075183, 2076688, 2078623, 2080558, 2082494, 2084429, 2089679, 2085532, 2085531, 2085532 ]
    } ],
    "preferredLocations" : [ ]
  }, {
    "inputBytes" : 2658695084,
    "inputRecords" : 79694574,
    "outputBytes" : 1608820777,
    "outputRecords" : 67600228,
    "taskID" : "task_1572946766556_1067_r_000001",
    "startTime" : 1575696101832,
    "finishTime" : 1575696674191,
    "taskType" : "REDUCE",
    "taskStatus" : "SUCCESS",
    "attempts" : [ {
      "attemptID" : "attempt_1572946766556_1067_r_000001_0",
      "result" : "SUCCESS",
      "startTime" : 1575696292267,
      "finishTime" : 1575696674191,
      "hostName" : "/default-rack/slave4",
      "hdfsBytesRead" : 0,
      "hdfsBytesWritten" : 1608820777,
      "fileBytesRead" : 2658695084,
      "fileBytesWritten" : 2658819181,
      "mapInputRecords" : -1,
      "mapInputBytes" : -1,
      "mapOutputBytes" : -1,
      "mapOutputRecords" : -1,
      "combineInputRecords" : 0,
      "reduceInputGroups" : 67600228,
      "reduceInputRecords" : 79694574,
      "reduceShuffleBytes" : 2658695084,
      "reduceOutputRecords" : 67600228,
      "spilledRecords" : 79694574,
      "shuffleFinished" : 1575696536664,
      "sortFinished" : 1575696536688,
      "location" : {
        "layers" : [ "default-rack", "slave4" ]
      },
      "clockSplits" : [ 13293, 84396, 146765, 156, 155, 156, 156, 155, 33605, 34228, 33885, 34961 ],
      "cpuUsages" : [ 5824, 8695, 14752, 1025, 1024, 1025, 1024, 1025, 61264, 61686, 57857, 57989 ],
      "physMemKbytes" : [ 168790, 170412, 164318, 157342, 166903, 176463, 186024, 195585, 216001, 217429, 220546, 224495 ],
      "resourceUsageMetrics" : {
        "cumulativeCpuUsage" : 273190,
        "virtualMemoryUsage" : 2134437888,
        "physicalMemoryUsage" : 232263680,
        "heapUsage" : 134217728
      },
      "vmemKbytes" : [ 2073180, 2073180, 2073296, 2074928, 2077029, 2079128, 2081229, 2083328, 2084411, 2084412, 2084411, 2084412 ]
    } ],
    "preferredLocations" : [ ]
  }, {
    "inputBytes" : 2658326038,
    "inputRecords" : 79683598,
    "outputBytes" : 1608699243,
    "outputRecords" : 67595139,
    "taskID" : "task_1572946766556_1067_r_000002",
    "startTime" : 1575696101832,
    "finishTime" : 1575696672339,
    "taskType" : "REDUCE",
    "taskStatus" : "SUCCESS",
    "attempts" : [ {
      "attemptID" : "attempt_1572946766556_1067_r_000002_0",
      "result" : "SUCCESS",
      "startTime" : 1575696292269,
      "finishTime" : 1575696672339,
      "hostName" : "/default-rack/slave5",
      "hdfsBytesRead" : 0,
      "hdfsBytesWritten" : 1608699243,
      "fileBytesRead" : 2658326038,
      "fileBytesWritten" : 2658450135,
      "mapInputRecords" : -1,
      "mapInputBytes" : -1,
      "mapOutputBytes" : -1,
      "mapOutputRecords" : -1,
      "combineInputRecords" : 0,
      "reduceInputGroups" : 67595139,
      "reduceInputRecords" : 79683598,
      "reduceShuffleBytes" : 2658326038,
      "reduceOutputRecords" : 67595139,
      "spilledRecords" : 79683598,
      "shuffleFinished" : 1575696536555,
      "sortFinished" : 1575696536579,
      "location" : {
        "layers" : [ "default-rack", "slave5" ]
      },
      "clockSplits" : [ 5786, 76420, 162143, 109, 109, 109, 109, 109, 33967, 34020, 33406, 33772 ],
      "cpuUsages" : [ 907, 4662, 15628, 833, 833, 833, 833, 833, 60245, 58493, 58797, 60153 ],
      "physMemKbytes" : [ 61325, 158516, 159556, 153151, 162268, 171384, 180501, 189616, 232585, 220010, 223187, 227169 ],
      "resourceUsageMetrics" : {
        "cumulativeCpuUsage" : 263050,
        "virtualMemoryUsage" : 2131812352,
        "physicalMemoryUsage" : 234618880,
        "heapUsage" : 150994944
      },
      "vmemKbytes" : [ 776533, 1988194, 2076385, 2077084, 2077984, 2078883, 2079782, 2080681, 2096416, 2082274, 2081847, 2081848 ]
    } ],
    "preferredLocations" : [ ]
  } ],
  "otherTasks" : [ ],
  "successfulMapAttemptCDFs" : [ {
    "numberValues" : 0,
    "minimum" : -9223372036854775808,
    "rankings" : [ ],
    "maximum" : 9223372036854775807
  }, {
    "numberValues" : 0,
    "minimum" : -9223372036854775808,
    "rankings" : [ ],
    "maximum" : 9223372036854775807
  }, {
    "numberValues" : 0,
    "minimum" : -9223372036854775808,
    "rankings" : [ ],
    "maximum" : 9223372036854775807
  }, {
    "numberValues" : 3,
    "minimum" : 185727,
    "rankings" : [ {
      "relativeRanking" : 0.05,
      "datum" : 185727
    }, {
      "relativeRanking" : 0.1,
      "datum" : 185727
    }, {
      "relativeRanking" : 0.15,
      "datum" : 185727
    }, {
      "relativeRanking" : 0.2,
      "datum" : 185727
    }, {
      "relativeRanking" : 0.25,
      "datum" : 185727
    }, {
      "relativeRanking" : 0.3,
      "datum" : 185727
    }, {
      "relativeRanking" : 0.35,
      "datum" : 185727
    }, {
      "relativeRanking" : 0.4,
      "datum" : 185727
    }, {
      "relativeRanking" : 0.45,
      "datum" : 185727
    }, {
      "relativeRanking" : 0.5,
      "datum" : 185727
    }, {
      "relativeRanking" : 0.55,
      "datum" : 185727
    }, {
      "relativeRanking" : 0.6,
      "datum" : 185727
    }, {
      "relativeRanking" : 0.65,
      "datum" : 185727
    }, {
      "relativeRanking" : 0.7,
      "datum" : 270196
    }, {
      "relativeRanking" : 0.75,
      "datum" : 270196
    }, {
      "relativeRanking" : 0.8,
      "datum" : 270196
    }, {
      "relativeRanking" : 0.85,
      "datum" : 270196
    }, {
      "relativeRanking" : 0.9,
      "datum" : 270196
    }, {
      "relativeRanking" : 0.95,
      "datum" : 270196
    } ],
    "maximum" : 403985
  } ],
  "failedMapAttemptCDFs" : [ {
    "numberValues" : 0,
    "minimum" : -9223372036854775808,
    "rankings" : [ ],
    "maximum" : 9223372036854775807
  }, {
    "numberValues" : 0,
    "minimum" : -9223372036854775808,
    "rankings" : [ ],
    "maximum" : 9223372036854775807
  }, {
    "numberValues" : 0,
    "minimum" : -9223372036854775808,
    "rankings" : [ ],
    "maximum" : 9223372036854775807
  }, {
    "numberValues" : 0,
    "minimum" : -9223372036854775808,
    "rankings" : [ ],
    "maximum" : 9223372036854775807
  } ],
  "successfulReduceAttemptCDF" : {
    "numberValues" : 3,
    "minimum" : 377560,
    "rankings" : [ {
      "relativeRanking" : 0.05,
      "datum" : 377560
    }, {
      "relativeRanking" : 0.1,
      "datum" : 377560
    }, {
      "relativeRanking" : 0.15,
      "datum" : 377560
    }, {
      "relativeRanking" : 0.2,
      "datum" : 377560
    }, {
      "relativeRanking" : 0.25,
      "datum" : 377560
    }, {
      "relativeRanking" : 0.3,
      "datum" : 377560
    }, {
      "relativeRanking" : 0.35,
      "datum" : 377560
    }, {
      "relativeRanking" : 0.4,
      "datum" : 377560
    }, {
      "relativeRanking" : 0.45,
      "datum" : 377560
    }, {
      "relativeRanking" : 0.5,
      "datum" : 377560
    }, {
      "relativeRanking" : 0.55,
      "datum" : 377560
    }, {
      "relativeRanking" : 0.6,
      "datum" : 377560
    }, {
      "relativeRanking" : 0.65,
      "datum" : 377560
    }, {
      "relativeRanking" : 0.7,
      "datum" : 380070
    }, {
      "relativeRanking" : 0.75,
      "datum" : 380070
    }, {
      "relativeRanking" : 0.8,
      "datum" : 380070
    }, {
      "relativeRanking" : 0.85,
      "datum" : 380070
    }, {
      "relativeRanking" : 0.9,
      "datum" : 380070
    }, {
      "relativeRanking" : 0.95,
      "datum" : 380070
    } ],
    "maximum" : 381924
  },
  "failedReduceAttemptCDF" : {
    "numberValues" : 0,
    "minimum" : -9223372036854775808,
    "rankings" : [ ],
    "maximum" : 9223372036854775807
  },
  "queue" : "default",
  "jobName" : "CAC_Count-[1575695960847-Similarity2-END]",
  "clusterMapMB" : -1,
  "clusterReduceMB" : -1,
  "jobMapMB" : -1,
  "jobReduceMB" : -1,
  "relativeTime" : 0,
  "mapperTriesToSucceed" : [ 1.0 ],
  "failedMapperFraction" : 0.0,
  "jobProperties" : { }
}