{
  "jobID" : "job_1572946766556_1071",
  "user" : "hadoop",
  "computonsPerMapInputByte" : -1,
  "computonsPerMapOutputByte" : -1,
  "computonsPerReduceInputByte" : -1,
  "computonsPerReduceOutputByte" : -1,
  "submitTime" : 1575697544777,
  "launchTime" : 1575697548658,
  "finishTime" : 1575698107536,
  "heapMegabytes" : -1,
  "totalMaps" : 3,
  "totalReduces" : 3,
  "outcome" : "SUCCESS",
  "jobtype" : "JAVA",
  "priority" : "NORMAL",
  "directDependantJobs" : [ ],
  "mapTasks" : [ {
    "inputBytes" : 9599084,
    "inputRecords" : 3960,
    "outputBytes" : 9860388471,
    "outputRecords" : 99038183,
    "taskID" : "task_1572946766556_1071_m_000000",
    "startTime" : 1575697548703,
    "finishTime" : 1575697939098,
    "taskType" : "MAP",
    "taskStatus" : "SUCCESS",
    "attempts" : [ {
      "attemptID" : "attempt_1572946766556_1071_m_000000_0",
      "result" : "SUCCESS",
      "startTime" : 1575697550892,
      "finishTime" : 1575697939098,
      "hostName" : "/default-rack/slave1",
      "hdfsBytesRead" : 9599084,
      "hdfsBytesWritten" : 0,
      "fileBytesRead" : 6548934313,
      "fileBytesWritten" : 9860388471,
      "mapInputRecords" : 3960,
      "mapInputBytes" : -1,
      "mapOutputBytes" : 3120344950,
      "mapOutputRecords" : 99038183,
      "combineInputRecords" : 0,
      "reduceInputGroups" : -1,
      "reduceInputRecords" : -1,
      "reduceShuffleBytes" : -1,
      "reduceOutputRecords" : -1,
      "spilledRecords" : 294756347,
      "shuffleFinished" : -1,
      "sortFinished" : -1,
      "location" : {
        "layers" : [ "default-rack", "slave1" ]
      },
      "clockSplits" : [ 15552, 10624, 37032, 34263, 96048, 8860, 50487, 16451, 29490, 28637, 29263, 31200 ],
      "cpuUsages" : [ 32083, 22605, 76379, 67200, 196796, 18658, 94228, 34237, 47170, 39276, 41937, 43241 ],
      "physMemKbytes" : [ 212809, 280440, 289550, 297074, 300742, 300961, 302315, 303892, 305960, 307102, 309132, 309275 ],
      "resourceUsageMetrics" : {
        "cumulativeCpuUsage" : 714130,
        "virtualMemoryUsage" : 2127355904,
        "physicalMemoryUsage" : 316968960,
        "heapUsage" : 209190912
      },
      "vmemKbytes" : [ 1598708, 2073265, 2072800, 2072799, 2072800, 2072799, 2072800, 2072799, 2076254, 2076468, 2076467, 2076468 ]
    }, {
      "attemptID" : "attempt_1572946766556_1071_m_000000_1",
      "result" : "KILLED",
      "startTime" : 1575697780220,
      "finishTime" : 1575697939125,
      "hostName" : "/default-rack/slave5",
      "hdfsBytesRead" : 6029468,
      "hdfsBytesWritten" : 0,
      "fileBytesRead" : 0,
      "fileBytesWritten" : 2248296162,
      "mapInputRecords" : 2851,
      "mapInputBytes" : -1,
      "mapOutputBytes" : 2182518867,
      "mapOutputRecords" : 69971456,
      "combineInputRecords" : 0,
      "reduceInputGroups" : -1,
      "reduceInputRecords" : -1,
      "reduceShuffleBytes" : -1,
      "reduceOutputRecords" : -1,
      "spilledRecords" : 67856110,
      "shuffleFinished" : -1,
      "sortFinished" : -1,
      "location" : {
        "layers" : [ "default-rack", "slave5" ]
      },
      "clockSplits" : [ 15281, 7731, 24828, 28169, 80677, 313, 314, 313, 313, 314, 313, 314 ],
      "cpuUsages" : [ 31069, 14939, 45198, 50775, 146669, 0, 0, 0, 0, 0, 0, 0 ],
      "physMemKbytes" : [ 211523, 278493, 289647, 293557, 299242, 299671, 299672, 299671, 299672, 299672, 299671, 299672 ],
      "resourceUsageMetrics" : {
        "cumulativeCpuUsage" : 288650,
        "virtualMemoryUsage" : 2123911168,
        "physicalMemoryUsage" : 306864128,
        "heapUsage" : 209190912
      },
      "vmemKbytes" : [ 1600825, 2076979, 2077300, 2077124, 2074445, 2074131, 2074132, 2074131, 2074132, 2074132, 2074131, 2074132 ]
    } ],
    "preferredLocations" : [ ]
  }, {
    "inputBytes" : 8988445,
    "inputRecords" : 3919,
    "outputBytes" : 5681457241,
    "outputRecords" : 58455405,
    "taskID" : "task_1572946766556_1071_m_000001",
    "startTime" : 1575697548706,
    "finishTime" : 1575697773207,
    "taskType" : "MAP",
    "taskStatus" : "SUCCESS",
    "attempts" : [ {
      "attemptID" : "attempt_1572946766556_1071_m_000001_0",
      "result" : "SUCCESS",
      "startTime" : 1575697550891,
      "finishTime" : 1575697773207,
      "hostName" : "/default-rack/slave3",
      "hdfsBytesRead" : 8988445,
      "hdfsBytesWritten" : 0,
      "fileBytesRead" : 3701215593,
      "fileBytesWritten" : 5681457241,
      "mapInputRecords" : 3919,
      "mapInputBytes" : -1,
      "mapOutputBytes" : 1868574631,
      "mapOutputRecords" : 58455405,
      "combineInputRecords" : 0,
      "reduceInputGroups" : -1,
      "reduceInputRecords" : -1,
      "reduceShuffleBytes" : -1,
      "reduceOutputRecords" : -1,
      "spilledRecords" : 167594175,
      "shuffleFinished" : -1,
      "sortFinished" : -1,
      "location" : {
        "layers" : [ "default-rack", "slave3" ]
      },
      "clockSplits" : [ 20769, 9664, 13877, 38915, 44149, 13129, 7699, 8771, 16375, 16159, 16319, 16452 ],
      "cpuUsages" : [ 38738, 18208, 25403, 75335, 83609, 26690, 17505, 15484, 24865, 23469, 22965, 23599 ],
      "physMemKbytes" : [ 168168, 282116, 292602, 303540, 303942, 304699, 304815, 304770, 313636, 314758, 314589, 313874 ],
      "resourceUsageMetrics" : {
        "cumulativeCpuUsage" : 395870,
        "virtualMemoryUsage" : 2128633856,
        "physicalMemoryUsage" : 321740800,
        "heapUsage" : 209190912
      },
      "vmemKbytes" : [ 1252741, 2068795, 2076174, 2075903, 2075660, 2075659, 2075660, 2075659, 2077558, 2077716, 2077715, 2077750 ]
    } ],
    "preferredLocations" : [ ]
  }, {
    "inputBytes" : 7676204,
    "inputRecords" : 3964,
    "outputBytes" : 7829480962,
    "outputRecords" : 81564432,
    "taskID" : "task_1572946766556_1071_m_000002",
    "startTime" : 1575697548706,
    "finishTime" : 1575697841885,
    "taskType" : "MAP",
    "taskStatus" : "SUCCESS",
    "attempts" : [ {
      "attemptID" : "attempt_1572946766556_1071_m_000002_0",
      "result" : "SUCCESS",
      "startTime" : 1575697550884,
      "finishTime" : 1575697841885,
      "hostName" : "/default-rack/slave1",
      "hdfsBytesRead" : 7676204,
      "hdfsBytesWritten" : 0,
      "fileBytesRead" : 5168168468,
      "fileBytesWritten" : 7829480962,
      "mapInputRecords" : 3964,
      "mapInputBytes" : -1,
      "mapOutputBytes" : 2508184176,
      "mapOutputRecords" : 81564432,
      "combineInputRecords" : 0,
      "reduceInputGroups" : -1,
      "reduceInputRecords" : -1,
      "reduceShuffleBytes" : -1,
      "reduceOutputRecords" : -1,
      "spilledRecords" : 239598675,
      "shuffleFinished" : -1,
      "sortFinished" : -1,
      "location" : {
        "layers" : [ "default-rack", "slave1" ]
      },
      "clockSplits" : [ 7462, 13296, 135958, 17404, 8243, 3539, 2924, 10269, 22304, 22461, 23021, 24106 ],
      "cpuUsages" : [ 14317, 29725, 263665, 32324, 15384, 7466, 6067, 17146, 32122, 30847, 28347, 29220 ],
      "physMemKbytes" : [ 131211, 279716, 288103, 299948, 300081, 300859, 301758, 302263, 309583, 310331, 309670, 304096 ],
      "resourceUsageMetrics" : {
        "cumulativeCpuUsage" : 506630,
        "virtualMemoryUsage" : 2129674240,
        "physicalMemoryUsage" : 311095296,
        "heapUsage" : 209190912
      },
      "vmemKbytes" : [ 976563, 2069816, 2074086, 2075367, 2075368, 2075367, 2075368, 2075558, 2078725, 2078732, 2078731, 2078732 ]
    } ],
    "preferredLocations" : [ ]
  } ],
  "reduceTasks" : [ {
    "inputBytes" : 2658198729,
    "inputRecords" : 79679848,
    "outputBytes" : 1608561436,
    "outputRecords" : 67589773,
    "taskID" : "task_1572946766556_1071_r_000000",
    "startTime" : 1575697548706,
    "finishTime" : 1575698105002,
    "taskType" : "REDUCE",
    "taskStatus" : "SUCCESS",
    "attempts" : [ {
      "attemptID" : "attempt_1572946766556_1071_r_000000_0",
      "result" : "SUCCESS",
      "startTime" : 1575697776235,
      "finishTime" : 1575698105002,
      "hostName" : "/default-rack/slave3",
      "hdfsBytesRead" : 0,
      "hdfsBytesWritten" : 1608561436,
      "fileBytesRead" : 2658198729,
      "fileBytesWritten" : 2658322826,
      "mapInputRecords" : -1,
      "mapInputBytes" : -1,
      "mapOutputBytes" : -1,
      "mapOutputRecords" : -1,
      "combineInputRecords" : 0,
      "reduceInputGroups" : 67589773,
      "reduceInputRecords" : 79679848,
      "reduceShuffleBytes" : 2658198729,
      "reduceOutputRecords" : 67589773,
      "spilledRecords" : 79679848,
      "shuffleFinished" : 1575697965015,
      "sortFinished" : 1575697965040,
      "location" : {
        "layers" : [ "default-rack", "slave3" ]
      },
      "clockSplits" : [ 5822, 82557, 100517, 270, 270, 270, 270, 270, 33667, 35088, 34725, 35023 ],
      "cpuUsages" : [ 952, 10647, 12970, 1230, 1230, 1230, 1229, 1230, 60291, 61192, 60112, 59517 ],
      "physMemKbytes" : [ 62383, 168797, 175615, 173427, 184550, 195671, 206794, 217916, 243287, 247613, 251790, 256038 ],
      "resourceUsageMetrics" : {
        "cumulativeCpuUsage" : 271830,
        "virtualMemoryUsage" : 2155626496,
        "physicalMemoryUsage" : 265674752,
        "heapUsage" : 135790592
      },
      "vmemKbytes" : [ 777089, 1985896, 2072404, 2074708, 2077672, 2080635, 2083599, 2086562, 2101305, 2105104, 2105103, 2105104 ]
    } ],
    "preferredLocations" : [ ]
  }, {
    "inputBytes" : 2658695084,
    "inputRecords" : 79694574,
    "outputBytes" : 1608820777,
    "outputRecords" : 67600228,
    "taskID" : "task_1572946766556_1071_r_000001",
    "startTime" : 1575697548707,
    "finishTime" : 1575698107470,
    "taskType" : "REDUCE",
    "taskStatus" : "SUCCESS",
    "attempts" : [ {
      "attemptID" : "attempt_1572946766556_1071_r_000001_0",
      "result" : "SUCCESS",
      "startTime" : 1575697776240,
      "finishTime" : 1575698107470,
      "hostName" : "/default-rack/slave5",
      "hdfsBytesRead" : 0,
      "hdfsBytesWritten" : 1608820777,
      "fileBytesRead" : 2658695084,
      "fileBytesWritten" : 2658819181,
      "mapInputRecords" : -1,
      "mapInputBytes" : -1,
      "mapOutputBytes" : -1,
      "mapOutputRecords" : -1,
      "combineInputRecords" : 0,
      "reduceInputGroups" : 67600228,
      "reduceInputRecords" : 79694574,
      "reduceShuffleBytes" : 2658695084,
      "reduceOutputRecords" : 67600228,
      "spilledRecords" : 79694574,
      "shuffleFinished" : 1575697967184,
      "sortFinished" : 1575697967210,
      "location" : {
        "layers" : [ "default-rack", "slave5" ]
      },
      "clockSplits" : [ 13030, 75289, 102791, 420, 419, 419, 420, 419, 33139, 34668, 34999, 35206 ],
      "cpuUsages" : [ 4924, 9290, 13027, 1354, 1355, 1354, 1355, 1354, 61920, 59454, 58850, 58993 ],
      "physMemKbytes" : [ 171465, 174304, 170424, 165674, 173417, 181159, 188902, 196643, 218411, 226450, 231887, 237803 ],
      "resourceUsageMetrics" : {
        "cumulativeCpuUsage" : 273230,
        "virtualMemoryUsage" : 2135531520,
        "physicalMemoryUsage" : 244445184,
        "heapUsage" : 134742016
      },
      "vmemKbytes" : [ 2071584, 2071584, 2071727, 2073731, 2076310, 2078888, 2081467, 2084044, 2085475, 2085480, 2085479, 2085480 ]
    } ],
    "preferredLocations" : [ ]
  }, {
    "inputBytes" : 2658326038,
    "inputRecords" : 79683598,
    "outputBytes" : 1608699243,
    "outputRecords" : 67595139,
    "taskID" : "task_1572946766556_1071_r_000002",
    "startTime" : 1575697548707,
    "finishTime" : 1575698103396,
    "taskType" : "REDUCE",
    "taskStatus" : "SUCCESS",
    "attempts" : [ {
      "attemptID" : "attempt_1572946766556_1071_r_000002_0",
      "result" : "SUCCESS",
      "startTime" : 1575697776241,
      "finishTime" : 1575698103396,
      "hostName" : "/default-rack/slave4",
      "hdfsBytesRead" : 0,
      "hdfsBytesWritten" : 1608699243,
      "fileBytesRead" : 2658326038,
      "fileBytesWritten" : 2658450135,
      "mapInputRecords" : -1,
      "mapInputBytes" : -1,
      "mapOutputBytes" : -1,
      "mapOutputRecords" : -1,
      "combineInputRecords" : 0,
      "reduceInputGroups" : 67595139,
      "reduceInputRecords" : 79683598,
      "reduceShuffleBytes" : 2658326038,
      "reduceOutputRecords" : 67595139,
      "spilledRecords" : 79683598,
      "shuffleFinished" : 1575697967499,
      "sortFinished" : 1575697967523,
      "location" : {
        "layers" : [ "default-rack", "slave4" ]
      },
      "clockSplits" : [ 13265, 75306, 102853, 412, 412, 412, 412, 412, 32284, 33789, 33535, 34050 ],
      "cpuUsages" : [ 5592, 10027, 12624, 1361, 1360, 1361, 1360, 1361, 56286, 58851, 57036, 57181 ],
      "physMemKbytes" : [ 168488, 171097, 167304, 166055, 178113, 190170, 202229, 214286, 234818, 243204, 246938, 251187 ],
      "resourceUsageMetrics" : {
        "cumulativeCpuUsage" : 264400,
        "virtualMemoryUsage" : 2149183488,
        "physicalMemoryUsage" : 259215360,
        "heapUsage" : 152567808
      },
      "vmemKbytes" : [ 2074347, 2074348, 2074600, 2078131, 2082672, 2087213, 2091754, 2096295, 2098805, 2098812, 2098811, 2098812 ]
    } ],
    "preferredLocations" : [ ]
  } ],
  "otherTasks" : [ ],
  "successfulMapAttemptCDFs" : [ {
    "numberValues" : 0,
    "minimum" : -9223372036854775808,
    "rankings" : [ ],
    "maximum" : 9223372036854775807
  }, {
    "numberValues" : 0,
    "minimum" : -9223372036854775808,
    "rankings" : [ ],
    "maximum" : 9223372036854775807
  }, {
    "numberValues" : 0,
    "minimum" : -9223372036854775808,
    "rankings" : [ ],
    "maximum" : 9223372036854775807
  }, {
    "numberValues" : 3,
    "minimum" : 222316,
    "rankings" : [ {
      "relativeRanking" : 0.05,
      "datum" : 222316
    }, {
      "relativeRanking" : 0.1,
      "datum" : 222316
    }, {
      "relativeRanking" : 0.15,
      "datum" : 222316
    }, {
      "relativeRanking" : 0.2,
      "datum" : 222316
    }, {
      "relativeRanking" : 0.25,
      "datum" : 222316
    }, {
      "relativeRanking" : 0.3,
      "datum" : 222316
    }, {
      "relativeRanking" : 0.35,
      "datum" : 222316
    }, {
      "relativeRanking" : 0.4,
      "datum" : 222316
    }, {
      "relativeRanking" : 0.45,
      "datum" : 222316
    }, {
      "relativeRanking" : 0.5,
      "datum" : 222316
    }, {
      "relativeRanking" : 0.55,
      "datum" : 222316
    }, {
      "relativeRanking" : 0.6,
      "datum" : 222316
    }, {
      "relativeRanking" : 0.65,
      "datum" : 222316
    }, {
      "relativeRanking" : 0.7,
      "datum" : 291001
    }, {
      "relativeRanking" : 0.75,
      "datum" : 291001
    }, {
      "relativeRanking" : 0.8,
      "datum" : 291001
    }, {
      "relativeRanking" : 0.85,
      "datum" : 291001
    }, {
      "relativeRanking" : 0.9,
      "datum" : 291001
    }, {
      "relativeRanking" : 0.95,
      "datum" : 291001
    } ],
    "maximum" : 388206
  } ],
  "failedMapAttemptCDFs" : [ {
    "numberValues" : 0,
    "minimum" : -9223372036854775808,
    "rankings" : [ ],
    "maximum" : 9223372036854775807
  }, {
    "numberValues" : 0,
    "minimum" : -9223372036854775808,
    "rankings" : [ ],
    "maximum" : 9223372036854775807
  }, {
    "numberValues" : 0,
    "minimum" : -9223372036854775808,
    "rankings" : [ ],
    "maximum" : 9223372036854775807
  }, {
    "numberValues" : 0,
    "minimum" : -9223372036854775808,
    "rankings" : [ ],
    "maximum" : 9223372036854775807
  } ],
  "successfulReduceAttemptCDF" : {
    "numberValues" : 3,
    "minimum" : 327155,
    "rankings" : [ {
      "relativeRanking" : 0.05,
      "datum" : 327155
    }, {
      "relativeRanking" : 0.1,
      "datum" : 327155
    }, {
      "relativeRanking" : 0.15,
      "datum" : 327155
    }, {
      "relativeRanking" : 0.2,
      "datum" : 327155
    }, {
      "relativeRanking" : 0.25,
      "datum" : 327155
    }, {
      "relativeRanking" : 0.3,
      "datum" : 327155
    }, {
      "relativeRanking" : 0.35,
      "datum" : 327155
    }, {
      "relativeRanking" : 0.4,
      "datum" : 327155
    }, {
      "relativeRanking" : 0.45,
      "datum" : 327155
    }, {
      "relativeRanking" : 0.5,
      "datum" : 327155
    }, {
      "relativeRanking" : 0.55,
      "datum" : 327155
    }, {
      "relativeRanking" : 0.6,
      "datum" : 327155
    }, {
      "relativeRanking" : 0.65,
      "datum" : 327155
    }, {
      "relativeRanking" : 0.7,
      "datum" : 328767
    }, {
      "relativeRanking" : 0.75,
      "datum" : 328767
    }, {
      "relativeRanking" : 0.8,
      "datum" : 328767
    }, {
      "relativeRanking" : 0.85,
      "datum" : 328767
    }, {
      "relativeRanking" : 0.9,
      "datum" : 328767
    }, {
      "relativeRanking" : 0.95,
      "datum" : 328767
    } ],
    "maximum" : 331230
  },
  "failedReduceAttemptCDF" : {
    "numberValues" : 0,
    "minimum" : -9223372036854775808,
    "rankings" : [ ],
    "maximum" : 9223372036854775807
  },
  "queue" : "default",
  "jobName" : "CAC_Count-[1575697397605-Similarity2-END]",
  "clusterMapMB" : -1,
  "clusterReduceMB" : -1,
  "jobMapMB" : -1,
  "jobReduceMB" : -1,
  "relativeTime" : 0,
  "mapperTriesToSucceed" : [ 1.0 ],
  "failedMapperFraction" : 0.0,
  "jobProperties" : { }
}