{
  "jobID" : "job_1572946766556_1070",
  "user" : "hadoop",
  "computonsPerMapInputByte" : -1,
  "computonsPerMapOutputByte" : -1,
  "computonsPerReduceInputByte" : -1,
  "computonsPerReduceOutputByte" : -1,
  "submitTime" : 1575697400381,
  "launchTime" : 1575697404542,
  "finishTime" : 1575697542309,
  "heapMegabytes" : -1,
  "totalMaps" : 2,
  "totalReduces" : 3,
  "outcome" : "SUCCESS",
  "jobtype" : "JAVA",
  "priority" : "NORMAL",
  "directDependantJobs" : [ ],
  "mapTasks" : [ {
    "inputBytes" : 7745257,
    "inputRecords" : 246569,
    "outputBytes" : 32289411,
    "outputRecords" : 934712,
    "taskID" : "task_1572946766556_1070_m_000000",
    "startTime" : 1575697404598,
    "finishTime" : 1575697475502,
    "taskType" : "MAP",
    "taskStatus" : "SUCCESS",
    "attempts" : [ {
      "attemptID" : "attempt_1572946766556_1070_m_000000_0",
      "result" : "SUCCESS",
      "startTime" : 1575697406735,
      "finishTime" : 1575697475502,
      "hostName" : "/default-rack/slave2",
      "hdfsBytesRead" : 7745257,
      "hdfsBytesWritten" : 0,
      "fileBytesRead" : 0,
      "fileBytesWritten" : 32289411,
      "mapInputRecords" : 246569,
      "mapInputBytes" : -1,
      "mapOutputBytes" : 30296128,
      "mapOutputRecords" : 934712,
      "combineInputRecords" : 0,
      "reduceInputGroups" : -1,
      "reduceInputRecords" : -1,
      "reduceShuffleBytes" : -1,
      "reduceOutputRecords" : -1,
      "spilledRecords" : 934712,
      "shuffleFinished" : -1,
      "sortFinished" : -1,
      "location" : {
        "layers" : [ "default-rack", "slave2" ]
      },
      "clockSplits" : [ 10455, 8077, 8453, 8089, 8161, 8192, 7827, 8215, 325, 321, 322, 322 ],
      "cpuUsages" : [ 125769, 113368, 95873, 84748, 85873, 86470, 82585, 87318, 1018, 686, 686, 686 ],
      "physMemKbytes" : [ 220295, 349080, 359346, 361462, 363172, 357080, 356561, 356726, 355007, 350603, 346198, 341794 ],
      "resourceUsageMetrics" : {
        "cumulativeCpuUsage" : 765080,
        "virtualMemoryUsage" : 2119811072,
        "physicalMemoryUsage" : 347742208,
        "heapUsage" : 192937984
      },
      "vmemKbytes" : [ 1361177, 2072551, 2071930, 2069503, 2069504, 2069503, 2069504, 2069612, 2070127, 2070128, 2070127, 2070128 ]
    }, {
      "attemptID" : "attempt_1572946766556_1070_m_000000_1",
      "result" : "KILLED",
      "startTime" : 1575697420659,
      "finishTime" : 1575697475538,
      "hostName" : "/default-rack/slave2",
      "hdfsBytesRead" : 6553745,
      "hdfsBytesWritten" : 0,
      "fileBytesRead" : 0,
      "fileBytesWritten" : 123761,
      "mapInputRecords" : 209628,
      "mapInputBytes" : -1,
      "mapOutputBytes" : 25439613,
      "mapOutputRecords" : 784661,
      "combineInputRecords" : 0,
      "reduceInputGroups" : -1,
      "reduceInputRecords" : -1,
      "reduceShuffleBytes" : -1,
      "reduceOutputRecords" : -1,
      "spilledRecords" : 0,
      "shuffleFinished" : -1,
      "sortFinished" : -1,
      "location" : {
        "layers" : [ "default-rack", "slave2" ]
      },
      "clockSplits" : [ 11089, 8048, 8096, 7457, 7449, 7270, 5417, 4, 4, 4, 4, 4 ],
      "cpuUsages" : [ 122002, 108580, 103798, 94432, 96585, 92654, 73049, 0, 0, 0, 0, 0 ],
      "physMemKbytes" : [ 231827, 354531, 363987, 366344, 371260, 367311, 367436, 367459, 367460, 367460, 367459, 367460 ],
      "resourceUsageMetrics" : {
        "cumulativeCpuUsage" : 691100,
        "virtualMemoryUsage" : 2124021760,
        "physicalMemoryUsage" : 376279040,
        "heapUsage" : 192937984
      },
      "vmemKbytes" : [ 1410665, 2073559, 2073560, 2073559, 2078433, 2074246, 2074240, 2074239, 2074240, 2074240, 2074239, 2074240 ]
    } ],
    "preferredLocations" : [ ]
  }, {
    "inputBytes" : 1279951,
    "inputRecords" : 32202,
    "outputBytes" : 4613252,
    "outputRecords" : 203769,
    "taskID" : "task_1572946766556_1070_m_000001",
    "startTime" : 1575697404600,
    "finishTime" : 1575697418593,
    "taskType" : "MAP",
    "taskStatus" : "SUCCESS",
    "attempts" : [ {
      "attemptID" : "attempt_1572946766556_1070_m_000001_0",
      "result" : "SUCCESS",
      "startTime" : 1575697406744,
      "finishTime" : 1575697418593,
      "hostName" : "/default-rack/slave3",
      "hdfsBytesRead" : 1279951,
      "hdfsBytesWritten" : 0,
      "fileBytesRead" : 0,
      "fileBytesWritten" : 4613252,
      "mapInputRecords" : 32202,
      "mapInputBytes" : -1,
      "mapOutputBytes" : 4081855,
      "mapOutputRecords" : 203769,
      "combineInputRecords" : 0,
      "reduceInputGroups" : -1,
      "reduceInputRecords" : -1,
      "reduceShuffleBytes" : -1,
      "reduceOutputRecords" : -1,
      "spilledRecords" : 203769,
      "shuffleFinished" : -1,
      "sortFinished" : -1,
      "location" : {
        "layers" : [ "default-rack", "slave3" ]
      },
      "clockSplits" : [ 1443, 1443, 1444, 1443, 1443, 1441, 1437, 1368, 89, 89, 89, 90 ],
      "cpuUsages" : [ 18509, 18509, 18509, 18509, 18510, 23253, 28774, 23669, 1254, 1255, 1254, 1255 ],
      "physMemKbytes" : [ 31707, 95121, 158536, 221950, 285365, 342622, 356730, 362335, 361564, 357544, 353523, 349502 ],
      "resourceUsageMetrics" : {
        "cumulativeCpuUsage" : 173260,
        "virtualMemoryUsage" : 2124288000,
        "physicalMemoryUsage" : 355831808,
        "heapUsage" : 174063616
      },
      "vmemKbytes" : [ 187304, 561912, 936521, 1311130, 1685739, 2020330, 2074500, 2074499, 2074500, 2074500, 2074499, 2074500 ]
    } ],
    "preferredLocations" : [ ]
  } ],
  "reduceTasks" : [ {
    "inputBytes" : 13316912,
    "inputRecords" : 412432,
    "outputBytes" : 9598928,
    "outputRecords" : 3960,
    "taskID" : "task_1572946766556_1070_r_000000",
    "startTime" : 1575697404600,
    "finishTime" : 1575697542239,
    "taskType" : "REDUCE",
    "taskStatus" : "SUCCESS",
    "attempts" : [ {
      "attemptID" : "attempt_1572946766556_1070_r_000000_0",
      "result" : "SUCCESS",
      "startTime" : 1575697420661,
      "finishTime" : 1575697542239,
      "hostName" : "/default-rack/slave5",
      "hdfsBytesRead" : 0,
      "hdfsBytesWritten" : 9598928,
      "fileBytesRead" : 13316906,
      "fileBytesWritten" : 13440644,
      "mapInputRecords" : -1,
      "mapInputBytes" : -1,
      "mapOutputBytes" : -1,
      "mapOutputRecords" : -1,
      "combineInputRecords" : 0,
      "reduceInputGroups" : 3960,
      "reduceInputRecords" : 412432,
      "reduceShuffleBytes" : 13316912,
      "reduceOutputRecords" : 3960,
      "spilledRecords" : 412432,
      "shuffleFinished" : 1575697476015,
      "sortFinished" : 1575697476215,
      "location" : {
        "layers" : [ "default-rack", "slave5" ]
      },
      "clockSplits" : [ 3946, 3947, 47815, 173, 173, 173, 173, 174, 5669, 23090, 19368, 16862 ],
      "cpuUsages" : [ 249, 250, 3728, 1067, 1068, 1067, 1068, 1067, 21421, 89177, 69446, 59942 ],
      "physMemKbytes" : [ 40316, 120950, 176166, 183323, 190482, 197639, 204797, 211954, 222130, 247665, 258504, 262647 ],
      "resourceUsageMetrics" : {
        "cumulativeCpuUsage" : 249550,
        "virtualMemoryUsage" : 2132774912,
        "physicalMemoryUsage" : 270139392,
        "heapUsage" : 150994944
      },
      "vmemKbytes" : [ 518072, 1554218, 2079615, 2079944, 2080273, 2080601, 2080930, 2081259, 2082157, 2082788, 2082787, 2082788 ]
    } ],
    "preferredLocations" : [ ]
  }, {
    "inputBytes" : 10820170,
    "inputRecords" : 331716,
    "outputBytes" : 7676048,
    "outputRecords" : 3964,
    "taskID" : "task_1572946766556_1070_r_000001",
    "startTime" : 1575697404601,
    "finishTime" : 1575697517649,
    "taskType" : "REDUCE",
    "taskStatus" : "SUCCESS",
    "attempts" : [ {
      "attemptID" : "attempt_1572946766556_1070_r_000001_0",
      "result" : "SUCCESS",
      "startTime" : 1575697420665,
      "finishTime" : 1575697517649,
      "hostName" : "/default-rack/slave1",
      "hdfsBytesRead" : 0,
      "hdfsBytesWritten" : 7676048,
      "fileBytesRead" : 10820164,
      "fileBytesWritten" : 10943902,
      "mapInputRecords" : -1,
      "mapInputBytes" : -1,
      "mapOutputBytes" : -1,
      "mapOutputRecords" : -1,
      "combineInputRecords" : 0,
      "reduceInputGroups" : 3964,
      "reduceInputRecords" : 331716,
      "reduceShuffleBytes" : 10820170,
      "reduceOutputRecords" : 3964,
      "spilledRecords" : 331716,
      "shuffleFinished" : 1575697476039,
      "sortFinished" : 1575697476215,
      "location" : {
        "layers" : [ "default-rack", "slave1" ]
      },
      "clockSplits" : [ 3975, 3976, 47759, 174, 174, 174, 174, 174, 4342, 22022, 6178, 7848 ],
      "cpuUsages" : [ 229, 230, 3623, 1283, 1283, 1283, 1283, 1283, 16563, 84304, 24564, 26992 ],
      "physMemKbytes" : [ 41999, 125999, 179613, 192376, 205139, 217902, 230666, 243429, 252115, 256277, 265219, 265451 ],
      "resourceUsageMetrics" : {
        "cumulativeCpuUsage" : 162920,
        "virtualMemoryUsage" : 2131603456,
        "physicalMemoryUsage" : 271921152,
        "heapUsage" : 149946368
      },
      "vmemKbytes" : [ 518310, 1554932, 2074069, 2075720, 2077372, 2079023, 2080675, 2082326, 2082604, 2081644, 2081643, 2081644 ]
    } ],
    "preferredLocations" : [ ]
  }, {
    "inputBytes" : 12517899,
    "inputRecords" : 394333,
    "outputBytes" : 8988289,
    "outputRecords" : 3919,
    "taskID" : "task_1572946766556_1070_r_000002",
    "startTime" : 1575697404601,
    "finishTime" : 1575697523393,
    "taskType" : "REDUCE",
    "taskStatus" : "SUCCESS",
    "attempts" : [ {
      "attemptID" : "attempt_1572946766556_1070_r_000002_0",
      "result" : "SUCCESS",
      "startTime" : 1575697420662,
      "finishTime" : 1575697523393,
      "hostName" : "/default-rack/slave4",
      "hdfsBytesRead" : 0,
      "hdfsBytesWritten" : 8988289,
      "fileBytesRead" : 12517893,
      "fileBytesWritten" : 12641631,
      "mapInputRecords" : -1,
      "mapInputBytes" : -1,
      "mapOutputBytes" : -1,
      "mapOutputRecords" : -1,
      "combineInputRecords" : 0,
      "reduceInputGroups" : 3919,
      "reduceInputRecords" : 394333,
      "reduceShuffleBytes" : 12517899,
      "reduceOutputRecords" : 3919,
      "spilledRecords" : 394333,
      "shuffleFinished" : 1575697476007,
      "sortFinished" : 1575697476196,
      "location" : {
        "layers" : [ "default-rack", "slave4" ]
      },
      "clockSplits" : [ 3941, 3941, 47808, 176, 176, 176, 176, 176, 4896, 18061, 14874, 8318 ],
      "cpuUsages" : [ 274, 275, 3734, 1084, 1083, 1084, 1083, 1084, 16054, 68014, 57239, 30762 ],
      "physMemKbytes" : [ 40090, 120272, 180288, 188537, 196787, 205036, 213285, 221534, 232230, 248416, 256217, 260117 ],
      "resourceUsageMetrics" : {
        "cumulativeCpuUsage" : 181770,
        "virtualMemoryUsage" : 2127450112,
        "physicalMemoryUsage" : 266194944,
        "heapUsage" : 141033472
      },
      "vmemKbytes" : [ 518045, 1554137, 2072615, 2073480, 2074345, 2075210, 2076075, 2076940, 2077561, 2077588, 2077587, 2077588 ]
    } ],
    "preferredLocations" : [ ]
  } ],
  "otherTasks" : [ ],
  "successfulMapAttemptCDFs" : [ {
    "numberValues" : 0,
    "minimum" : -9223372036854775808,
    "rankings" : [ ],
    "maximum" : 9223372036854775807
  }, {
    "numberValues" : 0,
    "minimum" : -9223372036854775808,
    "rankings" : [ ],
    "maximum" : 9223372036854775807
  }, {
    "numberValues" : 0,
    "minimum" : -9223372036854775808,
    "rankings" : [ ],
    "maximum" : 9223372036854775807
  }, {
    "numberValues" : 2,
    "minimum" : 11849,
    "rankings" : [ {
      "relativeRanking" : 0.05,
      "datum" : 11849
    }, {
      "relativeRanking" : 0.1,
      "datum" : 11849
    }, {
      "relativeRanking" : 0.15,
      "datum" : 11849
    }, {
      "relativeRanking" : 0.2,
      "datum" : 11849
    }, {
      "relativeRanking" : 0.25,
      "datum" : 11849
    }, {
      "relativeRanking" : 0.3,
      "datum" : 11849
    }, {
      "relativeRanking" : 0.35,
      "datum" : 11849
    }, {
      "relativeRanking" : 0.4,
      "datum" : 11849
    }, {
      "relativeRanking" : 0.45,
      "datum" : 11849
    }, {
      "relativeRanking" : 0.5,
      "datum" : 11849
    }, {
      "relativeRanking" : 0.55,
      "datum" : 11849
    }, {
      "relativeRanking" : 0.6,
      "datum" : 11849
    }, {
      "relativeRanking" : 0.65,
      "datum" : 11849
    }, {
      "relativeRanking" : 0.7,
      "datum" : 11849
    }, {
      "relativeRanking" : 0.75,
      "datum" : 11849
    }, {
      "relativeRanking" : 0.8,
      "datum" : 11849
    }, {
      "relativeRanking" : 0.85,
      "datum" : 11849
    }, {
      "relativeRanking" : 0.9,
      "datum" : 11849
    }, {
      "relativeRanking" : 0.95,
      "datum" : 11849
    } ],
    "maximum" : 68767
  } ],
  "failedMapAttemptCDFs" : [ {
    "numberValues" : 0,
    "minimum" : -9223372036854775808,
    "rankings" : [ ],
    "maximum" : 9223372036854775807
  }, {
    "numberValues" : 0,
    "minimum" : -9223372036854775808,
    "rankings" : [ ],
    "maximum" : 9223372036854775807
  }, {
    "numberValues" : 0,
    "minimum" : -9223372036854775808,
    "rankings" : [ ],
    "maximum" : 9223372036854775807
  }, {
    "numberValues" : 0,
    "minimum" : -9223372036854775808,
    "rankings" : [ ],
    "maximum" : 9223372036854775807
  } ],
  "successfulReduceAttemptCDF" : {
    "numberValues" : 3,
    "minimum" : 96984,
    "rankings" : [ {
      "relativeRanking" : 0.05,
      "datum" : 96984
    }, {
      "relativeRanking" : 0.1,
      "datum" : 96984
    }, {
      "relativeRanking" : 0.15,
      "datum" : 96984
    }, {
      "relativeRanking" : 0.2,
      "datum" : 96984
    }, {
      "relativeRanking" : 0.25,
      "datum" : 96984
    }, {
      "relativeRanking" : 0.3,
      "datum" : 96984
    }, {
      "relativeRanking" : 0.35,
      "datum" : 96984
    }, {
      "relativeRanking" : 0.4,
      "datum" : 96984
    }, {
      "relativeRanking" : 0.45,
      "datum" : 96984
    }, {
      "relativeRanking" : 0.5,
      "datum" : 96984
    }, {
      "relativeRanking" : 0.55,
      "datum" : 96984
    }, {
      "relativeRanking" : 0.6,
      "datum" : 96984
    }, {
      "relativeRanking" : 0.65,
      "datum" : 96984
    }, {
      "relativeRanking" : 0.7,
      "datum" : 102731
    }, {
      "relativeRanking" : 0.75,
      "datum" : 102731
    }, {
      "relativeRanking" : 0.8,
      "datum" : 102731
    }, {
      "relativeRanking" : 0.85,
      "datum" : 102731
    }, {
      "relativeRanking" : 0.9,
      "datum" : 102731
    }, {
      "relativeRanking" : 0.95,
      "datum" : 102731
    } ],
    "maximum" : 121578
  },
  "failedReduceAttemptCDF" : {
    "numberValues" : 0,
    "minimum" : -9223372036854775808,
    "rankings" : [ ],
    "maximum" : 9223372036854775807
  },
  "queue" : "default",
  "jobName" : "CAC_Count-[1575697397605-Indexing1]",
  "clusterMapMB" : -1,
  "clusterReduceMB" : -1,
  "jobMapMB" : -1,
  "jobReduceMB" : -1,
  "relativeTime" : 0,
  "mapperTriesToSucceed" : [ 1.0 ],
  "failedMapperFraction" : 0.0,
  "jobProperties" : { }
}