{
  "jobID" : "job_1600222256971_1112",
  "user" : "hadoop",
  "computonsPerMapInputByte" : -1,
  "computonsPerMapOutputByte" : -1,
  "computonsPerReduceInputByte" : -1,
  "computonsPerReduceOutputByte" : -1,
  "submitTime" : 1601023419442,
  "launchTime" : 1601023422857,
  "finishTime" : 1601023442056,
  "heapMegabytes" : -1,
  "totalMaps" : 8,
  "totalReduces" : 4,
  "outcome" : "SUCCESS",
  "jobtype" : "JAVA",
  "priority" : "NORMAL",
  "directDependantJobs" : [ ],
  "mapTasks" : [ {
    "inputBytes" : 134217938,
    "inputRecords" : 1342178,
    "outputBytes" : 279298014,
    "outputRecords" : 1342178,
    "taskID" : "task_1600222256971_1112_m_000000",
    "startTime" : 1601023422919,
    "finishTime" : 1601023432866,
    "taskType" : "MAP",
    "taskStatus" : "SUCCESS",
    "attempts" : [ {
      "attemptID" : "attempt_1600222256971_1112_m_000000_0",
      "result" : "SUCCESS",
      "startTime" : 1601023425095,
      "finishTime" : 1601023432866,
      "hostName" : "/default-rack/slave2",
      "hdfsBytesRead" : 134217938,
      "hdfsBytesWritten" : 0,
      "fileBytesRead" : 139956435,
      "fileBytesWritten" : 279298014,
      "mapInputRecords" : 1342178,
      "mapInputBytes" : -1,
      "mapOutputBytes" : 136902156,
      "mapOutputRecords" : 1342178,
      "combineInputRecords" : 0,
      "reduceInputGroups" : -1,
      "reduceInputRecords" : -1,
      "reduceShuffleBytes" : -1,
      "reduceOutputRecords" : -1,
      "spilledRecords" : 2684356,
      "shuffleFinished" : -1,
      "sortFinished" : -1,
      "location" : {
        "layers" : [ "default-rack", "slave2" ]
      },
      "clockSplits" : [ 5443, 211, 210, 211, 210, 211, 210, 211, 210, 211, 210, 211 ],
      "cpuUsages" : [ 1017, 1018, 1017, 1018, 1017, 1018, 1017, 1018, 1017, 1018, 1017, 1018 ],
      "physMemKbytes" : [ 11863, 35591, 59319, 83046, 106774, 130501, 154229, 177956, 201685, 225412, 249139, 272868 ],
      "vmemKbytes" : [ 83905, 251715, 419525, 587334, 755145, 922954, 1090765, 1258574, 1426385, 1594195, 1762004, 1929815 ],
      "resourceUsageMetrics" : {
        "cumulativeCpuUsage" : 12210,
        "virtualMemoryUsage" : 2062049280,
        "physicalMemoryUsage" : 291565568,
        "heapUsage" : 187695104
      }
    } ],
    "preferredLocations" : [ ]
  }, {
    "inputBytes" : 134217838,
    "inputRecords" : 1342177,
    "outputBytes" : 279297806,
    "outputRecords" : 1342177,
    "taskID" : "task_1600222256971_1112_m_000001",
    "startTime" : 1601023422921,
    "finishTime" : 1601023432762,
    "taskType" : "MAP",
    "taskStatus" : "SUCCESS",
    "attempts" : [ {
      "attemptID" : "attempt_1600222256971_1112_m_000001_0",
      "result" : "SUCCESS",
      "startTime" : 1601023425085,
      "finishTime" : 1601023432762,
      "hostName" : "/default-rack/slave5",
      "hdfsBytesRead" : 134217838,
      "hdfsBytesWritten" : 0,
      "fileBytesRead" : 140203083,
      "fileBytesWritten" : 279297806,
      "mapInputRecords" : 1342177,
      "mapInputBytes" : -1,
      "mapOutputBytes" : 136902054,
      "mapOutputRecords" : 1342177,
      "combineInputRecords" : 0,
      "reduceInputGroups" : -1,
      "reduceInputRecords" : -1,
      "reduceShuffleBytes" : -1,
      "reduceOutputRecords" : -1,
      "spilledRecords" : 2684354,
      "shuffleFinished" : -1,
      "sortFinished" : -1,
      "location" : {
        "layers" : [ "default-rack", "slave5" ]
      },
      "clockSplits" : [ 5147, 229, 229, 229, 229, 229, 228, 229, 229, 229, 229, 229 ],
      "cpuUsages" : [ 863, 863, 864, 863, 863, 864, 863, 863, 864, 863, 863, 864 ],
      "physMemKbytes" : [ 11971, 35915, 59859, 83802, 107746, 131689, 155633, 179576, 203521, 227464, 251407, 275352 ],
      "vmemKbytes" : [ 84007, 252022, 420037, 588052, 756067, 924082, 1092097, 1260112, 1428127, 1596142, 1764157, 1932172 ],
      "resourceUsageMetrics" : {
        "cumulativeCpuUsage" : 10360,
        "virtualMemoryUsage" : 2064568320,
        "physicalMemoryUsage" : 294219776,
        "heapUsage" : 198180864
      }
    } ],
    "preferredLocations" : [ ]
  }, {
    "inputBytes" : 134217838,
    "inputRecords" : 1342177,
    "outputBytes" : 279297806,
    "outputRecords" : 1342177,
    "taskID" : "task_1600222256971_1112_m_000002",
    "startTime" : 1601023422921,
    "finishTime" : 1601023434386,
    "taskType" : "MAP",
    "taskStatus" : "SUCCESS",
    "attempts" : [ {
      "attemptID" : "attempt_1600222256971_1112_m_000002_0",
      "result" : "SUCCESS",
      "startTime" : 1601023425095,
      "finishTime" : 1601023434386,
      "hostName" : "/default-rack/slave5",
      "hdfsBytesRead" : 134217838,
      "hdfsBytesWritten" : 0,
      "fileBytesRead" : 140337035,
      "fileBytesWritten" : 279297806,
      "mapInputRecords" : 1342177,
      "mapInputBytes" : -1,
      "mapOutputBytes" : 136902054,
      "mapOutputRecords" : 1342177,
      "combineInputRecords" : 0,
      "reduceInputGroups" : -1,
      "reduceInputRecords" : -1,
      "reduceShuffleBytes" : -1,
      "reduceOutputRecords" : -1,
      "spilledRecords" : 2684354,
      "shuffleFinished" : -1,
      "sortFinished" : -1,
      "location" : {
        "layers" : [ "default-rack", "slave5" ]
      },
      "clockSplits" : [ 6899, 160, 159, 160, 159, 160, 159, 160, 315, 316, 316, 316 ],
      "cpuUsages" : [ 1615, 1615, 1616, 1615, 1616, 1615, 1616, 1615, 739, 736, 736, 736 ],
      "physMemKbytes" : [ 18175, 54525, 90875, 127225, 163576, 199925, 236276, 272626, 291119, 291465, 291811, 292158 ],
      "vmemKbytes" : [ 125780, 377341, 628902, 880463, 1132025, 1383586, 1635147, 1886708, 2013948, 2014867, 2015784, 2016701 ],
      "resourceUsageMetrics" : {
        "cumulativeCpuUsage" : 15870,
        "virtualMemoryUsage" : 2065571840,
        "physicalMemoryUsage" : 299347968,
        "heapUsage" : 197132288
      }
    } ],
    "preferredLocations" : [ ]
  }, {
    "inputBytes" : 134217938,
    "inputRecords" : 1342178,
    "outputBytes" : 279298014,
    "outputRecords" : 1342178,
    "taskID" : "task_1600222256971_1112_m_000003",
    "startTime" : 1601023422921,
    "finishTime" : 1601023433773,
    "taskType" : "MAP",
    "taskStatus" : "SUCCESS",
    "attempts" : [ {
      "attemptID" : "attempt_1600222256971_1112_m_000003_0",
      "result" : "SUCCESS",
      "startTime" : 1601023425100,
      "finishTime" : 1601023433773,
      "hostName" : "/default-rack/slave5",
      "hdfsBytesRead" : 134217938,
      "hdfsBytesWritten" : 0,
      "fileBytesRead" : 140085395,
      "fileBytesWritten" : 279298014,
      "mapInputRecords" : 1342178,
      "mapInputBytes" : -1,
      "mapOutputBytes" : 136902156,
      "mapOutputRecords" : 1342178,
      "combineInputRecords" : 0,
      "reduceInputGroups" : -1,
      "reduceInputRecords" : -1,
      "reduceShuffleBytes" : -1,
      "reduceOutputRecords" : -1,
      "spilledRecords" : 2684356,
      "shuffleFinished" : -1,
      "sortFinished" : -1,
      "location" : {
        "layers" : [ "default-rack", "slave5" ]
      },
      "clockSplits" : [ 6342, 181, 181, 181, 181, 181, 181, 181, 181, 181, 253, 435 ],
      "cpuUsages" : [ 1180, 1181, 1180, 1181, 1180, 1181, 1181, 1180, 1181, 1180, 1051, 724 ],
      "physMemKbytes" : [ 13378, 40135, 66892, 93649, 120406, 147163, 173920, 200677, 227434, 254191, 279871, 286872 ],
      "vmemKbytes" : [ 94059, 282179, 470299, 658418, 846539, 1034658, 1222778, 1410897, 1599018, 1787138, 1967622, 2015720 ],
      "resourceUsageMetrics" : {
        "cumulativeCpuUsage" : 13580,
        "virtualMemoryUsage" : 2064097280,
        "physicalMemoryUsage" : 293867520,
        "heapUsage" : 197656576
      }
    }, {
      "attemptID" : "attempt_1600222256971_1112_m_000003_1",
      "result" : "KILLED",
      "startTime" : 1601023432956,
      "finishTime" : 1601023433800,
      "hostName" : "/default-rack/slave1",
      "hdfsBytesRead" : -1,
      "hdfsBytesWritten" : -1,
      "fileBytesRead" : -1,
      "fileBytesWritten" : -1,
      "mapInputRecords" : -1,
      "mapInputBytes" : -1,
      "mapOutputBytes" : -1,
      "mapOutputRecords" : -1,
      "combineInputRecords" : -1,
      "reduceInputGroups" : -1,
      "reduceInputRecords" : -1,
      "reduceShuffleBytes" : -1,
      "reduceOutputRecords" : -1,
      "spilledRecords" : -1,
      "shuffleFinished" : -1,
      "sortFinished" : -1,
      "location" : {
        "layers" : [ "default-rack", "slave1" ]
      },
      "clockSplits" : [ 68, 68, 68, 69, 68, 68, 68, 69, 68, 68, 68, 69 ],
      "cpuUsages" : [ 0, 0, 0, 0, 0, 0, 0, 0, 0, 0, 0, 0 ],
      "physMemKbytes" : [ 0, 0, 0, 0, 0, 0, 0, 0, 0, 0, 0, 0 ],
      "vmemKbytes" : [ 0, 0, 0, 0, 0, 0, 0, 0, 0, 0, 0, 0 ],
      "resourceUsageMetrics" : {
        "cumulativeCpuUsage" : 0,
        "virtualMemoryUsage" : 0,
        "physicalMemoryUsage" : 0,
        "heapUsage" : 0
      }
    } ],
    "preferredLocations" : [ ]
  }, {
    "inputBytes" : 134217838,
    "inputRecords" : 1342177,
    "outputBytes" : 279297806,
    "outputRecords" : 1342177,
    "taskID" : "task_1600222256971_1112_m_000004",
    "startTime" : 1601023422921,
    "finishTime" : 1601023432635,
    "taskType" : "MAP",
    "taskStatus" : "SUCCESS",
    "attempts" : [ {
      "attemptID" : "attempt_1600222256971_1112_m_000004_0",
      "result" : "SUCCESS",
      "startTime" : 1601023425101,
      "finishTime" : 1601023432635,
      "hostName" : "/default-rack/slave1",
      "hdfsBytesRead" : 134217838,
      "hdfsBytesWritten" : 0,
      "fileBytesRead" : 140032211,
      "fileBytesWritten" : 279297806,
      "mapInputRecords" : 1342177,
      "mapInputBytes" : -1,
      "mapOutputBytes" : 136902054,
      "mapOutputRecords" : 1342177,
      "combineInputRecords" : 0,
      "reduceInputGroups" : -1,
      "reduceInputRecords" : -1,
      "reduceShuffleBytes" : -1,
      "reduceOutputRecords" : -1,
      "spilledRecords" : 2684354,
      "shuffleFinished" : -1,
      "sortFinished" : -1,
      "location" : {
        "layers" : [ "default-rack", "slave1" ]
      },
      "clockSplits" : [ 5453, 188, 188, 188, 188, 188, 188, 188, 188, 188, 188, 188 ],
      "cpuUsages" : [ 930, 930, 930, 930, 930, 930, 930, 930, 930, 930, 930, 930 ],
      "physMemKbytes" : [ 12044, 36132, 60221, 84309, 108398, 132487, 156576, 180664, 204753, 228842, 252930, 277019 ],
      "vmemKbytes" : [ 84061, 252184, 420309, 588432, 756556, 924679, 1092803, 1260926, 1429051, 1597174, 1765297, 1933422 ],
      "resourceUsageMetrics" : {
        "cumulativeCpuUsage" : 11160,
        "virtualMemoryUsage" : 2065903616,
        "physicalMemoryUsage" : 296001536,
        "heapUsage" : 187695104
      }
    } ],
    "preferredLocations" : [ ]
  }, {
    "inputBytes" : 134217838,
    "inputRecords" : 1342177,
    "outputBytes" : 279297806,
    "outputRecords" : 1342177,
    "taskID" : "task_1600222256971_1112_m_000005",
    "startTime" : 1601023422921,
    "finishTime" : 1601023431851,
    "taskType" : "MAP",
    "taskStatus" : "SUCCESS",
    "attempts" : [ {
      "attemptID" : "attempt_1600222256971_1112_m_000005_0",
      "result" : "SUCCESS",
      "startTime" : 1601023425079,
      "finishTime" : 1601023431851,
      "hostName" : "/default-rack/slave4",
      "hdfsBytesRead" : 134217838,
      "hdfsBytesWritten" : 0,
      "fileBytesRead" : 140178299,
      "fileBytesWritten" : 279297806,
      "mapInputRecords" : 1342177,
      "mapInputBytes" : -1,
      "mapOutputBytes" : 136902054,
      "mapOutputRecords" : 1342177,
      "combineInputRecords" : 0,
      "reduceInputGroups" : -1,
      "reduceInputRecords" : -1,
      "reduceShuffleBytes" : -1,
      "reduceOutputRecords" : -1,
      "spilledRecords" : 2684354,
      "shuffleFinished" : -1,
      "sortFinished" : -1,
      "location" : {
        "layers" : [ "default-rack", "slave4" ]
      },
      "clockSplits" : [ 4471, 208, 208, 208, 208, 208, 208, 208, 208, 208, 208, 208 ],
      "cpuUsages" : [ 823, 823, 824, 823, 823, 824, 823, 823, 824, 823, 823, 824 ],
      "physMemKbytes" : [ 12097, 36292, 60487, 84682, 108877, 133072, 157267, 181462, 205657, 229852, 254047, 278242 ],
      "vmemKbytes" : [ 84105, 252316, 420529, 588740, 756952, 925163, 1093375, 1261586, 1429799, 1598010, 1766221, 1934434 ],
      "resourceUsageMetrics" : {
        "cumulativeCpuUsage" : 9880,
        "virtualMemoryUsage" : 2066984960,
        "physicalMemoryUsage" : 297308160,
        "heapUsage" : 198180864
      }
    } ],
    "preferredLocations" : [ ]
  }, {
    "inputBytes" : 97346938,
    "inputRecords" : 973468,
    "outputBytes" : 202606310,
    "outputRecords" : 973468,
    "taskID" : "task_1600222256971_1112_m_000006",
    "startTime" : 1601023422922,
    "finishTime" : 1601023431187,
    "taskType" : "MAP",
    "taskStatus" : "SUCCESS",
    "attempts" : [ {
      "attemptID" : "attempt_1600222256971_1112_m_000006_0",
      "result" : "SUCCESS",
      "startTime" : 1601023425094,
      "finishTime" : 1601023431187,
      "hostName" : "/default-rack/slave2",
      "hdfsBytesRead" : 97346938,
      "hdfsBytesWritten" : 0,
      "fileBytesRead" : 101640085,
      "fileBytesWritten" : 202606310,
      "mapInputRecords" : 973468,
      "mapInputBytes" : -1,
      "mapOutputBytes" : 99293736,
      "mapOutputRecords" : 973468,
      "combineInputRecords" : 0,
      "reduceInputGroups" : -1,
      "reduceInputRecords" : -1,
      "reduceShuffleBytes" : -1,
      "reduceOutputRecords" : -1,
      "spilledRecords" : 1946936,
      "shuffleFinished" : -1,
      "sortFinished" : -1,
      "location" : {
        "layers" : [ "default-rack", "slave2" ]
      },
      "clockSplits" : [ 4399, 153, 153, 153, 153, 153, 152, 153, 153, 153, 153, 153 ],
      "cpuUsages" : [ 660, 660, 660, 660, 660, 660, 660, 660, 660, 660, 660, 660 ],
      "physMemKbytes" : [ 11696, 35088, 58480, 81871, 105264, 128655, 152048, 175439, 198832, 222224, 245615, 269008 ],
      "vmemKbytes" : [ 83859, 251577, 419295, 587012, 754731, 922448, 1090167, 1257884, 1425603, 1593321, 1761038, 1928757 ],
      "resourceUsageMetrics" : {
        "cumulativeCpuUsage" : 7920,
        "virtualMemoryUsage" : 2060918784,
        "physicalMemoryUsage" : 287440896,
        "heapUsage" : 198180864
      }
    } ],
    "preferredLocations" : [ ]
  }, {
    "inputBytes" : 97346938,
    "inputRecords" : 973468,
    "outputBytes" : 202606310,
    "outputRecords" : 973468,
    "taskID" : "task_1600222256971_1112_m_000007",
    "startTime" : 1601023422922,
    "finishTime" : 1601023431157,
    "taskType" : "MAP",
    "taskStatus" : "SUCCESS",
    "attempts" : [ {
      "attemptID" : "attempt_1600222256971_1112_m_000007_0",
      "result" : "SUCCESS",
      "startTime" : 1601023425101,
      "finishTime" : 1601023431157,
      "hostName" : "/default-rack/slave1",
      "hdfsBytesRead" : 97346938,
      "hdfsBytesWritten" : 0,
      "fileBytesRead" : 101694269,
      "fileBytesWritten" : 202606310,
      "mapInputRecords" : 973468,
      "mapInputBytes" : -1,
      "mapOutputBytes" : 99293736,
      "mapOutputRecords" : 973468,
      "combineInputRecords" : 0,
      "reduceInputGroups" : -1,
      "reduceInputRecords" : -1,
      "reduceShuffleBytes" : -1,
      "reduceOutputRecords" : -1,
      "spilledRecords" : 1946936,
      "shuffleFinished" : -1,
      "sortFinished" : -1,
      "location" : {
        "layers" : [ "default-rack", "slave1" ]
      },
      "clockSplits" : [ 4421, 146, 146, 146, 146, 147, 146, 146, 146, 146, 146, 147 ],
      "cpuUsages" : [ 687, 688, 687, 688, 687, 688, 687, 688, 687, 688, 687, 688 ],
      "physMemKbytes" : [ 11839, 35518, 59197, 82876, 106555, 130234, 153913, 177592, 201271, 224950, 248629, 272308 ],
      "vmemKbytes" : [ 83978, 251934, 419890, 587845, 755802, 923757, 1091714, 1259669, 1427626, 1595582, 1763537, 1931494 ],
      "resourceUsageMetrics" : {
        "cumulativeCpuUsage" : 8250,
        "virtualMemoryUsage" : 2063843328,
        "physicalMemoryUsage" : 290967552,
        "heapUsage" : 198180864
      }
    } ],
    "preferredLocations" : [ ]
  } ],
  "reduceTasks" : [ {
    "inputBytes" : 260313400,
    "inputRecords" : 2503013,
    "outputBytes" : 250301300,
    "outputRecords" : 2503013,
    "taskID" : "task_1600222256971_1112_r_000000",
    "startTime" : 1601023422922,
    "finishTime" : 1601023441938,
    "taskType" : "REDUCE",
    "taskStatus" : "SUCCESS",
    "attempts" : [ {
      "attemptID" : "attempt_1600222256971_1112_r_000000_0",
      "result" : "SUCCESS",
      "startTime" : 1601023434020,
      "finishTime" : 1601023441938,
      "hostName" : "/default-rack/slave1",
      "hdfsBytesRead" : 0,
      "hdfsBytesWritten" : 250301300,
      "fileBytesRead" : 260313394,
      "fileBytesWritten" : 260438161,
      "mapInputRecords" : -1,
      "mapInputBytes" : -1,
      "mapOutputBytes" : -1,
      "mapOutputRecords" : -1,
      "combineInputRecords" : 0,
      "reduceInputGroups" : 2503013,
      "reduceInputRecords" : 2503013,
      "reduceShuffleBytes" : 260313400,
      "reduceOutputRecords" : 2503013,
      "spilledRecords" : 2503013,
      "shuffleFinished" : 1601023439225,
      "sortFinished" : 1601023439464,
      "location" : {
        "layers" : [ "default-rack", "slave1" ]
      },
      "clockSplits" : [ 5651, 195, 195, 195, 195, 195, 195, 195, 195, 195, 195, 306 ],
      "cpuUsages" : [ 1055, 1055, 1055, 1055, 1055, 1055, 1055, 1055, 1055, 1055, 1055, 1225 ],
      "physMemKbytes" : [ 10254, 30762, 51270, 71778, 92287, 112795, 133304, 153811, 174320, 194829, 215336, 235845 ],
      "vmemKbytes" : [ 84454, 253362, 422270, 591178, 760087, 928995, 1097904, 1266811, 1435720, 1604629, 1773537, 1942446 ],
      "resourceUsageMetrics" : {
        "cumulativeCpuUsage" : 12830,
        "virtualMemoryUsage" : 2075545600,
        "physicalMemoryUsage" : 252088320,
        "heapUsage" : 131072000
      }
    } ],
    "preferredLocations" : [ ]
  }, {
    "inputBytes" : 260014816,
    "inputRecords" : 2500142,
    "outputBytes" : 250014200,
    "outputRecords" : 2500142,
    "taskID" : "task_1600222256971_1112_r_000001",
    "startTime" : 1601023422922,
    "finishTime" : 1601023441954,
    "taskType" : "REDUCE",
    "taskStatus" : "SUCCESS",
    "attempts" : [ {
      "attemptID" : "attempt_1600222256971_1112_r_000001_0",
      "result" : "SUCCESS",
      "startTime" : 1601023433987,
      "finishTime" : 1601023441954,
      "hostName" : "/default-rack/slave3",
      "hdfsBytesRead" : 0,
      "hdfsBytesWritten" : 250014200,
      "fileBytesRead" : 260014810,
      "fileBytesWritten" : 260139577,
      "mapInputRecords" : -1,
      "mapInputBytes" : -1,
      "mapOutputBytes" : -1,
      "mapOutputRecords" : -1,
      "combineInputRecords" : 0,
      "reduceInputGroups" : 2500142,
      "reduceInputRecords" : 2500142,
      "reduceShuffleBytes" : 260014816,
      "reduceOutputRecords" : 2500142,
      "spilledRecords" : 2500142,
      "shuffleFinished" : 1601023439119,
      "sortFinished" : 1601023439367,
      "location" : {
        "layers" : [ "default-rack", "slave3" ]
      },
      "clockSplits" : [ 5598, 207, 207, 207, 207, 207, 207, 207, 207, 207, 207, 207 ],
      "cpuUsages" : [ 1151, 1152, 1152, 1151, 1152, 1152, 1151, 1152, 1152, 1151, 1152, 1152 ],
      "physMemKbytes" : [ 10522, 31568, 52614, 73659, 94705, 115750, 136796, 157841, 178888, 199933, 220978, 242025 ],
      "vmemKbytes" : [ 84594, 253782, 422970, 592158, 761347, 930535, 1099724, 1268911, 1438100, 1607289, 1776476, 1945665 ],
      "resourceUsageMetrics" : {
        "cumulativeCpuUsage" : 14020,
        "virtualMemoryUsage" : 2078986240,
        "physicalMemoryUsage" : 258707456,
        "heapUsage" : 200278016
      }
    } ],
    "preferredLocations" : [ ]
  }, {
    "inputBytes" : 258962856,
    "inputRecords" : 2490027,
    "outputBytes" : 249002700,
    "outputRecords" : 2490027,
    "taskID" : "task_1600222256971_1112_r_000002",
    "startTime" : 1601023422922,
    "finishTime" : 1601023441417,
    "taskType" : "REDUCE",
    "taskStatus" : "SUCCESS",
    "attempts" : [ {
      "attemptID" : "attempt_1600222256971_1112_r_000002_0",
      "result" : "SUCCESS",
      "startTime" : 1601023433978,
      "finishTime" : 1601023441417,
      "hostName" : "/default-rack/slave5",
      "hdfsBytesRead" : 0,
      "hdfsBytesWritten" : 249002700,
      "fileBytesRead" : 258962850,
      "fileBytesWritten" : 259087617,
      "mapInputRecords" : -1,
      "mapInputBytes" : -1,
      "mapOutputBytes" : -1,
      "mapOutputRecords" : -1,
      "combineInputRecords" : 0,
      "reduceInputGroups" : 2490027,
      "reduceInputRecords" : 2490027,
      "reduceShuffleBytes" : 258962856,
      "reduceOutputRecords" : 2490027,
      "spilledRecords" : 2490027,
      "shuffleFinished" : 1601023438580,
      "sortFinished" : 1601023438842,
      "location" : {
        "layers" : [ "default-rack", "slave5" ]
      },
      "clockSplits" : [ 5080, 213, 214, 213, 214, 213, 213, 214, 213, 214, 213, 214 ],
      "cpuUsages" : [ 1037, 1038, 1037, 1038, 1037, 1038, 1037, 1038, 1037, 1038, 1037, 1038 ],
      "physMemKbytes" : [ 10204, 30614, 51024, 71433, 91843, 112252, 132662, 153071, 173482, 193891, 214300, 234711 ],
      "vmemKbytes" : [ 84206, 252618, 421030, 589441, 757854, 926265, 1094678, 1263089, 1431502, 1599914, 1768325, 1936738 ],
      "resourceUsageMetrics" : {
        "cumulativeCpuUsage" : 12450,
        "virtualMemoryUsage" : 2069446656,
        "physicalMemoryUsage" : 250793984,
        "heapUsage" : 128450560
      }
    } ],
    "preferredLocations" : [ ]
  }, {
    "inputBytes" : 260709120,
    "inputRecords" : 2506818,
    "outputBytes" : 250681800,
    "outputRecords" : 2506818,
    "taskID" : "task_1600222256971_1112_r_000003",
    "startTime" : 1601023422923,
    "finishTime" : 1601023441236,
    "taskType" : "REDUCE",
    "taskStatus" : "SUCCESS",
    "attempts" : [ {
      "attemptID" : "attempt_1600222256971_1112_r_000003_0",
      "result" : "SUCCESS",
      "startTime" : 1601023433985,
      "finishTime" : 1601023441236,
      "hostName" : "/default-rack/slave5",
      "hdfsBytesRead" : 0,
      "hdfsBytesWritten" : 250681800,
      "fileBytesRead" : 260709114,
      "fileBytesWritten" : 260833881,
      "mapInputRecords" : -1,
      "mapInputBytes" : -1,
      "mapOutputBytes" : -1,
      "mapOutputRecords" : -1,
      "combineInputRecords" : 0,
      "reduceInputGroups" : 2506818,
      "reduceInputRecords" : 2506818,
      "reduceShuffleBytes" : 260709120,
      "reduceOutputRecords" : 2506818,
      "spilledRecords" : 2506818,
      "shuffleFinished" : 1601023438417,
      "sortFinished" : 1601023438676,
      "location" : {
        "layers" : [ "default-rack", "slave5" ]
      },
      "clockSplits" : [ 4908, 212, 212, 212, 212, 212, 212, 212, 212, 212, 212, 212 ],
      "cpuUsages" : [ 907, 908, 907, 908, 907, 908, 907, 908, 907, 908, 907, 908 ],
      "physMemKbytes" : [ 10261, 30785, 51309, 71832, 92356, 112879, 133403, 153926, 174451, 194974, 215497, 236022 ],
      "vmemKbytes" : [ 84477, 253432, 422388, 591343, 760298, 929253, 1098209, 1267164, 1436120, 1605075, 1774030, 1942986 ],
      "resourceUsageMetrics" : {
        "cumulativeCpuUsage" : 10890,
        "virtualMemoryUsage" : 2076123136,
        "physicalMemoryUsage" : 252194816,
        "heapUsage" : 128974848
      }
    } ],
    "preferredLocations" : [ ]
  } ],
  "otherTasks" : [ ],
  "successfulMapAttemptCDFs" : [ {
    "numberValues" : 0,
    "minimum" : -9223372036854775808,
    "rankings" : [ ],
    "maximum" : 9223372036854775807
  }, {
    "numberValues" : 0,
    "minimum" : -9223372036854775808,
    "rankings" : [ ],
    "maximum" : 9223372036854775807
  }, {
    "numberValues" : 0,
    "minimum" : -9223372036854775808,
    "rankings" : [ ],
    "maximum" : 9223372036854775807
  }, {
    "numberValues" : 8,
    "minimum" : 6056,
    "rankings" : [ {
      "relativeRanking" : 0.05,
      "datum" : 6056
    }, {
      "relativeRanking" : 0.1,
      "datum" : 6056
    }, {
      "relativeRanking" : 0.15,
      "datum" : 6056
    }, {
      "relativeRanking" : 0.2,
      "datum" : 6056
    }, {
      "relativeRanking" : 0.25,
      "datum" : 6093
    }, {
      "relativeRanking" : 0.3,
      "datum" : 6093
    }, {
      "relativeRanking" : 0.35,
      "datum" : 6093
    }, {
      "relativeRanking" : 0.4,
      "datum" : 6772
    }, {
      "relativeRanking" : 0.45,
      "datum" : 6772
    }, {
      "relativeRanking" : 0.5,
      "datum" : 7534
    }, {
      "relativeRanking" : 0.55,
      "datum" : 7534
    }, {
      "relativeRanking" : 0.6,
      "datum" : 7534
    }, {
      "relativeRanking" : 0.65,
      "datum" : 7677
    }, {
      "relativeRanking" : 0.7,
      "datum" : 7677
    }, {
      "relativeRanking" : 0.75,
      "datum" : 7771
    }, {
      "relativeRanking" : 0.8,
      "datum" : 7771
    }, {
      "relativeRanking" : 0.85,
      "datum" : 7771
    }, {
      "relativeRanking" : 0.9,
      "datum" : 8673
    }, {
      "relativeRanking" : 0.95,
      "datum" : 8673
    } ],
    "maximum" : 9291
  } ],
  "failedMapAttemptCDFs" : [ {
    "numberValues" : 0,
    "minimum" : -9223372036854775808,
    "rankings" : [ ],
    "maximum" : 9223372036854775807
  }, {
    "numberValues" : 0,
    "minimum" : -9223372036854775808,
    "rankings" : [ ],
    "maximum" : 9223372036854775807
  }, {
    "numberValues" : 0,
    "minimum" : -9223372036854775808,
    "rankings" : [ ],
    "maximum" : 9223372036854775807
  }, {
    "numberValues" : 0,
    "minimum" : -9223372036854775808,
    "rankings" : [ ],
    "maximum" : 9223372036854775807
  } ],
  "successfulReduceAttemptCDF" : {
    "numberValues" : 4,
    "minimum" : 7251,
    "rankings" : [ {
      "relativeRanking" : 0.05,
      "datum" : 7251
    }, {
      "relativeRanking" : 0.1,
      "datum" : 7251
    }, {
      "relativeRanking" : 0.15,
      "datum" : 7251
    }, {
      "relativeRanking" : 0.2,
      "datum" : 7251
    }, {
      "relativeRanking" : 0.25,
      "datum" : 7251
    }, {
      "relativeRanking" : 0.3,
      "datum" : 7251
    }, {
      "relativeRanking" : 0.35,
      "datum" : 7251
    }, {
      "relativeRanking" : 0.4,
      "datum" : 7251
    }, {
      "relativeRanking" : 0.45,
      "datum" : 7251
    }, {
      "relativeRanking" : 0.5,
      "datum" : 7439
    }, {
      "relativeRanking" : 0.55,
      "datum" : 7439
    }, {
      "relativeRanking" : 0.6,
      "datum" : 7439
    }, {
      "relativeRanking" : 0.65,
      "datum" : 7439
    }, {
      "relativeRanking" : 0.7,
      "datum" : 7439
    }, {
      "relativeRanking" : 0.75,
      "datum" : 7918
    }, {
      "relativeRanking" : 0.8,
      "datum" : 7918
    }, {
      "relativeRanking" : 0.85,
      "datum" : 7918
    }, {
      "relativeRanking" : 0.9,
      "datum" : 7918
    }, {
      "relativeRanking" : 0.95,
      "datum" : 7918
    } ],
    "maximum" : 7967
  },
  "failedReduceAttemptCDF" : {
    "numberValues" : 0,
    "minimum" : -9223372036854775808,
    "rankings" : [ ],
    "maximum" : 9223372036854775807
  },
  "queue" : "default",
  "jobName" : "TeraSort-[1601023419801]",
  "clusterMapMB" : -1,
  "clusterReduceMB" : -1,
  "jobMapMB" : -1,
  "jobReduceMB" : -1,
  "relativeTime" : 0,
  "mapperTriesToSucceed" : [ 1.0 ],
  "failedMapperFraction" : 0.0,
  "jobProperties" : { }
}