{
  "jobID" : "job_1572946766556_1046",
  "user" : "hadoop",
  "computonsPerMapInputByte" : -1,
  "computonsPerMapOutputByte" : -1,
  "computonsPerReduceInputByte" : -1,
  "computonsPerReduceOutputByte" : -1,
  "submitTime" : 1575688156667,
  "launchTime" : 1575688160207,
  "finishTime" : 1575688305215,
  "heapMegabytes" : -1,
  "totalMaps" : 2,
  "totalReduces" : 2,
  "outcome" : "SUCCESS",
  "jobtype" : "JAVA",
  "priority" : "NORMAL",
  "directDependantJobs" : [ ],
  "mapTasks" : [ {
    "inputBytes" : 7745257,
    "inputRecords" : 246569,
    "outputBytes" : 32289381,
    "outputRecords" : 934712,
    "taskID" : "task_1572946766556_1046_m_000000",
    "startTime" : 1575688160252,
    "finishTime" : 1575688226412,
    "taskType" : "MAP",
    "taskStatus" : "SUCCESS",
    "attempts" : [ {
      "attemptID" : "attempt_1572946766556_1046_m_000000_0",
      "result" : "SUCCESS",
      "startTime" : 1575688162424,
      "finishTime" : 1575688226412,
      "hostName" : "/default-rack/slave1",
      "hdfsBytesRead" : 7745257,
      "hdfsBytesWritten" : 0,
      "fileBytesRead" : 0,
      "fileBytesWritten" : 32289381,
      "mapInputRecords" : 246569,
      "mapInputBytes" : -1,
      "mapOutputBytes" : 30296128,
      "mapOutputRecords" : 934712,
      "combineInputRecords" : 0,
      "reduceInputGroups" : -1,
      "reduceInputRecords" : -1,
      "reduceShuffleBytes" : -1,
      "reduceOutputRecords" : -1,
      "spilledRecords" : 934712,
      "shuffleFinished" : -1,
      "sortFinished" : -1,
      "location" : {
        "layers" : [ "default-rack", "slave1" ]
      },
      "clockSplits" : [ 11751, 7657, 7230, 7224, 7214, 7089, 7175, 7606, 256, 256, 256, 256 ],
      "cpuUsages" : [ 146615, 135984, 130252, 129380, 131329, 129786, 130752, 110641, 6908, 6907, 6908, 6908 ],
      "physMemKbytes" : [ 239849, 363616, 360925, 361115, 365793, 363117, 362543, 362596, 359812, 355445, 351078, 346711 ],
      "resourceUsageMetrics" : {
        "cumulativeCpuUsage" : 1072370,
        "virtualMemoryUsage" : 2127163392,
        "physicalMemoryUsage" : 352796672,
        "heapUsage" : 192937984
      },
      "vmemKbytes" : [ 1445903, 2077307, 2077308, 2077307, 2077308, 2077307, 2077308, 2077307, 2077308, 2077308, 2077307, 2077308 ]
    }, {
      "attemptID" : "attempt_1572946766556_1046_m_000000_1",
      "result" : "KILLED",
      "startTime" : 1575688177339,
      "finishTime" : 1575688226440,
      "hostName" : "/default-rack/slave4",
      "hdfsBytesRead" : 5898385,
      "hdfsBytesWritten" : 0,
      "fileBytesRead" : 0,
      "fileBytesWritten" : 123761,
      "mapInputRecords" : 187298,
      "mapInputBytes" : -1,
      "mapOutputBytes" : 22742085,
      "mapOutputRecords" : 701368,
      "combineInputRecords" : 0,
      "reduceInputGroups" : -1,
      "reduceInputRecords" : -1,
      "reduceShuffleBytes" : -1,
      "reduceOutputRecords" : -1,
      "spilledRecords" : 0,
      "shuffleFinished" : -1,
      "sortFinished" : -1,
      "location" : {
        "layers" : [ "default-rack", "slave4" ]
      },
      "clockSplits" : [ 10671, 7968, 7572, 7405, 7291, 7569, 245, 70, 71, 71, 71, 71 ],
      "cpuUsages" : [ 148528, 137884, 126580, 123164, 122146, 122984, 2794, 0, 0, 0, 0, 0 ],
      "physMemKbytes" : [ 231405, 360607, 361316, 363258, 365068, 364639, 364675, 364675, 364676, 364676, 364675, 364676 ],
      "resourceUsageMetrics" : {
        "cumulativeCpuUsage" : 784080,
        "virtualMemoryUsage" : 2122354688,
        "physicalMemoryUsage" : 373428224,
        "heapUsage" : 192937984
      },
      "vmemKbytes" : [ 1371960, 2072611, 2072612, 2072611, 2072612, 2072611, 2072612, 2072611, 2072612, 2072612, 2072611, 2072612 ]
    } ],
    "preferredLocations" : [ ]
  }, {
    "inputBytes" : 1279951,
    "inputRecords" : 32202,
    "outputBytes" : 4613222,
    "outputRecords" : 203769,
    "taskID" : "task_1572946766556_1046_m_000001",
    "startTime" : 1575688160255,
    "finishTime" : 1575688175190,
    "taskType" : "MAP",
    "taskStatus" : "SUCCESS",
    "attempts" : [ {
      "attemptID" : "attempt_1572946766556_1046_m_000001_0",
      "result" : "SUCCESS",
      "startTime" : 1575688162417,
      "finishTime" : 1575688175190,
      "hostName" : "/default-rack/slave1",
      "hdfsBytesRead" : 1279951,
      "hdfsBytesWritten" : 0,
      "fileBytesRead" : 0,
      "fileBytesWritten" : 4613222,
      "mapInputRecords" : 32202,
      "mapInputBytes" : -1,
      "mapOutputBytes" : 4081855,
      "mapOutputRecords" : 203769,
      "combineInputRecords" : 0,
      "reduceInputGroups" : -1,
      "reduceInputRecords" : -1,
      "reduceShuffleBytes" : -1,
      "reduceOutputRecords" : -1,
      "spilledRecords" : 203769,
      "shuffleFinished" : -1,
      "sortFinished" : -1,
      "location" : {
        "layers" : [ "default-rack", "slave1" ]
      },
      "clockSplits" : [ 1518, 1518, 1518, 1518, 1518, 1530, 1537, 1711, 94, 93, 94, 94 ],
      "cpuUsages" : [ 12812, 12812, 12813, 12812, 12813, 19379, 22602, 11155, 3781, 3780, 3780, 3781 ],
      "physMemKbytes" : [ 32102, 96306, 160511, 224716, 288921, 338764, 342593, 342309, 339412, 336243, 333074, 329905 ],
      "resourceUsageMetrics" : {
        "cumulativeCpuUsage" : 132320,
        "virtualMemoryUsage" : 2123268096,
        "physicalMemoryUsage" : 336199680,
        "heapUsage" : 193462272
      },
      "vmemKbytes" : [ 194542, 583626, 972710, 1361794, 1750879, 2052422, 2073504, 2073503, 2073504, 2073504, 2073503, 2073504 ]
    } ],
    "preferredLocations" : [ ]
  } ],
  "reduceTasks" : [ {
    "inputBytes" : 19125688,
    "inputRecords" : 600639,
    "outputBytes" : 13858107,
    "outputRecords" : 5885,
    "taskID" : "task_1572946766556_1046_r_000000",
    "startTime" : 1575688160255,
    "finishTime" : 1575688305124,
    "taskType" : "REDUCE",
    "taskStatus" : "SUCCESS",
    "attempts" : [ {
      "attemptID" : "attempt_1572946766556_1046_r_000000_0",
      "result" : "SUCCESS",
      "startTime" : 1575688177338,
      "finishTime" : 1575688305124,
      "hostName" : "/default-rack/slave5",
      "hdfsBytesRead" : 0,
      "hdfsBytesWritten" : 13858107,
      "fileBytesRead" : 19125682,
      "fileBytesWritten" : 19249420,
      "mapInputRecords" : -1,
      "mapInputBytes" : -1,
      "mapOutputBytes" : -1,
      "mapOutputRecords" : -1,
      "combineInputRecords" : 0,
      "reduceInputGroups" : 5885,
      "reduceInputRecords" : 600639,
      "reduceShuffleBytes" : 19125688,
      "reduceOutputRecords" : 5885,
      "spilledRecords" : 600639,
      "shuffleFinished" : 1575688227359,
      "sortFinished" : 1575688227621,
      "location" : {
        "layers" : [ "default-rack", "slave5" ]
      },
      "clockSplits" : [ 3841, 3841, 42613, 11, 10, 11, 11, 10, 8394, 30212, 27545, 11272 ],
      "cpuUsages" : [ 364, 365, 2755, 265, 265, 265, 265, 265, 30698, 113701, 101588, 39584 ],
      "physMemKbytes" : [ 42073, 126221, 177788, 183421, 189054, 194687, 200321, 205954, 237943, 258309, 267643, 269551 ],
      "resourceUsageMetrics" : {
        "cumulativeCpuUsage" : 290380,
        "virtualMemoryUsage" : 2131099648,
        "physicalMemoryUsage" : 276500480,
        "heapUsage" : 147324928
      },
      "vmemKbytes" : [ 519166, 1557500, 2079118, 2079459, 2079800, 2080141, 2080483, 2080824, 2082286, 2081152, 2081151, 2081152 ]
    } ],
    "preferredLocations" : [ ]
  }, {
    "inputBytes" : 17529281,
    "inputRecords" : 537842,
    "outputBytes" : 12405158,
    "outputRecords" : 5958,
    "taskID" : "task_1572946766556_1046_r_000001",
    "startTime" : 1575688160256,
    "finishTime" : 1575688291445,
    "taskType" : "REDUCE",
    "taskStatus" : "SUCCESS",
    "attempts" : [ {
      "attemptID" : "attempt_1572946766556_1046_r_000001_0",
      "result" : "SUCCESS",
      "startTime" : 1575688177345,
      "finishTime" : 1575688291445,
      "hostName" : "/default-rack/slave2",
      "hdfsBytesRead" : 0,
      "hdfsBytesWritten" : 12405158,
      "fileBytesRead" : 17529275,
      "fileBytesWritten" : 17653013,
      "mapInputRecords" : -1,
      "mapInputBytes" : -1,
      "mapOutputBytes" : -1,
      "mapOutputRecords" : -1,
      "combineInputRecords" : 0,
      "reduceInputGroups" : 5958,
      "reduceInputRecords" : 537842,
      "reduceShuffleBytes" : 17529281,
      "reduceOutputRecords" : 5958,
      "spilledRecords" : 537842,
      "shuffleFinished" : 1575688226627,
      "sortFinished" : 1575688226913,
      "location" : {
        "layers" : [ "default-rack", "slave2" ]
      },
      "clockSplits" : [ 3996, 3996, 41768, 166, 166, 166, 166, 166, 5590, 28485, 12641, 16780 ],
      "cpuUsages" : [ 234, 235, 2969, 958, 958, 958, 958, 958, 15111, 85034, 33807, 46440 ],
      "physMemKbytes" : [ 40491, 121475, 176181, 184818, 193455, 202092, 210729, 219365, 231629, 258372, 265282, 266089 ],
      "resourceUsageMetrics" : {
        "cumulativeCpuUsage" : 188620,
        "virtualMemoryUsage" : 2128142336,
        "physicalMemoryUsage" : 271753216,
        "heapUsage" : 152567808
      },
      "vmemKbytes" : [ 517789, 1553369, 2071851, 2072964, 2074077, 2075189, 2076302, 2077414, 2078225, 2078264, 2078263, 2078264 ]
    } ],
    "preferredLocations" : [ ]
  } ],
  "otherTasks" : [ ],
  "successfulMapAttemptCDFs" : [ {
    "numberValues" : 0,
    "minimum" : -9223372036854775808,
    "rankings" : [ ],
    "maximum" : 9223372036854775807
  }, {
    "numberValues" : 0,
    "minimum" : -9223372036854775808,
    "rankings" : [ ],
    "maximum" : 9223372036854775807
  }, {
    "numberValues" : 0,
    "minimum" : -9223372036854775808,
    "rankings" : [ ],
    "maximum" : 9223372036854775807
  }, {
    "numberValues" : 2,
    "minimum" : 12773,
    "rankings" : [ {
      "relativeRanking" : 0.05,
      "datum" : 12773
    }, {
      "relativeRanking" : 0.1,
      "datum" : 12773
    }, {
      "relativeRanking" : 0.15,
      "datum" : 12773
    }, {
      "relativeRanking" : 0.2,
      "datum" : 12773
    }, {
      "relativeRanking" : 0.25,
      "datum" : 12773
    }, {
      "relativeRanking" : 0.3,
      "datum" : 12773
    }, {
      "relativeRanking" : 0.35,
      "datum" : 12773
    }, {
      "relativeRanking" : 0.4,
      "datum" : 12773
    }, {
      "relativeRanking" : 0.45,
      "datum" : 12773
    }, {
      "relativeRanking" : 0.5,
      "datum" : 12773
    }, {
      "relativeRanking" : 0.55,
      "datum" : 12773
    }, {
      "relativeRanking" : 0.6,
      "datum" : 12773
    }, {
      "relativeRanking" : 0.65,
      "datum" : 12773
    }, {
      "relativeRanking" : 0.7,
      "datum" : 12773
    }, {
      "relativeRanking" : 0.75,
      "datum" : 12773
    }, {
      "relativeRanking" : 0.8,
      "datum" : 12773
    }, {
      "relativeRanking" : 0.85,
      "datum" : 12773
    }, {
      "relativeRanking" : 0.9,
      "datum" : 12773
    }, {
      "relativeRanking" : 0.95,
      "datum" : 12773
    } ],
    "maximum" : 63988
  } ],
  "failedMapAttemptCDFs" : [ {
    "numberValues" : 0,
    "minimum" : -9223372036854775808,
    "rankings" : [ ],
    "maximum" : 9223372036854775807
  }, {
    "numberValues" : 0,
    "minimum" : -9223372036854775808,
    "rankings" : [ ],
    "maximum" : 9223372036854775807
  }, {
    "numberValues" : 0,
    "minimum" : -9223372036854775808,
    "rankings" : [ ],
    "maximum" : 9223372036854775807
  }, {
    "numberValues" : 0,
    "minimum" : -9223372036854775808,
    "rankings" : [ ],
    "maximum" : 9223372036854775807
  } ],
  "successfulReduceAttemptCDF" : {
    "numberValues" : 2,
    "minimum" : 114100,
    "rankings" : [ {
      "relativeRanking" : 0.05,
      "datum" : 114100
    }, {
      "relativeRanking" : 0.1,
      "datum" : 114100
    }, {
      "relativeRanking" : 0.15,
      "datum" : 114100
    }, {
      "relativeRanking" : 0.2,
      "datum" : 114100
    }, {
      "relativeRanking" : 0.25,
      "datum" : 114100
    }, {
      "relativeRanking" : 0.3,
      "datum" : 114100
    }, {
      "relativeRanking" : 0.35,
      "datum" : 114100
    }, {
      "relativeRanking" : 0.4,
      "datum" : 114100
    }, {
      "relativeRanking" : 0.45,
      "datum" : 114100
    }, {
      "relativeRanking" : 0.5,
      "datum" : 114100
    }, {
      "relativeRanking" : 0.55,
      "datum" : 114100
    }, {
      "relativeRanking" : 0.6,
      "datum" : 114100
    }, {
      "relativeRanking" : 0.65,
      "datum" : 114100
    }, {
      "relativeRanking" : 0.7,
      "datum" : 114100
    }, {
      "relativeRanking" : 0.75,
      "datum" : 114100
    }, {
      "relativeRanking" : 0.8,
      "datum" : 114100
    }, {
      "relativeRanking" : 0.85,
      "datum" : 114100
    }, {
      "relativeRanking" : 0.9,
      "datum" : 114100
    }, {
      "relativeRanking" : 0.95,
      "datum" : 114100
    } ],
    "maximum" : 127786
  },
  "failedReduceAttemptCDF" : {
    "numberValues" : 0,
    "minimum" : -9223372036854775808,
    "rankings" : [ ],
    "maximum" : 9223372036854775807
  },
  "queue" : "default",
  "jobName" : "CAC_Count-[1575688153663-Indexing1]",
  "clusterMapMB" : -1,
  "clusterReduceMB" : -1,
  "jobMapMB" : -1,
  "jobReduceMB" : -1,
  "relativeTime" : 0,
  "mapperTriesToSucceed" : [ 1.0 ],
  "failedMapperFraction" : 0.0,
  "jobProperties" : { }
}