{
  "jobID" : "job_1572946766556_1047",
  "user" : "hadoop",
  "computonsPerMapInputByte" : -1,
  "computonsPerMapOutputByte" : -1,
  "computonsPerReduceInputByte" : -1,
  "computonsPerReduceOutputByte" : -1,
  "submitTime" : 1575688307258,
  "launchTime" : 1575688311259,
  "finishTime" : 1575689166949,
  "heapMegabytes" : -1,
  "totalMaps" : 2,
  "totalReduces" : 2,
  "outcome" : "SUCCESS",
  "jobtype" : "JAVA",
  "priority" : "NORMAL",
  "directDependantJobs" : [ ],
  "mapTasks" : [ {
    "inputBytes" : 13858263,
    "inputRecords" : 5885,
    "outputBytes" : 16157439326,
    "outputRecords" : 157234191,
    "taskID" : "task_1572946766556_1047_m_000000",
    "startTime" : 1575688311307,
    "finishTime" : 1575688939239,
    "taskType" : "MAP",
    "taskStatus" : "SUCCESS",
    "attempts" : [ {
      "attemptID" : "attempt_1572946766556_1047_m_000000_0",
      "result" : "SUCCESS",
      "startTime" : 1575688313458,
      "finishTime" : 1575688939239,
      "hostName" : "/default-rack/slave2",
      "hdfsBytesRead" : 13858263,
      "hdfsBytesWritten" : 0,
      "fileBytesRead" : 11043952114,
      "fileBytesWritten" : 16157439326,
      "mapInputRecords" : 5885,
      "mapInputBytes" : -1,
      "mapOutputBytes" : 4804377587,
      "mapOutputRecords" : 157234191,
      "combineInputRecords" : 0,
      "reduceInputGroups" : -1,
      "reduceInputRecords" : -1,
      "reduceShuffleBytes" : -1,
      "reduceOutputRecords" : -1,
      "spilledRecords" : 496965907,
      "shuffleFinished" : -1,
      "sortFinished" : -1,
      "location" : {
        "layers" : [ "default-rack", "slave2" ]
      },
      "clockSplits" : [ 20574, 9331, 145783, 33752, 116363, 20291, 12179, 20515, 58235, 63409, 58693, 66088 ],
      "cpuUsages" : [ 39348, 18553, 253338, 60525, 195789, 33068, 20666, 36226, 78475, 83672, 79473, 82257 ],
      "physMemKbytes" : [ 203194, 292119, 301739, 303819, 306507, 308302, 308711, 309165, 313777, 315051, 314917, 315123 ],
      "resourceUsageMetrics" : {
        "cumulativeCpuUsage" : 981970,
        "virtualMemoryUsage" : 2124505088,
        "physicalMemoryUsage" : 322945024,
        "heapUsage" : 209190912
      },
      "vmemKbytes" : [ 1500232, 2070644, 2070028, 2070099, 2071896, 2073595, 2073596, 2073651, 2073764, 2073684, 2073683, 2073684 ]
    }, {
      "attemptID" : "attempt_1572946766556_1047_m_000000_1",
      "result" : "KILLED",
      "startTime" : 1575688651926,
      "finishTime" : 1575688939277,
      "hostName" : "/default-rack/slave3",
      "hdfsBytesRead" : 7602332,
      "hdfsBytesWritten" : 0,
      "fileBytesRead" : 0,
      "fileBytesWritten" : 3468736426,
      "mapInputRecords" : 3665,
      "mapInputBytes" : -1,
      "mapOutputBytes" : 3320945500,
      "mapOutputRecords" : 109613582,
      "combineInputRecords" : 0,
      "reduceInputGroups" : -1,
      "reduceInputRecords" : -1,
      "reduceShuffleBytes" : -1,
      "reduceOutputRecords" : -1,
      "spilledRecords" : 107322727,
      "shuffleFinished" : -1,
      "sortFinished" : -1,
      "location" : {
        "layers" : [ "default-rack", "slave3" ]
      },
      "clockSplits" : [ 18165, 11980, 161738, 38309, 57090, 5, 5, 4, 5, 4, 5, 5 ],
      "cpuUsages" : [ 33928, 24766, 334639, 85007, 121410, 0, 0, 0, 0, 0, 0, 0 ],
      "physMemKbytes" : [ 203327, 289222, 297103, 299772, 301550, 301915, 301916, 301915, 301916, 301916, 301915, 301916 ],
      "resourceUsageMetrics" : {
        "cumulativeCpuUsage" : 599750,
        "virtualMemoryUsage" : 2116718592,
        "physicalMemoryUsage" : 309161984,
        "heapUsage" : 209190912
      },
      "vmemKbytes" : [ 1500690, 2071196, 2067512, 2067107, 2067108, 2067107, 2067108, 2067107, 2067108, 2067108, 2067107, 2067108 ]
    } ],
    "preferredLocations" : [ ]
  }, {
    "inputBytes" : 12405314,
    "inputRecords" : 5958,
    "outputBytes" : 8382482745,
    "outputRecords" : 81823829,
    "taskID" : "task_1572946766556_1047_m_000001",
    "startTime" : 1575688311309,
    "finishTime" : 1575688649446,
    "taskType" : "MAP",
    "taskStatus" : "SUCCESS",
    "attempts" : [ {
      "attemptID" : "attempt_1572946766556_1047_m_000001_0",
      "result" : "SUCCESS",
      "startTime" : 1575688313452,
      "finishTime" : 1575688649446,
      "hostName" : "/default-rack/slave2",
      "hdfsBytesRead" : 12405314,
      "hdfsBytesWritten" : 0,
      "fileBytesRead" : 5530455311,
      "fileBytesWritten" : 8382482745,
      "mapInputRecords" : 5958,
      "mapInputBytes" : -1,
      "mapOutputBytes" : 2692726170,
      "mapOutputRecords" : 81823829,
      "combineInputRecords" : 0,
      "reduceInputGroups" : -1,
      "reduceInputRecords" : -1,
      "reduceShuffleBytes" : -1,
      "reduceOutputRecords" : -1,
      "spilledRecords" : 240835486,
      "shuffleFinished" : -1,
      "sortFinished" : -1,
      "location" : {
        "layers" : [ "default-rack", "slave2" ]
      },
      "clockSplits" : [ 29159, 14241, 61566, 22343, 20360, 5942, 51415, 9601, 29655, 30646, 28052, 32986 ],
      "cpuUsages" : [ 57268, 27398, 110688, 40039, 37573, 10129, 89297, 16242, 37192, 37914, 34808, 37052 ],
      "physMemKbytes" : [ 229233, 285226, 293967, 299157, 299890, 300257, 300805, 301861, 308973, 309377, 308579, 304545 ],
      "resourceUsageMetrics" : {
        "cumulativeCpuUsage" : 535600,
        "virtualMemoryUsage" : 2123923456,
        "physicalMemoryUsage" : 311795712,
        "heapUsage" : 209190912
      },
      "vmemKbytes" : [ 1691288, 2070819, 2070820, 2070819, 2070820, 2070819, 2070820, 2070819, 2073211, 2073116, 2073115, 2073127 ]
    } ],
    "preferredLocations" : [ ]
  } ],
  "reduceTasks" : [ {
    "inputBytes" : 3987610327,
    "inputRecords" : 119529630,
    "outputBytes" : 2413073888,
    "outputRecords" : 101394168,
    "taskID" : "task_1572946766556_1047_r_000000",
    "startTime" : 1575688311310,
    "finishTime" : 1575689163331,
    "taskType" : "REDUCE",
    "taskStatus" : "SUCCESS",
    "attempts" : [ {
      "attemptID" : "attempt_1572946766556_1047_r_000000_0",
      "result" : "SUCCESS",
      "startTime" : 1575688651922,
      "finishTime" : 1575689163331,
      "hostName" : "/default-rack/slave5",
      "hdfsBytesRead" : 0,
      "hdfsBytesWritten" : 2413073888,
      "fileBytesRead" : 3987610327,
      "fileBytesWritten" : 3987734424,
      "mapInputRecords" : -1,
      "mapInputBytes" : -1,
      "mapOutputBytes" : -1,
      "mapOutputRecords" : -1,
      "combineInputRecords" : 0,
      "reduceInputGroups" : 101394168,
      "reduceInputRecords" : 119529630,
      "reduceShuffleBytes" : 3987610327,
      "reduceOutputRecords" : 101394168,
      "spilledRecords" : 119529630,
      "shuffleFinished" : 1575688963015,
      "sortFinished" : 1575688963032,
      "location" : {
        "layers" : [ "default-rack", "slave5" ]
      },
      "clockSplits" : [ 15528, 1522, 294221, 187, 187, 187, 187, 187, 49144, 49793, 49471, 50782 ],
      "cpuUsages" : [ 9419, 150, 21397, 1147, 1147, 1147, 1147, 1147, 89146, 87045, 86030, 87388 ],
      "physMemKbytes" : [ 171738, 171776, 147708, 160773, 173838, 186903, 199968, 213033, 227722, 230095, 235710, 239976 ],
      "resourceUsageMetrics" : {
        "cumulativeCpuUsage" : 386310,
        "virtualMemoryUsage" : 2131943424,
        "physicalMemoryUsage" : 247812096,
        "heapUsage" : 133693440
      },
      "vmemKbytes" : [ 2072475, 2072475, 2073671, 2076062, 2078453, 2080844, 2083235, 2085626, 2082505, 2081976, 2081975, 2081976 ]
    } ],
    "preferredLocations" : [ ]
  }, {
    "inputBytes" : 3987609494,
    "inputRecords" : 119528390,
    "outputBytes" : 2413007568,
    "outputRecords" : 101390972,
    "taskID" : "task_1572946766556_1047_r_000001",
    "startTime" : 1575688311310,
    "finishTime" : 1575689166888,
    "taskType" : "REDUCE",
    "taskStatus" : "SUCCESS",
    "attempts" : [ {
      "attemptID" : "attempt_1572946766556_1047_r_000001_0",
      "result" : "SUCCESS",
      "startTime" : 1575688651928,
      "finishTime" : 1575689166888,
      "hostName" : "/default-rack/slave2",
      "hdfsBytesRead" : 0,
      "hdfsBytesWritten" : 2413007568,
      "fileBytesRead" : 3987609494,
      "fileBytesWritten" : 3987733591,
      "mapInputRecords" : -1,
      "mapInputBytes" : -1,
      "mapOutputBytes" : -1,
      "mapOutputRecords" : -1,
      "combineInputRecords" : 0,
      "reduceInputGroups" : 101390972,
      "reduceInputRecords" : 119528390,
      "reduceShuffleBytes" : 3987609494,
      "reduceOutputRecords" : 101390972,
      "spilledRecords" : 119528390,
      "shuffleFinished" : 1575688942910,
      "sortFinished" : 1575688942933,
      "location" : {
        "layers" : [ "default-rack", "slave2" ]
      },
      "clockSplits" : [ 3882, 3883, 283654, 414, 413, 414, 413, 414, 53760, 55981, 55372, 56349 ],
      "cpuUsages" : [ 1034, 1035, 12906, 1246, 1245, 1246, 1245, 1246, 76979, 81030, 77759, 80289 ],
      "physMemKbytes" : [ 41735, 125207, 164598, 174323, 184049, 193774, 203500, 213225, 224902, 231687, 239133, 243939 ],
      "resourceUsageMetrics" : {
        "cumulativeCpuUsage" : 337260,
        "virtualMemoryUsage" : 2135633920,
        "physicalMemoryUsage" : 252014592,
        "heapUsage" : 136839168
      },
      "vmemKbytes" : [ 518222, 1554668, 2073665, 2075213, 2076762, 2078310, 2079859, 2081406, 2082238, 2085083, 2085579, 2085580 ]
    } ],
    "preferredLocations" : [ ]
  } ],
  "otherTasks" : [ ],
  "successfulMapAttemptCDFs" : [ {
    "numberValues" : 0,
    "minimum" : -9223372036854775808,
    "rankings" : [ ],
    "maximum" : 9223372036854775807
  }, {
    "numberValues" : 0,
    "minimum" : -9223372036854775808,
    "rankings" : [ ],
    "maximum" : 9223372036854775807
  }, {
    "numberValues" : 0,
    "minimum" : -9223372036854775808,
    "rankings" : [ ],
    "maximum" : 9223372036854775807
  }, {
    "numberValues" : 2,
    "minimum" : 335994,
    "rankings" : [ {
      "relativeRanking" : 0.05,
      "datum" : 335994
    }, {
      "relativeRanking" : 0.1,
      "datum" : 335994
    }, {
      "relativeRanking" : 0.15,
      "datum" : 335994
    }, {
      "relativeRanking" : 0.2,
      "datum" : 335994
    }, {
      "relativeRanking" : 0.25,
      "datum" : 335994
    }, {
      "relativeRanking" : 0.3,
      "datum" : 335994
    }, {
      "relativeRanking" : 0.35,
      "datum" : 335994
    }, {
      "relativeRanking" : 0.4,
      "datum" : 335994
    }, {
      "relativeRanking" : 0.45,
      "datum" : 335994
    }, {
      "relativeRanking" : 0.5,
      "datum" : 335994
    }, {
      "relativeRanking" : 0.55,
      "datum" : 335994
    }, {
      "relativeRanking" : 0.6,
      "datum" : 335994
    }, {
      "relativeRanking" : 0.65,
      "datum" : 335994
    }, {
      "relativeRanking" : 0.7,
      "datum" : 335994
    }, {
      "relativeRanking" : 0.75,
      "datum" : 335994
    }, {
      "relativeRanking" : 0.8,
      "datum" : 335994
    }, {
      "relativeRanking" : 0.85,
      "datum" : 335994
    }, {
      "relativeRanking" : 0.9,
      "datum" : 335994
    }, {
      "relativeRanking" : 0.95,
      "datum" : 335994
    } ],
    "maximum" : 625781
  } ],
  "failedMapAttemptCDFs" : [ {
    "numberValues" : 0,
    "minimum" : -9223372036854775808,
    "rankings" : [ ],
    "maximum" : 9223372036854775807
  }, {
    "numberValues" : 0,
    "minimum" : -9223372036854775808,
    "rankings" : [ ],
    "maximum" : 9223372036854775807
  }, {
    "numberValues" : 0,
    "minimum" : -9223372036854775808,
    "rankings" : [ ],
    "maximum" : 9223372036854775807
  }, {
    "numberValues" : 0,
    "minimum" : -9223372036854775808,
    "rankings" : [ ],
    "maximum" : 9223372036854775807
  } ],
  "successfulReduceAttemptCDF" : {
    "numberValues" : 2,
    "minimum" : 511409,
    "rankings" : [ {
      "relativeRanking" : 0.05,
      "datum" : 511409
    }, {
      "relativeRanking" : 0.1,
      "datum" : 511409
    }, {
      "relativeRanking" : 0.15,
      "datum" : 511409
    }, {
      "relativeRanking" : 0.2,
      "datum" : 511409
    }, {
      "relativeRanking" : 0.25,
      "datum" : 511409
    }, {
      "relativeRanking" : 0.3,
      "datum" : 511409
    }, {
      "relativeRanking" : 0.35,
      "datum" : 511409
    }, {
      "relativeRanking" : 0.4,
      "datum" : 511409
    }, {
      "relativeRanking" : 0.45,
      "datum" : 511409
    }, {
      "relativeRanking" : 0.5,
      "datum" : 511409
    }, {
      "relativeRanking" : 0.55,
      "datum" : 511409
    }, {
      "relativeRanking" : 0.6,
      "datum" : 511409
    }, {
      "relativeRanking" : 0.65,
      "datum" : 511409
    }, {
      "relativeRanking" : 0.7,
      "datum" : 511409
    }, {
      "relativeRanking" : 0.75,
      "datum" : 511409
    }, {
      "relativeRanking" : 0.8,
      "datum" : 511409
    }, {
      "relativeRanking" : 0.85,
      "datum" : 511409
    }, {
      "relativeRanking" : 0.9,
      "datum" : 511409
    }, {
      "relativeRanking" : 0.95,
      "datum" : 511409
    } ],
    "maximum" : 514960
  },
  "failedReduceAttemptCDF" : {
    "numberValues" : 0,
    "minimum" : -9223372036854775808,
    "rankings" : [ ],
    "maximum" : 9223372036854775807
  },
  "queue" : "default",
  "jobName" : "CAC_Count-[1575688153663-Similarity2-END]",
  "clusterMapMB" : -1,
  "clusterReduceMB" : -1,
  "jobMapMB" : -1,
  "jobReduceMB" : -1,
  "relativeTime" : 0,
  "mapperTriesToSucceed" : [ 1.0 ],
  "failedMapperFraction" : 0.0,
  "jobProperties" : { }
}