{
  "jobID" : "job_1572946766556_0699",
  "user" : "hadoop",
  "computonsPerMapInputByte" : -1,
  "computonsPerMapOutputByte" : -1,
  "computonsPerReduceInputByte" : -1,
  "computonsPerReduceOutputByte" : -1,
  "submitTime" : 1575464256076,
  "launchTime" : 1575464259984,
  "finishTime" : 1575464284045,
  "heapMegabytes" : -1,
  "totalMaps" : 2,
  "totalReduces" : 4,
  "outcome" : "SUCCESS",
  "jobtype" : "JAVA",
  "priority" : "NORMAL",
  "directDependantJobs" : [ ],
  "mapTasks" : [ {
    "inputBytes" : 79565870,
    "inputRecords" : 2570811,
    "outputBytes" : 140958898,
    "outputRecords" : 2570810,
    "taskID" : "task_1572946766556_0699_m_000000",
    "startTime" : 1575464260099,
    "finishTime" : 1575464272947,
    "taskType" : "MAP",
    "taskStatus" : "SUCCESS",
    "attempts" : [ {
      "attemptID" : "attempt_1572946766556_0699_m_000000_0",
      "result" : "SUCCESS",
      "startTime" : 1575464262179,
      "finishTime" : 1575464272947,
      "hostName" : "/default-rack/slave5",
      "hdfsBytesRead" : 79565870,
      "hdfsBytesWritten" : 0,
      "fileBytesRead" : 70826706,
      "fileBytesWritten" : 140958898,
      "mapInputRecords" : 2570811,
      "mapInputBytes" : -1,
      "mapOutputBytes" : 65275490,
      "mapOutputRecords" : 2570810,
      "combineInputRecords" : 0,
      "reduceInputGroups" : -1,
      "reduceInputRecords" : -1,
      "reduceShuffleBytes" : -1,
      "reduceOutputRecords" : -1,
      "spilledRecords" : 5141620,
      "shuffleFinished" : -1,
      "sortFinished" : -1,
      "location" : {
        "layers" : [ "default-rack", "slave5" ]
      },
      "clockSplits" : [ 998, 998, 999, 998, 999, 998, 999, 1588, 544, 544, 544, 545 ],
      "cpuUsages" : [ 1611, 1612, 1611, 1612, 1611, 1612, 1611, 1579, 1375, 1375, 1375, 1376 ],
      "physMemKbytes" : [ 17785, 53356, 88927, 124498, 160069, 195640, 231211, 266446, 279875, 280220, 280565, 280911 ],
      "vmemKbytes" : [ 131751, 395255, 658758, 922261, 1185766, 1449269, 1712773, 1973771, 2072115, 2072860, 2073605, 2074351 ],
      "resourceUsageMetrics" : {
        "cumulativeCpuUsage" : 18360,
        "virtualMemoryUsage" : 2124517376,
        "physicalMemoryUsage" : 287830016,
        "heapUsage" : 207618048
      }
    } ],
    "preferredLocations" : [ ]
  }, {
    "inputBytes" : 63092039,
    "inputRecords" : 1299730,
    "outputBytes" : 144540642,
    "outputRecords" : 1299729,
    "taskID" : "task_1572946766556_0699_m_000001",
    "startTime" : 1575464260102,
    "finishTime" : 1575464269246,
    "taskType" : "MAP",
    "taskStatus" : "SUCCESS",
    "attempts" : [ {
      "attemptID" : "attempt_1572946766556_0699_m_000001_0",
      "result" : "SUCCESS",
      "startTime" : 1575464262186,
      "finishTime" : 1575464269246,
      "hostName" : "/default-rack/slave5",
      "hdfsBytesRead" : 63092039,
      "hdfsBytesWritten" : 0,
      "fileBytesRead" : 72668927,
      "fileBytesWritten" : 144540642,
      "mapInputRecords" : 1299730,
      "mapInputBytes" : -1,
      "mapOutputBytes" : 69599284,
      "mapOutputRecords" : 1299729,
      "combineInputRecords" : 0,
      "reduceInputGroups" : -1,
      "reduceInputRecords" : -1,
      "reduceShuffleBytes" : -1,
      "reduceOutputRecords" : -1,
      "spilledRecords" : 2599458,
      "shuffleFinished" : -1,
      "sortFinished" : -1,
      "location" : {
        "layers" : [ "default-rack", "slave5" ]
      },
      "clockSplits" : [ 3971, 279, 279, 279, 278, 279, 279, 279, 278, 279, 279, 279 ],
      "cpuUsages" : [ 1034, 1034, 1034, 1034, 1034, 1035, 1034, 1034, 1034, 1034, 1034, 1035 ],
      "physMemKbytes" : [ 11964, 35893, 59823, 83752, 107681, 131610, 155540, 179469, 203399, 227328, 251257, 275187 ],
      "vmemKbytes" : [ 86598, 259794, 432991, 606187, 779384, 952581, 1125778, 1298974, 1472171, 1645368, 1818564, 1991761 ],
      "resourceUsageMetrics" : {
        "cumulativeCpuUsage" : 12410,
        "virtualMemoryUsage" : 2128240640,
        "physicalMemoryUsage" : 294043648,
        "heapUsage" : 206569472
      }
    } ],
    "preferredLocations" : [ ]
  } ],
  "reduceTasks" : [ {
    "inputBytes" : 35475711,
    "inputRecords" : 960696,
    "outputBytes" : 117366671,
    "outputRecords" : 1892904,
    "taskID" : "task_1572946766556_0699_r_000000",
    "startTime" : 1575464260102,
    "finishTime" : 1575464281833,
    "taskType" : "REDUCE",
    "taskStatus" : "SUCCESS",
    "attempts" : [ {
      "attemptID" : "attempt_1572946766556_0699_r_000000_0",
      "result" : "SUCCESS",
      "startTime" : 1575464272106,
      "finishTime" : 1575464281833,
      "hostName" : "/default-rack/slave5",
      "hdfsBytesRead" : 0,
      "hdfsBytesWritten" : 117366671,
      "fileBytesRead" : 35475705,
      "fileBytesWritten" : 35600184,
      "mapInputRecords" : -1,
      "mapInputBytes" : -1,
      "mapOutputBytes" : -1,
      "mapOutputRecords" : -1,
      "combineInputRecords" : 0,
      "reduceInputGroups" : 107400,
      "reduceInputRecords" : 960696,
      "reduceShuffleBytes" : 35475711,
      "reduceOutputRecords" : 1892904,
      "spilledRecords" : 960696,
      "shuffleFinished" : 1575464273980,
      "sortFinished" : 1575464274518,
      "location" : {
        "layers" : [ "default-rack", "slave5" ]
      },
      "clockSplits" : [ 2908, 490, 490, 490, 490, 490, 490, 490, 489, 490, 512, 1885 ],
      "cpuUsages" : [ 1300, 1301, 1301, 1301, 1301, 1301, 1301, 1301, 1301, 1301, 1342, 3899 ],
      "physMemKbytes" : [ 9147, 27441, 45735, 64029, 82324, 100617, 118912, 137206, 155501, 173795, 192087, 202000 ],
      "vmemKbytes" : [ 94849, 284547, 474245, 663942, 853641, 1043339, 1233038, 1422735, 1612434, 1802133, 1991807, 2084183 ],
      "resourceUsageMetrics" : {
        "cumulativeCpuUsage" : 18250,
        "virtualMemoryUsage" : 2134700032,
        "physicalMemoryUsage" : 207892480,
        "heapUsage" : 134742016
      }
    } ],
    "preferredLocations" : [ ]
  }, {
    "inputBytes" : 35795216,
    "inputRecords" : 972611,
    "outputBytes" : 117030796,
    "outputRecords" : 1896626,
    "taskID" : "task_1572946766556_0699_r_000001",
    "startTime" : 1575464260102,
    "finishTime" : 1575464282773,
    "taskType" : "REDUCE",
    "taskStatus" : "SUCCESS",
    "attempts" : [ {
      "attemptID" : "attempt_1572946766556_0699_r_000001_0",
      "result" : "SUCCESS",
      "startTime" : 1575464272117,
      "finishTime" : 1575464282773,
      "hostName" : "/default-rack/slave3",
      "hdfsBytesRead" : 0,
      "hdfsBytesWritten" : 117030796,
      "fileBytesRead" : 35795210,
      "fileBytesWritten" : 35919689,
      "mapInputRecords" : -1,
      "mapInputBytes" : -1,
      "mapOutputBytes" : -1,
      "mapOutputRecords" : -1,
      "combineInputRecords" : 0,
      "reduceInputGroups" : 108684,
      "reduceInputRecords" : 972611,
      "reduceShuffleBytes" : 35795216,
      "reduceOutputRecords" : 1896626,
      "spilledRecords" : 972611,
      "shuffleFinished" : 1575464274906,
      "sortFinished" : 1575464275490,
      "location" : {
        "layers" : [ "default-rack", "slave3" ]
      },
      "clockSplits" : [ 3806, 440, 440, 440, 440, 440, 440, 440, 440, 440, 1101, 1777 ],
      "cpuUsages" : [ 1124, 1124, 1124, 1125, 1124, 1124, 1124, 1125, 1124, 1124, 2131, 3157 ],
      "physMemKbytes" : [ 9442, 28326, 47211, 66096, 84981, 103866, 122751, 141636, 160521, 179406, 196453, 202261 ],
      "vmemKbytes" : [ 99283, 297850, 496417, 694984, 893552, 1092119, 1290687, 1489254, 1687821, 1886389, 2060595, 2085880 ],
      "resourceUsageMetrics" : {
        "cumulativeCpuUsage" : 16530,
        "virtualMemoryUsage" : 2135941120,
        "physicalMemoryUsage" : 209113088,
        "heapUsage" : 137363456
      }
    } ],
    "preferredLocations" : [ ]
  }, {
    "inputBytes" : 35337632,
    "inputRecords" : 957865,
    "outputBytes" : 115266600,
    "outputRecords" : 1864815,
    "taskID" : "task_1572946766556_0699_r_000002",
    "startTime" : 1575464260103,
    "finishTime" : 1575464282369,
    "taskType" : "REDUCE",
    "taskStatus" : "SUCCESS",
    "attempts" : [ {
      "attemptID" : "attempt_1572946766556_0699_r_000002_0",
      "result" : "SUCCESS",
      "startTime" : 1575464272116,
      "finishTime" : 1575464282369,
      "hostName" : "/default-rack/slave1",
      "hdfsBytesRead" : 0,
      "hdfsBytesWritten" : 115266600,
      "fileBytesRead" : 35337626,
      "fileBytesWritten" : 35462105,
      "mapInputRecords" : -1,
      "mapInputBytes" : -1,
      "mapOutputBytes" : -1,
      "mapOutputRecords" : -1,
      "combineInputRecords" : 0,
      "reduceInputGroups" : 107402,
      "reduceInputRecords" : 957865,
      "reduceShuffleBytes" : 35337632,
      "reduceOutputRecords" : 1864815,
      "spilledRecords" : 957865,
      "shuffleFinished" : 1575464274614,
      "sortFinished" : 1575464275139,
      "location" : {
        "layers" : [ "default-rack", "slave1" ]
      },
      "clockSplits" : [ 3477, 451, 451, 452, 451, 451, 451, 452, 451, 451, 877, 1824 ],
      "cpuUsages" : [ 1063, 1064, 1063, 1064, 1063, 1064, 1064, 1063, 1064, 1063, 1742, 3253 ],
      "physMemKbytes" : [ 9003, 27009, 45015, 63021, 81028, 99034, 117041, 135047, 153054, 171060, 188254, 193350 ],
      "vmemKbytes" : [ 97447, 292342, 487237, 682132, 877028, 1071923, 1266818, 1461713, 1656608, 1851504, 2037045, 2083464 ],
      "resourceUsageMetrics" : {
        "cumulativeCpuUsage" : 15630,
        "virtualMemoryUsage" : 2133467136,
        "physicalMemoryUsage" : 198533120,
        "heapUsage" : 135266304
      }
    } ],
    "preferredLocations" : [ ]
  }, {
    "inputBytes" : 36016581,
    "inputRecords" : 979367,
    "outputBytes" : 118228254,
    "outputRecords" : 1913423,
    "taskID" : "task_1572946766556_0699_r_000003",
    "startTime" : 1575464260103,
    "finishTime" : 1575464283935,
    "taskType" : "REDUCE",
    "taskStatus" : "SUCCESS",
    "attempts" : [ {
      "attemptID" : "attempt_1572946766556_0699_r_000003_0",
      "result" : "SUCCESS",
      "startTime" : 1575464272114,
      "finishTime" : 1575464283935,
      "hostName" : "/default-rack/slave2",
      "hdfsBytesRead" : 0,
      "hdfsBytesWritten" : 118228254,
      "fileBytesRead" : 36016575,
      "fileBytesWritten" : 36141054,
      "mapInputRecords" : -1,
      "mapInputBytes" : -1,
      "mapOutputBytes" : -1,
      "mapOutputRecords" : -1,
      "combineInputRecords" : 0,
      "reduceInputGroups" : 108985,
      "reduceInputRecords" : 979367,
      "reduceShuffleBytes" : 36016581,
      "reduceOutputRecords" : 1913423,
      "spilledRecords" : 979367,
      "shuffleFinished" : 1575464274981,
      "sortFinished" : 1575464275664,
      "location" : {
        "layers" : [ "default-rack", "slave2" ]
      },
      "clockSplits" : [ 3998, 444, 444, 444, 444, 444, 444, 444, 444, 443, 1693, 2122 ],
      "cpuUsages" : [ 1182, 1183, 1183, 1183, 1183, 1182, 1183, 1183, 1183, 1183, 2866, 3756 ],
      "physMemKbytes" : [ 9237, 27711, 46185, 64658, 83133, 101606, 120081, 138555, 157030, 175504, 187936, 190798 ],
      "vmemKbytes" : [ 102378, 307137, 511896, 716654, 921413, 1126171, 1330930, 1535688, 1740447, 1945205, 2078122, 2080820 ],
      "resourceUsageMetrics" : {
        "cumulativeCpuUsage" : 18450,
        "virtualMemoryUsage" : 2130759680,
        "physicalMemoryUsage" : 205508608,
        "heapUsage" : 135790592
      }
    } ],
    "preferredLocations" : [ ]
  } ],
  "otherTasks" : [ ],
  "successfulMapAttemptCDFs" : [ {
    "numberValues" : 0,
    "minimum" : -9223372036854775808,
    "rankings" : [ ],
    "maximum" : 9223372036854775807
  }, {
    "numberValues" : 0,
    "minimum" : -9223372036854775808,
    "rankings" : [ ],
    "maximum" : 9223372036854775807
  }, {
    "numberValues" : 0,
    "minimum" : -9223372036854775808,
    "rankings" : [ ],
    "maximum" : 9223372036854775807
  }, {
    "numberValues" : 2,
    "minimum" : 7060,
    "rankings" : [ {
      "relativeRanking" : 0.05,
      "datum" : 7060
    }, {
      "relativeRanking" : 0.1,
      "datum" : 7060
    }, {
      "relativeRanking" : 0.15,
      "datum" : 7060
    }, {
      "relativeRanking" : 0.2,
      "datum" : 7060
    }, {
      "relativeRanking" : 0.25,
      "datum" : 7060
    }, {
      "relativeRanking" : 0.3,
      "datum" : 7060
    }, {
      "relativeRanking" : 0.35,
      "datum" : 7060
    }, {
      "relativeRanking" : 0.4,
      "datum" : 7060
    }, {
      "relativeRanking" : 0.45,
      "datum" : 7060
    }, {
      "relativeRanking" : 0.5,
      "datum" : 7060
    }, {
      "relativeRanking" : 0.55,
      "datum" : 7060
    }, {
      "relativeRanking" : 0.6,
      "datum" : 7060
    }, {
      "relativeRanking" : 0.65,
      "datum" : 7060
    }, {
      "relativeRanking" : 0.7,
      "datum" : 7060
    }, {
      "relativeRanking" : 0.75,
      "datum" : 7060
    }, {
      "relativeRanking" : 0.8,
      "datum" : 7060
    }, {
      "relativeRanking" : 0.85,
      "datum" : 7060
    }, {
      "relativeRanking" : 0.9,
      "datum" : 7060
    }, {
      "relativeRanking" : 0.95,
      "datum" : 7060
    } ],
    "maximum" : 10768
  } ],
  "failedMapAttemptCDFs" : [ {
    "numberValues" : 0,
    "minimum" : -9223372036854775808,
    "rankings" : [ ],
    "maximum" : 9223372036854775807
  }, {
    "numberValues" : 0,
    "minimum" : -9223372036854775808,
    "rankings" : [ ],
    "maximum" : 9223372036854775807
  }, {
    "numberValues" : 0,
    "minimum" : -9223372036854775808,
    "rankings" : [ ],
    "maximum" : 9223372036854775807
  }, {
    "numberValues" : 0,
    "minimum" : -9223372036854775808,
    "rankings" : [ ],
    "maximum" : 9223372036854775807
  } ],
  "successfulReduceAttemptCDF" : {
    "numberValues" : 4,
    "minimum" : 9727,
    "rankings" : [ {
      "relativeRanking" : 0.05,
      "datum" : 9727
    }, {
      "relativeRanking" : 0.1,
      "datum" : 9727
    }, {
      "relativeRanking" : 0.15,
      "datum" : 9727
    }, {
      "relativeRanking" : 0.2,
      "datum" : 9727
    }, {
      "relativeRanking" : 0.25,
      "datum" : 9727
    }, {
      "relativeRanking" : 0.3,
      "datum" : 9727
    }, {
      "relativeRanking" : 0.35,
      "datum" : 9727
    }, {
      "relativeRanking" : 0.4,
      "datum" : 9727
    }, {
      "relativeRanking" : 0.45,
      "datum" : 9727
    }, {
      "relativeRanking" : 0.5,
      "datum" : 10253
    }, {
      "relativeRanking" : 0.55,
      "datum" : 10253
    }, {
      "relativeRanking" : 0.6,
      "datum" : 10253
    }, {
      "relativeRanking" : 0.65,
      "datum" : 10253
    }, {
      "relativeRanking" : 0.7,
      "datum" : 10253
    }, {
      "relativeRanking" : 0.75,
      "datum" : 10656
    }, {
      "relativeRanking" : 0.8,
      "datum" : 10656
    }, {
      "relativeRanking" : 0.85,
      "datum" : 10656
    }, {
      "relativeRanking" : 0.9,
      "datum" : 10656
    }, {
      "relativeRanking" : 0.95,
      "datum" : 10656
    } ],
    "maximum" : 11821
  },
  "failedReduceAttemptCDF" : {
    "numberValues" : 0,
    "minimum" : -9223372036854775808,
    "rankings" : [ ],
    "maximum" : 9223372036854775807
  },
  "queue" : "default",
  "jobName" : "ReduceJoin-[1575464253069]",
  "clusterMapMB" : -1,
  "clusterReduceMB" : -1,
  "jobMapMB" : -1,
  "jobReduceMB" : -1,
  "relativeTime" : 0,
  "mapperTriesToSucceed" : [ 1.0 ],
  "failedMapperFraction" : 0.0,
  "jobProperties" : { }
}